# Converted from GLB: low_poly_dead_tree.glb
o Mesh_Object_0
g Prim_0_0
v -2.716234 -1.550339 1.187334
v 1.952725 -1.921118 0.242955
v -1.921112 -6.395735 1.139330
v -7.168407 -3.597251 1.197489
v -8.702344 -6.955134 0.905713
v -6.609872 -9.739361 1.019479
v -1.738641 -10.298305 0.754542
v 2.420826 -8.241311 0.446452
v 3.995830 -4.623550 -0.248319
v -6.198527 -5.120001 96.106934
v -5.908883 -5.092803 96.148483
v -6.445311 -4.566250 96.454781
v -5.782869 -4.801786 96.188255
v -5.782869 -4.801786 96.188255
v -5.865349 -4.430943 96.173447
v -6.445311 -4.566250 96.454781
v -6.126456 -4.185945 96.138771
v -6.439427 -4.204108 96.128136
v -6.588967 -4.487866 96.109932
v -6.492157 -4.863488 96.109352
v -6.492157 -4.863488 96.109352
v -6.198527 -5.120001 96.106934
v -6.445311 -4.566250 96.454781
v -4.566305 -13.019494 49.989914
v -4.199355 -15.042738 48.994366
v -3.882449 -13.707705 49.994274
v -2.113559 -13.027359 55.762314
v -1.189718 -15.166611 53.251595
v 0.218408 -15.508978 53.524082
v 0.249868 -12.006839 60.085724
v -0.358044 -10.969332 59.562653
v 1.146584 -12.690970 57.800110
v -0.266489 -8.811082 61.469795
v 0.369362 -7.688738 58.385777
v -1.055335 -7.574454 60.289429
v 3.302235 -10.231590 70.542625
v 3.001180 -11.111847 68.597908
v 4.876451 -10.031671 69.438278
v 4.382867 -10.264314 65.451752
v 2.854929 -11.405066 63.360558
v 3.460084 -10.866257 61.816208
v 2.254307 -7.939566 71.852493
v 3.455654 -7.131619 70.609177
v 1.343687 -7.361008 70.327560
v 4.036599 -7.899689 66.198196
v 3.267024 -7.474434 62.913498
v 2.255730 -7.664440 65.034554
v -2.832135 4.119479 1.198755
v 6.283738 3.143482 0.511064
v -12.318339 2.631881 0.437765
v -16.137915 -6.725163 1.247052
v -12.557799 -12.802226 1.637844
v -2.629486 -14.453769 0.798043
v 5.897063 -10.605415 1.302289
v 9.592569 -2.777754 -0.174955
v 11.587808 29.757299 0.479110
v 11.137398 30.451067 -0.257359
v 11.107806 31.313452 -0.972149
v 11.542083 30.251841 0.198933
v 10.748036 30.038568 0.224911
v 10.749111 30.495064 -0.051406
v -41.054653 -14.197788 1.249252
v -41.154942 -14.675011 1.237502
v -40.937279 -14.947846 1.652157
v -40.882999 -13.749036 1.663579
v -37.160938 -20.200073 1.399829
v -36.940823 -20.432930 1.409182
v -36.801655 -20.401047 1.538430
v -37.149166 -20.226166 1.610435
v -4.271259 -43.179016 -0.731165
v -3.819318 -43.307220 -0.837586
v -3.900261 -43.605953 -0.721565
v -4.341618 -43.330215 -0.580575
v -3.469259 -43.072319 -0.569124
v -3.525448 -43.241055 -0.384072
v 24.300489 -19.295156 -1.928403
v 24.643929 -19.000952 -1.992913
v 24.716728 -18.995741 -1.614957
v 24.255333 -19.369785 -1.591509
v 23.964792 -15.476164 -2.482939
v 24.848965 -14.372388 -2.138000
v 24.804972 -14.514327 -1.320472
v 24.041134 -15.499907 -1.595358
v 11.542083 30.251841 0.198933
v 11.107806 31.313452 -0.972149
v 11.147746 30.408123 0.402875
v 11.537438 29.751881 0.999183
v 10.749111 30.495064 -0.051406
v 10.799265 29.998695 0.814042
v -40.882999 -13.749036 1.663579
v -40.937279 -14.947846 1.652157
v -40.828453 -14.585608 2.143931
v -40.761242 -14.056203 2.227024
v -37.149166 -20.226166 1.610435
v -36.801655 -20.401047 1.538430
v -36.845772 -20.326115 1.733734
v -37.092636 -20.155895 1.870550
v -4.341618 -43.330215 -0.580575
v -3.900261 -43.605953 -0.721565
v -3.928848 -43.409714 -0.042415
v -4.282357 -43.228542 -0.137782
v -3.525448 -43.241055 -0.384072
v -3.634010 -43.244282 0.120726
v 24.255333 -19.369785 -1.591509
v 24.716728 -18.995741 -1.614957
v 24.573910 -18.984270 -1.225303
v 24.206667 -19.210299 -1.317789
v 24.041134 -15.499907 -1.595358
v 24.804972 -14.514327 -1.320472
v 24.716028 -14.394834 -0.336890
v 23.877050 -15.413427 -0.449662
v 4.237231 3.815465 7.359639
v -5.616976 6.837975 10.881522
v -7.164271 3.621335 13.954494
v 0.059772 3.261250 12.393841
v -15.157963 2.140179 6.647816
v -14.575243 -2.898505 12.129328
v -19.246704 -6.993051 9.449552
v -15.694835 -8.228484 13.826782
v -19.246704 -6.993051 9.449552
v -11.824348 -13.601146 6.390033
v -8.979359 -12.263493 12.725766
v -15.694835 -8.228484 13.826782
v -5.566629 -16.511936 8.850125
v -3.573306 -13.721947 13.664502
v 2.307948 -11.619191 8.081570
v 1.224067 -9.295728 13.919723
v 8.477600 -2.760391 9.459261
v 5.484767 -1.712705 14.115662
v 4.237231 3.815465 7.359639
v 0.059772 3.261250 12.393841
v -8.725361 -0.027660 18.631510
v -1.682268 2.533030 18.684778
v -12.853425 -6.287539 19.928120
v -12.112172 -10.393845 20.067005
v -7.491705 -12.650381 19.669144
v -12.112172 -10.393845 20.067005
v -1.990764 -11.010237 18.796381
v 1.585749 -6.899387 18.964537
v 2.837216 -1.132658 18.861668
v -1.682268 2.533030 18.684778
v -10.175502 -3.512599 23.499798
v -4.380544 1.594007 22.795387
v -12.207696 -9.452418 24.998604
v -9.702173 -12.831679 24.999535
v -4.822767 -13.574932 23.981462
v -9.702173 -12.831679 24.999535
v 0.404606 -10.143720 22.634399
v 2.842520 -4.714375 22.995497
v 0.924913 -0.498006 21.859390
v -4.380544 1.594007 22.795387
v -11.031121 -7.860496 31.597298
v -7.320343 -1.430440 29.393707
v -10.805359 -12.942330 31.889845
v -6.958053 -15.241512 30.544638
v -1.751128 -14.800986 29.115934
v -6.958053 -15.241512 30.544638
v 2.021067 -9.759118 28.610258
v 3.207012 -3.907117 28.961487
v -2.579016 -3.618433 21.289030
v -4.237948 -2.760925 21.363770
v -4.745441 -3.460643 22.454607
v -3.075795 -3.918940 22.739910
v -5.082463 -1.951752 22.769751
v -5.419808 -2.462133 24.203636
v -9.964031 -9.556855 37.407055
v -7.154432 -4.189940 36.753262
v -8.679713 -13.526052 36.371262
v -5.294622 -15.908090 35.021145
v -1.252732 -14.434952 33.477615
v -5.294622 -15.908090 35.021145
v 1.549236 -9.183999 33.548653
v 1.031132 -4.480553 34.480122
v -3.833181 -3.518517 26.672209
v -2.929025 -3.729424 26.422220
v -4.484517 -3.227039 27.415245
v -8.681994 -10.068477 39.335094
v -7.041644 -5.742345 39.621651
v -7.551859 -13.605103 38.267258
v -4.291630 -15.668013 37.137222
v -0.527214 -13.661395 34.622997
v -4.291630 -15.668013 37.137222
v 1.047649 -8.749155 35.608589
v -0.258080 -4.788254 37.664558
v -2.430265 -3.320539 36.074524
v -3.636282 -3.611670 38.942719
v -7.154432 -4.189940 36.753262
v -7.041644 -5.742345 39.621651
v -8.588550 -10.763779 40.613304
v -7.290128 -6.486072 41.252209
v -6.894439 -14.407024 39.198292
v -3.704961 -15.704241 38.131847
v 0.100184 -13.160021 35.886299
v -3.704961 -15.704241 38.131847
v 1.013286 -8.103896 37.747417
v -0.964780 -4.306276 39.521332
v -4.289203 -3.565269 40.750454
v -7.290128 -6.486072 41.252209
v -8.226301 -11.875979 41.584068
v -7.432104 -7.316945 42.691067
v -6.439259 -15.371138 40.065975
v -2.954861 -15.847295 38.946037
v 0.527320 -12.464163 37.274033
v -2.954861 -15.847295 38.946037
v 0.641513 -7.332757 39.193668
v -1.435477 -3.724134 41.028168
v -4.769341 -3.807614 42.423286
v -7.432104 -7.316945 42.691067
v -8.008182 -13.234118 42.712811
v -7.536213 -8.435502 44.032383
v -5.657027 -16.367466 40.994133
v -1.956480 -15.865196 39.673676
v 1.175457 -11.625548 38.664146
v -1.956480 -15.865196 39.673676
v 1.133324 -6.155149 40.364693
v -1.787992 -3.263084 42.651024
v -5.117557 -4.462121 44.133476
v -7.536213 -8.435502 44.032383
v -7.354457 -15.217510 44.020287
v -7.517055 -10.098103 45.640774
v -4.330967 -18.039452 42.025688
v -0.716801 -16.341358 40.687920
v 1.976525 -10.962094 40.525574
v -0.716801 -16.341358 40.687920
v 1.200015 -5.568800 41.853161
v -2.101541 -3.550815 44.679985
v -5.300244 -5.290487 46.056515
v -7.517055 -10.098103 45.640774
v -2.156397 -18.881321 43.657612
v -5.475870 -17.039143 45.512035
v 0.926646 -16.673454 42.596313
v 2.890617 -10.843047 42.453018
v 0.926646 -16.673454 42.596313
v 1.328908 -6.078997 44.019775
v 0.014017 -19.785238 45.077461
v -3.511118 -18.324825 46.684338
v 2.855729 -17.153801 44.479706
v 3.616699 -11.680098 44.697971
v 2.855729 -17.153801 44.479706
v 1.329168 -7.459641 46.112007
v -34.326450 6.568761 73.652550
v -34.973618 6.491649 73.647682
v -35.927917 5.386908 73.873352
v -34.792870 5.833690 73.772552
v -34.963219 7.090799 73.060478
v -35.528465 6.436114 73.041328
v 2.490024 -20.520205 45.681698
v -1.879042 -18.640102 47.880020
v 4.772271 -17.651001 44.772095
v 5.207259 -13.420064 45.791687
v 4.772271 -17.651001 44.772095
v 1.726355 -8.556213 47.745998
v -35.366383 5.771527 73.277184
v -34.646332 5.985505 73.377502
v -35.191921 6.484251 72.771729
v 3.249392 -20.936174 47.703133
v -0.659824 -18.045965 50.003025
v 32.852196 -38.413078 54.798775
v 33.455528 -38.848499 55.005684
v 34.602142 -39.958904 54.758633
v 33.430298 -39.108471 54.731472
v 33.455528 -38.848499 55.005684
v 32.595623 -38.321251 55.380009
v 33.210274 -39.005913 55.354668
v 34.602142 -39.958904 54.758633
v 2.521720 -8.900224 49.489685
v 6.462696 -13.045297 47.034500
v 33.238743 -39.411175 55.089539
v 32.702583 -38.920719 54.882702
v 32.470764 -38.819366 55.477764
v 33.238743 -39.411175 55.089539
v 3.303465 -8.703320 51.490360
v 7.021749 -14.443672 49.510132
v -0.469117 -7.806187 51.336514
v 0.556393 -7.449727 53.179832
v -1.565101 -25.522917 92.031364
v -1.347072 -25.895041 91.113899
v -1.150339 -25.419142 92.324623
v -1.329124 -25.097265 93.619469
v 4.880946 -19.755709 50.232449
v 7.203786 -18.337267 49.697617
v 6.837089 -15.255138 52.231144
v 4.459346 -16.285416 53.490437
v 7.203786 -18.337267 49.697617
v 6.104012 -10.782057 52.297798
v 6.837089 -15.255138 52.231144
v 4.086879 -7.301774 53.538128
v 1.700140 -6.763620 54.960747
v -1.855598 -25.332499 91.648918
v -1.565101 -25.522917 92.031364
v -1.329124 -25.097265 93.619469
v -1.627516 -24.990185 92.844429
v -1.180138 -25.181561 92.430305
v -1.309601 -24.904612 93.386032
v 5.422142 -12.103247 55.482117
v 3.313368 -13.632644 56.623142
v 5.462802 -8.630451 55.545635
v 5.422142 -12.103247 55.482117
v 4.483180 -6.159779 56.648026
v 2.283312 -6.429818 57.980854
v -1.309601 -24.904612 93.386032
v -1.532029 -24.876894 92.873589
v 7.445056 -19.056520 41.420570
v 6.174090 -21.973406 42.404999
v 6.259012 -22.906330 44.506935
v 8.581413 -16.894964 42.102089
v 7.445056 -19.056520 41.420570
v 9.571972 -16.529213 43.776932
v 7.329762 -22.444170 46.413315
v 8.871356 -20.878208 47.203003
v 9.976760 -18.229805 46.127644
v 8.871356 -20.878208 47.203003
v -5.487757 -21.077387 -0.783311
v -9.564331 -20.063370 -0.084746
v -14.891272 -14.234091 2.559889
v -9.855593 -20.194143 1.439283
v -1.965192 -20.340298 -0.023631
v 4.503521 -12.140843 4.446909
v -1.632751 -20.610498 1.844062
v -8.757444 -21.356195 3.089155
v -6.466351 -22.172535 4.172675
v -14.891272 -14.234091 2.559889
v -9.855593 -20.194143 1.439283
v 4.503521 -12.140843 4.446909
v -3.339097 -21.479645 3.672152
v -1.632751 -20.610498 1.844062
v -7.053761 -30.779118 -0.856776
v -8.361006 -31.481226 -1.123622
v -8.666784 -30.268255 -0.430016
v -6.030948 -29.691433 -0.306297
v -5.984468 -29.160688 0.773352
v -8.220568 -31.056160 0.346243
v -7.224341 -30.058966 1.580211
v -8.666784 -30.268255 -0.430016
v -6.390189 -29.507763 1.663718
v -5.984468 -29.160688 0.773352
v -6.844015 -34.960663 -0.662850
v -7.800830 -35.064735 -0.959826
v -8.066795 -42.436314 -0.279177
v -7.983463 -42.405857 -0.296752
v -7.949107 -42.547646 -0.338197
v -8.070943 -42.620094 -0.352724
v -6.129572 -33.855141 -0.634966
v -6.100246 -33.230499 -0.087718
v -7.693612 -34.309029 -0.027549
v -6.846062 -33.930801 0.657479
v -8.016758 -42.369534 -0.174237
v -8.066795 -42.436314 -0.279177
v -8.070943 -42.620094 -0.352724
v -7.984364 -42.508385 -0.206651
v -6.298403 -33.464691 0.619730
v -6.100246 -33.230499 -0.087718
v -6.382703 -37.274483 0.042961
v -7.238145 -36.643597 -0.556048
v -7.813661 -42.556698 -0.276855
v -7.890499 -42.597580 -0.254798
v -5.715398 -36.541965 0.037547
v -5.628288 -36.023701 0.344202
v -7.084127 -36.036194 0.129309
v -6.237638 -36.289192 0.969527
v -7.890499 -42.597580 -0.254798
v -7.847489 -42.519371 -0.149203
v -5.749597 -36.126427 0.960782
v -5.628288 -36.023701 0.344202
v -9.178332 -35.212875 -0.979994
v -9.238033 -34.845753 -0.736598
v -8.874820 -35.923878 -1.012821
v -9.238033 -34.845753 -0.736598
v -9.126879 -34.919273 -0.501817
v -8.855345 -35.577351 -0.441669
v -8.543399 -36.439285 -0.909323
v -7.175446 -36.661705 -0.197721
v -8.497149 -36.408524 -0.649595
v -7.175446 -36.661705 -0.197721
v -8.561455 -36.181911 -0.421817
v -8.497149 -36.408524 -0.649595
v -9.190190 -37.598064 -0.648458
v -9.293144 -37.484890 -0.458026
v -8.905676 -37.864914 -0.615532
v -9.293144 -37.484890 -0.458026
v -9.218092 -37.455349 -0.262063
v -8.983749 -37.688755 -0.164843
v -8.651571 -38.126320 -0.473485
v -8.630377 -38.186047 -0.238944
v -8.709771 -38.061756 -0.087217
v -8.630377 -38.186047 -0.238944
v -7.991297 -40.862137 0.189368
v -8.081924 -40.774818 0.287869
v -7.797455 -40.984447 0.207441
v -8.081924 -40.774818 0.287869
v -8.057108 -40.770718 0.408589
v -7.884638 -40.884682 0.476370
v -7.660325 -41.048538 0.267019
v -7.673834 -41.020782 0.392729
v -7.723102 -40.982254 0.494864
v -7.673834 -41.020782 0.392729
v -7.649123 -41.865665 0.010604
v -7.716340 -41.804955 0.103007
v -7.492412 -41.986961 0.007443
v -7.716340 -41.804955 0.103007
v -7.705406 -41.807262 0.191621
v -7.560044 -41.915157 0.230973
v -7.375794 -42.066532 0.040824
v -7.389909 -42.045292 0.150700
v -7.431653 -42.006336 0.237363
v -7.389909 -42.045292 0.150700
v 0.023846 -10.546288 65.904976
v 0.090683 -11.085465 68.925667
v 0.030020 -8.962340 69.097656
v 0.137535 -8.629761 65.750885
v 0.487013 -12.177353 71.693794
v 0.117490 -10.135624 71.941223
v 0.487013 -12.177353 71.693794
v 0.090683 -11.085465 68.925667
v 0.814587 -12.637349 67.640053
v 1.469662 -13.221475 70.840355
v 0.023846 -10.546288 65.904976
v 0.569674 -12.236106 64.075325
v 1.897455 -12.401238 66.276375
v 2.450134 -12.528033 69.943275
v 1.803275 -12.676962 62.436749
v 35.013809 -35.353764 71.911972
v 34.967297 -35.470215 71.772522
v 35.177696 -35.275620 71.711594
v 35.150990 -35.296284 71.917831
v 35.055061 -35.351822 71.514511
v 35.203629 -35.281624 71.507324
v 33.606247 7.235128 68.873047
v 33.913956 7.103460 68.513466
v 32.971519 7.627069 68.584061
v 33.400391 7.422165 69.064438
v 33.347271 7.366728 68.049232
v 33.086910 7.589224 68.132248
v 0.749052 -8.349184 71.371765
v 0.480468 -7.462983 68.089317
v 0.030020 -8.962340 69.097656
v 0.117490 -10.135624 71.941223
v 1.012119 -7.729819 64.639549
v 0.137535 -8.629761 65.750885
v -2.189451 10.935118 0.021592
v 2.402151 10.387934 0.461074
v 6.391816 5.463520 4.019857
v 2.812651 10.719522 2.879902
v -7.168285 10.163233 0.696291
v -13.534407 5.020758 2.891558
v -8.161790 10.195872 2.946762
v 1.637859 10.847255 5.774486
v -3.478494 11.612564 7.154880
v 6.391816 5.463520 4.019857
v 2.812651 10.719522 2.879902
v -13.534407 5.020758 2.891558
v -7.512121 10.591067 5.867623
v -8.161790 10.195872 2.946762
v 8.575820 20.873598 1.277979
v 6.316172 22.079105 0.958696
v 7.519941 22.914186 1.502570
v 9.393242 21.857069 1.631206
v 17.256172 17.147320 -0.854846
v 17.045753 17.324097 -1.372900
v 17.443222 17.783852 -1.698457
v 17.870258 17.669216 -1.177007
v 4.250364 22.698889 0.605329
v 5.406373 23.295584 0.699198
v -2.060724 22.965481 -0.295941
v -2.351464 22.791887 0.252073
v -2.746080 22.708601 -0.033654
v -2.219273 23.026640 -0.577004
v 5.559919 22.321781 3.084507
v 8.209837 21.140289 2.795999
v 9.031228 21.889881 3.228610
v 7.292978 22.911400 3.310040
v 16.944679 17.452822 -0.253874
v 17.256172 17.147320 -0.854846
v 17.870258 17.669216 -1.177007
v 17.326111 17.765285 -0.417233
v -2.351464 22.791887 0.252073
v -2.094556 22.920191 0.804443
v -2.257946 23.018429 0.703459
v -2.746080 22.708601 -0.033654
v 3.425584 23.041275 2.639524
v 5.230896 23.437986 2.459659
v 8.139216 23.497326 1.654112
v 9.776879 22.482302 1.834510
v 17.210743 18.180893 -1.648639
v 17.435814 18.220873 -1.147544
v 6.024135 23.719246 0.901652
v -2.092660 23.218805 -0.170656
v -1.843777 23.411985 -0.603469
v 9.490684 22.463428 3.192541
v 7.977897 23.451382 3.445896
v 17.435814 18.220873 -1.147544
v 17.100637 18.136053 -0.531344
v -1.853946 23.341383 0.457570
v -2.092660 23.218805 -0.170656
v 6.079407 23.787035 2.467921
v -25.968531 -5.962303 1.708892
v -24.516111 -2.536725 2.187869
v -23.882807 -1.388376 4.283835
v -25.592146 -9.029217 2.153883
v -25.209770 -9.492280 3.491545
v -24.789499 -2.562743 6.684814
v -25.988222 -5.634964 6.558567
v -23.882807 -1.388376 4.283835
v -24.893927 -8.853340 5.412660
v -25.209770 -9.492280 3.491545
v -25.988222 -5.634964 6.558567
v -32.273651 -8.654754 1.519630
v -31.578348 -6.571095 1.816630
v -31.145350 -5.912693 3.367979
v -31.768618 -10.262585 1.876396
v -31.455746 -10.308805 2.862674
v -31.436485 -6.439574 5.173389
v -31.873760 -8.269897 5.158722
v -31.145350 -5.912693 3.367979
v -31.234844 -9.745325 4.252964
v -31.455746 -10.308805 2.862674
v -31.873760 -8.269897 5.158722
v -35.690006 -14.771106 1.372526
v -35.946129 -12.867733 1.470671
v -35.634262 -12.510751 2.306419
v -34.261295 -15.356588 1.461253
v -33.826328 -15.379709 2.019915
v -35.665344 -12.785065 3.315912
v -35.436008 -14.585771 3.141992
v -35.634262 -12.510751 2.306419
v -33.936226 -15.034570 2.826528
v -33.826328 -15.379709 2.019915
v -35.436008 -14.585771 3.141992
v -36.236904 -15.715181 2.026386
v -36.236904 -15.715181 2.026386
v -34.755295 -19.011454 1.373549
v -35.206207 -18.660135 1.409093
v -34.430859 -19.016455 1.668172
v -35.231285 -18.571987 1.857062
v -34.562721 -18.811300 2.113651
v -34.430859 -19.016455 1.668172
v -35.049229 -18.537634 2.333843
v -36.236904 -15.715181 2.026386
v -35.231285 -18.571987 1.857062
v 1.549784 -2.325249 25.633312
v -0.664732 -2.756104 25.436110
v -1.165730 -3.425712 28.080303
v 0.751361 -2.535345 29.156248
v -0.361040 -0.326602 23.909529
v -2.300236 -1.391088 24.568281
v -3.758666 1.192296 25.028526
v -4.088064 -0.518030 25.267553
v -2.005669 -3.665448 31.164944
v -0.289323 -3.469118 32.635315
v -5.367446 -0.387166 29.234201
v -4.576993 -1.370114 27.821672
v -5.304185 -2.517494 33.280678
v -4.851099 -2.894268 31.446014
v -1.690795 -2.808935 33.740681
v -3.207203 -3.310869 31.934633
v -7.320343 -1.430440 29.393707
v 14.892823 -1.378183 0.268112
v 13.436389 -5.982960 1.069772
v 12.409249 -6.957823 3.581182
v 14.066768 2.776411 0.808689
v 13.156632 4.317851 4.041609
v 12.223460 -6.153624 6.241921
v 14.081724 -1.384089 8.117526
v 12.409249 -6.957823 3.581182
v 6.391816 5.463520 4.019857
v 13.262132 2.828585 7.047852
v 13.156632 4.317851 4.041609
v 22.582121 -13.199407 -1.143900
v 23.569313 -12.690174 -1.110776
v 22.997972 -15.875338 -2.459322
v 22.308544 -13.013174 -0.131801
v 22.774220 -15.803840 -1.745557
v 24.614164 -12.035863 -0.647073
v 29.128614 -14.271940 -0.603283
v 29.297045 -14.228999 -0.099172
v 29.022970 -14.948279 -0.398273
v 28.926010 -14.805722 -0.831140
v 23.557987 -12.504292 1.625262
v 22.550545 -12.848553 0.809768
v 22.936031 -15.595861 -0.944770
v 22.308544 -13.013174 -0.131801
v 22.774220 -15.803840 -1.745557
v 29.297045 -14.228999 -0.099172
v 29.051025 -14.280661 0.126597
v 28.848036 -14.815929 -0.105880
v 29.022970 -14.948279 -0.398273
v 24.498812 -12.057850 1.478355
v -25.417805 11.878579 70.483627
v -25.812746 12.818121 71.092606
v -27.067240 12.069217 72.713318
v -27.080700 11.254393 72.140846
v -25.731834 11.025267 70.277489
v -27.536221 10.480418 71.803162
v -32.089474 18.640385 78.862190
v -32.363735 18.804243 78.627045
v -32.766594 18.672585 78.697952
v -32.376945 18.559650 78.925369
v -32.363735 18.804243 78.627045
v -32.065147 18.466753 78.327347
v -32.404167 18.423922 78.367760
v -32.766594 18.672585 78.697952
v -27.143597 10.756890 69.049164
v -26.445648 10.624696 69.836906
v -28.306021 10.051043 71.309418
v -29.062149 10.220751 70.557068
v -27.390568 12.616739 69.239777
v -27.362928 11.578996 68.473923
v -29.257650 11.035125 70.034851
v -28.999029 12.117207 70.589920
v -27.362928 11.578996 68.473923
v -29.257650 11.035125 70.034851
v -30.547943 9.787192 72.527573
v -30.391010 9.373891 72.622482
v -30.673868 8.949488 72.460197
v -28.531357 12.103405 71.912170
v -31.157619 9.927574 71.891251
v -28.531357 12.103405 71.912170
v -31.586197 9.753961 71.429016
v -31.157619 9.927574 71.891251
v -31.141434 8.688442 72.125938
v -31.594976 8.786763 71.636124
v -31.731014 9.310317 71.357201
v -31.731014 9.310317 71.357201
v -35.528465 6.436114 73.041328
v -34.963219 7.090799 73.060478
v -35.191921 6.484251 72.771729
v -26.428083 13.249290 69.854095
v -27.099831 14.547113 74.745392
v -26.728016 14.340303 75.548134
v -27.286373 14.089314 75.861923
v -28.178265 14.052755 75.173767
v -26.428083 13.249290 69.854095
v -27.649920 14.286981 74.331474
v -27.099831 14.547113 74.745392
v -28.332310 14.147328 74.526314
v -28.178265 14.052755 75.173767
v -29.461668 16.970125 78.153702
v -29.532902 17.070614 77.725433
v -30.275253 16.728443 77.896179
v -29.864574 16.789196 78.269150
v -29.532902 17.070614 77.725433
v -29.785866 16.888880 77.463921
v -30.252794 16.760303 77.537933
v -30.275253 16.728443 77.896179
v 9.102417 -24.509216 40.803398
v 11.700343 -26.613037 40.912888
v 10.905644 -27.181551 42.413315
v 8.633240 -24.790974 42.877213
v 10.091598 -22.447746 40.623604
v 13.024193 -25.081226 41.195324
v 13.024193 -25.081226 41.195324
v 10.091598 -22.447746 40.623604
v 10.904278 -19.927910 42.145264
v 12.905406 -23.115503 42.393623
v 11.085966 -26.635254 44.416870
v 9.254936 -24.031145 44.849415
v 11.668435 -18.998823 43.720940
v 13.012352 -21.869921 43.799820
v 11.746396 -20.061625 45.323647
v 13.035211 -22.544695 45.226059
v 10.557578 -22.293188 45.842430
v 11.947257 -24.900352 45.947399
v 11.947257 -24.900352 45.947399
v 10.557578 -22.293188 45.842430
v 17.508121 -29.704390 44.973389
v 14.617694 -28.715042 42.160965
v 15.643819 -27.191103 42.894508
v 17.866014 -28.227598 45.841385
v 17.013327 -30.681894 45.935516
v 13.876461 -29.730751 42.836357
v 17.866014 -28.227598 45.841385
v 15.643819 -27.191103 42.894508
v 15.442219 -25.805004 44.245720
v 17.464821 -27.237467 47.592995
v 16.588411 -31.042231 47.400784
v 13.743447 -29.900177 44.361122
v 15.020694 -25.166109 45.468864
v 16.895906 -27.415524 49.261303
v 14.538128 -26.015791 46.428146
v 16.395645 -28.548767 49.378593
v 16.232857 -30.311794 48.390560
v 13.975855 -28.424738 46.045074
v 13.975855 -28.424738 46.045074
v 16.232857 -30.311794 48.390560
v -5.544527 -40.554337 0.777949
v -4.556078 -42.336010 0.259047
v -4.643307 -42.325523 0.547713
v -5.578607 -40.427559 1.031641
v -4.935565 -40.590431 0.864027
v -3.999579 -42.295715 0.286630
v -4.360323 -40.064152 0.912020
v -3.537545 -41.987038 0.411486
v -5.578607 -40.427559 1.031641
v -4.643307 -42.325523 0.547713
v -4.515698 -42.300938 0.895965
v -5.406423 -40.352730 1.427074
v -4.332441 -39.970856 1.292441
v -3.558940 -41.981636 0.770165
v -3.558940 -41.981636 0.770165
v -4.332441 -39.970856 1.292441
v -4.462454 -40.199440 1.790476
v -3.704876 -42.158817 1.178482
v -4.894148 -40.390324 1.848414
v -4.081365 -42.308102 1.218118
v 26.668909 -13.129885 -1.187944
v 28.171133 -13.494246 -0.883174
v 27.895342 -14.246216 -1.290354
v 26.410290 -13.979093 -1.713706
v 26.734388 -12.862089 -0.260559
v 28.258919 -13.266621 -0.191141
v 28.258919 -13.266621 -0.191141
v 26.734388 -12.862089 -0.260559
v 26.540907 -13.136149 0.209370
v 28.079775 -13.502348 0.139492
v 26.356937 -14.110270 -1.050635
v 27.862852 -14.368033 -0.785011
v 27.807858 -14.261702 -0.263507
v 26.282646 -14.008052 -0.315024
v 27.862852 -14.368033 -0.785011
v 26.356937 -14.110270 -1.050635
v 23.142309 -17.271225 -2.508918
v 23.692751 -18.653854 -2.232459
v 23.522333 -18.685608 -1.826455
v 22.947718 -17.288067 -2.011473
v 23.796305 -16.826654 -2.514544
v 24.200041 -18.248777 -2.292225
v 23.872269 -16.696564 -1.796422
v 24.246099 -18.130392 -1.772324
v 24.246099 -18.130392 -1.772324
v 23.872269 -16.696564 -1.796422
v 23.716381 -16.812828 -0.985401
v 24.120895 -18.237305 -1.191431
v 22.947718 -17.288067 -2.011473
v 23.522333 -18.685608 -1.826455
v 23.588800 -18.531378 -1.404340
v 23.052927 -17.088560 -1.339384
v 24.711134 -11.044749 1.178250
v 24.711134 -11.044749 1.178250
v 17.383842 -4.170162 1.560230
v 20.398554 -6.646003 1.937315
v 20.039450 -6.229691 3.231062
v 16.982935 -4.108332 3.403457
v 19.268217 -1.645899 0.959523
v 21.761238 -5.426487 1.459144
v 20.505684 1.213126 1.272523
v 22.889585 -3.577272 1.433142
v 16.982935 -4.108332 3.403457
v 20.039450 -6.229691 3.231062
v 20.497728 -5.902692 4.392206
v 17.142700 -3.368094 5.256240
v 20.205088 2.319665 3.495832
v 23.230890 -2.891749 2.952152
v 23.230890 -2.891749 2.952152
v 20.205088 2.319665 3.495832
v 19.528091 1.587005 5.665561
v 22.911428 -3.302589 4.553255
v 19.057713 -0.936781 6.455471
v 22.059185 -4.849125 5.152775
v 11.224750 19.656778 1.025226
v 14.520995 17.925438 -0.590541
v 14.407804 17.706928 0.023420
v 11.042072 19.409834 1.520160
v 11.440232 20.316057 1.083812
v 14.682717 18.521755 -0.751224
v 11.042072 19.409834 1.520160
v 14.407804 17.706928 0.023420
v 14.402530 18.119646 0.709415
v 11.008925 19.865875 2.295141
v 11.520995 20.748985 1.326409
v 14.747186 18.908955 -0.623386
v 14.519392 18.525217 0.782200
v 11.175960 20.300613 2.507947
v 14.601198 18.883097 0.630325
v 11.304612 20.675043 2.468187
v 11.410353 20.888874 2.041793
v 14.670204 19.083872 0.128740
v 14.670204 19.083872 0.128740
v 11.410353 20.888874 2.041793
v 8.439517 20.354364 1.771953
v 8.439517 20.354364 1.771953
v 9.991935 22.508961 2.596917
v 9.991935 22.508961 2.596917
v 2.856195 23.958471 0.212448
v 0.269167 23.968578 -0.197891
v 0.377372 24.173353 -0.542027
v 3.007575 24.190060 -0.078957
v 2.778993 23.940338 0.746116
v 0.265057 23.912905 0.361399
v 0.265057 23.912905 0.361399
v 2.778993 23.940338 0.746116
v 2.598805 24.087934 1.550856
v 0.210614 23.978653 1.034327
v 0.545046 24.402546 -0.589500
v 3.171099 24.400175 -0.128263
v 2.837491 24.315199 1.435347
v 0.346648 24.187754 0.911210
v 3.126982 24.492899 1.126358
v 0.553771 24.396069 0.571016
v 3.237523 24.455894 0.364066
v 0.614371 24.424797 -0.103771
v 0.614371 24.424797 -0.103771
v 3.237523 24.455894 0.364066
v 3.031208 22.813562 1.468035
v 3.031208 22.813562 1.468035
v 5.979330 23.863796 1.535553
v 5.979330 23.863796 1.535553
v 11.275695 23.962223 2.104087
v 11.882773 25.875591 2.118863
v 11.944244 25.835436 2.591126
v 11.350070 23.905060 2.643296
v 10.183927 24.566477 2.067198
v 11.060292 26.370136 2.066738
v 9.200389 24.756346 1.965640
v 10.361522 26.527601 2.068194
v 11.350070 23.905060 2.643296
v 11.944244 25.835436 2.591126
v 11.776540 25.871008 2.931002
v 11.097423 23.950991 3.151435
v 9.125646 24.755583 2.457356
v 10.298600 26.489574 2.451060
v 10.298600 26.489574 2.451060
v 9.125646 24.755583 2.457356
v 9.322115 24.738655 3.134848
v 10.459103 26.447533 2.951433
v 10.186220 24.499437 3.500149
v 11.114547 26.246214 3.183998
v 2.011483 14.769842 -0.604664
v 4.395082 18.486525 -0.815640
v 4.483223 18.426928 0.568295
v 2.287631 14.665067 0.978122
v -1.498172 16.163996 -0.172911
v 1.516193 20.040524 -0.053149
v -5.082453 16.524820 0.087650
v -1.466046 20.633883 0.675470
v 2.287631 14.665067 0.978122
v 4.483223 18.426928 0.568295
v 2.904239 19.047104 2.873515
v 1.102256 14.969269 3.605456
v -6.115569 16.746931 1.824559
v -2.560524 20.860212 2.463078
v -2.560524 20.860212 2.463078
v -6.115569 16.746931 1.824559
v -5.420355 16.831146 4.258246
v -2.691481 21.078066 4.281416
v -2.721627 16.739763 5.549982
v -0.352082 20.695589 4.857155
v -2.430119 -5.007679 47.045372
v -3.587049 -5.337115 48.552578
v -2.466352 -6.328787 49.485828
v -1.247882 -6.453114 48.345051
v -5.572021 -6.335829 47.658142
v -5.926054 -6.425314 48.590614
v -7.084092 -12.283315 47.260838
v -7.155361 -10.993235 48.301723
v -7.155361 -10.993235 48.301723
v -7.084092 -12.283315 47.260838
v -5.431024 -14.930687 48.093769
v -6.044979 -13.516495 48.973625
v -1.477503 -7.754588 50.109600
v -2.547143 -7.418477 50.757023
v -3.608005 -9.617676 51.175842
v -3.111721 -10.056863 50.994095
v -4.566305 -13.019494 49.989914
v -3.882449 -13.707705 49.994274
v -2.566971 -10.063190 52.023201
v -2.868087 -14.098684 51.266598
v -6.680943 -5.736037 49.947769
v -4.722338 -4.595757 50.264889
v -3.675366 -4.883880 51.093582
v -7.485644 -9.316876 49.779743
v -6.390846 -11.541252 50.525539
v -7.485644 -9.316876 49.779743
v -3.403880 -6.173861 52.190063
v -3.732026 -8.515652 52.453911
v -4.889814 -11.020486 51.647335
v -4.889814 -11.020486 51.647335
v -6.087552 -3.098100 52.086700
v -8.252626 -0.556418 53.324860
v -5.668807 -1.643426 54.189106
v -4.665246 -3.096993 52.659161
v -7.940437 -4.346756 51.776085
v -10.177314 -0.757095 52.835670
v -8.089117 -7.056530 52.083374
v -10.304373 -3.609986 53.577259
v -4.849988 -2.644348 55.265675
v -3.735581 -4.324570 53.708889
v -10.304373 -3.609986 53.577259
v -8.089117 -7.056530 52.083374
v -6.770827 -8.770343 52.961643
v -8.581264 -5.686910 54.882771
v -5.292282 -8.621932 53.730640
v -6.674759 -6.000638 55.786957
v -4.026174 -6.652328 54.166859
v -5.149897 -4.572114 56.066963
v -6.674759 -6.000638 55.786957
v -5.292282 -8.621932 53.730640
v -14.127338 4.562195 53.892651
v -12.152737 4.654006 54.140987
v -9.850085 3.040174 54.826073
v -14.227693 2.618671 54.053665
v -12.334939 0.118720 55.053410
v -14.227693 2.618671 54.053665
v -8.615878 1.107101 55.818974
v -8.534210 -0.585686 56.414894
v -10.164503 -1.189015 56.042061
v -10.164503 -1.189015 56.042061
v -16.613665 9.278419 59.055855
v -21.218664 11.140277 65.917648
v -21.298418 10.345291 65.936668
v -15.938690 8.106822 59.500835
v -17.764847 10.000768 58.228970
v -21.654995 11.898419 65.397797
v -18.516140 9.058908 57.554249
v -22.706160 12.301714 64.321838
v -21.785273 9.852619 65.711639
v -16.106981 7.464382 59.618099
v -22.706160 12.301714 64.321838
v -18.516140 9.058908 57.554249
v -18.241503 7.619998 57.580994
v -23.155123 11.694667 63.872368
v -17.568127 6.788458 58.135136
v -22.965549 10.889416 64.144394
v -16.760487 6.815940 59.056290
v -22.421917 9.948375 64.897537
v -22.965549 10.889416 64.144394
v -17.568127 6.788458 58.135136
v -3.626201 -24.947422 83.400429
v -2.554935 -26.693535 86.274628
v -2.959008 -26.009628 86.669685
v -3.990064 -24.431810 83.811432
v -2.554935 -26.693535 86.274628
v -3.626201 -24.947422 83.400429
v -3.147309 -24.892015 83.138206
v -1.962791 -26.905699 86.042175
v -2.843012 -24.800289 83.585670
v -1.624884 -26.478241 86.761261
v -2.862431 -24.629667 84.299667
v -1.677012 -25.911095 87.789597
v -2.718462 -25.575897 87.581131
v -3.785699 -24.233536 84.428123
v -2.292793 -25.389198 88.481194
v -3.361598 -24.394445 84.981155
v -2.989351 -24.595747 85.041344
v -1.864039 -25.491634 88.708328
v -1.864039 -25.491634 88.708328
v -2.989351 -24.595747 85.041344
v -3.361598 -24.394445 84.981155
v -2.292793 -25.389198 88.481194
v -1.309601 -24.904612 93.386032
v -1.532029 -24.876894 92.873589
v -1.309601 -24.904612 93.386032
v -4.512108 -16.948784 79.464088
v -4.290304 -21.750822 82.923203
v -4.625069 -21.066217 83.432365
v -4.407237 -16.054522 79.862564
v -4.290304 -21.750822 82.923203
v -4.512108 -16.948784 79.464088
v -4.209384 -17.197514 79.178444
v -3.916524 -21.547489 82.593491
v -3.705021 -16.982859 80.028542
v -3.623553 -21.721361 83.155647
v -3.661521 -16.868351 81.124870
v -3.600532 -22.169685 83.808662
v -4.457728 -21.216852 84.023643
v -4.194931 -15.847883 80.623817
v -4.112978 -22.007671 84.354340
v -4.022145 -16.195595 81.251915
v -3.944453 -16.747253 81.689095
v -3.775938 -22.540478 84.309052
v -3.775938 -22.540478 84.309052
v -3.944453 -16.747253 81.689095
v -4.022145 -16.195595 81.251915
v -4.112978 -22.007671 84.354340
v -6.493474 -12.335159 71.565109
v -5.680145 -13.118257 71.267311
v -4.960822 -13.058928 72.242218
v -6.500692 -10.583266 72.193329
v -6.493474 -12.335159 71.565109
v -6.139280 -10.300411 73.161629
v -4.885906 -12.723652 73.443871
v -5.214511 -12.262779 74.181023
v -5.214511 -12.262779 74.181023
v -5.662798 -11.041301 73.912994
v -5.662798 -11.041301 73.912994
v 2.583587 -13.206464 75.878792
v 1.363260 -12.598155 76.098442
v 1.113508 -11.224279 76.277657
v 1.451269 -9.591547 75.650299
v 1.363260 -12.598155 76.098442
v 1.113508 -11.224279 76.277657
v -4.328891 -5.710771 93.387512
v -3.972950 -5.689083 93.471939
v -3.910083 -5.311131 93.619415
v -3.910083 -5.311131 93.619415
v -4.020521 -4.866057 93.581902
v -4.320974 -4.559213 93.486351
v -4.753065 -4.544065 93.516266
v -4.956643 -4.877340 93.517403
v -4.814339 -5.344066 93.505508
v -4.814339 -5.344066 93.505508
v -4.328891 -5.710771 93.387512
v -0.644248 -7.676418 90.164169
v -1.402154 -6.993729 90.050835
v 0.723795 -9.994261 83.296066
v 0.290022 -8.972356 83.516068
v -0.644248 -7.676418 90.164169
v -0.087497 -7.740672 90.293877
v 0.723795 -9.994261 83.296066
v 1.301249 -10.273502 83.045441
v 0.051012 -7.179509 90.403900
v 0.051012 -7.179509 90.403900
v -0.241888 -6.401203 90.417732
v 15.357640 -7.391535 96.344910
v 15.956493 -7.380268 95.461082
v 15.919917 -6.955477 96.164619
v 14.963082 -7.137340 97.746994
v -0.650208 -5.912716 90.142525
v 15.521167 -6.405678 95.489998
v 14.947453 -6.574165 96.610886
v -1.307860 -5.838636 89.940247
v -1.659255 -6.290767 89.910156
v 0.620670 -7.013902 83.041656
v 0.270004 -7.682185 83.144569
v 2.411282 -8.890439 75.744881
v -1.402154 -6.993729 90.050835
v 0.290022 -8.972356 83.516068
v 15.500234 -8.202332 73.413620
v 18.767174 -7.685359 73.788338
v 19.876535 -5.215391 71.775879
v 19.393637 -5.180257 72.340332
v 11.263236 -5.419559 71.009148
v 11.884489 -6.115381 71.985863
v 18.667929 -4.679280 72.072701
v 18.375097 -4.181159 71.457603
v 15.500234 -8.202332 73.413620
v 19.393637 -5.180257 72.340332
v 15.119584 -7.579699 70.662186
v 19.151323 -4.890458 70.925232
v 11.642153 -5.392733 69.929420
v 18.412098 -4.292781 70.915421
v 19.151323 -4.890458 70.925232
v 29.373886 1.811880 70.141266
v 29.534048 1.802473 69.956757
v 33.913956 7.103460 68.513466
v 33.606247 7.235128 68.873047
v 29.094967 2.121197 69.975441
v 29.256044 1.905714 70.226883
v 29.373886 1.811880 70.141266
v 29.197950 1.897301 69.756523
v 33.347271 7.366728 68.049232
v 29.197950 1.897301 69.756523
v 29.051807 2.035137 69.788689
v 24.567955 -2.131103 71.258820
v 24.366699 -1.929402 71.293533
v 24.567955 -2.131103 71.258820
v 24.545696 -2.072352 70.929138
v 24.206549 -1.674131 70.965752
v 24.176630 -1.789135 70.564217
v 24.349800 -1.982548 70.561234
v 24.349800 -1.982548 70.561234
v -2.831584 -12.257420 54.032265
v -3.474540 -10.692729 56.306316
v -2.833995 -7.967856 56.648701
v -1.837681 -8.522070 54.491791
v -3.474540 -10.692729 56.306316
v -2.831584 -12.257420 54.032265
v 0.858001 -13.681253 55.540897
v -1.103527 -11.971765 57.853119
v -1.509948 -7.001888 58.140965
v -0.306499 -7.378434 56.207367
v -1.012872 -8.636152 61.959015
v -0.171685 -10.319600 62.343674
v -0.266489 -8.811082 61.469795
v -1.055335 -7.574454 60.289429
v -0.171685 -10.319600 62.343674
v -1.012872 -8.636152 61.959015
v -2.868087 -14.098684 51.266598
v 2.677901 -11.254278 65.929131
v 4.855541 -10.366587 67.341103
v 5.256133 -8.305608 70.697372
v 3.125889 -8.757010 71.424667
v 3.125889 -8.757010 71.424667
v 5.256133 -8.305608 70.697372
v 4.382867 -10.264314 65.451752
v 3.460084 -10.866257 61.816208
v 4.001101 -8.795744 62.276524
v 5.232671 -8.877758 65.660202
v 3.613413 -7.023657 68.448082
v 1.415722 -7.238015 67.357239
v 14.039436 -10.705766 72.034660
v 14.527340 -10.244376 73.402229
v 15.500234 -8.202332 73.413620
v 14.109624 -9.731776 70.674690
v 14.109624 -9.731776 70.674690
v 23.261930 -11.958642 77.057022
v 23.452168 -11.762741 77.770355
v 24.902908 -11.218715 77.958313
v 24.693657 -10.299065 77.036430
v 24.902908 -11.218715 77.958313
v 23.640566 -11.255472 76.069969
v 25.249277 -10.782827 76.097618
v 23.640566 -11.255472 76.069969
v 28.963760 -20.907618 74.960007
v 28.677498 -21.544481 74.151711
v 29.824203 -20.365290 74.429565
v 29.739029 -20.436281 75.032234
v 29.180111 -20.766666 72.649696
v 29.180111 -20.766666 72.649696
v 30.060793 -20.359068 72.604782
v 35.203629 -35.281624 71.507324
v 35.055061 -35.351822 71.514511
v 30.060793 -20.359068 72.604782
v 28.129881 -16.096668 77.968414
v 28.697329 -15.739514 77.944183
v 26.708996 -13.194246 78.503731
v 27.481300 -12.550900 78.592850
v 28.036833 -16.375277 77.258987
v 26.660753 -13.488640 77.779839
v 29.056290 -15.564104 77.163795
v 29.153996 -15.509297 76.086342
v 38.168789 -11.061719 90.238861
v 38.109169 -11.471350 90.325874
v 38.209057 -11.460351 90.093002
v 38.175602 -11.164638 90.027290
v 28.165529 -12.620275 77.752693
v 28.014595 -12.305847 76.665886
v 38.049587 -11.082902 90.491982
v 38.090202 -11.380156 90.541328
v 28.466803 -15.959208 76.067650
v 27.207441 -12.996575 76.644173
v 28.466803 -15.959208 76.067650
v 29.153996 -15.509297 76.086342
v 27.207441 -12.996575 76.644173
v 28.014595 -12.305847 76.665886
v 28.833132 -10.618602 77.989647
v 28.812469 -10.867474 78.700645
v 28.221125 -10.192830 77.847069
v 28.833132 -10.618602 77.989647
v 27.850386 -10.046206 78.482559
v 27.852724 -10.345057 79.254753
v 28.452450 -10.753526 79.352417
v 27.852724 -10.345057 79.254753
v 3.712609 -12.373670 76.518394
v 4.606517 -10.907950 78.841194
v 3.430379 -9.247807 81.323517
v 1.862726 -9.401839 82.803207
v 4.606517 -10.907950 78.841194
v 3.712609 -12.373670 76.518394
v 4.394111 -11.206008 75.315079
v 4.875027 -10.216378 77.967461
v 3.114580 -7.668013 82.309013
v 1.962599 -7.614443 84.647675
v 3.345984 -9.175704 76.627319
v 3.632197 -8.184649 78.901848
v 3.632197 -8.184649 78.901848
v 3.345984 -9.175704 76.627319
v 1.422450 -6.897935 83.027428
v 2.908236 -7.094749 81.333687
v 1.862726 -9.401839 82.803207
v 7.649141 -8.682305 82.089279
v 6.829483 -7.944574 83.313515
v 7.622486 -7.944475 81.570541
v 7.649141 -8.682305 82.089279
v 6.135229 -7.049175 83.983971
v 6.695732 -6.763844 81.739899
v 6.051006 -6.537637 83.136848
v 6.695732 -6.763844 81.739899
v -4.412278 -8.536963 60.640263
v -4.411629 -7.856009 65.757751
v -3.756799 -6.467961 66.208511
v -3.634869 -6.410074 61.175087
v -4.411629 -7.856009 65.757751
v -4.412278 -8.536963 60.640263
v -3.636842 -10.240763 60.093163
v -3.732100 -8.992617 65.388466
v -1.998464 -9.465438 61.701832
v -2.536606 -8.466163 66.786598
v -1.119837 -8.611231 63.172180
v -2.377410 -7.759898 68.344742
v -3.076196 -6.031267 67.429131
v -2.036113 -6.171602 62.520012
v -3.220386 -6.127668 68.628349
v -1.171974 -6.706505 64.166168
v -0.887829 -7.669394 64.678474
v -3.062209 -6.956778 69.266876
v -3.062209 -6.956778 69.266876
v -0.887829 -7.669394 64.678474
v -1.171974 -6.706505 64.166168
v -3.220386 -6.127668 68.628349
v 31.007359 -10.226788 81.190453
v 34.679279 -10.323311 85.702477
v 34.573364 -10.077832 86.155617
v 30.850393 -9.975371 81.827293
v 31.168667 -10.001417 80.612350
v 34.624031 -10.190008 84.678658
v 34.624031 -10.190008 84.678658
v 31.168667 -10.001417 80.612350
v 30.928703 -9.472980 80.532669
v 34.675491 -9.492476 84.718559
v 30.752880 -9.238175 81.123810
v 34.727978 -9.269310 85.351044
v 30.677284 -9.406959 81.833023
v 34.267315 -9.242372 85.777504
v 34.267315 -9.242372 85.777504
v 30.677284 -9.406959 81.833023
v 38.175602 -11.164638 90.027290
v 38.209057 -11.460351 90.093002
v 38.168789 -11.061719 90.238861
v 38.049587 -11.082902 90.491982
v 9.807428 -7.373065 88.473824
v 13.717501 -7.345271 91.584694
v 13.691578 -6.797122 92.728462
v 9.610866 -6.909434 89.346436
v 10.729712 -7.694109 86.920830
v 14.000901 -7.423967 90.554840
v 14.000901 -7.423967 90.554840
v 10.729712 -7.694109 86.920830
v 10.628173 -7.085700 86.349335
v 13.786240 -6.857680 90.291344
v 13.379513 -6.497585 92.151955
v 9.273415 -6.357285 88.384033
v 9.663258 -6.291534 86.521027
v 13.288277 -6.326379 90.741447
v 13.288277 -6.326379 90.741447
v 9.663258 -6.291534 86.521027
v 15.919917 -6.955477 96.164619
v 15.956493 -7.380268 95.461082
v 15.521167 -6.405678 95.489998
v 20.670652 -29.255417 52.587811
v 26.023432 -33.012558 54.555569
v 25.965170 -33.761116 54.388355
v 20.139956 -30.251337 52.925625
v 20.699158 -28.429287 54.136307
v 25.873569 -32.561539 55.342422
v 25.873569 -32.561539 55.342422
v 20.699158 -28.429287 54.136307
v 20.081156 -28.431082 55.668476
v 25.350111 -32.360359 56.210213
v 25.820160 -34.453423 54.638344
v 19.634132 -31.065809 53.874065
v 19.469135 -29.091093 56.452644
v 25.143347 -32.808224 56.457600
v 19.194868 -30.015656 56.286533
v 25.207577 -33.723553 56.160812
v 19.249384 -30.941607 55.081329
v 25.478794 -34.527752 55.363319
v 25.478794 -34.527752 55.363319
v 19.249384 -30.941607 55.081329
vn -0.044141 -0.009540 -0.998980
vn -0.148811 0.039609 -0.988072
vn -0.092201 0.017108 -0.995593
vn 0.013474 0.009540 -0.999864
vn -0.010252 -0.022892 -0.999685
vn -0.041016 -0.006797 -0.999135
vn -0.020755 -0.024084 -0.999494
vn -0.015358 -0.123092 -0.992276
vn -0.089040 -0.020445 -0.995818
vn -0.401894 -0.883402 0.241003
vn 0.182177 -0.803777 0.566351
vn -0.248660 0.001846 0.968589
vn 0.631927 -0.141216 0.762054
vn 0.631927 -0.141216 0.762054
vn 0.635872 0.392143 0.664749
vn -0.248660 0.001846 0.968589
vn 0.313929 0.857031 0.408591
vn -0.312377 0.948931 0.044166
vn -0.960829 0.199626 -0.192241
vn -0.863371 -0.499656 -0.070244
vn -0.863371 -0.499656 -0.070244
vn -0.401894 -0.883402 0.241003
vn -0.248660 0.001846 0.968589
vn -0.007240 -0.513197 0.858240
vn -0.508412 -0.526284 0.681574
vn -0.572027 -0.416638 0.706539
vn -0.366300 -0.801434 0.472787
vn -0.651335 -0.654119 0.384567
vn -0.221478 -0.764152 0.605821
vn -0.621599 -0.782278 0.040688
vn -0.435283 -0.816107 0.380130
vn -0.388823 -0.869657 0.304161
vn -0.328306 0.846474 0.419163
vn -0.103007 0.979613 0.172478
vn 0.621673 0.768716 0.150328
vn 0.864398 -0.423764 0.270630
vn 0.626657 -0.775863 0.073060
vn 0.162476 -0.914876 0.369599
vn 0.642501 -0.658258 -0.392285
vn 0.685242 -0.724693 0.072547
vn 0.820202 -0.560481 0.114585
vn -0.134871 0.892040 0.431363
vn -0.052989 0.738041 0.672672
vn -0.268245 0.947082 0.176299
vn 0.115847 0.965279 -0.234130
vn 0.546392 0.832509 0.091569
vn 0.040444 0.998755 0.029214
vn -0.037660 -0.030042 -0.998839
vn 0.123349 0.406334 -0.905361
vn -0.261352 0.247717 -0.932916
vn -0.057108 -0.042185 -0.997476
vn -0.208752 -0.244752 -0.946847
vn 0.002436 0.056996 -0.998371
vn 0.402818 -0.439943 -0.802613
vn 0.056751 -0.049204 -0.997175
vn 0.480950 -0.446659 -0.754442
vn -0.040891 -0.511365 -0.858390
vn 0.191437 0.959771 -0.205405
vn 0.887996 0.407633 0.212834
vn -0.357472 -0.466911 -0.808831
vn -0.864914 -0.109312 -0.489872
vn -0.596233 0.697385 -0.397694
vn -0.320412 -0.279656 -0.905057
vn -0.773299 -0.630615 0.065830
vn -0.677147 0.700704 0.224689
vn -0.988364 0.045972 -0.144991
vn -0.012659 -0.652696 -0.757514
vn -0.006835 -0.996481 0.083540
vn -0.953828 -0.114053 0.277856
vn -0.650707 0.072992 -0.755812
vn 0.252577 0.271456 -0.928718
vn 0.127761 -0.963888 -0.233659
vn -0.756606 -0.653460 0.023170
vn 0.563147 0.381182 -0.733189
vn 0.892743 -0.450100 -0.020500
vn 0.046450 -0.909039 -0.414114
vn 0.625412 -0.365891 -0.689191
vn 0.957263 -0.287647 0.030127
vn -0.068687 -0.974349 0.214305
vn 0.630155 -0.047333 -0.775025
vn 0.334730 -0.032042 -0.941769
vn 0.502154 -0.864145 -0.033087
vn 0.902047 -0.424144 0.080078
vn 0.887996 0.407633 0.212834
vn 0.191437 0.959771 -0.205405
vn 0.189011 0.695471 0.693249
vn 0.484502 0.569047 0.664412
vn -0.864914 -0.109312 -0.489872
vn -0.571573 0.616341 0.541689
vn -0.677147 0.700704 0.224689
vn -0.773299 -0.630615 0.065830
vn -0.578464 -0.405748 0.707635
vn -0.513249 0.335085 0.790122
vn -0.953828 -0.114053 0.277856
vn -0.006835 -0.996481 0.083540
vn 0.022842 -0.867003 0.497779
vn -0.378711 -0.434562 0.817150
vn -0.756606 -0.653460 0.023170
vn 0.127761 -0.963888 -0.233659
vn -0.119596 -0.874438 0.470165
vn -0.556335 -0.723494 0.408714
vn 0.892743 -0.450100 -0.020500
vn 0.654075 -0.669444 0.352180
vn -0.068687 -0.974349 0.214305
vn 0.957263 -0.287647 0.030127
vn 0.717140 -0.265079 0.644549
vn -0.191202 -0.585225 0.788006
vn 0.902047 -0.424144 0.080078
vn 0.502154 -0.864145 -0.033087
vn 0.445898 -0.823674 0.350337
vn 0.287856 -0.550840 0.783399
vn 0.378364 0.674484 0.633966
vn -0.152132 0.694563 0.703162
vn -0.294113 0.857605 0.421914
vn 0.311455 0.874641 0.371482
vn -0.576216 0.628878 0.522003
vn -0.782929 0.442904 0.436873
vn -0.569717 -0.372666 0.732491
vn -0.804621 -0.503143 0.315329
vn -0.569717 -0.372666 0.732491
vn -0.484614 -0.707771 0.514013
vn -0.322925 -0.918320 0.228927
vn -0.804621 -0.503143 0.315329
vn 0.044627 -0.789165 0.612558
vn 0.211754 -0.915540 0.341976
vn 0.558927 -0.645422 0.520606
vn 0.744407 -0.598174 0.296725
vn 0.597128 0.097443 0.796205
vn 0.872944 0.239307 0.425089
vn 0.378364 0.674484 0.633966
vn 0.311455 0.874641 0.371482
vn -0.548937 0.789824 0.273580
vn 0.120176 0.957306 0.262912
vn -0.948814 0.204409 0.240769
vn -0.706674 -0.705651 0.051657
vn -0.102189 -0.993014 -0.058993
vn -0.706674 -0.705651 0.051657
vn 0.464838 -0.884983 0.027027
vn 0.895078 -0.426942 0.128669
vn 0.831790 0.476217 0.285206
vn 0.120176 0.957306 0.262912
vn -0.799900 0.580760 0.151255
vn -0.166788 0.962934 0.211991
vn -0.980237 -0.184769 0.070677
vn -0.479750 -0.864502 -0.149921
vn 0.106710 -0.966877 -0.231867
vn -0.479750 -0.864502 -0.149921
vn 0.679247 -0.709314 -0.188406
vn 0.992184 0.124611 -0.006606
vn 0.684204 0.712290 0.156549
vn -0.166788 0.962934 0.211991
vn -0.931966 0.307108 0.192676
vn -0.546429 0.785218 0.291287
vn -0.847483 -0.518667 0.112947
vn -0.240083 -0.966505 -0.090714
vn 0.339648 -0.926402 -0.162540
vn -0.240083 -0.966505 -0.090714
vn 0.881273 -0.468872 -0.059306
vn 0.890910 0.445490 0.088421
vn -0.263247 0.870529 0.415788
vn 0.204567 -0.387628 0.898831
vn 0.478661 0.861745 0.168164
vn 0.054698 0.997463 0.045562
vn 0.385344 -0.791614 0.474191
vn 0.994462 0.045727 0.094629
vn -0.920790 0.096752 0.377869
vn -0.439980 0.829275 0.344559
vn -0.706145 -0.649907 0.281032
vn -0.070757 -0.992038 0.104180
vn 0.552614 -0.833124 -0.022845
vn -0.070757 -0.992038 0.104180
vn 0.963292 -0.228274 0.141280
vn 0.644620 0.702047 0.302646
vn 0.306067 0.950238 -0.058063
vn 0.174372 0.983312 -0.051889
vn 0.699010 0.710709 -0.079233
vn -0.958538 -0.010440 0.284774
vn -0.689394 0.699098 0.189732
vn -0.681725 -0.707374 0.186742
vn 0.004468 -0.997129 0.075596
vn 0.716745 -0.696456 -0.034999
vn 0.004468 -0.997129 0.075596
vn 0.999465 -0.004307 0.032414
vn 0.636045 0.761125 0.127025
vn 0.119983 0.956078 0.267429
vn -0.039929 0.989619 0.138060
vn -0.439980 0.829275 0.344559
vn -0.689394 0.699098 0.189732
vn -0.993674 -0.079572 0.079255
vn -0.823203 0.549815 0.141561
vn -0.673849 -0.734474 -0.080477
vn 0.043989 -0.988078 -0.147535
vn 0.777890 -0.620787 -0.097522
vn 0.043989 -0.988078 -0.147535
vn 0.986087 0.164150 -0.026226
vn 0.515437 0.856634 -0.022418
vn -0.204494 0.978866 0.001662
vn -0.823203 0.549815 0.141561
vn -0.981418 -0.177810 0.072129
vn -0.892387 0.415483 0.176121
vn -0.556507 -0.812773 -0.172339
vn 0.156512 -0.950981 -0.266719
vn 0.846333 -0.429183 -0.315471
vn 0.156512 -0.950981 -0.266719
vn 0.906372 0.349004 -0.238088
vn 0.346809 0.936290 -0.055543
vn -0.389552 0.918713 0.064931
vn -0.892387 0.415483 0.176121
vn -0.959751 -0.280840 -0.002603
vn -0.929237 0.290775 0.227966
vn -0.470047 -0.805648 -0.360538
vn 0.278347 -0.863218 -0.421162
vn 0.879751 -0.272931 -0.389291
vn 0.278347 -0.863218 -0.421162
vn 0.757095 0.554934 -0.344753
vn 0.085335 0.995712 -0.035719
vn -0.528745 0.825465 0.197575
vn -0.929237 0.290775 0.227966
vn -0.854817 -0.511083 0.089905
vn -0.949590 0.116893 0.290886
vn -0.288647 -0.868147 -0.403738
vn 0.411432 -0.686433 -0.599611
vn 0.911180 -0.118018 -0.394743
vn 0.411432 -0.686433 -0.599611
vn 0.803019 0.595579 -0.021132
vn 0.112374 0.961511 0.250738
vn -0.585345 0.737217 0.337465
vn -0.949590 0.116893 0.290886
vn -0.154279 -0.925053 -0.347096
vn -0.692235 -0.711818 0.118851
vn 0.548902 -0.574952 -0.606742
vn 0.946638 0.035871 -0.320296
vn 0.548902 -0.574952 -0.606742
vn 0.787734 0.596489 0.153870
vn -0.201912 -0.892153 -0.404097
vn -0.528047 -0.809802 0.255708
vn 0.416000 -0.330011 -0.847371
vn 0.890061 0.246718 -0.383304
vn 0.416000 -0.330011 -0.847371
vn 0.756546 0.604888 0.248492
vn 0.218810 -0.010839 0.975707
vn -0.311037 0.510442 0.801689
vn -0.697060 -0.652663 0.296881
vn 0.501470 -0.859601 0.098050
vn -0.523827 0.734895 0.430736
vn -0.799201 0.582954 -0.146430
vn -0.529362 -0.808562 -0.256911
vn -0.493712 -0.765664 0.412320
vn -0.255103 0.072078 -0.964224
vn 0.435695 0.643298 -0.629554
vn -0.255103 0.072078 -0.964224
vn 0.556836 0.830295 -0.023324
vn 0.156457 -0.784079 -0.600617
vn 0.409596 -0.829454 -0.379785
vn -0.483016 -0.151038 -0.862486
vn -0.410768 -0.890487 0.195711
vn -0.461976 -0.725472 0.510166
vn 0.453483 0.536523 -0.711685
vn 0.673846 0.734931 0.076212
vn 0.938474 -0.164518 0.303645
vn -0.111756 -0.267560 -0.957038
vn 0.673846 0.734931 0.076212
vn 0.583406 0.605839 0.540922
vn 0.355582 0.159578 0.920921
vn 0.938474 -0.164518 0.303645
vn 0.419369 0.873774 -0.246268
vn 0.705962 0.691160 -0.154650
vn -0.483961 -0.873107 -0.058867
vn -0.421848 -0.677564 -0.602454
vn -0.129542 -0.504069 0.853893
vn -0.483961 -0.873107 -0.058867
vn 0.380956 0.847907 -0.368681
vn 0.898892 0.438089 0.008486
vn -0.122405 0.992201 -0.023541
vn -0.145028 0.961354 -0.234022
vn -0.406292 -0.863240 0.299573
vn -0.015690 -0.969580 0.244270
vn 0.695732 -0.695028 0.181365
vn -0.230574 -0.727414 0.646300
vn -0.005734 -0.763679 0.645571
vn 0.757946 -0.299143 0.579683
vn 0.834256 -0.246641 0.493139
vn 0.270223 -0.671902 0.689585
vn 0.757946 -0.299143 0.579683
vn 0.933868 0.340886 -0.108113
vn 0.834256 -0.246641 0.493139
vn 0.289738 0.868889 -0.401353
vn -0.205223 0.961110 -0.184799
vn -0.900415 -0.351215 0.256713
vn -0.406292 -0.863240 0.299573
vn -0.230574 -0.727414 0.646300
vn -0.840820 0.493515 0.222408
vn 0.936960 0.344890 -0.056193
vn 0.292587 0.955447 0.038911
vn 0.842604 -0.328819 0.426494
vn 0.162220 -0.914959 0.369506
vn 0.963558 0.203439 0.173690
vn 0.842604 -0.328819 0.426494
vn 0.361484 0.930838 0.053576
vn -0.314625 0.949128 0.012896
vn 0.292587 0.955447 0.038911
vn -0.080615 0.996515 -0.021407
vn -0.333114 0.254059 -0.908014
vn -0.664518 -0.501281 -0.554196
vn -0.477012 -0.867466 0.141290
vn 0.176154 0.606762 -0.775119
vn -0.333114 0.254059 -0.908014
vn 0.664720 0.732661 -0.146135
vn -0.046164 -0.786427 0.615955
vn 0.499388 -0.328263 0.801782
vn 0.785203 0.333690 0.521640
vn 0.499388 -0.328263 0.801782
vn 0.116661 0.086610 -0.989388
vn -0.477770 -0.077340 -0.875074
vn -0.596243 -0.801672 -0.042630
vn -0.940916 -0.335591 0.045339
vn 0.716372 -0.287390 -0.635781
vn 0.639867 -0.757825 0.127561
vn 0.826090 -0.539975 0.161249
vn -0.714090 -0.369712 0.594465
vn -0.145533 -0.453880 0.879098
vn -0.596243 -0.801672 -0.042630
vn -0.940916 -0.335591 0.045339
vn 0.639867 -0.757825 0.127561
vn 0.521457 -0.516300 0.679350
vn 0.826090 -0.539975 0.161249
vn 0.196027 0.011735 -0.980528
vn -0.369128 0.000416 -0.929378
vn -0.999964 -0.006752 0.005213
vn 0.809385 -0.125796 -0.573647
vn 0.953806 -0.257423 0.154879
vn -0.706547 -0.110497 0.698986
vn -0.245839 -0.269449 0.931107
vn -0.999964 -0.006752 0.005213
vn 0.589282 -0.334672 0.735351
vn 0.953806 -0.257423 0.154879
vn 0.301829 -0.094351 -0.948682
vn 0.253153 -0.091875 -0.963054
vn -0.804891 0.437261 -0.401189
vn -0.191541 0.508179 -0.839682
vn 0.181702 0.122586 -0.975683
vn -0.422562 -0.895267 -0.141204
vn 0.738645 -0.004414 -0.674080
vn 0.993362 0.069276 0.091826
vn -0.470809 -0.139843 0.871081
vn -0.297548 -0.145695 0.943524
vn -0.736408 -0.149408 0.659833
vn -0.804891 0.437261 -0.401189
vn -0.422562 -0.895267 -0.141204
vn -0.431447 -0.472076 0.768764
vn 0.610381 0.013238 0.791997
vn 0.993362 0.069276 0.091826
vn 0.326574 -0.146272 -0.933785
vn -0.057508 -0.802236 -0.594230
vn 0.557412 -0.507332 -0.657195
vn 0.295286 -0.879832 0.372428
vn 0.685874 0.002476 -0.727716
vn 0.970555 0.240755 0.007727
vn -0.610888 -0.193212 0.767779
vn -0.370719 0.039739 0.927895
vn 0.295286 -0.879832 0.372428
vn 0.124889 -0.739560 0.661403
vn 0.567765 0.270772 0.777384
vn 0.970555 0.240755 0.007727
vn -0.600854 -0.011705 -0.799273
vn -0.997288 0.062080 0.039539
vn 0.020685 -0.132985 -0.990902
vn -0.997288 0.062080 0.039539
vn -0.630001 0.028285 0.776079
vn -0.187798 0.022576 0.981948
vn 0.479747 -0.553044 -0.681165
vn -0.632383 -0.659096 0.407044
vn 0.366230 -0.867290 0.337171
vn -0.632383 -0.659096 0.407044
vn 0.003654 -0.218460 0.975839
vn 0.366230 -0.867290 0.337171
vn -0.633079 -0.233885 -0.737908
vn -0.983924 -0.178238 0.011131
vn 0.041808 -0.182206 -0.982371
vn -0.983924 -0.178238 0.011131
vn -0.656605 -0.032683 0.753526
vn -0.104944 0.130789 0.985840
vn 0.775942 0.006289 -0.630773
vn 0.983127 0.150479 0.104003
vn 0.580086 0.186173 0.792994
vn 0.983127 0.150479 0.104003
vn -0.494917 -0.174355 -0.851268
vn -0.946985 -0.299790 -0.115520
vn 0.227518 0.032147 -0.973243
vn -0.946985 -0.299790 -0.115520
vn -0.752879 -0.224810 0.618574
vn -0.286759 -0.096608 0.953119
vn 0.841974 0.194345 -0.503300
vn 0.945862 0.270304 0.179668
vn 0.515167 0.111294 0.849833
vn 0.945862 0.270304 0.179668
vn -0.267062 0.255399 -0.929220
vn -0.924446 0.190969 -0.330046
vn 0.331067 0.263434 -0.906089
vn -0.924446 0.190969 -0.330046
vn -0.822351 -0.098205 0.560441
vn -0.386864 -0.321998 0.864091
vn 0.901652 -0.185611 -0.390604
vn 0.855046 -0.380241 0.352580
vn 0.318159 -0.369798 0.872940
vn 0.855046 -0.380241 0.352580
vn -0.993630 -0.108959 0.028774
vn -0.964858 -0.262562 0.010541
vn -0.977983 0.201686 0.053595
vn -0.879466 0.475758 0.013891
vn -0.805565 -0.589340 0.061184
vn -0.987812 0.025212 0.153599
vn -0.805565 -0.589340 0.061184
vn -0.964858 -0.262562 0.010541
vn -0.389828 -0.920094 -0.038233
vn 0.086306 -0.991658 -0.095733
vn -0.993630 -0.108959 0.028774
vn -0.719467 -0.694075 0.025066
vn 0.464536 -0.883211 -0.064380
vn 0.748057 -0.649776 -0.134912
vn 0.053860 -0.995731 0.074953
vn 0.181149 -0.721227 0.668593
vn -0.034928 -0.988701 0.145774
vn 0.900947 -0.421548 0.102915
vn 0.859070 -0.218068 0.463082
vn -0.380679 -0.596924 -0.706234
vn 0.643138 -0.498246 -0.581485
vn 0.759769 0.373303 0.532350
vn 0.878528 0.476038 0.039709
vn -0.024147 0.999037 0.036634
vn 0.062101 0.670336 0.739454
vn 0.404084 -0.004989 -0.914708
vn -0.010684 0.772828 -0.634526
vn -0.713715 0.648325 0.265116
vn -0.612072 0.790705 0.012401
vn -0.977983 0.201686 0.053595
vn -0.987812 0.025212 0.153599
vn -0.243891 0.969620 0.018843
vn -0.879466 0.475758 0.013891
vn -0.045364 -0.073608 -0.996255
vn 0.585533 0.163984 -0.793889
vn 0.496625 0.862428 0.097881
vn 0.931861 0.336293 0.136168
vn -0.493528 0.153196 -0.856131
vn -0.617227 0.772655 -0.148440
vn -0.850253 0.495178 -0.178518
vn 0.637673 0.400097 0.658252
vn -0.041899 0.476586 0.878129
vn 0.496625 0.862428 0.097881
vn 0.931861 0.336293 0.136168
vn -0.617227 0.772655 -0.148440
vn -0.661233 0.557193 0.502301
vn -0.850253 0.495178 -0.178518
vn 0.219696 -0.245282 -0.944230
vn 0.173508 0.200500 -0.964207
vn 0.258613 0.069944 -0.963446
vn 0.114838 0.256524 -0.959692
vn 0.193298 -0.980021 0.046840
vn -0.141106 -0.850821 -0.506155
vn 0.194588 -0.352959 -0.915181
vn 0.998241 -0.048911 0.033518
vn -0.289270 -0.096547 -0.952366
vn 0.196662 -0.245394 -0.949266
vn 0.335799 -0.905041 -0.261037
vn 0.166477 -0.982336 0.085453
vn -0.909125 -0.412575 -0.057213
vn -0.154710 -0.371586 -0.915417
vn -0.012188 0.247953 0.968695
vn 0.002059 -0.603053 0.797699
vn 0.014218 -0.293958 0.955713
vn -0.108688 0.165220 0.980250
vn 0.411681 -0.523198 0.746179
vn 0.193298 -0.980021 0.046840
vn 0.998241 -0.048911 0.033518
vn 0.634713 0.247680 0.731979
vn 0.166477 -0.982336 0.085453
vn 0.114306 -0.883438 0.454392
vn -0.625615 0.299880 0.720193
vn -0.909125 -0.412575 -0.057213
vn -0.338464 0.776233 0.531887
vn -0.166799 0.596915 0.784774
vn 0.212555 0.066247 -0.974901
vn 0.553107 0.288773 -0.781462
vn 0.294934 0.677279 -0.674023
vn 0.505150 0.861337 0.054059
vn 0.148822 0.619335 -0.770893
vn -0.519635 0.854212 -0.017358
vn -0.475435 0.856089 -0.202663
vn 0.419226 -0.226316 0.879222
vn -0.118123 0.151590 0.981360
vn 0.505150 0.861337 0.054059
vn 0.514905 0.702386 0.491454
vn -0.485561 0.858143 0.166796
vn -0.519635 0.854212 -0.017358
vn -0.091303 0.888992 0.448728
vn -0.035259 -0.020866 -0.999160
vn -0.338769 0.558254 -0.757356
vn -0.496884 0.867601 -0.019356
vn 0.037837 -0.718252 -0.694753
vn -0.077442 -0.996946 -0.010077
vn -0.463256 0.647301 0.605305
vn -0.266708 -0.245259 0.932049
vn -0.496884 0.867601 -0.019356
vn -0.191040 -0.777115 0.599663
vn -0.077442 -0.996946 -0.010077
vn -0.266708 -0.245259 0.932049
vn 0.034279 0.035520 -0.998781
vn -0.488472 0.612885 -0.621101
vn -0.677637 0.734437 0.037546
vn 0.430653 -0.485394 -0.760875
vn 0.492841 -0.869052 -0.043086
vn -0.659523 0.464542 0.590957
vn -0.182923 -0.224770 0.957088
vn -0.677637 0.734437 0.037546
vn 0.231269 -0.742331 0.628856
vn 0.492841 -0.869052 -0.043086
vn -0.182923 -0.224770 0.957088
vn -0.138288 -0.213892 -0.967019
vn -0.459073 0.540749 -0.704870
vn -0.554873 0.826644 -0.093676
vn 0.494726 -0.111114 -0.861916
vn 0.942880 -0.298588 -0.147722
vn -0.489382 0.546817 0.679335
vn -0.236992 -0.308222 0.921322
vn -0.554873 0.826644 -0.093676
vn 0.652187 -0.371562 0.660753
vn 0.942880 -0.298588 -0.147722
vn -0.236992 -0.308222 0.921322
vn -0.644672 -0.748594 0.154938
vn -0.644672 -0.748594 0.154938
vn 0.352765 -0.372327 -0.858446
vn -0.564632 0.127339 -0.815461
vn 0.772288 -0.630202 -0.080111
vn -0.894391 0.426112 0.135990
vn 0.537755 -0.461250 0.705739
vn 0.772288 -0.630202 -0.080111
vn -0.451261 0.220218 0.864793
vn -0.644672 -0.748594 0.154938
vn -0.894391 0.426112 0.135990
vn 0.216728 0.950859 0.221125
vn -0.559312 0.492080 0.667104
vn -0.315693 0.946837 0.061948
vn 0.038674 0.986383 0.159855
vn 0.450203 0.679346 0.579488
vn -0.089283 -0.483407 0.870831
vn 0.411345 0.758245 0.505826
vn 0.777148 -0.453502 0.436321
vn -0.051534 0.997408 -0.050212
vn 0.212813 0.976518 0.033515
vn 0.249540 0.884620 0.393925
vn 0.994553 0.053157 0.089658
vn 0.196461 0.952064 0.234471
vn 0.488407 0.860741 -0.143469
vn 0.148239 0.988755 -0.019740
vn 0.209153 0.959941 -0.186464
vn -0.546429 0.785218 0.291287
vn 0.132207 -0.078202 -0.988133
vn 0.443689 -0.728636 -0.521756
vn 0.516856 -0.846294 0.129019
vn 0.164368 0.664013 -0.729431
vn 0.206387 0.978368 -0.014155
vn 0.466275 -0.687507 0.556707
vn 0.284218 -0.126836 0.950333
vn 0.516856 -0.846294 0.129019
vn 0.496625 0.862428 0.097881
vn 0.206687 0.688552 0.695109
vn 0.206387 0.978368 -0.014155
vn -0.714843 0.137840 -0.685566
vn -0.169345 0.379532 -0.909548
vn -0.635348 0.084168 -0.767625
vn -0.964595 -0.258426 0.052664
vn -0.987100 -0.157981 -0.026008
vn 0.288890 0.620026 -0.729459
vn 0.796439 0.184896 -0.575760
vn 0.950352 0.223528 0.216487
vn 0.114659 -0.993333 0.011983
vn 0.075337 -0.831445 -0.550475
vn 0.071619 -0.480114 0.874278
vn -0.644132 -0.464492 0.607735
vn -0.720817 -0.376356 0.582047
vn -0.964595 -0.258426 0.052664
vn -0.987100 -0.157981 -0.026008
vn 0.950352 0.223528 0.216487
vn 0.433376 0.127038 0.892214
vn 0.023839 -0.677911 0.734757
vn 0.114659 -0.993333 0.011983
vn 0.573697 -0.298036 0.762919
vn 0.745885 -0.200973 0.635032
vn 0.822521 0.470197 0.319958
vn 0.313488 -0.315777 0.895550
vn 0.524008 -0.399405 0.752257
vn 0.521689 -0.696551 0.492603
vn 0.481650 -0.793382 0.372235
vn 0.195135 0.656615 0.728546
vn 0.195720 0.941323 -0.274963
vn -0.929257 -0.110271 0.352593
vn -0.306631 -0.292925 0.905634
vn 0.195720 0.941323 -0.274963
vn 0.041823 0.621289 -0.782465
vn -0.407561 0.178292 -0.895604
vn -0.929257 -0.110271 0.352593
vn -0.231497 -0.903280 -0.361239
vn 0.131583 -0.988458 0.075079
vn 0.292651 -0.948827 -0.118668
vn -0.009401 -0.812637 -0.582695
vn -0.494142 0.733295 -0.467014
vn -0.643865 -0.257753 -0.720418
vn -0.489033 -0.075437 -0.868997
vn -0.830447 0.485672 -0.272911
vn -0.643865 -0.257753 -0.720418
vn -0.489033 -0.075437 -0.868997
vn -0.179967 0.417047 0.890889
vn 0.292110 -0.204043 0.934365
vn 0.535051 -0.767031 0.354097
vn -0.786483 0.037933 0.616446
vn -0.567326 0.746015 0.348716
vn -0.786483 0.037933 0.616446
vn -0.696465 0.653264 -0.296956
vn -0.567326 0.746015 0.348716
vn 0.434908 -0.856652 -0.277492
vn 0.173150 -0.691614 -0.701206
vn -0.330550 -0.109769 -0.937383
vn -0.330550 -0.109769 -0.937383
vn -0.799201 0.582954 -0.146430
vn -0.523827 0.734895 0.430736
vn -0.483016 -0.151038 -0.862486
vn 0.064209 0.983833 -0.167182
vn 0.325606 0.884141 -0.335074
vn 0.925693 0.209851 0.314729
vn 0.064457 -0.731997 0.678252
vn -0.639765 -0.661846 0.390718
vn 0.064209 0.983833 -0.167182
vn -0.269058 0.829782 -0.488948
vn 0.325606 0.884141 -0.335074
vn -0.890019 0.331857 -0.312630
vn -0.639765 -0.661846 0.390718
vn 0.687418 0.516648 0.510423
vn 0.450268 0.826409 -0.338093
vn -0.599749 -0.760971 0.247433
vn -0.089566 -0.585277 0.805871
vn 0.450268 0.826409 -0.338093
vn -0.030528 0.634862 -0.772022
vn -0.746180 -0.219197 -0.628624
vn -0.599749 -0.760971 0.247433
vn -0.600295 -0.547494 -0.583006
vn -0.012707 -0.322448 -0.946502
vn -0.609839 -0.725651 -0.318632
vn -0.606094 -0.776237 0.173511
vn 0.045669 0.114988 -0.992317
vn 0.584872 0.292602 -0.756511
vn 0.584872 0.292602 -0.756511
vn 0.045669 0.114988 -0.992317
vn 0.548390 0.396260 -0.736374
vn 0.774513 0.453459 -0.441026
vn -0.695708 -0.607701 0.383001
vn -0.297241 -0.624504 0.722248
vn 0.807579 0.522572 -0.273376
vn 0.844699 0.520637 0.124181
vn 0.746505 0.421471 0.514872
vn 0.360699 0.301488 0.882610
vn 0.232008 -0.125513 0.964582
vn -0.399055 -0.246188 0.883259
vn -0.399055 -0.246188 0.883259
vn 0.232008 -0.125513 0.964582
vn 0.819407 -0.154593 -0.551971
vn 0.229214 -0.569070 -0.789696
vn 0.705356 0.191451 -0.682510
vn 0.683310 0.671065 -0.287680
vn 0.421333 -0.823184 -0.380588
vn -0.296605 -0.912896 -0.280441
vn 0.683310 0.671065 -0.287680
vn 0.705356 0.191451 -0.682510
vn 0.760331 0.587034 -0.278006
vn 0.344917 0.936361 0.065271
vn -0.069999 -0.994737 -0.074827
vn -0.625490 -0.722337 0.294944
vn 0.615778 0.769703 0.168445
vn -0.378428 0.789174 0.483733
vn -0.116498 0.541410 0.832648
vn -0.848066 0.052108 0.527322
vn -0.689152 -0.644854 0.330504
vn -0.640049 -0.201350 0.741482
vn -0.640049 -0.201350 0.741482
vn -0.689152 -0.644854 0.330504
vn -0.829736 -0.357157 -0.428926
vn -0.340768 0.459978 -0.819937
vn -0.944296 -0.328950 -0.009838
vn -0.877476 -0.372987 0.301523
vn 0.184956 0.105025 -0.977119
vn -0.032277 0.547662 -0.836077
vn 0.453505 0.179728 -0.872944
vn 0.835835 0.399548 -0.376486
vn -0.877476 -0.372987 0.301523
vn -0.944296 -0.328950 -0.009838
vn -0.717158 -0.544830 0.434562
vn -0.708898 -0.298864 0.638861
vn 0.945565 0.325187 -0.012625
vn 0.971792 0.078442 0.222411
vn 0.971792 0.078442 0.222411
vn 0.945565 0.325187 -0.012625
vn 0.734980 0.228283 0.638508
vn 0.500878 -0.384273 0.775536
vn -0.159916 -0.107342 0.981277
vn -0.307180 -0.603149 0.736106
vn 0.263257 0.678667 -0.685643
vn 0.460253 0.742058 -0.487358
vn 0.166676 -0.382051 -0.908986
vn 0.142426 -0.864161 -0.482640
vn 0.402830 0.912221 -0.074701
vn 0.422728 0.843889 0.330382
vn 0.422728 0.843889 0.330382
vn 0.402830 0.912221 -0.074701
vn 0.366717 0.269579 0.890419
vn 0.007003 0.001371 0.999975
vn 0.041477 -0.998430 0.037633
vn -0.272392 -0.956116 -0.107915
vn -0.314244 -0.882588 0.349698
vn 0.039209 -0.804827 0.592213
vn -0.272392 -0.956116 -0.107915
vn 0.041477 -0.998430 0.037633
vn -0.716578 -0.217310 -0.662792
vn -0.250145 -0.436581 -0.864190
vn -0.793687 -0.593039 -0.135518
vn -0.966396 -0.253602 0.042006
vn 0.438073 -0.025399 -0.898580
vn 0.822461 0.203244 -0.531271
vn 0.998301 0.057034 -0.011962
vn 0.918951 0.375457 0.120667
vn 0.918951 0.375457 0.120667
vn 0.998301 0.057034 -0.011962
vn 0.771698 -0.078880 0.631079
vn 0.173471 0.026985 0.984469
vn -0.966396 -0.253602 0.042006
vn -0.793687 -0.593039 -0.135518
vn -0.719399 -0.443004 0.534988
vn -0.611490 -0.265161 0.745500
vn 0.890517 0.431362 0.144591
vn 0.890517 0.431362 0.144591
vn -0.016646 -0.934485 -0.355614
vn -0.534613 -0.233751 -0.812126
vn -0.779795 -0.622425 0.067136
vn -0.003792 -0.967174 0.254085
vn 0.089023 -0.170494 -0.981329
vn -0.052016 0.107281 -0.992867
vn 0.322637 0.375633 -0.868795
vn 0.740382 0.345680 -0.576490
vn -0.003792 -0.967174 0.254085
vn -0.779795 -0.622425 0.067136
vn -0.548123 -0.614652 0.567242
vn 0.099951 -0.682865 0.723675
vn 0.564213 0.818226 -0.110316
vn 0.929359 0.322287 0.180066
vn 0.929359 0.322287 0.180066
vn 0.564213 0.818226 -0.110316
vn 0.521711 0.624195 0.581548
vn 0.678628 0.066475 0.731468
vn 0.320329 -0.046182 0.946180
vn 0.030188 -0.348412 0.936855
vn -0.441026 -0.519463 -0.731884
vn -0.457842 -0.447167 -0.768389
vn -0.348320 -0.934008 -0.079386
vn -0.347522 -0.911810 0.218703
vn -0.191083 0.241949 -0.951288
vn -0.334172 0.168926 -0.927250
vn -0.347522 -0.911810 0.218703
vn -0.348320 -0.934008 -0.079386
vn -0.018061 -0.767012 0.641379
vn -0.034765 -0.616474 0.786607
vn 0.191947 0.683688 -0.704079
vn 0.194391 0.899884 -0.390411
vn 0.372055 -0.092069 0.923633
vn 0.308055 -0.146484 0.940024
vn 0.530296 0.478057 0.700177
vn 0.625850 0.439264 0.644484
vn 0.614035 0.788001 0.044889
vn 0.456429 0.870004 0.186457
vn 0.456429 0.870004 0.186457
vn 0.614035 0.788001 0.044889
vn 0.042816 -0.998515 0.033687
vn 0.042816 -0.998515 0.033687
vn 0.971728 -0.112235 0.207723
vn 0.971728 -0.112235 0.207723
vn -0.051808 -0.845088 -0.532112
vn 0.209264 -0.958640 -0.192922
vn 0.223490 -0.741169 -0.633025
vn 0.166645 -0.454834 -0.874846
vn -0.291309 -0.951512 -0.098814
vn 0.191647 -0.980259 0.048620
vn 0.191647 -0.980259 0.048620
vn -0.291309 -0.951512 -0.098814
vn -0.509166 -0.652892 0.560786
vn -0.123882 -0.190287 0.973881
vn -0.015510 0.502648 -0.864352
vn 0.198753 0.900879 -0.385894
vn -0.146865 0.705970 0.692847
vn -0.267312 0.814037 0.515644
vn -0.025491 0.938387 0.344644
vn -0.223350 0.968013 0.114307
vn 0.107154 0.993666 -0.033840
vn -0.186644 0.982415 -0.005011
vn -0.186644 0.982415 -0.005011
vn 0.107154 0.993666 -0.033840
vn -0.811490 0.490345 -0.317876
vn -0.811490 0.490345 -0.317876
vn -0.012446 0.999164 -0.038954
vn -0.012446 0.999164 -0.038954
vn 0.740864 -0.428016 -0.517612
vn 0.368118 -0.261015 -0.892390
vn 0.979600 -0.184722 0.079126
vn 0.819077 -0.516059 0.250592
vn 0.101482 0.032656 -0.994301
vn -0.044419 -0.232244 -0.971643
vn -0.166808 0.482335 -0.859958
vn -0.645340 0.085842 -0.759057
vn 0.819077 -0.516059 0.250592
vn 0.979600 -0.184722 0.079126
vn 0.790808 0.072170 0.607794
vn 0.459017 -0.270296 0.846312
vn -0.522652 0.852142 -0.026261
vn -0.909413 0.403237 0.101822
vn -0.909413 0.403237 0.101822
vn -0.522652 0.852142 -0.026261
vn -0.495207 0.766011 0.409874
vn -0.391763 0.479511 0.785233
vn -0.121922 0.237435 0.963722
vn 0.135256 0.321095 0.937339
vn 0.793261 -0.248466 -0.555880
vn 0.347688 -0.141169 -0.926922
vn 0.691967 -0.721481 0.025411
vn 0.958994 -0.109372 0.261475
vn -0.107488 0.004292 -0.994197
vn -0.034791 0.218625 -0.975189
vn -0.376992 0.227724 -0.897786
vn -0.390286 0.653716 -0.648330
vn 0.958994 -0.109372 0.261475
vn 0.691967 -0.721481 0.025411
vn 0.509031 -0.505937 0.696359
vn 0.618787 0.090537 0.780324
vn -0.831823 0.475819 -0.285774
vn -0.539276 0.822716 -0.179776
vn -0.539276 0.822716 -0.179776
vn -0.831823 0.475819 -0.285774
vn -0.782623 0.470212 0.407924
vn -0.346491 0.741359 0.574745
vn -0.092234 0.270709 0.958232
vn 0.192171 0.112486 0.974893
vn 0.265100 0.897079 0.353513
vn -0.125689 0.974065 -0.188146
vn 0.595916 0.763536 0.248791
vn 0.541314 0.699679 0.466292
vn -0.545957 0.824614 0.148133
vn -0.732138 0.536581 -0.419589
vn -0.984047 -0.089604 0.153694
vn -0.981330 -0.192249 0.005731
vn -0.981330 -0.192249 0.005731
vn -0.984047 -0.089604 0.153694
vn -0.706978 -0.514878 0.484853
vn -0.577579 -0.557031 0.596757
vn 0.255030 0.757503 0.600956
vn 0.764216 0.347979 0.543033
vn 0.606013 -0.203301 0.769037
vn -0.438000 0.037790 0.898180
vn -0.007240 -0.513197 0.858240
vn -0.572027 -0.416638 0.706539
vn -0.831374 0.490776 0.260685
vn -0.855613 -0.277176 0.437149
vn -0.609450 0.500968 -0.614493
vn 0.133072 0.848146 -0.512776
vn 0.723920 0.674725 -0.143828
vn -0.981784 -0.132505 -0.136172
vn -0.631303 -0.567885 0.528169
vn -0.981784 -0.132505 -0.136172
vn 0.965210 0.128723 0.227598
vn 0.822020 -0.301465 0.483116
vn 0.158216 -0.633446 0.757439
vn 0.158216 -0.633446 0.757439
vn 0.229370 0.725922 -0.648403
vn 0.232467 0.465252 -0.854107
vn 0.589868 0.690363 -0.418873
vn 0.729813 0.637797 -0.246147
vn -0.354760 0.399288 -0.845408
vn -0.319388 0.034723 -0.946988
vn -0.894554 -0.211418 -0.393796
vn -0.851564 -0.500071 -0.157379
vn 0.795778 0.532147 0.289062
vn 0.951201 0.171195 0.256726
vn -0.851564 -0.500071 -0.157379
vn -0.894554 -0.211418 -0.393796
vn -0.703367 -0.593874 0.390626
vn -0.593558 -0.570958 0.567182
vn -0.082414 -0.653881 0.752095
vn -0.063521 -0.430474 0.900365
vn 0.651694 -0.362878 0.666044
vn 0.533009 0.005745 0.846090
vn -0.063521 -0.430474 0.900365
vn -0.082414 -0.653881 0.752095
vn -0.059711 0.369070 -0.927482
vn 0.490982 0.665256 -0.562469
vn 0.736592 0.671007 0.084741
vn -0.741435 -0.280979 -0.609365
vn -0.781139 -0.575158 0.242932
vn -0.741435 -0.280979 -0.609365
vn 0.590660 0.362275 0.721025
vn 0.051516 -0.161727 0.985490
vn -0.458300 -0.488577 0.742464
vn -0.458300 -0.488577 0.742464
vn 0.730083 0.670124 0.133841
vn 0.766922 0.447223 0.460241
vn 0.708575 -0.247913 0.660652
vn 0.781659 0.183820 0.596003
vn 0.362492 0.875257 -0.320194
vn 0.384425 0.922302 0.039692
vn -0.426349 0.574142 -0.698990
vn -0.266843 0.865831 -0.423240
vn 0.237904 -0.861324 0.448913
vn 0.288550 -0.573414 0.766769
vn -0.266843 0.865831 -0.423240
vn -0.426349 0.574142 -0.698990
vn -0.874179 -0.299393 -0.382328
vn -0.802256 0.056476 -0.594302
vn -0.702517 -0.702526 0.113695
vn -0.674572 -0.660434 -0.329817
vn -0.328426 -0.801377 0.499932
vn -0.259531 -0.964387 0.050996
vn -0.674572 -0.660434 -0.329817
vn -0.702517 -0.702526 0.113695
vn -0.769858 -0.518505 -0.372119
vn -0.491821 -0.870326 -0.025403
vn -0.887463 -0.427082 0.173235
vn -0.966939 -0.214425 0.138028
vn -0.491821 -0.870326 -0.025403
vn -0.769858 -0.518505 -0.372119
vn -0.023725 -0.604499 -0.796253
vn 0.542318 -0.808161 -0.229713
vn 0.933943 0.118757 -0.337116
vn 0.975657 0.135795 -0.172204
vn 0.896310 0.441445 0.041881
vn 0.750640 0.651173 -0.111865
vn -0.895995 0.360266 0.259618
vn -0.823081 0.275671 0.496531
vn -0.180839 0.975971 0.121568
vn 0.070463 0.822284 0.564698
vn 0.666902 0.688695 0.284502
vn 0.438102 0.898528 -0.026723
vn 0.438102 0.898528 -0.026723
vn 0.666902 0.688695 0.284502
vn 0.070463 0.822284 0.564698
vn -0.180839 0.975971 0.121568
vn 0.292587 0.955447 0.038911
vn -0.080615 0.996515 -0.021407
vn 0.292587 0.955447 0.038911
vn -0.951757 -0.281629 -0.121838
vn -0.714296 -0.330057 -0.617126
vn -0.992462 -0.095678 -0.076589
vn -0.973858 0.077160 0.213653
vn -0.714296 -0.330057 -0.617126
vn -0.951757 -0.281629 -0.121838
vn -0.267989 -0.762563 -0.588795
vn 0.533429 -0.266115 -0.802892
vn 0.895828 -0.288455 -0.338061
vn 0.985386 0.065132 -0.157395
vn 0.978426 0.194725 0.069020
vn 0.920527 0.263800 0.288165
vn -0.897393 0.077898 0.434301
vn -0.597120 0.513231 0.616475
vn -0.436485 0.267307 0.859085
vn 0.427648 0.618095 0.659603
vn 0.850151 0.408765 0.331895
vn 0.489436 0.414953 0.766985
vn 0.489436 0.414953 0.766985
vn 0.850151 0.408765 0.331895
vn 0.427648 0.618095 0.659603
vn -0.436485 0.267307 0.859085
vn -0.943910 -0.257706 -0.206450
vn -0.006137 -0.812137 -0.583434
vn 0.875551 -0.426890 -0.226221
vn -0.936983 0.317530 0.145732
vn -0.943910 -0.257706 -0.206450
vn -0.721395 0.578890 0.380098
vn 0.980949 0.106613 0.162396
vn 0.903504 0.292219 0.313509
vn 0.903504 0.292219 0.313509
vn 0.283769 0.727677 0.624469
vn 0.283769 0.727677 0.624469
vn -0.150960 -0.967102 0.204757
vn -0.819970 -0.554104 0.143590
vn -0.995642 0.051993 0.077423
vn -0.753132 0.654944 0.061978
vn -0.819970 -0.554104 0.143590
vn -0.995642 0.051993 0.077423
vn -0.223480 -0.959916 0.169171
vn 0.363103 -0.704563 0.609711
vn 0.732082 0.033542 0.680391
vn 0.732082 0.033542 0.680391
vn 0.673667 0.592156 0.442181
vn 0.202689 0.977202 -0.063187
vn -0.390945 0.778774 -0.490585
vn -0.796576 -0.029531 -0.603817
vn -0.697336 -0.621384 -0.357218
vn -0.697336 -0.621384 -0.357218
vn -0.223480 -0.959916 0.169171
vn -0.451957 -0.885624 0.106797
vn -0.822061 -0.497765 -0.276487
vn -0.581020 -0.792602 0.184926
vn -0.956763 -0.277796 -0.086219
vn -0.451957 -0.885624 0.106797
vn 0.239230 -0.835480 0.494714
vn -0.581020 -0.792602 0.184926
vn 0.139215 -0.912131 0.385535
vn 0.793782 -0.158861 0.587089
vn 0.793782 -0.158861 0.587089
vn 0.771339 0.498914 0.395121
vn -0.014519 -0.974445 0.224158
vn 0.337937 -0.940388 0.038335
vn 0.980318 0.183369 0.073164
vn -0.225856 0.124935 0.966116
vn 0.310060 0.950678 0.008570
vn 0.455730 0.885587 0.089694
vn -0.225390 0.943918 0.241286
vn -0.278059 0.891930 -0.356574
vn -0.855755 0.119165 -0.503472
vn -0.300775 0.918161 -0.257904
vn -0.923137 0.284925 -0.258138
vn 0.039439 0.998258 -0.043882
vn -0.822061 -0.497765 -0.276487
vn -0.956763 -0.277796 -0.086219
vn -0.150725 0.216025 0.964684
vn 0.828082 0.484458 0.282099
vn 0.612977 -0.784073 0.097410
vn 0.176190 0.066981 0.982075
vn -0.194381 0.971194 0.137833
vn -0.199609 0.680067 0.705454
vn -0.156344 0.621503 0.767653
vn -0.271563 0.960165 0.065857
vn -0.150725 0.216025 0.964684
vn 0.176190 0.066981 0.982075
vn 0.442993 0.077341 -0.893183
vn 0.341468 -0.578838 -0.740504
vn -0.019929 0.866760 -0.498327
vn -0.142166 0.553034 -0.820940
vn 0.341468 -0.578838 -0.740504
vn 0.632751 -0.491578 0.598312
vn 0.573166 -0.710328 -0.408551
vn 0.878528 0.476038 0.039709
vn 0.759769 0.373303 0.532350
vn -0.583681 0.678589 0.445907
vn 0.136010 0.123745 0.982949
vn 0.632751 -0.491578 0.598312
vn -0.001308 -0.269720 -0.962938
vn 0.404084 -0.004989 -0.914708
vn -0.001308 -0.269720 -0.962938
vn -0.686890 0.545752 -0.479934
vn 0.532161 -0.562257 0.632986
vn -0.112081 0.441648 0.890160
vn 0.532161 -0.562257 0.632986
vn 0.541111 -0.812825 -0.215674
vn -0.474966 0.846593 0.240180
vn -0.409536 0.628456 -0.661305
vn 0.219053 -0.458828 -0.861100
vn 0.219053 -0.458828 -0.861100
vn -0.997378 -0.053613 -0.048602
vn -0.961139 -0.264652 -0.078556
vn -0.651950 0.649906 -0.390620
vn -0.565653 0.796118 -0.215018
vn -0.961139 -0.264652 -0.078556
vn -0.997378 -0.053613 -0.048602
vn -0.169269 -0.797126 0.579601
vn -0.156322 -0.836302 0.525511
vn 0.025901 0.974544 -0.222697
vn -0.136390 0.989307 -0.051669
vn 0.814068 0.277588 0.510136
vn -0.946581 -0.190218 0.260389
vn -0.328306 0.846474 0.419163
vn 0.621673 0.768716 0.150328
vn -0.946581 -0.190218 0.260389
vn 0.814068 0.277588 0.510136
vn -0.855613 -0.277176 0.437149
vn 0.632290 -0.774725 -0.003314
vn 0.272484 -0.960604 -0.054700
vn 0.105754 -0.227421 0.968037
vn 0.662858 0.558945 0.498197
vn 0.662858 0.558945 0.498197
vn 0.105754 -0.227421 0.968037
vn 0.642501 -0.658258 -0.392285
vn 0.820202 -0.560481 0.114585
vn 0.999577 0.027466 0.009531
vn 0.685554 0.408919 -0.602329
vn -0.118826 0.992492 0.028971
vn -0.087503 0.990591 -0.105230
vn -0.024565 -0.997617 -0.064469
vn -0.338206 -0.671569 0.659251
vn -0.150725 0.216025 0.964684
vn 0.274063 -0.760168 -0.589096
vn 0.274063 -0.760168 -0.589096
vn -0.309059 -0.947797 0.078508
vn -0.393524 -0.290783 0.872115
vn -0.281618 0.366844 0.886632
vn 0.037510 0.994664 0.096106
vn -0.281618 0.366844 0.886632
vn 0.037259 -0.725450 -0.687265
vn 0.292626 0.428686 -0.854751
vn 0.037259 -0.725450 -0.687265
vn -0.524594 -0.435192 0.731717
vn -0.965622 -0.246302 -0.083120
vn 0.965158 0.183893 0.186152
vn 0.510310 -0.208843 0.834247
vn -0.498812 0.187473 -0.846192
vn -0.498812 0.187473 -0.846192
vn 0.868413 0.361991 -0.338854
vn 0.643138 -0.498246 -0.581485
vn -0.380679 -0.596924 -0.706234
vn 0.868413 0.361991 -0.338854
vn -0.406237 -0.509695 0.758408
vn 0.622943 -0.115917 0.773631
vn -0.389832 -0.536421 0.748521
vn 0.379685 -0.160378 0.911108
vn -0.945485 -0.325291 -0.015602
vn -0.657322 -0.739599 -0.144642
vn 0.949333 0.151688 0.275240
vn 0.563893 0.514715 -0.645827
vn 0.838394 0.543392 0.042682
vn 0.252890 -0.924550 0.285052
vn 0.513515 -0.845387 -0.147046
vn 0.923394 0.189247 -0.333959
vn 0.984296 -0.076253 0.159208
vn 0.500500 0.181593 -0.846478
vn 0.451834 0.795120 0.404512
vn -0.563192 -0.377639 0.734985
vn -0.635736 0.137445 -0.759571
vn -0.367519 -0.336363 -0.867058
vn -0.635736 0.137445 -0.759571
vn 0.563893 0.514715 -0.645827
vn -0.367519 -0.336363 -0.867058
vn 0.500500 0.181593 -0.846478
vn 0.829506 -0.107448 -0.548065
vn 0.565786 -0.815846 0.119506
vn 0.225093 0.816952 -0.530963
vn 0.829506 -0.107448 -0.548065
vn -0.198472 0.979695 -0.028405
vn -0.554037 0.398017 0.731181
vn -0.081034 -0.757358 0.647953
vn -0.554037 0.398017 0.731181
vn 0.614578 -0.758631 0.216270
vn 0.682514 -0.722993 0.107033
vn 0.158067 -0.778819 0.607006
vn 0.746036 -0.479562 0.462006
vn 0.682514 -0.722993 0.107033
vn 0.614578 -0.758631 0.216270
vn 0.979910 -0.144651 -0.137306
vn 0.812761 0.286474 -0.507298
vn 0.278140 -0.043359 0.959561
vn 0.823171 0.448764 0.347850
vn 0.539971 0.807391 -0.237804
vn 0.031981 0.890707 -0.453452
vn 0.031981 0.890707 -0.453452
vn 0.539971 0.807391 -0.237804
vn 0.197314 0.968430 -0.152347
vn -0.035190 0.990318 0.134280
vn 0.746036 -0.479562 0.462006
vn 0.184852 -0.957041 0.223388
vn -0.279738 -0.818244 0.502218
vn 0.831405 -0.043252 -0.553980
vn 0.184852 -0.957041 0.223388
vn -0.692378 0.223730 0.685971
vn 0.308155 0.839154 -0.448175
vn -0.197981 0.980125 -0.012621
vn 0.308155 0.839154 -0.448175
vn -0.990973 0.082992 -0.105288
vn -0.955214 -0.210176 -0.208310
vn -0.809559 0.584823 -0.050952
vn -0.414217 0.893885 -0.171447
vn -0.955214 -0.210176 -0.208310
vn -0.990973 0.082992 -0.105288
vn -0.586286 -0.782156 0.210952
vn 0.079054 -0.992567 -0.092531
vn 0.106978 -0.919184 0.379020
vn 0.624729 -0.773578 0.106256
vn 0.400626 -0.804554 0.438396
vn 0.886018 -0.307525 0.346988
vn -0.344525 0.933011 0.103891
vn 0.364158 0.929812 -0.053277
vn 0.371226 0.839673 0.396410
vn 0.868004 0.485649 0.103514
vn 0.940327 -0.105953 0.323355
vn 0.786622 0.319599 0.528283
vn 0.786622 0.319599 0.528283
vn 0.940327 -0.105953 0.323355
vn 0.868004 0.485649 0.103514
vn 0.371226 0.839673 0.396410
vn -0.012257 -0.990816 0.134658
vn -0.141392 -0.989384 -0.033595
vn -0.615351 -0.669440 0.416165
vn -0.509891 -0.626665 0.589323
vn 0.515795 -0.757858 -0.399508
vn 0.588104 -0.597115 -0.545515
vn 0.588104 -0.597115 -0.545515
vn 0.515795 -0.757858 -0.399508
vn 0.521842 0.629147 -0.576069
vn 0.644244 0.641341 -0.416691
vn 0.028042 0.986532 -0.161147
vn 0.199715 0.979787 0.011481
vn -0.453289 0.819659 0.350268
vn -0.537966 0.614088 0.577484
vn -0.537966 0.614088 0.577484
vn -0.453289 0.819659 0.350268
vn 0.923394 0.189247 -0.333959
vn 0.513515 -0.845387 -0.147046
vn 0.838394 0.543392 0.042682
vn 0.451834 0.795120 0.404512
vn -0.239043 -0.926596 0.290307
vn -0.160685 -0.979142 0.124345
vn -0.654361 -0.635064 0.410494
vn -0.718509 -0.247661 0.649930
vn 0.309177 -0.943438 -0.119729
vn 0.639983 -0.685093 -0.347951
vn 0.639983 -0.685093 -0.347951
vn 0.309177 -0.943438 -0.119729
vn 0.755262 0.310348 -0.577289
vn 0.724963 0.537692 -0.430483
vn -0.532565 0.776568 0.336625
vn -0.304399 0.923960 0.231601
vn 0.211080 0.957180 -0.198121
vn 0.056184 0.998053 -0.027069
vn 0.056184 0.998053 -0.027069
vn 0.211080 0.957180 -0.198121
vn 0.980318 0.183369 0.073164
vn 0.337937 -0.940388 0.038335
vn 0.455730 0.885587 0.089694
vn 0.762923 -0.061890 -0.643520
vn 0.578028 0.620014 -0.530535
vn 0.094464 -0.118726 -0.988423
vn 0.367771 -0.710911 -0.599459
vn 0.680211 0.705292 -0.199687
vn 0.625637 0.776502 0.074980
vn 0.625637 0.776502 0.074980
vn 0.680211 0.705292 -0.199687
vn 0.360045 0.907532 0.216227
vn 0.460918 0.572832 0.677804
vn -0.326686 -0.654889 -0.681466
vn -0.279942 -0.943568 -0.176949
vn -0.139742 0.712837 0.687266
vn 0.074896 0.011208 0.997128
vn -0.670206 -0.191787 0.716967
vn -0.390595 -0.648929 0.652937
vn -0.622806 -0.724741 0.294726
vn -0.512462 -0.856586 -0.060358
vn -0.512462 -0.856586 -0.060358
vn -0.622806 -0.724741 0.294726
vt 0.742674 0.783338
vt 0.738359 0.764675
vt 0.705678 0.783153
vt 0.728820 0.802278
vt 0.704350 0.810653
vt 0.682720 0.804389
vt 0.676052 0.785371
vt 0.689713 0.766884
vt 0.716930 0.758138
vt 0.476256 0.758271
vt 0.474936 0.758724
vt 0.476917 0.763561
vt 0.473861 0.761133
vt 0.680997 0.108699
vt 0.683009 0.109920
vt 0.686263 0.108832
vt 0.684361 0.110411
vt 0.685339 0.110254
vt 0.686928 0.110466
vt 0.689297 0.111277
vt 0.900369 0.812782
vt 0.901535 0.814141
vt 0.900366 0.810033
vt 0.342932 0.525043
vt 0.327374 0.534263
vt 0.340270 0.534048
vt 0.352094 0.578170
vt 0.333892 0.563908
vt 0.329193 0.570559
vt 0.356993 0.608127
vt 0.366544 0.602648
vt 0.347529 0.599070
vt 0.677148 0.223840
vt 0.686032 0.235454
vt 0.686935 0.225139
vt 0.354793 0.668995
vt 0.352189 0.657269
vt 0.344281 0.669848
vt 0.335365 0.651964
vt 0.341910 0.634372
vt 0.333034 0.632742
vt 0.648059 0.202683
vt 0.644645 0.212022
vt 0.651060 0.210845
vt 0.646104 0.233338
vt 0.660859 0.239325
vt 0.656900 0.231230
vt 0.785827 0.781186
vt 0.776614 0.745579
vt 0.776954 0.818858
vt 0.709117 0.840098
vt 0.663056 0.831090
vt 0.645312 0.793680
vt 0.669600 0.754459
vt 0.729097 0.734896
vt 0.987195 0.727616
vt 0.993214 0.728974
vt 1.000167 0.728134
vt 0.991010 0.727347
vt 0.990058 0.731263
vt 0.993535 0.730643
vt 0.675045 0.951990
vt 0.671842 0.953165
vt 0.669784 0.954437
vt 0.678268 0.951767
vt 0.625338 0.949598
vt 0.624178 0.948608
vt 0.623889 0.948085
vt 0.625122 0.950487
vt 0.430512 0.827605
vt 0.429714 0.825843
vt 0.427426 0.825707
vt 0.429394 0.828357
vt 0.431770 0.824807
vt 0.430803 0.823637
vt 0.620928 0.626471
vt 0.623137 0.625693
vt 0.623104 0.624144
vt 0.619499 0.626343
vt 0.648201 0.636029
vt 0.657331 0.636508
vt 0.656286 0.633263
vt 0.648848 0.632635
vt 0.131658 0.045647
vt 0.122014 0.037699
vt 0.128387 0.046251
vt 0.132304 0.051330
vt 0.124731 0.045932
vt 0.128565 0.050477
vt 0.041530 0.307675
vt 0.030647 0.308215
vt 0.034191 0.309842
vt 0.038692 0.310026
vt 0.727678 0.647448
vt 0.730597 0.648086
vt 0.729898 0.647414
vt 0.728537 0.646621
vt 0.892706 0.653653
vt 0.895715 0.654279
vt 0.894558 0.651708
vt 0.892703 0.651626
vt 0.896999 0.650672
vt 0.895062 0.650127
vt 0.982730 0.507299
vt 0.982444 0.503170
vt 0.981176 0.504117
vt 0.981602 0.506120
vt 0.962274 0.486999
vt 0.958870 0.482168
vt 0.955508 0.480951
vt 0.958253 0.489062
vt 0.273265 0.246977
vt 0.221795 0.267959
vt 0.235907 0.299819
vt 0.263070 0.275840
vt 0.189879 0.317320
vt 0.200375 0.363238
vt 0.166079 0.392555
vt 0.189916 0.408792
vt 0.706481 0.514175
vt 0.754928 0.488646
vt 0.744794 0.463945
vt 0.708514 0.488447
vt 0.783358 0.477182
vt 0.765401 0.449693
vt 0.795250 0.439539
vt 0.785807 0.415582
vt 0.843538 0.398448
vt 0.831673 0.379557
vt 0.876120 0.357436
vt 0.860063 0.346669
vt 0.244833 0.341279
vt 0.269291 0.306589
vt 0.226020 0.400953
vt 0.215616 0.435850
vt 0.735740 0.435327
vt 0.714468 0.453795
vt 0.758366 0.416689
vt 0.785156 0.390201
vt 0.820932 0.362594
vt 0.843939 0.337604
vt 0.252944 0.380844
vt 0.274829 0.330394
vt 0.239502 0.433777
vt 0.229583 0.463854
vt 0.727932 0.412771
vt 0.714233 0.427548
vt 0.756453 0.394809
vt 0.788354 0.367368
vt 0.818601 0.349648
vt 0.834849 0.326665
vt 0.273362 0.430726
vt 0.287854 0.371828
vt 0.259183 0.471122
vt 0.244315 0.492978
vt 0.714065 0.390347
vt 0.698543 0.401633
vt 0.745071 0.370887
vt 0.777741 0.346280
vt 0.800321 0.335673
vt 0.804817 0.332338
vt 0.801940 0.329972
vt 0.797870 0.333024
vt 0.808954 0.330294
vt 0.805874 0.326123
vt 0.292997 0.455681
vt 0.310805 0.409019
vt 0.275560 0.486342
vt 0.258896 0.507008
vt 0.706518 0.374207
vt 0.689466 0.384156
vt 0.737249 0.350195
vt 0.763617 0.327913
vt 0.795534 0.325427
vt 0.794054 0.328755
vt 0.796689 0.322441
vt 0.300678 0.464787
vt 0.318043 0.427722
vt 0.283164 0.492738
vt 0.267484 0.511496
vt 0.708546 0.366094
vt 0.688050 0.375180
vt 0.735030 0.340452
vt 0.755277 0.317164
vt 0.771379 0.312340
vt 0.765256 0.304369
vt 0.781266 0.298167
vt 0.778148 0.292503
vt 0.303655 0.473065
vt 0.322061 0.437639
vt 0.284484 0.500991
vt 0.270009 0.514468
vt 0.708779 0.358587
vt 0.687208 0.371166
vt 0.733990 0.329774
vt 0.753636 0.309376
vt 0.761984 0.299606
vt 0.777563 0.289143
vt 0.304447 0.483956
vt 0.325204 0.447638
vt 0.285556 0.509556
vt 0.270057 0.517972
vt 0.709570 0.349941
vt 0.686236 0.367383
vt 0.734993 0.321286
vt 0.752946 0.303140
vt 0.759745 0.294604
vt 0.777420 0.286246
vt 0.305297 0.496728
vt 0.327331 0.459720
vt 0.286604 0.518219
vt 0.267865 0.521509
vt 0.710900 0.340152
vt 0.685614 0.363084
vt 0.737738 0.311672
vt 0.751650 0.297366
vt 0.758273 0.288453
vt 0.778847 0.283690
vt 0.305053 0.514124
vt 0.329544 0.477334
vt 0.287125 0.530635
vt 0.266293 0.527082
vt 0.710309 0.328903
vt 0.682316 0.358975
vt 0.737805 0.303931
vt 0.748998 0.290598
vt 0.756966 0.281095
vt 0.783520 0.280522
vt 0.284953 0.542195
vt 0.304371 0.531441
vt 0.262186 0.534079
vt 0.706057 0.319993
vt 0.677826 0.352687
vt 0.731769 0.295946
vt 0.280646 0.553959
vt 0.299834 0.544277
vt 0.258710 0.541123
vt 0.695610 0.315627
vt 0.671552 0.349220
vt 0.720615 0.290044
vt 0.934599 0.137878
vt 0.937087 0.136329
vt 0.936345 0.134025
vt 0.935438 0.134947
vt 0.938397 0.139441
vt 0.936049 0.132947
vt 0.271771 0.564217
vt 0.299364 0.552976
vt 0.254436 0.545403
vt 0.681329 0.320270
vt 0.666588 0.350016
vt 0.709868 0.287066
vt 0.935636 0.132332
vt 0.934179 0.135067
vt 0.935618 0.132276
vt 0.275219 0.572490
vt 0.308377 0.559685
vt 0.048511 0.657065
vt 0.043913 0.658192
vt 0.034275 0.664076
vt 0.042978 0.660777
vt 0.504282 0.485642
vt 0.507396 0.481210
vt 0.502773 0.484263
vt 0.495049 0.489863
vt 0.701468 0.282967
vt 0.677333 0.313213
vt 0.042271 0.664041
vt 0.046615 0.661430
vt 0.503692 0.481249
vt 0.499192 0.484388
vt 0.694489 0.276035
vt 0.662437 0.311288
vt 0.711228 0.264143
vt 0.701121 0.258771
vt 0.608901 0.659117
vt 0.604331 0.657304
vt 0.608439 0.662294
vt 0.613692 0.665058
vt 0.286467 0.580893
vt 0.288650 0.594010
vt 0.307558 0.597699
vt 0.314270 0.586162
vt 0.632384 0.323374
vt 0.675495 0.285688
vt 0.650427 0.308411
vt 0.688061 0.263852
vt 0.691669 0.253240
vt 0.774037 0.034252
vt 0.775848 0.033119
vt 0.774407 0.026544
vt 0.772492 0.029048
vt 0.608658 0.664565
vt 0.613279 0.666793
vt 0.319893 0.609353
vt 0.333636 0.599133
vt 0.673988 0.267667
vt 0.658379 0.286872
vt 0.680863 0.253330
vt 0.681233 0.245408
vt 0.772823 0.026572
vt 0.771688 0.028472
vt 0.241409 0.553341
vt 0.245794 0.573784
vt 0.248728 0.584603
vt 0.656159 0.341858
vt 0.653501 0.358293
vt 0.654762 0.335493
vt 0.255841 0.590801
vt 0.266551 0.599431
vt 0.639401 0.336577
vt 0.618264 0.341368
vt 0.597229 0.813676
vt 0.607507 0.828300
vt 0.653403 0.842332
vt 0.607104 0.834399
vt 0.600592 0.798918
vt 0.651599 0.751703
vt 0.595985 0.792805
vt 0.801087 0.517220
vt 0.811340 0.515278
vt 0.760939 0.507593
vt 0.790658 0.517912
vt 0.811026 0.445487
vt 0.817983 0.504824
vt 0.824707 0.496540
vt 0.525662 0.831370
vt 0.521289 0.837457
vt 0.530899 0.838767
vt 0.533108 0.825416
vt 0.535728 0.820171
vt 0.840268 0.574916
vt 0.840777 0.565732
vt 0.834011 0.572475
vt 0.841442 0.560675
vt 0.844026 0.557034
vt 0.494391 0.835794
vt 0.494231 0.839684
vt 0.441008 0.859783
vt 0.441114 0.859375
vt 0.440032 0.859497
vt 0.439500 0.860020
vt 0.502181 0.831764
vt 0.506510 0.828927
vt 0.854079 0.594687
vt 0.856429 0.590223
vt 0.874760 0.652647
vt 0.874710 0.653371
vt 0.875741 0.654455
vt 0.875412 0.653419
vt 0.856772 0.586259
vt 0.858502 0.583553
vt 0.476564 0.835542
vt 0.481774 0.839182
vt 0.439934 0.858926
vt 0.439487 0.859013
vt 0.481893 0.832394
vt 0.485614 0.830713
vt 0.861773 0.605008
vt 0.866709 0.605017
vt 0.876188 0.653759
vt 0.875912 0.653111
vt 0.867969 0.603178
vt 0.869507 0.601252
vt 0.494153 0.844999
vt 0.497099 0.845355
vt 0.488725 0.845014
vt 0.850113 0.601378
vt 0.851224 0.601434
vt 0.854053 0.605488
vt 0.484611 0.844718
vt 0.480756 0.840241
vt 0.483846 0.844087
vt 0.862458 0.609809
vt 0.856827 0.609175
vt 0.858297 0.610508
vt 0.476926 0.849748
vt 0.477943 0.850415
vt 0.474616 0.849444
vt 0.857303 0.619493
vt 0.857985 0.619018
vt 0.859462 0.620375
vt 0.472347 0.849233
vt 0.471550 0.848581
vt 0.861388 0.622686
vt 0.862418 0.623205
vt 0.452420 0.855100
vt 0.453224 0.855423
vt 0.451257 0.854752
vt 0.869694 0.641209
vt 0.870113 0.640998
vt 0.871066 0.641600
vt 0.450569 0.854411
vt 0.450633 0.853884
vt 0.871903 0.642109
vt 0.872424 0.642197
vt 0.444901 0.856826
vt 0.445499 0.857031
vt 0.443831 0.856577
vt 0.873405 0.648149
vt 0.873697 0.647965
vt 0.874554 0.648441
vt 0.443135 0.856303
vt 0.443162 0.855855
vt 0.875270 0.648857
vt 0.875693 0.649055
vt 0.807568 0.946152
vt 0.821925 0.938645
vt 0.812871 0.926876
vt 0.798177 0.936587
vt 0.837821 0.934915
vt 0.829437 0.923316
vt 0.384643 0.648186
vt 0.380271 0.637156
vt 0.365233 0.641901
vt 0.374699 0.652299
vt 0.375941 0.627428
vt 0.358544 0.627232
vt 0.357018 0.639805
vt 0.366183 0.653947
vt 0.349431 0.622356
vt 0.204591 0.955636
vt 0.204035 0.956263
vt 0.204988 0.956321
vt 0.204906 0.955685
vt 0.203575 0.956257
vt 0.205636 0.957012
vt 0.528144 0.116213
vt 0.526331 0.115227
vt 0.525082 0.117855
vt 0.527489 0.117010
vt 0.522981 0.118499
vt 0.523724 0.118719
vt 0.654538 0.203109
vt 0.656299 0.217004
vt 0.663300 0.206489
vt 0.663133 0.193527
vt 0.661916 0.227715
vt 0.665670 0.219123
vt 0.837862 0.777713
vt 0.833467 0.759620
vt 0.797876 0.736737
vt 0.836715 0.750227
vt 0.832123 0.797498
vt 0.796523 0.825735
vt 0.834044 0.806934
vt 0.221522 0.212852
vt 0.199972 0.224016
vt 0.271004 0.223662
vt 0.231095 0.202136
vt 0.176438 0.293966
vt 0.188849 0.241975
vt 0.175967 0.248061
vt 0.919124 0.740087
vt 0.926960 0.750720
vt 0.934147 0.746798
vt 0.927165 0.737864
vt 0.890252 0.704387
vt 0.892779 0.704527
vt 0.896029 0.702684
vt 0.894544 0.700386
vt 0.930070 0.760067
vt 0.935515 0.756372
vt 0.938961 0.790071
vt 0.936648 0.791622
vt 0.938083 0.793498
vt 0.940174 0.790388
vt 0.157398 0.123555
vt 0.173257 0.116476
vt 0.167320 0.111290
vt 0.156302 0.114343
vt 0.183135 0.065030
vt 0.184539 0.061067
vt 0.178516 0.061079
vt 0.179921 0.065090
vt 0.112484 0.103314
vt 0.115244 0.104235
vt 0.115871 0.103589
vt 0.111831 0.101155
vt 0.145174 0.128940
vt 0.147688 0.120212
vt 0.938960 0.745145
vt 0.932186 0.737083
vt 0.898869 0.703286
vt 0.900180 0.701634
vt 0.939210 0.754317
vt 0.942792 0.790335
vt 0.941831 0.787902
vt 0.163432 0.107836
vt 0.153467 0.108938
vt 0.174760 0.065365
vt 0.177564 0.067381
vt 0.118910 0.104502
vt 0.119004 0.101029
vt 0.147070 0.115213
vt 0.719088 0.878089
vt 0.743910 0.869948
vt 0.755803 0.869900
vt 0.696098 0.880562
vt 0.689599 0.880729
vt 0.147461 0.349738
vt 0.130001 0.365971
vt 0.153011 0.335610
vt 0.724087 0.539239
vt 0.732250 0.542767
vt 0.699316 0.540816
vt 0.704747 0.906819
vt 0.718583 0.899673
vt 0.726353 0.900563
vt 0.692500 0.908439
vt 0.689525 0.905696
vt 0.110189 0.347169
vt 0.093375 0.347620
vt 0.115355 0.339170
vt 0.721006 0.568045
vt 0.726593 0.572097
vt 0.712862 0.561622
vt 0.665404 0.934562
vt 0.679864 0.930705
vt 0.684264 0.930817
vt 0.659468 0.930570
vt 0.658323 0.928072
vt 0.051605 0.332624
vt 0.035076 0.334811
vt 0.055168 0.328697
vt 0.727872 0.605925
vt 0.731223 0.608404
vt 0.721184 0.604067
vt 0.659245 0.939570
vt 0.023796 0.329589
vt 0.633272 0.940299
vt 0.636362 0.941369
vt 0.632747 0.938677
vt 0.637559 0.942818
vt 0.732724 0.633432
vt 0.734631 0.634874
vt 0.730206 0.631944
vt 0.719461 0.614393
vt 0.728387 0.632778
vt 0.796770 0.348652
vt 0.797261 0.341209
vt 0.789718 0.332742
vt 0.784903 0.338761
vt 0.817088 0.342121
vt 0.810482 0.338154
vt 0.826235 0.325699
vt 0.815495 0.327847
vt 0.783217 0.323794
vt 0.775134 0.326259
vt 0.812412 0.312481
vt 0.808218 0.318265
vt 0.791175 0.307312
vt 0.792014 0.313554
vt 0.777625 0.317662
vt 0.785470 0.318049
vt 0.811852 0.303182
vt 0.737795 0.713286
vt 0.703736 0.720793
vt 0.690635 0.720875
vt 0.769351 0.716116
vt 0.786061 0.715210
vt 0.847331 0.428695
vt 0.868368 0.408026
vt 0.846462 0.440238
vt 0.894340 0.357191
vt 0.885381 0.386135
vt 0.898988 0.377241
vt 0.662106 0.648925
vt 0.667313 0.647217
vt 0.644009 0.638394
vt 0.661929 0.653128
vt 0.643684 0.641284
vt 0.673955 0.645991
vt 0.669971 0.622275
vt 0.671803 0.621250
vt 0.666326 0.618279
vt 0.666726 0.620385
vt 0.941735 0.473550
vt 0.941177 0.479345
vt 0.957318 0.493326
vt 0.940922 0.483399
vt 0.957571 0.496886
vt 0.969976 0.472608
vt 0.968943 0.473527
vt 0.970131 0.477227
vt 0.971413 0.478345
vt 0.942406 0.468480
vt 0.912490 0.177770
vt 0.919787 0.181935
vt 0.920932 0.173268
vt 0.916646 0.169096
vt 0.908185 0.171863
vt 0.914842 0.163753
vt 0.976773 0.160963
vt 0.978706 0.161121
vt 0.977645 0.158098
vt 0.976586 0.159782
vt 0.592562 0.277873
vt 0.590533 0.280795
vt 0.591987 0.281351
vt 0.594768 0.279814
vt 0.903962 0.163732
vt 0.906212 0.167484
vt 0.914438 0.159196
vt 0.911826 0.155850
vt 0.552138 0.339026
vt 0.554698 0.348512
vt 0.570409 0.341745
vt 0.562184 0.337704
vt 0.900509 0.158098
vt 0.906694 0.154418
vt 0.923293 0.156463
vt 0.922379 0.153648
vt 0.922748 0.150499
vt 0.924027 0.167745
vt 0.926689 0.157620
vt 0.563223 0.330852
vt 0.584120 0.331929
vt 0.581273 0.330336
vt 0.922831 0.147631
vt 0.921551 0.145190
vt 0.588192 0.331803
vt 0.918316 0.144458
vt 0.613685 0.313942
vt 0.607632 0.315732
vt 0.613477 0.315735
vt 0.920777 0.187953
vt 0.940724 0.179637
vt 0.939866 0.176301
vt 0.938895 0.173432
vt 0.937416 0.169524
vt 0.547852 0.332222
vt 0.557051 0.313613
vt 0.555691 0.309734
vt 0.560010 0.315414
vt 0.562754 0.316372
vt 0.962393 0.167980
vt 0.963333 0.169513
vt 0.960708 0.163989
vt 0.961453 0.166060
vt 0.576445 0.290265
vt 0.576882 0.292570
vt 0.578733 0.294245
vt 0.580169 0.295050
vt 0.222875 0.584429
vt 0.203945 0.591935
vt 0.205267 0.600777
vt 0.227524 0.592658
vt 0.226690 0.568513
vt 0.205101 0.577819
vt 0.621537 0.388564
vt 0.636405 0.376035
vt 0.639925 0.357343
vt 0.623408 0.374397
vt 0.212206 0.608275
vt 0.237154 0.599087
vt 0.638953 0.348169
vt 0.623992 0.363934
vt 0.629324 0.349581
vt 0.616461 0.364756
vt 0.612443 0.355108
vt 0.598761 0.371852
vt 0.228766 0.613747
vt 0.252007 0.606229
vt 0.167709 0.608349
vt 0.184540 0.600755
vt 0.182231 0.587289
vt 0.161795 0.596700
vt 0.167661 0.617901
vt 0.183722 0.609940
vt 0.600502 0.407303
vt 0.610270 0.399169
vt 0.606482 0.388967
vt 0.592365 0.401679
vt 0.165197 0.624427
vt 0.183586 0.616515
vt 0.603603 0.382762
vt 0.585754 0.401507
vt 0.595760 0.384480
vt 0.577002 0.399577
vt 0.166724 0.631805
vt 0.194778 0.624519
vt 0.577831 0.384913
vt 0.564392 0.393841
vt 0.451511 0.833405
vt 0.437718 0.829678
vt 0.437911 0.830822
vt 0.452191 0.834602
vt 0.451183 0.830992
vt 0.438140 0.827471
vt 0.455066 0.828531
vt 0.440531 0.825639
vt 0.879352 0.633135
vt 0.887841 0.645826
vt 0.888710 0.644688
vt 0.880563 0.631889
vt 0.455954 0.827172
vt 0.441141 0.824391
vt 0.893073 0.640618
vt 0.884983 0.626952
vt 0.884111 0.629318
vt 0.891622 0.642145
vt 0.883022 0.631196
vt 0.890493 0.643609
vt 0.669520 0.635094
vt 0.670977 0.628875
vt 0.665803 0.626258
vt 0.663285 0.632537
vt 0.673379 0.635662
vt 0.674093 0.629207
vt 0.963277 0.467921
vt 0.955885 0.466846
vt 0.955607 0.469619
vt 0.963010 0.470080
vt 0.959845 0.478275
vt 0.964703 0.478211
vt 0.964509 0.475979
vt 0.958614 0.475937
vt 0.664091 0.624743
vt 0.661558 0.630427
vt 0.634305 0.634586
vt 0.624830 0.629917
vt 0.623647 0.631214
vt 0.633353 0.636447
vt 0.638269 0.633080
vt 0.628287 0.628634
vt 0.640053 0.630736
vt 0.629702 0.626957
vt 0.976850 0.499353
vt 0.968393 0.492933
vt 0.966763 0.495785
vt 0.976061 0.501579
vt 0.966927 0.502390
vt 0.976552 0.506756
vt 0.976276 0.504732
vt 0.966800 0.499367
vt 0.684414 0.645609
vt 0.939720 0.461736
vt 0.715820 0.700858
vt 0.702040 0.680192
vt 0.701806 0.685872
vt 0.708599 0.701053
vt 0.736824 0.696401
vt 0.712734 0.678591
vt 0.758002 0.694134
vt 0.727059 0.679558
vt 0.876064 0.438862
vt 0.900817 0.452519
vt 0.901101 0.447097
vt 0.877349 0.430118
vt 0.769414 0.690574
vt 0.734504 0.676894
vt 0.904944 0.420976
vt 0.904365 0.397019
vt 0.895824 0.402337
vt 0.900571 0.426395
vt 0.886978 0.415189
vt 0.901546 0.437375
vt 0.911227 0.728362
vt 0.897887 0.714484
vt 0.895562 0.716301
vt 0.908890 0.729879
vt 0.916278 0.727872
vt 0.902359 0.713410
vt 0.187410 0.098078
vt 0.189419 0.075018
vt 0.185784 0.078513
vt 0.182897 0.101367
vt 0.919729 0.727950
vt 0.905319 0.713201
vt 0.182574 0.080405
vt 0.179174 0.102442
vt 0.179532 0.081651
vt 0.176019 0.102796
vt 0.922588 0.727367
vt 0.908487 0.713145
vt 0.176604 0.081521
vt 0.173502 0.101926
vt 0.914549 0.739268
vt 0.181769 0.116094
vt 0.933165 0.734116
vt 0.164685 0.104354
vt 0.938787 0.767830
vt 0.940902 0.778482
vt 0.942783 0.777716
vt 0.940852 0.767389
vt 0.936960 0.768975
vt 0.938706 0.778434
vt 0.121639 0.116009
vt 0.131234 0.125528
vt 0.134177 0.122990
vt 0.124350 0.114266
vt 0.944140 0.776510
vt 0.942418 0.766846
vt 0.134863 0.121624
vt 0.126254 0.114176
vt 0.136047 0.120013
vt 0.128567 0.113586
vt 0.136260 0.116685
vt 0.130637 0.111222
vt 0.946018 0.776166
vt 0.944076 0.765907
vt 0.930097 0.766291
vt 0.139528 0.131878
vt 0.941946 0.754425
vt 0.142969 0.114621
vt 0.944083 0.733692
vt 0.957734 0.731011
vt 0.956950 0.729336
vt 0.943422 0.731657
vt 0.948225 0.738101
vt 0.961773 0.733804
vt 0.949440 0.742044
vt 0.963227 0.736430
vt 0.158696 0.093540
vt 0.149389 0.081364
vt 0.147809 0.082212
vt 0.156494 0.094963
vt 0.950680 0.743507
vt 0.963081 0.737896
vt 0.137166 0.081171
vt 0.142836 0.098952
vt 0.145727 0.097591
vt 0.139590 0.081127
vt 0.150144 0.095692
vt 0.143214 0.081419
vt 0.867738 0.761557
vt 0.897522 0.754575
vt 0.895745 0.749560
vt 0.866206 0.755535
vt 0.877435 0.775913
vt 0.907955 0.767182
vt 0.879249 0.790052
vt 0.910607 0.779553
vt 0.211525 0.174631
vt 0.193333 0.142619
vt 0.180332 0.147488
vt 0.200019 0.181862
vt 0.881583 0.797702
vt 0.913688 0.787317
vt 0.141913 0.161838
vt 0.153366 0.196661
vt 0.163614 0.191686
vt 0.149474 0.159206
vt 0.175401 0.184193
vt 0.158356 0.153078
vt 0.745112 0.278756
vt 0.748421 0.271009
vt 0.736317 0.268546
vt 0.731954 0.274795
vt 0.760401 0.274767
vt 0.762223 0.271951
vt 0.790743 0.276965
vt 0.786998 0.275165
vt 0.341584 0.496318
vt 0.330973 0.500924
vt 0.323925 0.526316
vt 0.333337 0.518288
vt 0.719849 0.265865
vt 0.727300 0.262635
vt 0.724049 0.250507
vt 0.722449 0.248901
vt 0.734335 0.234910
vt 0.734227 0.232239
vt 0.718267 0.248342
vt 0.731490 0.229033
vt 0.763391 0.266998
vt 0.756459 0.261532
vt 0.751195 0.259784
vt 0.782083 0.272627
vt 0.348094 0.507530
vt 0.355063 0.487456
vt 0.740585 0.257022
vt 0.728345 0.252275
vt 0.357658 0.509956
vt 0.730763 0.242214
vt 0.770260 0.252074
vt 0.789931 0.242476
vt 0.776639 0.240415
vt 0.765755 0.249418
vt 0.771956 0.260918
vt 0.794816 0.248584
vt 0.776522 0.268743
vt 0.783393 0.263497
vt 0.768077 0.239721
vt 0.755356 0.249176
vt 0.402411 0.453659
vt 0.375653 0.475243
vt 0.370175 0.491350
vt 0.393463 0.472995
vt 0.375856 0.496875
vt 0.396064 0.482826
vt 0.740585 0.248085
vt 0.754968 0.238835
vt 0.745548 0.234094
vt 0.731552 0.244925
vt 0.831563 0.231176
vt 0.826405 0.225911
vt 0.811712 0.226488
vt 0.823565 0.242239
vt 0.429787 0.432666
vt 0.441150 0.411020
vt 0.796300 0.226388
vt 0.783880 0.224496
vt 0.425440 0.448453
vt 0.780016 0.217723
vt 0.861883 0.206088
vt 0.890610 0.188243
vt 0.886135 0.184201
vt 0.853438 0.203024
vt 0.868272 0.209787
vt 0.894890 0.192958
vt 0.866650 0.217324
vt 0.898049 0.198817
vt 0.883392 0.180939
vt 0.849269 0.200743
vt 0.525634 0.350951
vt 0.486787 0.370970
vt 0.481548 0.382384
vt 0.526073 0.356687
vt 0.479082 0.390422
vt 0.526142 0.363557
vt 0.844439 0.197514
vt 0.881275 0.177437
vt 0.880907 0.169557
vt 0.843032 0.193078
vt 0.773706 0.065443
vt 0.781175 0.053987
vt 0.775949 0.052936
vt 0.769694 0.066990
vt 0.589527 0.640935
vt 0.571428 0.641054
vt 0.570744 0.643565
vt 0.588400 0.643568
vt 0.570521 0.646070
vt 0.589237 0.648163
vt 0.569952 0.649458
vt 0.591030 0.654010
vt 0.772998 0.049375
vt 0.766948 0.066024
vt 0.771677 0.045413
vt 0.766624 0.062950
vt 0.570963 0.652640
vt 0.593197 0.659021
vt 0.965794 0.946752
vt 0.947259 0.954593
vt 0.946099 0.953740
vt 0.964430 0.946991
vt 0.612190 0.668204
vt 0.979365 0.929250
vt 0.981509 0.927641
vt 0.741790 0.117859
vt 0.760703 0.084075
vt 0.755525 0.086650
vt 0.735573 0.120933
vt 0.544068 0.640603
vt 0.500717 0.628239
vt 0.501091 0.631088
vt 0.541627 0.642251
vt 0.500424 0.635859
vt 0.543238 0.645060
vt 0.500956 0.640793
vt 0.547213 0.647709
vt 0.754660 0.084383
vt 0.732383 0.119603
vt 0.756744 0.078835
vt 0.732936 0.116131
vt 0.500504 0.643776
vt 0.550397 0.649963
vt 0.934957 0.946279
vt 0.898096 0.924746
vt 0.893847 0.923338
vt 0.932693 0.943318
vt 0.449730 0.607131
vt 0.452221 0.614575
vt 0.453463 0.619830
vt 0.721902 0.169019
vt 0.734143 0.163776
vt 0.718045 0.166914
vt 0.453373 0.625927
vt 0.451386 0.631014
vt 0.847999 0.926846
vt 0.841346 0.921332
vt 0.718648 0.160623
vt 0.389313 0.667133
vt 0.396333 0.665460
vt 0.663909 0.181950
vt 0.651930 0.184347
vt 0.857081 0.922045
vt 0.851489 0.914197
vt 0.464445 0.747212
vt 0.462814 0.747816
vt 0.462162 0.751127
vt 0.674660 0.120282
vt 0.677457 0.121047
vt 0.679783 0.121052
vt 0.681370 0.120553
vt 0.683414 0.121648
vt 0.685426 0.123822
vt 0.892326 0.824230
vt 0.893543 0.826565
vt 0.889869 0.847955
vt 0.886294 0.844749
vt 0.873468 0.883683
vt 0.869650 0.877548
vt 0.445356 0.726478
vt 0.442890 0.727357
vt 0.420241 0.696862
vt 0.416413 0.696552
vt 0.441838 0.732215
vt 0.662759 0.132572
vt 0.665999 0.135020
vt 0.599028 0.087102
vt 0.601854 0.086117
vt 0.595199 0.084692
vt 0.595910 0.085946
vt 0.668231 0.137186
vt 0.591577 0.091615
vt 0.594175 0.089469
vt 0.670717 0.137474
vt 0.673202 0.139224
vt 0.649114 0.152967
vt 0.653325 0.155706
vt 0.645505 0.184097
vt 0.676266 0.142146
vt 0.661316 0.159009
vt 0.566926 0.235596
vt 0.575822 0.230715
vt 0.566746 0.214352
vt 0.565928 0.217127
vt 0.614857 0.211056
vt 0.615185 0.204763
vt 0.591110 0.193104
vt 0.588147 0.196086
vt 0.613022 0.183841
vt 0.593462 0.188781
vt 0.594100 0.224318
vt 0.568805 0.209640
vt 0.612793 0.214405
vt 0.587079 0.197869
vt 0.583288 0.201481
vt 0.511022 0.182980
vt 0.511143 0.182056
vt 0.470996 0.166781
vt 0.469946 0.168576
vt 0.543915 0.148959
vt 0.545774 0.149030
vt 0.546600 0.148815
vt 0.511783 0.180525
vt 0.470804 0.163256
vt 0.543122 0.150917
vt 0.543558 0.149830
vt 0.570627 0.173961
vt 0.569109 0.174638
vt 0.541263 0.200401
vt 0.541513 0.199097
vt 0.566855 0.175201
vt 0.566026 0.176733
vt 0.542176 0.197500
vt 0.565365 0.178141
vt 0.723894 0.232852
vt 0.717479 0.233249
vt 0.702193 0.237553
vt 0.706070 0.247364
vt 0.374012 0.578508
vt 0.359741 0.568715
vt 0.339750 0.586670
vt 0.358575 0.592269
vt 0.693920 0.232358
vt 0.694327 0.243440
vt 0.783286 0.949608
vt 0.792516 0.957155
vt 0.782163 0.952204
vt 0.771851 0.949735
vt 0.372888 0.615332
vt 0.386591 0.615718
vt 0.341084 0.546774
vt 0.346745 0.645667
vt 0.338656 0.660842
vt 0.353464 0.682999
vt 0.354760 0.679451
vt 0.642647 0.199997
vt 0.638764 0.202167
vt 0.638984 0.252282
vt 0.645751 0.263050
vt 0.654035 0.248940
vt 0.640282 0.241877
vt 0.645278 0.221102
vt 0.654251 0.221843
vt 0.317890 0.708555
vt 0.322499 0.714776
vt 0.339256 0.722711
vt 0.309783 0.701880
vt 0.597514 0.240965
vt 0.302421 0.757599
vt 0.305320 0.760125
vt 0.563214 0.245746
vt 0.563489 0.248135
vt 0.310828 0.766485
vt 0.296275 0.752848
vt 0.562528 0.254239
vt 0.566022 0.258683
vt 0.254112 0.836332
vt 0.248418 0.840175
vt 0.262127 0.836177
vt 0.259517 0.835054
vt 0.242588 0.832226
vt 0.484395 0.271470
vt 0.486430 0.267370
vt 0.373826 0.275389
vt 0.373413 0.276081
vt 0.268884 0.841113
vt 0.276234 0.797553
vt 0.280169 0.796933
vt 0.292988 0.776555
vt 0.299388 0.777613
vt 0.272434 0.798957
vt 0.288701 0.776305
vt 0.283779 0.798906
vt 0.287375 0.802080
vt 0.313578 0.857976
vt 0.310579 0.856559
vt 0.309663 0.856113
vt 0.312034 0.858483
vt 0.299557 0.782486
vt 0.302689 0.786250
vt 0.314055 0.856244
vt 0.311730 0.856905
vt 0.268003 0.793998
vt 0.284679 0.770655
vt 0.522036 0.266296
vt 0.524468 0.262721
vt 0.543785 0.262413
vt 0.546288 0.257084
vt 0.307621 0.787985
vt 0.311133 0.786786
vt 0.551560 0.244387
vt 0.549035 0.246669
vt 0.551881 0.241636
vt 0.552393 0.238052
vt 0.314299 0.786112
vt 0.318422 0.784679
vt 0.649936 0.104482
vt 0.643543 0.117874
vt 0.644039 0.133978
vt 0.649345 0.135904
vt 0.388341 0.690002
vt 0.387385 0.675630
vt 0.377165 0.679780
vt 0.382145 0.693828
vt 0.639351 0.146443
vt 0.648640 0.143522
vt 0.368986 0.696778
vt 0.371607 0.710014
vt 0.637619 0.168855
vt 0.640304 0.181279
vt 0.645956 0.151615
vt 0.639004 0.154567
vt 0.413020 0.704079
vt 0.633225 0.130234
vt 0.629118 0.135243
vt 0.390066 0.721651
vt 0.395626 0.717578
vt 0.624472 0.140178
vt 0.381328 0.728751
vt 0.622899 0.144963
vt 0.620660 0.150444
vt 0.712715 0.223572
vt 0.712874 0.201027
vt 0.702254 0.202031
vt 0.700061 0.219141
vt 0.406541 0.597918
vt 0.393953 0.589528
vt 0.380404 0.594025
vt 0.406398 0.607167
vt 0.385141 0.605316
vt 0.406082 0.616753
vt 0.390719 0.614203
vt 0.406912 0.625437
vt 0.697231 0.198511
vt 0.694672 0.214327
vt 0.696216 0.194366
vt 0.689673 0.207973
vt 0.394379 0.623241
vt 0.405333 0.633420
vt 0.804344 0.915736
vt 0.789556 0.935203
vt 0.783127 0.931887
vt 0.798032 0.913557
vt 0.313907 0.801760
vt 0.313353 0.829160
vt 0.316247 0.830177
vt 0.317148 0.803603
vt 0.310795 0.800725
vt 0.310819 0.825156
vt 0.514941 0.237132
vt 0.535812 0.242617
vt 0.537302 0.238888
vt 0.517277 0.232574
vt 0.536776 0.236014
vt 0.516394 0.229815
vt 0.536043 0.233112
vt 0.516687 0.227420
vt 0.323139 0.827060
vt 0.322288 0.803989
vt 0.490540 0.228810
vt 0.488829 0.230362
vt 0.490430 0.227697
vt 0.489949 0.226710
vt 0.615760 0.119270
vt 0.607427 0.101476
vt 0.601198 0.101225
vt 0.611232 0.119391
vt 0.622483 0.117582
vt 0.611348 0.102073
vt 0.418138 0.765921
vt 0.408409 0.744473
vt 0.402549 0.745838
vt 0.412920 0.766440
vt 0.599726 0.104299
vt 0.609485 0.124421
vt 0.394710 0.749114
vt 0.408113 0.769324
vt 0.598590 0.109577
vt 0.607022 0.130855
vt 0.423008 0.792983
vt 0.425834 0.788955
vt 0.417200 0.791230
vt 0.134488 0.615162
vt 0.099948 0.634356
vt 0.096928 0.640265
vt 0.134869 0.624556
vt 0.129757 0.607455
vt 0.101146 0.629173
vt 0.546980 0.451160
vt 0.576012 0.425773
vt 0.571153 0.423813
vt 0.546491 0.447029
vt 0.094181 0.645910
vt 0.134255 0.633732
vt 0.565532 0.422742
vt 0.542985 0.446436
vt 0.559245 0.421746
vt 0.536250 0.447499
vt 0.552272 0.419425
vt 0.529513 0.448842
vt 0.095513 0.649302
vt 0.134211 0.638789
f 1/1/1 2/2/2 3/3/3
f 4/4/4 1/1/1 3/3/3
f 5/5/5 4/4/4 3/3/3
f 6/6/6 5/5/5 3/3/3
f 7/7/7 6/6/6 3/3/3
f 8/8/8 7/7/7 3/3/3
f 9/9/9 8/8/8 3/3/3
f 2/2/2 9/9/9 3/3/3
f 10/10/10 11/11/11 12/12/12
f 11/11/11 13/13/13 12/12/12
f 14/14/14 15/15/15 16/16/16
f 15/15/15 17/17/17 16/16/16
f 17/17/17 18/18/18 16/16/16
f 18/18/18 19/19/19 16/16/16
f 19/19/19 20/20/20 16/16/16
f 21/21/21 22/22/22 23/23/23
f 24/24/24 25/25/25 26/26/26
f 27/27/27 28/28/28 29/29/29
f 30/30/30 31/31/31 32/32/32
f 33/33/33 34/34/34 35/35/35
f 36/36/36 37/37/37 38/38/38
f 39/39/39 40/40/40 41/41/41
f 42/42/42 43/43/43 44/44/44
f 45/45/45 46/46/46 47/47/47
f 2/2/2 1/1/1 48/48/48
f 2/2/2 48/48/48 49/49/49
f 1/1/1 4/4/4 50/50/50
f 1/1/1 50/50/50 48/48/48
f 4/4/4 5/5/5 51/51/51
f 4/4/4 51/51/51 50/50/50
f 5/5/5 6/6/6 52/52/52
f 5/5/5 52/52/52 51/51/51
f 6/6/6 7/7/7 53/53/53
f 6/6/6 53/53/53 52/52/52
f 7/7/7 8/8/8 54/54/54
f 7/7/7 54/54/54 53/53/53
f 8/8/8 9/9/9 55/55/55
f 8/8/8 55/55/55 54/54/54
f 9/9/9 2/2/2 49/49/49
f 9/9/9 49/49/49 55/55/55
f 56/56/56 57/57/57 58/58/58
f 56/56/56 58/58/58 59/59/59
f 57/57/57 60/60/60 61/61/61
f 57/57/57 61/61/61 58/58/58
f 62/62/62 63/63/63 64/64/64
f 62/62/62 64/64/64 65/65/65
f 66/66/66 67/67/67 68/68/68
f 66/66/66 68/68/68 69/69/69
f 70/70/70 71/71/71 72/72/72
f 70/70/70 72/72/72 73/73/73
f 71/71/71 74/74/74 75/75/75
f 71/71/71 75/75/75 72/72/72
f 76/76/76 77/77/77 78/78/78
f 76/76/76 78/78/78 79/79/79
f 80/80/80 81/81/81 82/82/82
f 80/80/80 82/82/82 83/83/83
f 84/84/84 85/85/85 86/86/86
f 84/84/84 86/86/86 87/87/87
f 85/85/85 88/88/88 89/89/89
f 85/85/85 89/89/89 86/86/86
f 90/90/90 91/91/91 92/92/92
f 90/90/90 92/92/92 93/93/93
f 94/94/94 95/95/95 96/96/96
f 94/94/94 96/96/96 97/97/97
f 98/98/98 99/99/99 100/100/100
f 98/98/98 100/100/100 101/101/101
f 99/99/99 102/102/102 103/103/103
f 99/99/99 103/103/103 100/100/100
f 104/104/104 105/105/105 106/106/106
f 104/104/104 106/106/106 107/107/107
f 108/108/108 109/109/109 110/110/110
f 108/108/108 110/110/110 111/111/111
f 112/112/112 113/113/113 114/114/114
f 112/112/112 114/114/114 115/115/115
f 113/113/113 116/116/116 117/117/117
f 113/113/113 117/117/117 114/114/114
f 116/116/116 118/118/118 119/119/119
f 116/116/116 119/119/119 117/117/117
f 120/120/120 121/121/121 122/122/122
f 120/120/120 122/122/122 123/123/123
f 121/121/121 124/124/124 125/125/125
f 121/121/121 125/125/125 122/122/122
f 124/124/124 126/126/126 127/127/127
f 124/124/124 127/127/127 125/125/125
f 126/126/126 128/128/128 129/129/129
f 126/126/126 129/129/129 127/127/127
f 128/128/128 130/130/130 131/131/131
f 128/128/128 131/131/131 129/129/129
f 115/115/115 114/114/114 132/132/132
f 115/115/115 132/132/132 133/133/133
f 114/114/114 117/117/117 134/134/134
f 114/114/114 134/134/134 132/132/132
f 117/117/117 119/119/119 135/135/135
f 117/117/117 135/135/135 134/134/134
f 123/123/123 122/122/122 136/136/136
f 123/123/123 136/136/136 137/137/137
f 122/122/122 125/125/125 138/138/138
f 122/122/122 138/138/138 136/136/136
f 125/125/125 127/127/127 139/139/139
f 125/125/125 139/139/139 138/138/138
f 127/127/127 129/129/129 140/140/140
f 127/127/127 140/140/140 139/139/139
f 129/129/129 131/131/131 141/141/141
f 129/129/129 141/141/141 140/140/140
f 133/133/133 132/132/132 142/142/142
f 133/133/133 142/142/142 143/143/143
f 132/132/132 134/134/134 144/144/144
f 132/132/132 144/144/144 142/142/142
f 134/134/134 135/135/135 145/145/145
f 134/134/134 145/145/145 144/144/144
f 137/137/137 136/136/136 146/146/146
f 137/137/137 146/146/146 147/147/147
f 136/136/136 138/138/138 148/148/148
f 136/136/136 148/148/148 146/146/146
f 138/138/138 139/139/139 149/149/149
f 138/138/138 149/149/149 148/148/148
f 139/139/139 140/140/140 150/150/150
f 139/139/139 150/150/150 149/149/149
f 140/140/140 141/141/141 151/151/151
f 140/140/140 151/151/151 150/150/150
f 143/143/143 142/142/142 152/152/152
f 143/143/143 152/152/152 153/153/153
f 142/142/142 144/144/144 154/154/154
f 142/142/142 154/154/154 152/152/152
f 144/144/144 145/145/145 155/155/155
f 144/144/144 155/155/155 154/154/154
f 147/147/147 146/146/146 156/156/156
f 147/147/147 156/156/156 157/157/157
f 146/146/146 148/148/148 158/158/158
f 146/146/146 158/158/158 156/156/156
f 148/148/148 149/149/149 159/159/159
f 148/148/148 159/159/159 158/158/158
f 160/160/160 161/161/161 162/162/162
f 160/160/160 162/162/162 163/163/163
f 161/161/161 164/164/164 165/165/165
f 161/161/161 165/165/165 162/162/162
f 153/153/153 152/152/152 166/166/166
f 153/153/153 166/166/166 167/167/167
f 152/152/152 154/154/154 168/168/168
f 152/152/152 168/168/168 166/166/166
f 154/154/154 155/155/155 169/169/169
f 154/154/154 169/169/169 168/168/168
f 157/157/157 156/156/156 170/170/170
f 157/157/157 170/170/170 171/171/171
f 156/156/156 158/158/158 172/172/172
f 156/156/156 172/172/172 170/170/170
f 158/158/158 159/159/159 173/173/173
f 158/158/158 173/173/173 172/172/172
f 163/163/163 162/162/162 174/174/174
f 163/163/163 174/174/174 175/175/175
f 162/162/162 165/165/165 176/176/176
f 162/162/162 176/176/176 174/174/174
f 167/167/167 166/166/166 177/177/177
f 167/167/167 177/177/177 178/178/178
f 166/166/166 168/168/168 179/179/179
f 166/166/166 179/179/179 177/177/177
f 168/168/168 169/169/169 180/180/180
f 168/168/168 180/180/180 179/179/179
f 171/171/171 170/170/170 181/181/181
f 171/171/171 181/181/181 182/182/182
f 170/170/170 172/172/172 183/183/183
f 170/170/170 183/183/183 181/181/181
f 172/172/172 173/173/173 184/184/184
f 172/172/172 184/184/184 183/183/183
f 173/173/173 185/185/185 186/186/186
f 173/173/173 186/186/186 184/184/184
f 185/185/185 187/187/187 188/188/188
f 185/185/185 188/188/188 186/186/186
f 178/178/178 177/177/177 189/189/189
f 178/178/178 189/189/189 190/190/190
f 177/177/177 179/179/179 191/191/191
f 177/177/177 191/191/191 189/189/189
f 179/179/179 180/180/180 192/192/192
f 179/179/179 192/192/192 191/191/191
f 182/182/182 181/181/181 193/193/193
f 182/182/182 193/193/193 194/194/194
f 181/181/181 183/183/183 195/195/195
f 181/181/181 195/195/195 193/193/193
f 183/183/183 184/184/184 196/196/196
f 183/183/183 196/196/196 195/195/195
f 184/184/184 186/186/186 197/197/197
f 184/184/184 197/197/197 196/196/196
f 186/186/186 188/188/188 198/198/198
f 186/186/186 198/198/198 197/197/197
f 190/190/190 189/189/189 199/199/199
f 190/190/190 199/199/199 200/200/200
f 189/189/189 191/191/191 201/201/201
f 189/189/189 201/201/201 199/199/199
f 191/191/191 192/192/192 202/202/202
f 191/191/191 202/202/202 201/201/201
f 194/194/194 193/193/193 203/203/203
f 194/194/194 203/203/203 204/204/204
f 193/193/193 195/195/195 205/205/205
f 193/193/193 205/205/205 203/203/203
f 195/195/195 196/196/196 206/206/206
f 195/195/195 206/206/206 205/205/205
f 196/196/196 197/197/197 207/207/207
f 196/196/196 207/207/207 206/206/206
f 197/197/197 198/198/198 208/208/208
f 197/197/197 208/208/208 207/207/207
f 200/200/200 199/199/199 209/209/209
f 200/200/200 209/209/209 210/210/210
f 199/199/199 201/201/201 211/211/211
f 199/199/199 211/211/211 209/209/209
f 201/201/201 202/202/202 212/212/212
f 201/201/201 212/212/212 211/211/211
f 204/204/204 203/203/203 213/213/213
f 204/204/204 213/213/213 214/214/214
f 203/203/203 205/205/205 215/215/215
f 203/203/203 215/215/215 213/213/213
f 205/205/205 206/206/206 216/216/216
f 205/205/205 216/216/216 215/215/215
f 206/206/206 207/207/207 217/217/217
f 206/206/206 217/217/217 216/216/216
f 207/207/207 208/208/208 218/218/218
f 207/207/207 218/218/218 217/217/217
f 210/210/210 209/209/209 219/219/219
f 210/210/210 219/219/219 220/220/220
f 209/209/209 211/211/211 221/221/221
f 209/209/209 221/221/221 219/219/219
f 211/211/211 212/212/212 222/222/222
f 211/211/211 222/222/222 221/221/221
f 214/214/214 213/213/213 223/223/223
f 214/214/214 223/223/223 224/224/224
f 213/213/213 215/215/215 225/225/225
f 213/213/213 225/225/225 223/223/223
f 215/215/215 216/216/216 226/226/226
f 215/215/215 226/226/226 225/225/225
f 216/216/216 217/217/217 227/227/227
f 216/216/216 227/227/227 226/226/226
f 217/217/217 218/218/218 228/228/228
f 217/217/217 228/228/228 227/227/227
f 219/219/219 221/221/221 229/229/229
f 219/219/219 229/229/229 230/230/230
f 221/221/221 222/222/222 231/231/231
f 221/221/221 231/231/231 229/229/229
f 224/224/224 223/223/223 232/232/232
f 224/224/224 232/232/232 233/233/233
f 223/223/223 225/225/225 234/234/234
f 223/223/223 234/234/234 232/232/232
f 230/230/230 229/229/229 235/235/235
f 230/230/230 235/235/235 236/236/236
f 229/229/229 231/231/231 237/237/237
f 229/229/229 237/237/237 235/235/235
f 233/233/233 232/232/232 238/238/238
f 233/233/233 238/238/238 239/239/239
f 232/232/232 234/234/234 240/240/240
f 232/232/232 240/240/240 238/238/238
f 241/241/241 242/242/242 243/243/243
f 241/241/241 243/243/243 244/244/244
f 242/242/242 245/245/245 246/246/246
f 242/242/242 246/246/246 243/243/243
f 236/236/236 235/235/235 247/247/247
f 236/236/236 247/247/247 248/248/248
f 235/235/235 237/237/237 249/249/249
f 235/235/235 249/249/249 247/247/247
f 239/239/239 238/238/238 250/250/250
f 239/239/239 250/250/250 251/251/251
f 238/238/238 240/240/240 252/252/252
f 238/238/238 252/252/252 250/250/250
f 244/244/244 243/243/243 253/253/253
f 244/244/244 253/253/253 254/254/254
f 243/243/243 246/246/246 255/255/255
f 243/243/243 255/255/255 253/253/253
f 248/248/248 247/247/247 256/256/256
f 248/248/248 256/256/256 257/257/257
f 258/258/258 259/259/259 260/260/260
f 258/258/258 260/260/260 261/261/261
f 262/262/262 263/263/263 264/264/264
f 262/262/262 264/264/264 265/265/265
f 250/250/250 252/252/252 266/266/266
f 250/250/250 266/266/266 267/267/267
f 261/261/261 260/260/260 268/268/268
f 261/261/261 268/268/268 269/269/269
f 265/265/265 264/264/264 270/270/270
f 265/265/265 270/270/270 271/271/271
f 267/267/267 266/266/266 272/272/272
f 267/267/267 272/272/272 273/273/273
f 266/266/266 274/274/274 275/275/275
f 266/266/266 275/275/275 272/272/272
f 276/276/276 277/277/277 278/278/278
f 276/276/276 278/278/278 279/279/279
f 280/280/280 281/281/281 282/282/282
f 280/280/280 282/282/282 283/283/283
f 284/284/284 273/273/273 285/285/285
f 284/284/284 285/285/285 286/286/286
f 273/273/273 272/272/272 287/287/287
f 273/273/273 287/287/287 285/285/285
f 272/272/272 275/275/275 288/288/288
f 272/272/272 288/288/288 287/287/287
f 289/289/289 290/290/290 291/291/291
f 289/289/289 291/291/291 292/292/292
f 279/279/279 278/278/278 293/293/293
f 279/279/279 293/293/293 294/294/294
f 283/283/283 282/282/282 295/295/295
f 283/283/283 295/295/295 296/296/296
f 286/286/286 285/285/285 297/297/297
f 286/286/286 297/297/297 298/298/298
f 285/285/285 287/287/287 299/299/299
f 285/285/285 299/299/299 297/297/297
f 287/287/287 288/288/288 300/300/300
f 287/287/287 300/300/300 299/299/299
f 292/292/292 291/291/291 301/301/301
f 292/292/292 301/301/301 302/302/302
f 247/247/247 249/249/249 303/303/303
f 247/247/247 303/303/303 304/304/304
f 256/256/256 247/247/247 304/304/304
f 256/256/256 304/304/304 305/305/305
f 251/251/251 250/250/250 306/306/306
f 251/251/251 306/306/306 307/307/307
f 250/250/250 267/267/267 308/308/308
f 250/250/250 308/308/308 306/306/306
f 281/281/281 280/280/280 309/309/309
f 281/281/281 309/309/309 310/310/310
f 280/280/280 256/256/256 305/305/305
f 280/280/280 305/305/305 309/309/309
f 267/267/267 273/273/273 311/311/311
f 267/267/267 311/311/311 308/308/308
f 273/273/273 284/284/284 312/312/312
f 273/273/273 312/312/312 311/311/311
f 52/52/52 53/53/53 313/313/313
f 52/52/52 313/313/313 314/314/314
f 315/315/315 52/52/52 314/314/314
f 315/315/315 314/314/314 316/316/316
f 53/53/53 54/54/54 317/317/317
f 53/53/53 317/317/317 313/313/313
f 54/54/54 318/318/318 319/319/319
f 54/54/54 319/319/319 317/317/317
f 124/124/124 121/121/121 320/320/320
f 124/124/124 320/320/320 321/321/321
f 121/121/121 322/322/322 323/323/323
f 121/121/121 323/323/323 320/320/320
f 324/324/324 126/126/126 325/325/325
f 324/324/324 325/325/325 326/326/326
f 126/126/126 124/124/124 321/321/321
f 126/126/126 321/321/321 325/325/325
f 314/314/314 313/313/313 327/327/327
f 314/314/314 327/327/327 328/328/328
f 316/316/316 314/314/314 328/328/328
f 316/316/316 328/328/328 329/329/329
f 313/313/313 317/317/317 330/330/330
f 313/313/313 330/330/330 327/327/327
f 317/317/317 319/319/319 331/331/331
f 317/317/317 331/331/331 330/330/330
f 321/321/321 320/320/320 332/332/332
f 321/321/321 332/332/332 333/333/333
f 320/320/320 323/323/323 334/334/334
f 320/320/320 334/334/334 332/332/332
f 326/326/326 325/325/325 335/335/335
f 326/326/326 335/335/335 336/336/336
f 325/325/325 321/321/321 333/333/333
f 325/325/325 333/333/333 335/335/335
f 328/328/328 327/327/327 337/337/337
f 328/328/328 337/337/337 338/338/338
f 339/339/339 340/340/340 341/341/341
f 339/339/339 341/341/341 342/342/342
f 327/327/327 330/330/330 343/343/343
f 327/327/327 343/343/343 337/337/337
f 330/330/330 331/331/331 344/344/344
f 330/330/330 344/344/344 343/343/343
f 333/333/333 332/332/332 345/345/345
f 333/333/333 345/345/345 346/346/346
f 347/347/347 348/348/348 349/349/349
f 347/347/347 349/349/349 350/350/350
f 336/336/336 335/335/335 351/351/351
f 336/336/336 351/351/351 352/352/352
f 335/335/335 333/333/333 346/346/346
f 335/335/335 346/346/346 351/351/351
f 338/338/338 337/337/337 353/353/353
f 338/338/338 353/353/353 354/354/354
f 342/342/342 341/341/341 355/355/355
f 342/342/342 355/355/355 356/356/356
f 337/337/337 343/343/343 357/357/357
f 337/337/337 357/357/357 353/353/353
f 343/343/343 344/344/344 358/358/358
f 343/343/343 358/358/358 357/357/357
f 346/346/346 345/345/345 359/359/359
f 346/346/346 359/359/359 360/360/360
f 350/350/350 349/349/349 361/361/361
f 350/350/350 361/361/361 362/362/362
f 352/352/352 351/351/351 363/363/363
f 352/352/352 363/363/363 364/364/364
f 351/351/351 346/346/346 360/360/360
f 351/351/351 360/360/360 363/363/363
f 329/329/329 328/328/328 365/365/365
f 329/329/329 365/365/365 366/366/366
f 328/328/328 338/338/338 367/367/367
f 328/328/328 367/367/367 365/365/365
f 332/332/332 334/334/334 368/368/368
f 332/332/332 368/368/368 369/369/369
f 345/345/345 332/332/332 369/369/369
f 345/345/345 369/369/369 370/370/370
f 338/338/338 354/354/354 371/371/371
f 338/338/338 371/371/371 367/367/367
f 354/354/354 372/372/372 373/373/373
f 354/354/354 373/373/373 371/371/371
f 374/374/374 359/359/359 375/375/375
f 374/374/374 375/375/375 376/376/376
f 359/359/359 345/345/345 370/370/370
f 359/359/359 370/370/370 375/375/375
f 366/366/366 365/365/365 377/377/377
f 366/366/366 377/377/377 378/378/378
f 365/365/365 367/367/367 379/379/379
f 365/365/365 379/379/379 377/377/377
f 369/369/369 368/368/368 380/380/380
f 369/369/369 380/380/380 381/381/381
f 370/370/370 369/369/369 381/381/381
f 370/370/370 381/381/381 382/382/382
f 367/367/367 371/371/371 383/383/383
f 367/367/367 383/383/383 379/379/379
f 371/371/371 373/373/373 384/384/384
f 371/371/371 384/384/384 383/383/383
f 376/376/376 375/375/375 385/385/385
f 376/376/376 385/385/385 386/386/386
f 375/375/375 370/370/370 382/382/382
f 375/375/375 382/382/382 385/385/385
f 378/378/378 377/377/377 387/387/387
f 378/378/378 387/387/387 388/388/388
f 377/377/377 379/379/379 389/389/389
f 377/377/377 389/389/389 387/387/387
f 381/381/381 380/380/380 390/390/390
f 381/381/381 390/390/390 391/391/391
f 382/382/382 381/381/381 391/391/391
f 382/382/382 391/391/391 392/392/392
f 379/379/379 383/383/383 393/393/393
f 379/379/379 393/393/393 389/389/389
f 383/383/383 384/384/384 394/394/394
f 383/383/383 394/394/394 393/393/393
f 386/386/386 385/385/385 395/395/395
f 386/386/386 395/395/395 396/396/396
f 385/385/385 382/382/382 392/392/392
f 385/385/385 392/392/392 395/395/395
f 388/388/388 387/387/387 397/397/397
f 388/388/388 397/397/397 398/398/398
f 387/387/387 389/389/389 399/399/399
f 387/387/387 399/399/399 397/397/397
f 391/391/391 390/390/390 400/400/400
f 391/391/391 400/400/400 401/401/401
f 392/392/392 391/391/391 401/401/401
f 392/392/392 401/401/401 402/402/402
f 389/389/389 393/393/393 403/403/403
f 389/389/389 403/403/403 399/399/399
f 393/393/393 394/394/394 404/404/404
f 393/393/393 404/404/404 403/403/403
f 396/396/396 395/395/395 405/405/405
f 396/396/396 405/405/405 406/406/406
f 395/395/395 392/392/392 402/402/402
f 395/395/395 402/402/402 405/405/405
f 398/398/398 397/397/397 340/340/340
f 398/398/398 340/340/340 339/339/339
f 397/397/397 399/399/399 341/341/341
f 397/397/397 341/341/341 340/340/340
f 401/401/401 400/400/400 348/348/348
f 401/401/401 348/348/348 347/347/347
f 402/402/402 401/401/401 347/347/347
f 402/402/402 347/347/347 350/350/350
f 399/399/399 403/403/403 355/355/355
f 399/399/399 355/355/355 341/341/341
f 403/403/403 404/404/404 356/356/356
f 403/403/403 356/356/356 355/355/355
f 406/406/406 405/405/405 362/362/362
f 406/406/406 362/362/362 361/361/361
f 405/405/405 402/402/402 350/350/350
f 405/405/405 350/350/350 362/362/362
f 407/407/407 408/408/408 409/409/409
f 407/407/407 409/409/409 410/410/410
f 408/408/408 411/411/411 412/412/412
f 408/408/408 412/412/412 409/409/409
f 413/413/413 414/414/414 415/415/415
f 413/413/413 415/415/415 416/416/416
f 414/414/414 417/417/417 418/418/418
f 414/414/414 418/418/418 415/415/415
f 416/416/416 415/415/415 419/419/419
f 416/416/416 419/419/419 420/420/420
f 415/415/415 418/418/418 421/421/421
f 415/415/415 421/421/421 419/419/419
f 422/422/422 423/423/423 424/424/424
f 422/422/422 424/424/424 425/425/425
f 423/423/423 426/426/426 427/427/427
f 423/423/423 427/427/427 424/424/424
f 428/428/428 429/429/429 430/430/430
f 428/428/428 430/430/430 431/431/431
f 429/429/429 432/432/432 433/433/433
f 429/429/429 433/433/433 430/430/430
f 434/434/434 435/435/435 436/436/436
f 434/434/434 436/436/436 437/437/437
f 435/435/435 438/438/438 439/439/439
f 435/435/435 439/439/439 436/436/436
f 49/49/49 48/48/48 440/440/440
f 49/49/49 440/440/440 441/441/441
f 442/442/442 49/49/49 441/441/441
f 442/442/442 441/441/441 443/443/443
f 48/48/48 50/50/50 444/444/444
f 48/48/48 444/444/444 440/440/440
f 50/50/50 445/445/445 446/446/446
f 50/50/50 446/446/446 444/444/444
f 113/113/113 112/112/112 447/447/447
f 113/113/113 447/447/447 448/448/448
f 112/112/112 449/449/449 450/450/450
f 112/112/112 450/450/450 447/447/447
f 451/451/451 116/116/116 452/452/452
f 451/451/451 452/452/452 453/453/453
f 116/116/116 113/113/113 448/448/448
f 116/116/116 448/448/448 452/452/452
f 454/454/454 455/455/455 456/456/456
f 454/454/454 456/456/456 457/457/457
f 458/458/458 459/459/459 460/460/460
f 458/458/458 460/460/460 461/461/461
f 455/455/455 462/462/462 463/463/463
f 455/455/455 463/463/463 456/456/456
f 464/464/464 465/465/465 466/466/466
f 464/464/464 466/466/466 467/467/467
f 468/468/468 469/469/469 470/470/470
f 468/468/468 470/470/470 471/471/471
f 472/472/472 473/473/473 474/474/474
f 472/472/472 474/474/474 475/475/475
f 476/476/476 477/477/477 478/478/478
f 476/476/476 478/478/478 479/479/479
f 480/480/480 468/468/468 471/471/471
f 480/480/480 471/471/471 481/481/481
f 457/457/457 456/456/456 482/482/482
f 457/457/457 482/482/482 483/483/483
f 461/461/461 460/460/460 484/484/484
f 461/461/461 484/484/484 485/485/485
f 456/456/456 463/463/463 486/486/486
f 456/456/456 486/486/486 482/482/482
f 467/467/467 466/466/466 487/487/487
f 467/467/467 487/487/487 488/488/488
f 471/471/471 470/470/470 489/489/489
f 471/471/471 489/489/489 490/490/490
f 475/475/475 474/474/474 491/491/491
f 475/475/475 491/491/491 492/492/492
f 479/479/479 478/478/478 493/493/493
f 479/479/479 493/493/493 494/494/494
f 481/481/481 471/471/471 490/490/490
f 481/481/481 490/490/490 495/495/495
f 50/50/50 51/51/51 496/496/496
f 50/50/50 496/496/496 497/497/497
f 445/445/445 50/50/50 497/497/497
f 445/445/445 497/497/497 498/498/498
f 51/51/51 52/52/52 499/499/499
f 51/51/51 499/499/499 496/496/496
f 52/52/52 315/315/315 500/500/500
f 52/52/52 500/500/500 499/499/499
f 118/118/118 116/116/116 501/501/501
f 118/118/118 501/501/501 502/502/502
f 116/116/116 451/451/451 503/503/503
f 116/116/116 503/503/503 501/501/501
f 322/322/322 121/121/121 504/504/504
f 322/322/322 504/504/504 505/505/505
f 121/121/121 120/120/120 506/506/506
f 121/121/121 506/506/506 504/504/504
f 497/497/497 496/496/496 507/507/507
f 497/497/497 507/507/507 508/508/508
f 498/498/498 497/497/497 508/508/508
f 498/498/498 508/508/508 509/509/509
f 496/496/496 499/499/499 510/510/510
f 496/496/496 510/510/510 507/507/507
f 499/499/499 500/500/500 511/511/511
f 499/499/499 511/511/511 510/510/510
f 502/502/502 501/501/501 512/512/512
f 502/502/502 512/512/512 513/513/513
f 501/501/501 503/503/503 514/514/514
f 501/501/501 514/514/514 512/512/512
f 505/505/505 504/504/504 515/515/515
f 505/505/505 515/515/515 516/516/516
f 504/504/504 506/506/506 517/517/517
f 504/504/504 517/517/517 515/515/515
f 508/508/508 507/507/507 518/518/518
f 508/508/508 518/518/518 519/519/519
f 509/509/509 508/508/508 519/519/519
f 509/509/509 519/519/519 520/520/520
f 507/507/507 510/510/510 521/521/521
f 507/507/507 521/521/521 518/518/518
f 510/510/510 511/511/511 522/522/522
f 510/510/510 522/522/522 521/521/521
f 513/513/513 512/512/512 523/523/523
f 513/513/513 523/523/523 524/524/524
f 512/512/512 514/514/514 525/525/525
f 512/512/512 525/525/525 523/523/523
f 516/516/516 515/515/515 526/526/526
f 516/516/516 526/526/526 527/527/527
f 515/515/515 517/517/517 528/528/528
f 515/515/515 528/528/528 526/526/526
f 519/519/519 518/518/518 63/63/63
f 519/519/519 63/63/63 62/62/62
f 518/518/518 529/529/529 64/64/64
f 518/518/518 64/64/64 63/63/63
f 520/520/520 519/519/519 62/62/62
f 520/520/520 62/62/62 65/65/65
f 530/530/530 524/524/524 92/92/92
f 530/530/530 92/92/92 91/91/91
f 524/524/524 523/523/523 93/93/93
f 524/524/524 93/93/93 92/92/92
f 523/523/523 525/525/525 90/90/90
f 523/523/523 90/90/90 93/93/93
f 518/518/518 521/521/521 531/531/531
f 518/518/518 531/531/531 532/532/532
f 521/521/521 522/522/522 533/533/533
f 521/521/521 533/533/533 531/531/531
f 529/529/529 518/518/518 532/532/532
f 529/529/529 532/532/532 534/534/534
f 527/527/527 526/526/526 535/535/535
f 527/527/527 535/535/535 536/536/536
f 526/526/526 528/528/528 537/537/537
f 526/526/526 537/537/537 535/535/535
f 528/528/528 538/538/538 539/539/539
f 528/528/528 539/539/539 537/537/537
f 532/532/532 531/531/531 67/67/67
f 532/532/532 67/67/67 66/66/66
f 531/531/531 533/533/533 68/68/68
f 531/531/531 68/68/68 67/67/67
f 534/534/534 532/532/532 66/66/66
f 534/534/534 66/66/66 69/69/69
f 536/536/536 535/535/535 96/96/96
f 536/536/536 96/96/96 95/95/95
f 535/535/535 537/537/537 97/97/97
f 535/535/535 97/97/97 96/96/96
f 537/537/537 539/539/539 94/94/94
f 537/537/537 94/94/94 97/97/97
f 540/540/540 541/541/541 542/542/542
f 540/540/540 542/542/542 543/543/543
f 541/541/541 540/540/540 544/544/544
f 541/541/541 544/544/544 545/545/545
f 545/545/545 544/544/544 546/546/546
f 545/545/545 546/546/546 547/547/547
f 543/543/543 542/542/542 548/548/548
f 543/543/543 548/548/548 549/549/549
f 547/547/547 546/546/546 550/550/550
f 547/547/547 550/550/550 551/551/551
f 551/551/551 550/550/550 552/552/552
f 551/551/551 552/552/552 553/553/553
f 554/554/554 555/555/555 553/553/553
f 554/554/554 553/553/553 552/552/552
f 555/555/555 554/554/554 549/549/549
f 555/555/555 549/549/549 548/548/548
f 149/149/149 150/150/150 544/544/544
f 149/149/149 544/544/544 540/540/540
f 159/159/159 149/149/149 540/540/540
f 159/159/159 540/540/540 543/543/543
f 150/150/150 151/151/151 546/546/546
f 150/150/150 546/546/546 544/544/544
f 151/151/151 556/556/556 550/550/550
f 151/151/151 550/550/550 546/546/546
f 185/185/185 173/173/173 549/549/549
f 185/185/185 549/549/549 554/554/554
f 173/173/173 159/159/159 543/543/543
f 173/173/173 543/543/543 549/549/549
f 556/556/556 187/187/187 552/552/552
f 556/556/556 552/552/552 550/550/550
f 187/187/187 185/185/185 554/554/554
f 187/187/187 554/554/554 552/552/552
f 541/541/541 545/545/545 161/161/161
f 541/541/541 161/161/161 160/160/160
f 542/542/542 541/541/541 160/160/160
f 542/542/542 160/160/160 163/163/163
f 545/545/545 547/547/547 164/164/164
f 545/545/545 164/164/164 161/161/161
f 547/547/547 551/551/551 165/165/165
f 547/547/547 165/165/165 164/164/164
f 555/555/555 548/548/548 175/175/175
f 555/555/555 175/175/175 174/174/174
f 548/548/548 542/542/542 163/163/163
f 548/548/548 163/163/163 175/175/175
f 551/551/551 553/553/553 176/176/176
f 551/551/551 176/176/176 165/165/165
f 553/553/553 555/555/555 174/174/174
f 553/553/553 174/174/174 176/176/176
f 54/54/54 55/55/55 557/557/557
f 54/54/54 557/557/557 558/558/558
f 318/318/318 54/54/54 558/558/558
f 318/318/318 558/558/558 559/559/559
f 55/55/55 49/49/49 560/560/560
f 55/55/55 560/560/560 557/557/557
f 49/49/49 442/442/442 561/561/561
f 49/49/49 561/561/561 560/560/560
f 128/128/128 126/126/126 562/562/562
f 128/128/128 562/562/562 563/563/563
f 126/126/126 324/324/324 564/564/564
f 126/126/126 564/564/564 562/562/562
f 565/565/565 130/130/130 566/566/566
f 565/565/565 566/566/566 567/567/567
f 130/130/130 128/128/128 563/563/563
f 130/130/130 563/563/563 566/566/566
f 568/568/568 569/569/569 80/80/80
f 568/568/568 80/80/80 570/570/570
f 571/571/571 568/568/568 570/570/570
f 571/571/571 570/570/570 572/572/572
f 569/569/569 573/573/573 81/81/81
f 569/569/569 81/81/81 80/80/80
f 574/574/574 575/575/575 576/576/576
f 574/574/574 576/576/576 577/577/577
f 578/578/578 579/579/579 580/580/580
f 578/578/578 580/580/580 111/111/111
f 579/579/579 581/581/581 582/582/582
f 579/579/579 582/582/582 580/580/580
f 583/583/583 584/584/584 585/585/585
f 583/583/583 585/585/585 586/586/586
f 587/587/587 578/578/578 111/111/111
f 587/587/587 111/111/111 110/110/110
f 588/588/588 589/589/589 590/590/590
f 588/588/588 590/590/590 591/591/591
f 592/592/592 588/588/588 591/591/591
f 592/592/592 591/591/591 593/593/593
f 594/594/594 595/595/595 596/596/596
f 594/594/594 596/596/596 597/597/597
f 598/598/598 599/599/599 600/600/600
f 598/598/598 600/600/600 601/601/601
f 602/602/602 603/603/603 604/604/604
f 602/602/602 604/604/604 605/605/605
f 603/603/603 592/592/592 593/593/593
f 603/603/603 593/593/593 604/604/604
f 606/606/606 607/607/607 608/608/608
f 606/606/606 608/608/608 609/609/609
f 610/610/610 602/602/602 605/605/605
f 610/610/610 605/605/605 611/611/611
f 591/591/591 590/590/590 612/612/612
f 591/591/591 612/612/612 613/613/613
f 593/593/593 591/591/591 613/613/613
f 593/593/593 613/613/613 614/614/614
f 590/590/590 615/615/615 616/616/616
f 590/590/590 616/616/616 612/612/612
f 617/617/617 609/609/609 618/618/618
f 617/617/617 618/618/618 619/619/619
f 605/605/605 604/604/604 620/620/620
f 605/605/605 620/620/620 621/621/621
f 604/604/604 593/593/593 614/614/614
f 604/604/604 614/614/614 620/620/620
f 609/609/609 608/608/608 622/622/622
f 609/609/609 622/622/622 618/618/618
f 611/611/611 605/605/605 621/621/621
f 611/611/611 621/621/621 623/623/623
f 613/613/613 612/612/612 242/242/242
f 613/613/613 242/242/242 241/241/241
f 614/614/614 613/613/613 241/241/241
f 614/614/614 241/241/241 244/244/244
f 612/612/612 616/616/616 245/245/245
f 612/612/612 245/245/245 242/242/242
f 619/619/619 618/618/618 624/624/624
f 619/619/619 624/624/624 625/625/625
f 621/621/621 620/620/620 254/254/254
f 621/621/621 254/254/254 253/253/253
f 620/620/620 614/614/614 244/244/244
f 620/620/620 244/244/244 254/254/254
f 618/618/618 622/622/622 626/626/626
f 618/618/618 626/626/626 624/624/624
f 623/623/623 621/621/621 253/253/253
f 623/623/623 253/253/253 255/255/255
f 589/589/589 627/627/627 628/628/628
f 589/589/589 628/628/628 629/629/629
f 615/615/615 590/590/590 630/630/630
f 615/615/615 630/630/630 631/631/631
f 590/590/590 589/589/589 629/629/629
f 590/590/590 629/629/629 630/630/630
f 632/632/632 606/606/606 633/633/633
f 632/632/632 633/633/633 634/634/634
f 606/606/606 609/609/609 635/635/635
f 606/606/606 635/635/635 633/633/633
f 609/609/609 617/617/617 636/636/636
f 609/609/609 636/636/636 635/635/635
f 637/637/637 638/638/638 595/595/595
f 637/637/637 595/595/595 594/594/594
f 639/639/639 640/640/640 597/597/597
f 639/639/639 597/597/597 596/596/596
f 640/640/640 637/637/637 594/594/594
f 640/640/640 594/594/594 597/597/597
f 641/641/641 642/642/642 599/599/599
f 641/641/641 599/599/599 598/598/598
f 642/642/642 643/643/643 600/600/600
f 642/642/642 600/600/600 599/599/599
f 643/643/643 644/644/644 601/601/601
f 643/643/643 601/601/601 600/600/600
f 645/645/645 646/646/646 647/647/647
f 645/645/645 647/647/647 648/648/648
f 646/646/646 645/645/645 649/649/649
f 646/646/646 649/649/649 650/650/650
f 651/651/651 652/652/652 653/653/653
f 651/651/651 653/653/653 654/654/654
f 648/648/648 647/647/647 655/655/655
f 648/648/648 655/655/655 656/656/656
f 654/654/654 653/653/653 657/657/657
f 654/654/654 657/657/657 658/658/658
f 658/658/658 657/657/657 659/659/659
f 658/658/658 659/659/659 660/660/660
f 661/661/661 662/662/662 660/660/660
f 661/661/661 660/660/660 659/659/659
f 663/663/663 664/664/664 656/656/656
f 663/663/663 656/656/656 655/655/655
f 304/304/304 303/303/303 649/649/649
f 304/304/304 649/649/649 645/645/645
f 305/305/305 304/304/304 645/645/645
f 305/305/305 645/645/645 648/648/648
f 307/307/307 306/306/306 653/653/653
f 307/307/307 653/653/653 652/652/652
f 306/306/306 308/308/308 657/657/657
f 306/306/306 657/657/657 653/653/653
f 310/310/310 309/309/309 656/656/656
f 310/310/310 656/656/656 664/664/664
f 309/309/309 305/305/305 648/648/648
f 309/309/309 648/648/648 656/656/656
f 308/308/308 311/311/311 659/659/659
f 308/308/308 659/659/659 657/657/657
f 311/311/311 312/312/312 661/661/661
f 311/311/311 661/661/661 659/659/659
f 665/665/665 666/666/666 667/667/667
f 665/665/665 667/667/667 668/668/668
f 666/666/666 665/665/665 669/669/669
f 666/666/666 669/669/669 670/670/670
f 671/671/671 672/672/672 673/673/673
f 671/671/671 673/673/673 674/674/674
f 670/670/670 669/669/669 675/675/675
f 670/670/670 675/675/675 676/676/676
f 674/674/674 673/673/673 677/677/677
f 674/674/674 677/677/677 678/678/678
f 678/678/678 677/677/677 679/679/679
f 678/678/678 679/679/679 680/680/680
f 681/681/681 682/682/682 676/676/676
f 681/681/681 676/676/676 675/675/675
f 683/683/683 684/684/684 680/680/680
f 683/683/683 680/680/680 679/679/679
f 646/646/646 650/650/650 667/667/667
f 646/646/646 667/667/667 666/666/666
f 647/647/647 646/646/646 666/666/666
f 647/647/647 666/666/666 670/670/670
f 651/651/651 654/654/654 673/673/673
f 651/651/651 673/673/673 672/672/672
f 654/654/654 658/658/658 677/677/677
f 654/654/654 677/677/677 673/673/673
f 663/663/663 655/655/655 676/676/676
f 663/663/663 676/676/676 682/682/682
f 655/655/655 647/647/647 670/670/670
f 655/655/655 670/670/670 676/676/676
f 658/658/658 660/660/660 679/679/679
f 658/658/658 679/679/679 677/677/677
f 660/660/660 662/662/662 683/683/683
f 660/660/660 683/683/683 679/679/679
f 685/685/685 686/686/686 687/687/687
f 685/685/685 687/687/687 688/688/688
f 686/686/686 685/685/685 689/689/689
f 686/686/686 689/689/689 690/690/690
f 690/690/690 689/689/689 691/691/691
f 690/690/690 691/691/691 692/692/692
f 693/693/693 694/694/694 695/695/695
f 693/693/693 695/695/695 696/696/696
f 692/692/692 691/691/691 697/697/697
f 692/692/692 697/697/697 698/698/698
f 699/699/699 700/700/700 701/701/701
f 699/699/699 701/701/701 702/702/702
f 703/703/703 704/704/704 702/702/702
f 703/703/703 702/702/702 701/701/701
f 704/704/704 703/703/703 696/696/696
f 704/704/704 696/696/696 695/695/695
f 705/705/705 706/706/706 707/707/707
f 705/705/705 707/707/707 708/708/708
f 706/706/706 705/705/705 709/709/709
f 706/706/706 709/709/709 710/710/710
f 711/711/711 712/712/712 713/713/713
f 711/711/711 713/713/713 714/714/714
f 715/715/715 716/716/716 717/717/717
f 715/715/715 717/717/717 718/718/718
f 719/719/719 720/720/720 708/708/708
f 719/719/719 708/708/708 707/707/707
f 714/714/714 713/713/713 718/718/718
f 714/714/714 718/718/718 717/717/717
f 721/721/721 722/722/722 723/723/723
f 721/721/721 723/723/723 724/724/724
f 722/722/722 721/721/721 725/725/725
f 722/722/722 725/725/725 726/726/726
f 726/726/726 725/725/725 727/727/727
f 726/726/726 727/727/727 728/728/728
f 729/729/729 730/730/730 731/731/731
f 729/729/729 731/731/731 732/732/732
f 733/733/733 734/734/734 735/735/735
f 733/733/733 735/735/735 736/736/736
f 732/732/732 731/731/731 736/736/736
f 732/732/732 736/736/736 735/735/735
f 354/354/354 353/353/353 689/689/689
f 354/354/354 689/689/689 685/685/685
f 372/372/372 354/354/354 685/685/685
f 372/372/372 685/685/685 688/688/688
f 353/353/353 357/357/357 691/691/691
f 353/353/353 691/691/691 689/689/689
f 357/357/357 358/358/358 697/697/697
f 357/357/357 697/697/697 691/691/691
f 360/360/360 359/359/359 696/696/696
f 360/360/360 696/696/696 703/703/703
f 359/359/359 374/374/374 693/693/693
f 359/359/359 693/693/693 696/696/696
f 364/364/364 363/363/363 701/701/701
f 364/364/364 701/701/701 700/700/700
f 363/363/363 360/360/360 703/703/703
f 363/363/363 703/703/703 701/701/701
f 686/686/686 690/690/690 71/71/71
f 686/686/686 71/71/71 70/70/70
f 687/687/687 686/686/686 70/70/70
f 687/687/687 70/70/70 73/73/73
f 690/690/690 692/692/692 74/74/74
f 690/690/690 74/74/74 71/71/71
f 692/692/692 698/698/698 75/75/75
f 692/692/692 75/75/75 74/74/74
f 704/704/704 695/695/695 101/101/101
f 704/704/704 101/101/101 100/100/100
f 695/695/695 694/694/694 98/98/98
f 695/695/695 98/98/98 101/101/101
f 699/699/699 702/702/702 103/103/103
f 699/699/699 103/103/103 102/102/102
f 702/702/702 704/704/704 100/100/100
f 702/702/702 100/100/100 103/103/103
f 573/573/573 737/737/737 709/709/709
f 573/573/573 709/709/709 705/705/705
f 82/82/82 81/81/81 708/708/708
f 82/82/82 708/708/708 720/720/720
f 81/81/81 573/573/573 705/705/705
f 81/81/81 705/705/705 708/708/708
f 738/738/738 587/587/587 713/713/713
f 738/738/738 713/713/713 712/712/712
f 587/587/587 110/110/110 718/718/718
f 587/587/587 718/718/718 713/713/713
f 110/110/110 109/109/109 715/715/715
f 110/110/110 715/715/715 718/718/718
f 706/706/706 710/710/710 575/575/575
f 706/706/706 575/575/575 574/574/574
f 719/719/719 707/707/707 577/577/577
f 719/719/719 577/577/577 576/576/576
f 707/707/707 706/706/706 574/574/574
f 707/707/707 574/574/574 577/577/577
f 711/711/711 714/714/714 584/584/584
f 711/711/711 584/584/584 583/583/583
f 714/714/714 717/717/717 585/585/585
f 714/714/714 585/585/585 584/584/584
f 717/717/717 716/716/716 586/586/586
f 717/717/717 586/586/586 585/585/585
f 570/570/570 80/80/80 725/725/725
f 570/570/570 725/725/725 721/721/721
f 80/80/80 83/83/83 727/727/727
f 80/80/80 727/727/727 725/725/725
f 572/572/572 570/570/570 721/721/721
f 572/572/572 721/721/721 724/724/724
f 108/108/108 111/111/111 731/731/731
f 108/108/108 731/731/731 730/730/730
f 111/111/111 580/580/580 736/736/736
f 111/111/111 736/736/736 731/731/731
f 580/580/580 582/582/582 733/733/733
f 580/580/580 733/733/733 736/736/736
f 722/722/722 726/726/726 77/77/77
f 722/722/722 77/77/77 76/76/76
f 726/726/726 728/728/728 78/78/78
f 726/726/726 78/78/78 77/77/77
f 723/723/723 722/722/722 76/76/76
f 723/723/723 76/76/76 79/79/79
f 729/729/729 732/732/732 106/106/106
f 729/729/729 106/106/106 105/105/105
f 732/732/732 735/735/735 107/107/107
f 732/732/732 107/107/107 106/106/106
f 735/735/735 734/734/734 104/104/104
f 735/735/735 104/104/104 107/107/107
f 739/739/739 740/740/740 741/741/741
f 739/739/739 741/741/741 742/742/742
f 740/740/740 739/739/739 743/743/743
f 740/740/740 743/743/743 744/744/744
f 744/744/744 743/743/743 745/745/745
f 744/744/744 745/745/745 746/746/746
f 747/747/747 748/748/748 749/749/749
f 747/747/747 749/749/749 750/750/750
f 746/746/746 745/745/745 751/751/751
f 746/746/746 751/751/751 752/752/752
f 753/753/753 754/754/754 755/755/755
f 753/753/753 755/755/755 756/756/756
f 757/757/757 758/758/758 756/756/756
f 757/757/757 756/756/756 755/755/755
f 758/758/758 757/757/757 750/750/750
f 758/758/758 750/750/750 749/749/749
f 558/558/558 557/557/557 743/743/743
f 558/558/558 743/743/743 739/739/739
f 559/559/559 558/558/558 739/739/739
f 559/559/559 739/739/739 742/742/742
f 557/557/557 560/560/560 745/745/745
f 557/557/557 745/745/745 743/743/743
f 560/560/560 561/561/561 751/751/751
f 560/560/560 751/751/751 745/745/745
f 563/563/563 562/562/562 750/750/750
f 563/563/563 750/750/750 757/757/757
f 562/562/562 564/564/564 747/747/747
f 562/562/562 747/747/747 750/750/750
f 567/567/567 566/566/566 755/755/755
f 567/567/567 755/755/755 754/754/754
f 566/566/566 563/563/563 757/757/757
f 566/566/566 757/757/757 755/755/755
f 740/740/740 744/744/744 569/569/569
f 740/740/740 569/569/569 568/568/568
f 741/741/741 740/740/740 568/568/568
f 741/741/741 568/568/568 571/571/571
f 744/744/744 746/746/746 573/573/573
f 744/744/744 573/573/573 569/569/569
f 746/746/746 752/752/752 737/737/737
f 746/746/746 737/737/737 573/573/573
f 758/758/758 749/749/749 579/579/579
f 758/758/758 579/579/579 578/578/578
f 749/749/749 748/748/748 581/581/581
f 749/749/749 581/581/581 579/579/579
f 753/753/753 756/756/756 587/587/587
f 753/753/753 587/587/587 738/738/738
f 756/756/756 758/758/758 578/578/578
f 756/756/756 578/578/578 587/587/587
f 759/759/759 760/760/760 761/761/761
f 759/759/759 761/761/761 762/762/762
f 760/760/760 759/759/759 763/763/763
f 760/760/760 763/763/763 764/764/764
f 765/765/765 766/766/766 767/767/767
f 765/765/765 767/767/767 768/768/768
f 764/764/764 763/763/763 769/769/769
f 764/764/764 769/769/769 770/770/770
f 768/768/768 767/767/767 771/771/771
f 768/768/768 771/771/771 772/772/772
f 772/772/772 771/771/771 773/773/773
f 772/772/772 773/773/773 774/774/774
f 770/770/770 769/769/769 775/775/775
f 770/770/770 775/775/775 776/776/776
f 777/777/777 778/778/778 774/774/774
f 777/777/777 774/774/774 773/773/773
f 779/779/779 454/454/454 759/759/759
f 779/779/779 759/759/759 762/762/762
f 454/454/454 457/457/457 763/763/763
f 454/454/454 763/763/763 759/759/759
f 469/469/469 780/780/780 765/765/765
f 469/469/469 765/765/765 768/768/768
f 470/470/470 469/469/469 768/768/768
f 470/470/470 768/768/768 772/772/772
f 457/457/457 483/483/483 769/769/769
f 457/457/457 769/769/769 763/763/763
f 483/483/483 781/781/781 775/775/775
f 483/483/483 775/775/775 769/769/769
f 782/782/782 489/489/489 774/774/774
f 782/782/782 774/774/774 778/778/778
f 489/489/489 470/470/470 772/772/772
f 489/489/489 772/772/772 774/774/774
f 761/761/761 760/760/760 459/459/459
f 761/761/761 459/459/459 458/458/458
f 760/760/760 764/764/764 460/460/460
f 760/760/760 460/460/460 459/459/459
f 767/767/767 766/766/766 473/473/473
f 767/767/767 473/473/473 472/472/472
f 771/771/771 767/767/767 472/472/472
f 771/771/771 472/472/472 475/475/475
f 764/764/764 770/770/770 484/484/484
f 764/764/764 484/484/484 460/460/460
f 770/770/770 776/776/776 485/485/485
f 770/770/770 485/485/485 484/484/484
f 777/777/777 773/773/773 492/492/492
f 777/777/777 492/492/492 491/491/491
f 773/773/773 771/771/771 475/475/475
f 773/773/773 475/475/475 492/492/492
f 783/783/783 784/784/784 785/785/785
f 783/783/783 785/785/785 786/786/786
f 784/784/784 783/783/783 787/787/787
f 784/784/784 787/787/787 788/788/788
f 789/789/789 790/790/790 791/791/791
f 789/789/789 791/791/791 792/792/792
f 786/786/786 785/785/785 793/793/793
f 786/786/786 793/793/793 794/794/794
f 792/792/792 791/791/791 795/795/795
f 792/792/792 795/795/795 796/796/796
f 796/796/796 795/795/795 797/797/797
f 796/796/796 797/797/797 798/798/798
f 799/799/799 800/800/800 798/798/798
f 799/799/799 798/798/798 797/797/797
f 801/801/801 802/802/802 794/794/794
f 801/801/801 794/794/794 793/793/793
f 462/462/462 803/803/803 787/787/787
f 462/462/462 787/787/787 783/783/783
f 463/463/463 462/462/462 783/783/783
f 463/463/463 783/783/783 786/786/786
f 804/804/804 480/480/480 791/791/791
f 804/804/804 791/791/791 790/790/790
f 480/480/480 481/481/481 795/795/795
f 480/480/480 795/795/795 791/791/791
f 805/805/805 486/486/486 794/794/794
f 805/805/805 794/794/794 802/802/802
f 486/486/486 463/463/463 786/786/786
f 486/486/486 786/786/786 794/794/794
f 481/481/481 495/495/495 797/797/797
f 481/481/481 797/797/797 795/795/795
f 495/495/495 806/806/806 799/799/799
f 495/495/495 799/799/799 797/797/797
f 784/784/784 788/788/788 465/465/465
f 784/784/784 465/465/465 464/464/464
f 785/785/785 784/784/784 464/464/464
f 785/785/785 464/464/464 467/467/467
f 789/789/789 792/792/792 477/477/477
f 789/789/789 477/477/477 476/476/476
f 792/792/792 796/796/796 478/478/478
f 792/792/792 478/478/478 477/477/477
f 801/801/801 793/793/793 488/488/488
f 801/801/801 488/488/488 487/487/487
f 793/793/793 785/785/785 467/467/467
f 793/793/793 467/467/467 488/488/488
f 796/796/796 798/798/798 493/493/493
f 796/796/796 493/493/493 478/478/478
f 798/798/798 800/800/800 494/494/494
f 798/798/798 494/494/494 493/493/493
f 807/807/807 808/808/808 809/809/809
f 807/807/807 809/809/809 810/810/810
f 808/808/808 807/807/807 811/811/811
f 808/808/808 811/811/811 812/812/812
f 812/812/812 811/811/811 813/813/813
f 812/812/812 813/813/813 814/814/814
f 815/815/815 816/816/816 817/817/817
f 815/815/815 817/817/817 818/818/818
f 814/814/814 813/813/813 819/819/819
f 814/814/814 819/819/819 820/820/820
f 821/821/821 822/822/822 823/823/823
f 821/821/821 823/823/823 824/824/824
f 825/825/825 826/826/826 824/824/824
f 825/825/825 824/824/824 823/823/823
f 826/826/826 825/825/825 818/818/818
f 826/826/826 818/818/818 817/817/817
f 483/483/483 482/482/482 811/811/811
f 483/483/483 811/811/811 807/807/807
f 781/781/781 483/483/483 807/807/807
f 781/781/781 807/807/807 810/810/810
f 482/482/482 486/486/486 813/813/813
f 482/482/482 813/813/813 811/811/811
f 486/486/486 805/805/805 819/819/819
f 486/486/486 819/819/819 813/813/813
f 490/490/490 489/489/489 818/818/818
f 490/490/490 818/818/818 825/825/825
f 489/489/489 782/782/782 815/815/815
f 489/489/489 815/815/815 818/818/818
f 806/806/806 495/495/495 823/823/823
f 806/806/806 823/823/823 822/822/822
f 495/495/495 490/490/490 825/825/825
f 495/495/495 825/825/825 823/823/823
f 808/808/808 812/812/812 57/57/57
f 808/808/808 57/57/57 56/56/56
f 809/809/809 808/808/808 56/56/56
f 809/809/809 56/56/56 59/59/59
f 812/812/812 814/814/814 60/60/60
f 812/812/812 60/60/60 57/57/57
f 814/814/814 820/820/820 61/61/61
f 814/814/814 61/61/61 60/60/60
f 826/826/826 817/817/817 87/87/87
f 826/826/826 87/87/87 86/86/86
f 817/817/817 816/816/816 84/84/84
f 817/817/817 84/84/84 87/87/87
f 821/821/821 824/824/824 89/89/89
f 821/821/821 89/89/89 88/88/88
f 824/824/824 826/826/826 86/86/86
f 824/824/824 86/86/86 89/89/89
f 827/827/827 828/828/828 829/829/829
f 827/827/827 829/829/829 830/830/830
f 828/828/828 827/827/827 831/831/831
f 828/828/828 831/831/831 832/832/832
f 832/832/832 831/831/831 833/833/833
f 832/832/832 833/833/833 834/834/834
f 835/835/835 836/836/836 837/837/837
f 835/835/835 837/837/837 838/838/838
f 834/834/834 833/833/833 839/839/839
f 834/834/834 839/839/839 840/840/840
f 841/841/841 842/842/842 843/843/843
f 841/841/841 843/843/843 844/844/844
f 845/845/845 846/846/846 844/844/844
f 845/845/845 844/844/844 843/843/843
f 846/846/846 845/845/845 838/838/838
f 846/846/846 838/838/838 837/837/837
f 441/441/441 440/440/440 831/831/831
f 441/441/441 831/831/831 827/827/827
f 443/443/443 441/441/441 827/827/827
f 443/443/443 827/827/827 830/830/830
f 440/440/440 444/444/444 833/833/833
f 440/440/440 833/833/833 831/831/831
f 444/444/444 446/446/446 839/839/839
f 444/444/444 839/839/839 833/833/833
f 448/448/448 447/447/447 838/838/838
f 448/448/448 838/838/838 845/845/845
f 447/447/447 450/450/450 835/835/835
f 447/447/447 835/835/835 838/838/838
f 453/453/453 452/452/452 843/843/843
f 453/453/453 843/843/843 842/842/842
f 452/452/452 448/448/448 845/845/845
f 452/452/452 845/845/845 843/843/843
f 828/828/828 832/832/832 455/455/455
f 828/828/828 455/455/455 454/454/454
f 829/829/829 828/828/828 454/454/454
f 829/829/829 454/454/454 779/779/779
f 832/832/832 834/834/834 462/462/462
f 832/832/832 462/462/462 455/455/455
f 834/834/834 840/840/840 803/803/803
f 834/834/834 803/803/803 462/462/462
f 846/846/846 837/837/837 469/469/469
f 846/846/846 469/469/469 468/468/468
f 837/837/837 836/836/836 780/780/780
f 837/837/837 780/780/780 469/469/469
f 841/841/841 844/844/844 480/480/480
f 841/841/841 480/480/480 804/804/804
f 844/844/844 846/846/846 468/468/468
f 844/844/844 468/468/468 480/480/480
f 847/847/847 848/848/848 849/849/849
f 847/847/847 849/849/849 850/850/850
f 848/848/848 847/847/847 851/851/851
f 848/848/848 851/851/851 852/852/852
f 852/852/852 851/851/851 853/853/853
f 852/852/852 853/853/853 854/854/854
f 855/855/855 856/856/856 857/857/857
f 855/855/855 857/857/857 858/858/858
f 859/859/859 860/860/860 861/861/861
f 859/859/859 861/861/861 862/862/862
f 860/860/860 859/859/859 850/850/850
f 860/860/860 850/850/850 849/849/849
f 862/862/862 861/861/861 863/863/863
f 862/862/862 863/863/863 864/864/864
f 25/25/25 24/24/24 858/858/858
f 25/25/25 858/858/858 857/857/857
f 220/220/220 219/219/219 230/230/230
f 220/220/220 230/230/230 856/856/856
f 225/225/225 226/226/226 847/847/847
f 225/225/225 847/847/847 234/234/234
f 226/226/226 227/227/227 851/851/851
f 226/226/226 851/851/851 847/847/847
f 227/227/227 228/228/228 853/853/853
f 227/227/227 853/853/853 851/851/851
f 856/856/856 230/230/230 236/236/236
f 856/856/856 236/236/236 857/857/857
f 234/234/234 847/847/847 850/850/850
f 234/234/234 850/850/850 240/240/240
f 857/857/857 236/236/236 248/248/248
f 857/857/857 248/248/248 25/25/25
f 240/240/240 850/850/850 859/859/859
f 240/240/240 859/859/859 252/252/252
f 252/252/252 859/859/859 274/274/274
f 252/252/252 274/274/274 266/266/266
f 859/859/859 862/862/862 865/865/865
f 859/859/859 865/865/865 274/274/274
f 862/862/862 864/864/864 866/866/866
f 862/862/862 866/866/866 865/865/865
f 848/848/848 852/852/852 867/867/867
f 848/848/848 867/867/867 868/868/868
f 849/849/849 848/848/848 868/868/868
f 849/849/849 868/868/868 869/869/869
f 852/852/852 854/854/854 870/870/870
f 852/852/852 870/870/870 867/867/867
f 855/855/855 858/858/858 871/871/871
f 855/855/855 871/871/871 872/872/872
f 861/861/861 860/860/860 873/873/873
f 861/861/861 873/873/873 874/874/874
f 860/860/860 849/849/849 869/869/869
f 860/860/860 869/869/869 873/873/873
f 858/858/858 24/24/24 875/875/875
f 858/858/858 875/875/875 871/871/871
f 863/863/863 861/861/861 874/874/874
f 863/863/863 874/874/874 876/876/876
f 877/877/877 878/878/878 879/879/879
f 877/877/877 879/879/879 880/880/880
f 878/878/878 877/877/877 881/881/881
f 878/878/878 881/881/881 882/882/882
f 882/882/882 881/881/881 883/883/883
f 882/882/882 883/883/883 884/884/884
f 880/880/880 879/879/879 885/885/885
f 880/880/880 885/885/885 886/886/886
f 887/887/887 888/888/888 889/889/889
f 887/887/887 889/889/889 890/890/890
f 890/890/890 889/889/889 891/891/891
f 890/890/890 891/891/891 892/892/892
f 893/893/893 894/894/894 895/895/895
f 893/893/893 895/895/895 896/896/896
f 894/894/894 893/893/893 886/886/886
f 894/894/894 886/886/886 885/885/885
f 868/868/868 867/867/867 881/881/881
f 868/868/868 881/881/881 877/877/877
f 869/869/869 868/868/868 877/877/877
f 869/869/869 877/877/877 880/880/880
f 867/867/867 870/870/870 883/883/883
f 867/867/867 883/883/883 881/881/881
f 872/872/872 871/871/871 889/889/889
f 872/872/872 889/889/889 888/888/888
f 874/874/874 873/873/873 886/886/886
f 874/874/874 886/886/886 893/893/893
f 873/873/873 869/869/869 880/880/880
f 873/873/873 880/880/880 886/886/886
f 871/871/871 875/875/875 891/891/891
f 871/871/871 891/891/891 889/889/889
f 876/876/876 874/874/874 893/893/893
f 876/876/876 893/893/893 896/896/896
f 878/878/878 882/882/882 897/897/897
f 878/878/878 897/897/897 898/898/898
f 879/879/879 878/878/878 898/898/898
f 879/879/879 898/898/898 899/899/899
f 882/882/882 884/884/884 900/900/900
f 882/882/882 900/900/900 897/897/897
f 887/887/887 890/890/890 901/901/901
f 887/887/887 901/901/901 902/902/902
f 894/894/894 885/885/885 903/903/903
f 894/894/894 903/903/903 904/904/904
f 885/885/885 879/879/879 899/899/899
f 885/885/885 899/899/899 903/903/903
f 890/890/890 892/892/892 905/905/905
f 890/890/890 905/905/905 901/901/901
f 895/895/895 894/894/894 904/904/904
f 895/895/895 904/904/904 906/906/906
f 907/907/907 908/908/908 909/909/909
f 907/907/907 909/909/909 910/910/910
f 908/908/908 907/907/907 911/911/911
f 908/908/908 911/911/911 912/912/912
f 912/912/912 911/911/911 913/913/913
f 912/912/912 913/913/913 914/914/914
f 910/910/910 909/909/909 915/915/915
f 910/910/910 915/915/915 916/916/916
f 917/917/917 918/918/918 919/919/919
f 917/917/917 919/919/919 920/920/920
f 920/920/920 919/919/919 921/921/921
f 920/920/920 921/921/921 922/922/922
f 923/923/923 924/924/924 925/925/925
f 923/923/923 925/925/925 926/926/926
f 924/924/924 923/923/923 916/916/916
f 924/924/924 916/916/916 915/915/915
f 898/898/898 897/897/897 911/911/911
f 898/898/898 911/911/911 907/907/907
f 899/899/899 898/898/898 907/907/907
f 899/899/899 907/907/907 910/910/910
f 897/897/897 900/900/900 913/913/913
f 897/897/897 913/913/913 911/911/911
f 902/902/902 901/901/901 919/919/919
f 902/902/902 919/919/919 918/918/918
f 904/904/904 903/903/903 916/916/916
f 904/904/904 916/916/916 923/923/923
f 903/903/903 899/899/899 910/910/910
f 903/903/903 910/910/910 916/916/916
f 901/901/901 905/905/905 921/921/921
f 901/901/901 921/921/921 919/919/919
f 906/906/906 904/904/904 923/923/923
f 906/906/906 923/923/923 926/926/926
f 908/908/908 912/912/912 589/589/589
f 908/908/908 589/589/589 588/588/588
f 909/909/909 908/908/908 588/588/588
f 909/909/909 588/588/588 592/592/592
f 912/912/912 914/914/914 627/627/627
f 912/912/912 627/627/627 589/589/589
f 917/917/917 920/920/920 606/606/606
f 917/917/917 606/606/606 632/632/632
f 924/924/924 915/915/915 603/603/603
f 924/924/924 603/603/603 602/602/602
f 915/915/915 909/909/909 592/592/592
f 915/915/915 592/592/592 603/603/603
f 920/920/920 922/922/922 607/607/607
f 920/920/920 607/607/607 606/606/606
f 925/925/925 924/924/924 602/602/602
f 925/925/925 602/602/602 610/610/610
f 927/927/927 928/928/928 929/929/929
f 927/927/927 929/929/929 930/930/930
f 931/931/931 932/932/932 933/933/933
f 931/931/931 933/933/933 934/934/934
f 934/934/934 933/933/933 935/935/935
f 934/934/934 935/935/935 936/936/936
f 936/936/936 935/935/935 937/937/937
f 936/936/936 937/937/937 938/938/938
f 930/930/930 929/929/929 939/939/939
f 930/930/930 939/939/939 940/940/940
f 940/940/940 939/939/939 941/941/941
f 940/940/940 941/941/941 942/942/942
f 938/938/938 937/937/937 943/943/943
f 938/938/938 943/943/943 944/944/944
f 945/945/945 946/946/946 947/947/947
f 945/945/945 947/947/947 948/948/948
f 931/931/931 934/934/934 277/277/277
f 931/931/931 277/277/277 276/276/276
f 934/934/934 936/936/936 278/278/278
f 934/934/934 278/278/278 277/277/277
f 929/929/929 928/928/928 290/290/290
f 929/929/929 290/290/290 289/289/289
f 939/939/939 929/929/929 289/289/289
f 939/939/939 289/289/289 292/292/292
f 936/936/936 938/938/938 293/293/293
f 936/936/936 293/293/293 278/278/278
f 938/938/938 944/944/944 949/949/949
f 938/938/938 949/949/949 293/293/293
f 945/945/945 948/948/948 950/950/950
f 945/945/945 950/950/950 951/951/951
f 941/941/941 939/939/939 292/292/292
f 941/941/941 292/292/292 302/302/302
f 952/952/952 953/953/953 954/954/954
f 952/952/952 954/954/954 955/955/955
f 956/956/956 957/957/957 958/958/958
f 956/956/956 958/958/958 959/959/959
f 959/959/959 958/958/958 960/960/960
f 959/959/959 960/960/960 961/961/961
f 961/961/961 960/960/960 962/962/962
f 961/961/961 962/962/962 963/963/963
f 955/955/955 954/954/954 964/964/964
f 955/955/955 964/964/964 965/965/965
f 965/965/965 964/964/964 966/966/966
f 965/965/965 966/966/966 967/967/967
f 963/963/963 962/962/962 968/968/968
f 963/963/963 968/968/968 969/969/969
f 970/970/970 971/971/971 972/972/972
f 970/970/970 972/972/972 973/973/973
f 974/974/974 975/975/975 958/958/958
f 974/974/974 958/958/958 957/957/957
f 975/975/975 976/976/976 960/960/960
f 975/975/975 960/960/960 958/958/958
f 977/977/977 978/978/978 952/952/952
f 977/977/977 952/952/952 955/955/955
f 979/979/979 977/977/977 955/955/955
f 979/979/979 955/955/955 965/965/965
f 976/976/976 980/980/980 962/962/962
f 976/976/976 962/962/962 960/960/960
f 980/980/980 981/981/981 968/968/968
f 980/980/980 968/968/968 962/962/962
f 982/982/982 983/983/983 972/972/972
f 982/982/982 972/972/972 971/971/971
f 984/984/984 979/979/979 965/965/965
f 984/984/984 965/965/965 967/967/967
f 956/956/956 959/959/959 933/933/933
f 956/956/956 933/933/933 932/932/932
f 959/959/959 961/961/961 935/935/935
f 959/959/959 935/935/935 933/933/933
f 954/954/954 953/953/953 927/927/927
f 954/954/954 927/927/927 930/930/930
f 964/964/964 954/954/954 930/930/930
f 964/964/964 930/930/930 940/940/940
f 961/961/961 963/963/963 937/937/937
f 961/961/961 937/937/937 935/935/935
f 963/963/963 969/969/969 943/943/943
f 963/963/963 943/943/943 937/937/937
f 970/970/970 973/973/973 947/947/947
f 970/970/970 947/947/947 946/946/946
f 966/966/966 964/964/964 940/940/940
f 966/966/966 940/940/940 942/942/942
f 413/413/413 416/416/416 985/985/985
f 413/413/413 985/985/985 986/986/986
f 434/434/434 437/437/437 987/987/987
f 434/434/434 987/987/987 988/988/988
f 412/412/412 411/411/411 989/989/989
f 412/412/412 989/989/989 990/990/990
f 991/991/991 992/992/992 11/11/11
f 991/991/991 11/11/11 10/10/10
f 992/992/992 993/993/993 13/13/13
f 992/992/992 13/13/13 11/11/11
f 994/994/994 995/995/995 15/15/15
f 994/994/994 15/15/15 14/14/14
f 995/995/995 996/996/996 17/17/17
f 995/995/995 17/17/17 15/15/15
f 996/996/996 997/997/997 18/18/18
f 996/996/996 18/18/18 17/17/17
f 997/997/997 998/998/998 19/19/19
f 997/997/997 19/19/19 18/18/18
f 998/998/998 999/999/999 20/20/20
f 998/998/998 20/20/20 19/19/19
f 1000/1000/1000 1001/1001/1001 22/22/22
f 1000/1000/1000 22/22/22 21/21/21
f 1002/1002/1002 1001/1001/1001 1000/1000/1000
f 1002/1002/1002 1000/1000/1000 1003/1003/1003
f 989/989/989 1004/1004/1004 1005/1005/1005
f 989/989/989 1005/1005/1005 990/990/990
f 1004/1004/1004 1002/1002/1002 1003/1003/1003
f 1004/1004/1004 1003/1003/1003 1005/1005/1005
f 991/991/991 1006/1006/1006 1007/1007/1007
f 991/991/991 1007/1007/1007 992/992/992
f 1006/1006/1006 1008/1008/1008 1009/1009/1009
f 1006/1006/1006 1009/1009/1009 1007/1007/1007
f 1008/1008/1008 986/986/986 985/985/985
f 1008/1008/1008 985/985/985 1009/1009/1009
f 992/992/992 1007/1007/1007 1010/1010/1010
f 992/992/992 1010/1010/1010 993/993/993
f 994/994/994 1011/1011/1011 1012/1012/1012
f 994/994/994 1012/1012/1012 995/995/995
f 1013/1013/1013 1014/1014/1014 1015/1015/1015
f 1013/1013/1013 1015/1015/1015 1016/1016/1016
f 995/995/995 1012/1012/1012 1017/1017/1017
f 995/995/995 1017/1017/1017 996/996/996
f 1016/1016/1016 1015/1015/1015 1018/1018/1018
f 1016/1016/1016 1018/1018/1018 1019/1019/1019
f 996/996/996 1017/1017/1017 1020/1020/1020
f 996/996/996 1020/1020/1020 997/997/997
f 997/997/997 1020/1020/1020 1021/1021/1021
f 997/997/997 1021/1021/1021 998/998/998
f 1020/1020/1020 1022/1022/1022 1023/1023/1023
f 1020/1020/1020 1023/1023/1023 1021/1021/1021
f 1022/1022/1022 1024/1024/1024 988/988/988
f 1022/1022/1022 988/988/988 1023/1023/1023
f 998/998/998 1021/1021/1021 1025/1025/1025
f 998/998/998 1025/1025/1025 999/999/999
f 1021/1021/1021 1023/1023/1023 1026/1026/1026
f 1021/1021/1021 1026/1026/1026 1025/1025/1025
f 1023/1023/1023 988/988/988 987/987/987
f 1023/1023/1023 987/987/987 1026/1026/1026
f 1027/1027/1027 1028/1028/1028 1029/1029/1029
f 1027/1027/1027 1029/1029/1029 1030/1030/1030
f 1031/1031/1031 1032/1032/1032 1033/1033/1033
f 1031/1031/1031 1033/1033/1033 1034/1034/1034
f 1032/1032/1032 1035/1035/1035 1036/1036/1036
f 1032/1032/1032 1036/1036/1036 1033/1033/1033
f 1028/1028/1028 1037/1037/1037 1038/1038/1038
f 1028/1028/1028 1038/1038/1038 1029/1029/1029
f 1037/1037/1037 1039/1039/1039 1040/1040/1040
f 1037/1037/1037 1040/1040/1040 1041/1041/1041
f 1039/1039/1039 1031/1031/1031 1034/1034/1034
f 1039/1039/1039 1034/1034/1034 1040/1040/1040
f 1042/1042/1042 1043/1043/1043 1044/1044/1044
f 1042/1042/1042 1044/1044/1044 1045/1045/1045
f 1046/1046/1046 1047/1047/1047 431/431/431
f 1046/1046/1046 431/431/431 430/430/430
f 1047/1047/1047 1048/1048/1048 428/428/428
f 1047/1047/1047 428/428/428 431/431/431
f 1043/1043/1043 1049/1049/1049 1050/1050/1050
f 1043/1043/1043 1050/1050/1050 1044/1044/1044
f 1051/1051/1051 1052/1052/1052 433/433/433
f 1051/1051/1051 433/433/433 432/432/432
f 1052/1052/1052 1046/1046/1046 430/430/430
f 1052/1052/1052 430/430/430 433/433/433
f 1036/1036/1036 1053/1053/1053 1054/1054/1054
f 1036/1036/1036 1054/1054/1054 1033/1033/1033
f 1053/1053/1053 1048/1048/1048 1047/1047/1047
f 1053/1053/1053 1047/1047/1047 1054/1054/1054
f 1042/1042/1042 1055/1055/1055 1056/1056/1056
f 1042/1042/1042 1056/1056/1056 1043/1043/1043
f 1055/1055/1055 1030/1030/1030 1029/1029/1029
f 1055/1055/1055 1029/1029/1029 1056/1056/1056
f 1034/1034/1034 1057/1057/1057 1058/1058/1058
f 1034/1034/1034 1058/1058/1058 1040/1040/1040
f 1057/1057/1057 1046/1046/1046 1052/1052/1052
f 1057/1057/1057 1052/1052/1052 1058/1058/1058
f 1046/1046/1046 1057/1057/1057 1054/1054/1054
f 1046/1046/1046 1054/1054/1054 1047/1047/1047
f 1057/1057/1057 1034/1034/1034 1033/1033/1033
f 1057/1057/1057 1033/1033/1033 1054/1054/1054
f 1043/1043/1043 1056/1056/1056 1059/1059/1059
f 1043/1043/1043 1059/1059/1059 1049/1049/1049
f 1056/1056/1056 1029/1029/1029 1038/1038/1038
f 1056/1056/1056 1038/1038/1038 1059/1059/1059
f 1051/1051/1051 1060/1060/1060 1058/1058/1058
f 1051/1051/1051 1058/1058/1058 1052/1052/1052
f 1060/1060/1060 1041/1041/1041 1040/1040/1040
f 1060/1060/1060 1040/1040/1040 1058/1058/1058
f 1061/1061/1061 1062/1062/1062 1063/1063/1063
f 1061/1061/1061 1063/1063/1063 1064/1064/1064
f 1065/1065/1065 1066/1066/1066 28/28/28
f 1065/1065/1065 28/28/28 27/27/27
f 27/27/27 29/29/29 1067/1067/1067
f 27/27/27 1067/1067/1067 1068/1068/1068
f 1064/1064/1064 1063/1063/1063 1069/1069/1069
f 1064/1064/1064 1069/1069/1069 1070/1070/1070
f 1071/1071/1071 1072/1072/1072 1073/1073/1073
f 1071/1071/1071 1073/1073/1073 1074/1074/1074
f 1075/1075/1075 1076/1076/1076 31/31/31
f 1075/1075/1075 31/31/31 30/30/30
f 32/32/32 31/31/31 1068/1068/1068
f 32/32/32 1068/1068/1068 1067/1067/1067
f 35/35/35 34/34/34 1070/1070/1070
f 35/35/35 1070/1070/1070 1069/1069/1069
f 1077/1077/1077 257/257/257 28/28/28
f 1077/1077/1077 28/28/28 1066/1066/1066
f 274/274/274 865/865/865 1064/1064/1064
f 274/274/274 1064/1064/1064 275/275/275
f 865/865/865 866/866/866 1061/1061/1061
f 865/865/865 1061/1061/1061 1064/1064/1064
f 1067/1067/1067 29/29/29 280/280/280
f 1067/1067/1067 280/280/280 283/283/283
f 275/275/275 1064/1064/1064 1070/1070/1070
f 275/275/275 1070/1070/1070 288/288/288
f 1067/1067/1067 283/283/283 296/296/296
f 1067/1067/1067 296/296/296 32/32/32
f 288/288/288 1070/1070/1070 34/34/34
f 288/288/288 34/34/34 300/300/300
f 1075/1075/1075 30/30/30 418/418/418
f 1075/1075/1075 418/418/418 417/417/417
f 1073/1073/1073 1072/1072/1072 407/407/407
f 1073/1073/1073 407/407/407 410/410/410
f 1078/1078/1078 1079/1079/1079 38/38/38
f 1078/1078/1078 38/38/38 37/37/37
f 1079/1079/1079 1078/1078/1078 40/40/40
f 1079/1079/1079 40/40/40 39/39/39
f 36/36/36 38/38/38 1080/1080/1080
f 36/36/36 1080/1080/1080 1081/1081/1081
f 1082/1082/1082 1083/1083/1083 43/43/43
f 1082/1082/1082 43/43/43 42/42/42
f 1084/1084/1084 1085/1085/1085 1086/1086/1086
f 1084/1084/1084 1086/1086/1086 1087/1087/1087
f 1087/1087/1087 1086/1086/1086 46/46/46
f 1087/1087/1087 46/46/46 45/45/45
f 44/44/44 43/43/43 1088/1088/1088
f 44/44/44 1088/1088/1088 1089/1089/1089
f 45/45/45 47/47/47 1089/1089/1089
f 45/45/45 1089/1089/1089 1088/1088/1088
f 298/298/298 297/297/297 1086/1086/1086
f 298/298/298 1086/1086/1086 1085/1085/1085
f 297/297/297 299/299/299 46/46/46
f 297/297/297 46/46/46 1086/1086/1086
f 420/420/420 419/419/419 1078/1078/1078
f 420/420/420 1078/1078/1078 37/37/37
f 419/419/419 421/421/421 40/40/40
f 419/419/419 40/40/40 1078/1078/1078
f 44/44/44 1089/1089/1089 435/435/435
f 44/44/44 435/435/435 434/434/434
f 1089/1089/1089 47/47/47 438/438/438
f 1089/1089/1089 438/438/438 435/435/435
f 38/38/38 1079/1079/1079 1090/1090/1090
f 38/38/38 1090/1090/1090 1091/1091/1091
f 1080/1080/1080 38/38/38 1091/1091/1091
f 1080/1080/1080 1091/1091/1091 1092/1092/1092
f 1079/1079/1079 39/39/39 1093/1093/1093
f 1079/1079/1079 1093/1093/1093 1090/1090/1090
f 1084/1084/1084 1087/1087/1087 1037/1037/1037
f 1084/1084/1084 1037/1037/1037 1094/1094/1094
f 1088/1088/1088 43/43/43 1032/1032/1032
f 1088/1088/1088 1032/1032/1032 1031/1031/1031
f 43/43/43 1083/1083/1083 1035/1035/1035
f 43/43/43 1035/1035/1035 1032/1032/1032
f 1087/1087/1087 45/45/45 1039/1039/1039
f 1087/1087/1087 1039/1039/1039 1037/1037/1037
f 45/45/45 1088/1088/1088 1031/1031/1031
f 45/45/45 1031/1031/1031 1039/1039/1039
f 1091/1091/1091 1090/1090/1090 1095/1095/1095
f 1091/1091/1091 1095/1095/1095 1096/1096/1096
f 1028/1028/1028 1027/1027/1027 1097/1097/1097
f 1028/1028/1028 1097/1097/1097 1098/1098/1098
f 1092/1092/1092 1091/1091/1091 1096/1096/1096
f 1092/1092/1092 1096/1096/1096 1099/1099/1099
f 1090/1090/1090 1093/1093/1093 1100/1100/1100
f 1090/1090/1090 1100/1100/1100 1095/1095/1095
f 1094/1094/1094 1037/1037/1037 1101/1101/1101
f 1094/1094/1094 1101/1101/1101 1102/1102/1102
f 1037/1037/1037 1028/1028/1028 1098/1098/1098
f 1037/1037/1037 1098/1098/1098 1101/1101/1101
f 1103/1103/1103 1104/1104/1104 423/423/423
f 1103/1103/1103 423/423/423 422/422/422
f 1105/1105/1105 1106/1106/1106 425/425/425
f 1105/1105/1105 425/425/425 424/424/424
f 1106/1106/1106 1103/1103/1103 422/422/422
f 1106/1106/1106 422/422/422 425/425/425
f 1104/1104/1104 1107/1107/1107 426/426/426
f 1104/1104/1104 426/426/426 423/423/423
f 1108/1108/1108 1109/1109/1109 1110/1110/1110
f 1108/1108/1108 1110/1110/1110 1111/1111/1111
f 1112/1112/1112 1105/1105/1105 424/424/424
f 1112/1112/1112 424/424/424 427/427/427
f 1113/1113/1113 1103/1103/1103 1106/1106/1106
f 1113/1113/1113 1106/1106/1106 1114/1114/1114
f 1096/1096/1096 1115/1115/1115 1116/1116/1116
f 1096/1096/1096 1116/1116/1116 1099/1099/1099
f 1115/1115/1115 1113/1113/1113 1114/1114/1114
f 1115/1115/1115 1114/1114/1114 1116/1116/1116
f 1103/1103/1103 1113/1113/1113 1117/1117/1117
f 1103/1103/1103 1117/1117/1117 1104/1104/1104
f 1113/1113/1113 1115/1115/1115 1118/1118/1118
f 1113/1113/1113 1118/1118/1118 1117/1117/1117
f 1115/1115/1115 1096/1096/1096 1095/1095/1095
f 1115/1115/1115 1095/1095/1095 1118/1118/1118
f 1119/1119/1119 1105/1105/1105 1112/1112/1112
f 1119/1119/1119 1112/1112/1112 1120/1120/1120
f 1121/1121/1121 1122/1122/1122 1123/1123/1123
f 1121/1121/1121 1123/1123/1123 1124/1124/1124
f 1125/1125/1125 1119/1119/1119 1120/1120/1120
f 1125/1125/1125 1120/1120/1120 1126/1126/1126
f 1105/1105/1105 1119/1119/1119 1114/1114/1114
f 1105/1105/1105 1114/1114/1114 1106/1106/1106
f 1119/1119/1119 1125/1125/1125 1116/1116/1116
f 1119/1119/1119 1116/1116/1116 1114/1114/1114
f 1122/1122/1122 1121/1121/1121 1127/1127/1127
f 1122/1122/1122 1127/1127/1127 1128/1128/1128
f 1104/1104/1104 1117/1117/1117 1129/1129/1129
f 1104/1104/1104 1129/1129/1129 1107/1107/1107
f 1117/1117/1117 1118/1118/1118 1130/1130/1130
f 1117/1117/1117 1130/1130/1130 1129/1129/1129
f 1118/1118/1118 1095/1095/1095 1100/1100/1100
f 1118/1118/1118 1100/1100/1100 1130/1130/1130
f 1108/1108/1108 1131/1131/1131 1132/1132/1132
f 1108/1108/1108 1132/1132/1132 1109/1109/1109
f 1131/1131/1131 1133/1133/1133 1134/1134/1134
f 1131/1131/1131 1134/1134/1134 1132/1132/1132
f 1133/1133/1133 1102/1102/1102 1101/1101/1101
f 1133/1133/1133 1101/1101/1101 1134/1134/1134
f 631/631/631 630/630/630 640/640/640
f 631/631/631 640/640/640 639/639/639
f 635/635/635 636/636/636 644/644/644
f 635/635/635 644/644/644 643/643/643
f 633/633/633 635/635/635 643/643/643
f 633/633/633 643/643/643 642/642/642
f 634/634/634 633/633/633 642/642/642
f 634/634/634 642/642/642 641/641/641
f 629/629/629 628/628/628 638/638/638
f 629/629/629 638/638/638 637/637/637
f 630/630/630 629/629/629 637/637/637
f 630/630/630 637/637/637 640/640/640
f 1125/1125/1125 1126/1126/1126 1135/1135/1135
f 1125/1125/1125 1135/1135/1135 1136/1136/1136
f 1134/1134/1134 1101/1101/1101 1137/1137/1137
f 1134/1134/1134 1137/1137/1137 1138/1138/1138
f 1101/1101/1101 1098/1098/1098 1139/1139/1139
f 1101/1101/1101 1139/1139/1139 1137/1137/1137
f 1098/1098/1098 1097/1097/1097 1140/1140/1140
f 1098/1098/1098 1140/1140/1140 1139/1139/1139
f 1099/1099/1099 1116/1116/1116 1141/1141/1141
f 1099/1099/1099 1141/1141/1141 1142/1142/1142
f 1116/1116/1116 1125/1125/1125 1136/1136/1136
f 1116/1116/1116 1136/1136/1136 1141/1141/1141
f 1143/1143/1143 1144/1144/1144 1145/1145/1145
f 1143/1143/1143 1145/1145/1145 1146/1146/1146
f 1147/1147/1147 1148/1148/1148 1149/1149/1149
f 1147/1147/1147 1149/1149/1149 1150/1150/1150
f 1146/1146/1146 1145/1145/1145 1151/1151/1151
f 1146/1146/1146 1151/1151/1151 1152/1152/1152
f 1150/1150/1150 1149/1149/1149 1153/1153/1153
f 1150/1150/1150 1153/1153/1153 1154/1154/1154
f 1155/1155/1155 1156/1156/1156 1157/1157/1157
f 1155/1155/1155 1157/1157/1157 1158/1158/1158
f 1158/1158/1158 1157/1157/1157 1152/1152/1152
f 1158/1158/1158 1152/1152/1152 1151/1151/1151
f 416/416/416 420/420/420 1148/1148/1148
f 416/416/416 1148/1148/1148 985/985/985
f 1007/1007/1007 1009/1009/1009 1159/1159/1159
f 1007/1007/1007 1159/1159/1159 1010/1010/1010
f 1009/1009/1009 985/985/985 1148/1148/1148
f 1009/1009/1009 1148/1148/1148 1159/1159/1159
f 1011/1011/1011 1146/1146/1146 1152/1152/1152
f 1011/1011/1011 1152/1152/1152 1012/1012/1012
f 1012/1012/1012 1152/1152/1152 1157/1157/1157
f 1012/1012/1012 1157/1157/1157 1017/1017/1017
f 1017/1017/1017 1157/1157/1157 1022/1022/1022
f 1017/1017/1017 1022/1022/1022 1020/1020/1020
f 1157/1157/1157 1156/1156/1156 1024/1024/1024
f 1157/1157/1157 1024/1024/1024 1022/1022/1022
f 36/36/36 1081/1081/1081 1153/1153/1153
f 36/36/36 1153/1153/1153 1149/1149/1149
f 1082/1082/1082 42/42/42 1024/1024/1024
f 1082/1082/1082 1024/1024/1024 1156/1156/1156
f 1145/1145/1145 1144/1144/1144 1160/1160/1160
f 1145/1145/1145 1160/1160/1160 1161/1161/1161
f 1147/1147/1147 1150/1150/1150 1162/1162/1162
f 1147/1147/1147 1162/1162/1162 1163/1163/1163
f 1151/1151/1151 1145/1145/1145 1161/1161/1161
f 1151/1151/1151 1161/1161/1161 1164/1164/1164
f 1150/1150/1150 1154/1154/1154 1165/1165/1165
f 1150/1150/1150 1165/1165/1165 1162/1162/1162
f 1155/1155/1155 1158/1158/1158 1166/1166/1166
f 1155/1155/1155 1166/1166/1166 1167/1167/1167
f 1158/1158/1158 1151/1151/1151 1164/1164/1164
f 1158/1158/1158 1164/1164/1164 1166/1166/1166
f 1168/1168/1168 1169/1169/1169 1170/1170/1170
f 1168/1168/1168 1170/1170/1170 1171/1171/1171
f 1172/1172/1172 1173/1173/1173 1174/1174/1174
f 1172/1172/1172 1174/1174/1174 1175/1175/1175
f 1175/1175/1175 1174/1174/1174 1176/1176/1176
f 1175/1175/1175 1176/1176/1176 1177/1177/1177
f 1177/1177/1177 1176/1176/1176 1178/1178/1178
f 1177/1177/1177 1178/1178/1178 1179/1179/1179
f 1171/1171/1171 1170/1170/1170 1180/1180/1180
f 1171/1171/1171 1180/1180/1180 1181/1181/1181
f 1181/1181/1181 1180/1180/1180 1182/1182/1182
f 1181/1181/1181 1182/1182/1182 1183/1183/1183
f 1179/1179/1179 1178/1178/1178 1184/1184/1184
f 1179/1179/1179 1184/1184/1184 1185/1185/1185
f 1186/1186/1186 1187/1187/1187 1188/1188/1188
f 1186/1186/1186 1188/1188/1188 1189/1189/1189
f 1065/1065/1065 27/27/27 1174/1174/1174
f 1065/1065/1065 1174/1174/1174 1173/1173/1173
f 27/27/27 1068/1068/1068 1176/1176/1176
f 27/27/27 1176/1176/1176 1174/1174/1174
f 1063/1063/1063 1062/1062/1062 1168/1168/1168
f 1063/1063/1063 1168/1168/1168 1171/1171/1171
f 1069/1069/1069 1063/1063/1063 1171/1171/1171
f 1069/1069/1069 1171/1171/1171 1181/1181/1181
f 1068/1068/1068 31/31/31 1178/1178/1178
f 1068/1068/1068 1178/1178/1178 1176/1176/1176
f 31/31/31 1076/1076/1076 1184/1184/1184
f 31/31/31 1184/1184/1184 1178/1178/1178
f 1071/1071/1071 1074/1074/1074 1188/1188/1188
f 1071/1071/1071 1188/1188/1188 1187/1187/1187
f 35/35/35 1069/1069/1069 1181/1181/1181
f 35/35/35 1181/1181/1181 1183/1183/1183
f 1170/1170/1170 1169/1169/1169 978/978/978
f 1170/1170/1170 978/978/978 977/977/977
f 1172/1172/1172 1175/1175/1175 975/975/975
f 1172/1172/1172 975/975/975 974/974/974
f 1175/1175/1175 1177/1177/1177 976/976/976
f 1175/1175/1175 976/976/976 975/975/975
f 1177/1177/1177 1179/1179/1179 980/980/980
f 1177/1177/1177 980/980/980 976/976/976
f 1179/1179/1179 1185/1185/1185 981/981/981
f 1179/1179/1179 981/981/981 980/980/980
f 1186/1186/1186 1189/1189/1189 983/983/983
f 1186/1186/1186 983/983/983 982/982/982
f 1182/1182/1182 1180/1180/1180 979/979/979
f 1182/1182/1182 979/979/979 984/984/984
f 1180/1180/1180 1170/1170/1170 977/977/977
f 1180/1180/1180 977/977/977 979/979/979
f 1190/1190/1190 1191/1191/1191 1192/1192/1192
f 1190/1190/1190 1192/1192/1192 1193/1193/1193
f 1191/1191/1191 1190/1190/1190 1194/1194/1194
f 1191/1191/1191 1194/1194/1194 1195/1195/1195
f 1196/1196/1196 1197/1197/1197 1198/1198/1198
f 1196/1196/1196 1198/1198/1198 1199/1199/1199
f 1199/1199/1199 1198/1198/1198 1200/1200/1200
f 1199/1199/1199 1200/1200/1200 1201/1201/1201
f 1201/1201/1201 1200/1200/1200 1202/1202/1202
f 1201/1201/1201 1202/1202/1202 1203/1203/1203
f 1204/1204/1204 1205/1205/1205 1193/1193/1193
f 1204/1204/1204 1193/1193/1193 1192/1192/1192
f 1136/1136/1136 1135/1135/1135 1194/1194/1194
f 1136/1136/1136 1194/1194/1194 1190/1190/1190
f 1138/1138/1138 1137/1137/1137 1198/1198/1198
f 1138/1138/1138 1198/1198/1198 1197/1197/1197
f 1137/1137/1137 1139/1139/1139 1200/1200/1200
f 1137/1137/1137 1200/1200/1200 1198/1198/1198
f 1139/1139/1139 1140/1140/1140 1202/1202/1202
f 1139/1139/1139 1202/1202/1202 1200/1200/1200
f 1142/1142/1142 1141/1141/1141 1193/1193/1193
f 1142/1142/1142 1193/1193/1193 1205/1205/1205
f 1141/1141/1141 1136/1136/1136 1190/1190/1190
f 1141/1141/1141 1190/1190/1190 1193/1193/1193
f 1191/1191/1191 1195/1195/1195 1123/1123/1123
f 1191/1191/1191 1123/1123/1123 1122/1122/1122
f 1196/1196/1196 1199/1199/1199 1206/1206/1206
f 1196/1196/1196 1206/1206/1206 1207/1207/1207
f 1199/1199/1199 1201/1201/1201 1208/1208/1208
f 1199/1199/1199 1208/1208/1208 1206/1206/1206
f 1201/1201/1201 1203/1203/1203 1209/1209/1209
f 1201/1201/1201 1209/1209/1209 1208/1208/1208
f 1204/1204/1204 1192/1192/1192 1128/1128/1128
f 1204/1204/1204 1128/1128/1128 1127/1127/1127
f 1192/1192/1192 1191/1191/1191 1122/1122/1122
f 1192/1192/1192 1122/1122/1122 1128/1128/1128
f 1210/1210/1210 1211/1211/1211 1212/1212/1212
f 1210/1210/1210 1212/1212/1212 1213/1213/1213
f 1211/1211/1211 1210/1210/1210 1214/1214/1214
f 1211/1211/1211 1214/1214/1214 1215/1215/1215
f 1216/1216/1216 1217/1217/1217 1218/1218/1218
f 1216/1216/1216 1218/1218/1218 1219/1219/1219
f 1213/1213/1213 1212/1212/1212 1220/1220/1220
f 1213/1213/1213 1220/1220/1220 1221/1221/1221
f 1219/1219/1219 1218/1218/1218 1222/1222/1222
f 1219/1219/1219 1222/1222/1222 1223/1223/1223
f 1224/1224/1224 1225/1225/1225 1221/1221/1221
f 1224/1224/1224 1221/1221/1221 1220/1220/1220
f 1210/1210/1210 1161/1161/1161 1160/1160/1160
f 1210/1210/1210 1160/1160/1160 1214/1214/1214
f 1161/1161/1161 1210/1210/1210 1213/1213/1213
f 1161/1161/1161 1213/1213/1213 1164/1164/1164
f 1217/1217/1217 1163/1163/1163 1162/1162/1162
f 1217/1217/1217 1162/1162/1162 1218/1218/1218
f 1218/1218/1218 1162/1162/1162 1165/1165/1165
f 1218/1218/1218 1165/1165/1165 1222/1222/1222
f 1164/1164/1164 1213/1213/1213 1221/1221/1221
f 1164/1164/1164 1221/1221/1221 1166/1166/1166
f 1225/1225/1225 1167/1167/1167 1166/1166/1166
f 1225/1225/1225 1166/1166/1166 1221/1221/1221
f 1211/1211/1211 1215/1215/1215 1014/1014/1014
f 1211/1211/1211 1014/1014/1014 1013/1013/1013
f 1216/1216/1216 1219/1219/1219 1226/1226/1226
f 1216/1216/1216 1226/1226/1226 1227/1227/1227
f 1212/1212/1212 1211/1211/1211 1013/1013/1013
f 1212/1212/1212 1013/1013/1013 1016/1016/1016
f 1219/1219/1219 1223/1223/1223 1228/1228/1228
f 1219/1219/1219 1228/1228/1228 1226/1226/1226
f 1224/1224/1224 1220/1220/1220 1019/1019/1019
f 1224/1224/1224 1019/1019/1019 1018/1018/1018
f 1220/1220/1220 1212/1212/1212 1016/1016/1016
f 1220/1220/1220 1016/1016/1016 1019/1019/1019
f 1229/1229/1229 1230/1230/1230 1231/1231/1231
f 1229/1229/1229 1231/1231/1231 1232/1232/1232
f 1230/1230/1230 1229/1229/1229 1233/1233/1233
f 1230/1230/1230 1233/1233/1233 1234/1234/1234
f 1235/1235/1235 1236/1236/1236 1237/1237/1237
f 1235/1235/1235 1237/1237/1237 1238/1238/1238
f 1232/1232/1232 1231/1231/1231 1239/1239/1239
f 1232/1232/1232 1239/1239/1239 1240/1240/1240
f 1238/1238/1238 1237/1237/1237 1241/1241/1241
f 1238/1238/1238 1241/1241/1241 1242/1242/1242
f 1242/1242/1242 1241/1241/1241 1243/1243/1243
f 1242/1242/1242 1243/1243/1243 1244/1244/1244
f 1245/1245/1245 1246/1246/1246 1244/1244/1244
f 1245/1245/1245 1244/1244/1244 1243/1243/1243
f 1247/1247/1247 1248/1248/1248 1240/1240/1240
f 1247/1247/1247 1240/1240/1240 1239/1239/1239
f 665/665/665 668/668/668 1233/1233/1233
f 665/665/665 1233/1233/1233 1229/1229/1229
f 669/669/669 665/665/665 1229/1229/1229
f 669/669/669 1229/1229/1229 1232/1232/1232
f 671/671/671 674/674/674 1237/1237/1237
f 671/671/671 1237/1237/1237 1236/1236/1236
f 674/674/674 678/678/678 1241/1241/1241
f 674/674/674 1241/1241/1241 1237/1237/1237
f 681/681/681 675/675/675 1240/1240/1240
f 681/681/681 1240/1240/1240 1248/1248/1248
f 675/675/675 669/669/669 1232/1232/1232
f 675/675/675 1232/1232/1232 1240/1240/1240
f 678/678/678 680/680/680 1243/1243/1243
f 678/678/678 1243/1243/1243 1241/1241/1241
f 680/680/680 684/684/684 1245/1245/1245
f 680/680/680 1245/1245/1245 1243/1243/1243
f 1230/1230/1230 1234/1234/1234 259/259/259
f 1230/1230/1230 259/259/259 258/258/258
f 1231/1231/1231 1230/1230/1230 258/258/258
f 1231/1231/1231 258/258/258 261/261/261
f 1235/1235/1235 1238/1238/1238 263/263/263
f 1235/1235/1235 263/263/263 262/262/262
f 1238/1238/1238 1242/1242/1242 264/264/264
f 1238/1238/1238 264/264/264 263/263/263
f 1247/1247/1247 1239/1239/1239 269/269/269
f 1247/1247/1247 269/269/269 268/268/268
f 1239/1239/1239 1231/1231/1231 261/261/261
f 1239/1239/1239 261/261/261 269/269/269
f 1242/1242/1242 1244/1244/1244 270/270/270
f 1242/1242/1242 270/270/270 264/264/264
f 1244/1244/1244 1246/1246/1246 271/271/271
f 1244/1244/1244 271/271/271 270/270/270
f 280/280/280 257/257/257 256/256/256
f 257/257/257 280/280/280 28/28/28
f 28/28/28 280/280/280 29/29/29
f 41/41/41 296/296/296 295/295/295
f 296/296/296 41/41/41 421/421/421
f 421/421/421 41/41/41 40/40/40
f 300/300/300 46/46/46 299/299/299
f 46/46/46 300/300/300 438/438/438
f 46/46/46 438/438/438 47/47/47
f 34/34/34 438/438/438 300/300/300
f 438/438/438 34/34/34 33/33/33
f 438/438/438 33/33/33 439/439/439
f 257/257/257 25/25/25 248/248/248
f 25/25/25 257/257/257 1077/1077/1077
f 25/25/25 1077/1077/1077 26/26/26
f 421/421/421 32/32/32 296/296/296
f 32/32/32 421/421/421 30/30/30
f 30/30/30 421/421/421 418/418/418
f 434/434/434 42/42/42 44/44/44
f 42/42/42 434/434/434 988/988/988
f 42/42/42 988/988/988 1024/1024/1024
f 37/37/37 1148/1148/1148 420/420/420
f 1148/1148/1148 37/37/37 1149/1149/1149
f 1149/1149/1149 37/37/37 36/36/36
