# Converted from GLB: frowning_skull_game_model.glb
o Mesh_skull_low_07 - Default_0
g Prim_0_0
v 2.198494 3.082606 6.750673
v 1.887544 4.758491 5.496986
v 0.804901 3.910209 4.759404
v 1.255389 2.477314 6.442654
v 0.968091 1.956246 7.607140
v 2.056010 2.808435 7.748305
v 0.466476 2.393460 8.899428
v 1.512974 3.124083 8.729040
v -0.434093 4.829930 11.033243
v 1.021369 4.903000 10.340821
v -0.400460 9.782111 13.499946
v 1.338976 9.356487 12.301873
v 0.484154 15.623643 14.968895
v 2.503758 14.688828 13.539470
v 3.598912 20.107800 13.506313
v 5.015792 18.840124 12.114476
v 6.939913 22.768747 7.921443
v 7.943446 20.850805 7.255707
v 7.205771 22.436687 4.187102
v 8.321424 20.399048 4.516345
v 5.379620 20.965668 2.808722
v 6.753584 19.061520 2.870404
v 4.202087 16.565567 1.640590
v 2.180230 17.777338 0.984388
v 2.185366 13.058958 0.102895
v 3.141446 12.980478 1.304135
v 1.841792 9.195836 1.290037
v 2.701297 9.763173 2.424355
v -0.045409 1.949590 9.239226
v 0.375302 1.208790 7.559594
v -0.016536 0.550504 7.457920
v -0.235072 1.070102 9.357881
v 0.256348 1.852086 5.905638
v -1.252157 0.804981 5.854952
v -1.830919 -0.000276 5.671427
v -3.359533 0.782198 3.612301
v -3.707445 -0.000028 3.805687
v -4.478182 1.410900 1.804611
v -2.844329 1.549677 3.252740
v -2.529423 2.394992 1.907740
v -4.200476 2.257325 0.626897
v -1.752228 3.526423 -1.136444
v -3.123805 3.209825 -1.868662
v -0.742619 4.334578 -4.937305
v -1.665977 3.957162 -5.303490
v -0.820271 4.706674 -8.184326
v -1.405313 4.408467 -8.300232
v -2.343209 4.320500 -10.911139
v -1.807527 4.655357 -11.157357
v -2.389757 2.608565 -12.402002
v -3.022465 2.383194 -12.016053
v -2.339250 0.003956 -11.965203
v -3.183545 0.003527 -11.530260
v 0.034567 5.430926 -7.617393
v -1.037274 5.521780 -12.170481
v -1.521574 1.851823 13.284502
v -2.019821 4.745450 12.634068
v -4.557578 0.719867 2.252759
v 0.092329 2.948220 3.732273
v 0.652898 4.708032 0.314731
v 0.543870 5.215357 -4.251751
v -2.469609 2.840257 -13.742350
v -2.168107 -0.006733 -13.911062
v -0.157875 -0.000599 7.319252
v -0.199336 -0.000111 9.482987
v -1.011619 -0.003347 13.819537
v -4.671594 0.000029 2.440781
v 2.326165 7.092234 3.850714
v 1.255596 5.986688 2.560899
v -1.391965 10.625117 15.461898
v 0.034354 16.710602 17.488663
v 4.290057 20.560953 15.214593
v 8.377104 23.966902 8.850175
v 9.435801 24.115767 2.878951
v 5.488240 22.720413 0.882781
v 1.552003 19.317120 -0.702011
v 2.103917 13.023033 -1.533232
v 1.767861 8.407019 -0.354003
v 1.075389 7.682724 -3.392964
v 1.818060 10.739264 -3.468442
v 0.960072 16.323324 -3.083300
v 1.500080 15.609255 -5.032034
v 5.912604 24.192486 -1.243087
v 2.230157 20.688517 -2.565650
v 10.259777 24.863489 0.064124
v 3.486806 21.335054 -5.656885
v 7.172545 24.551050 -3.996164
v 11.741067 26.377625 -1.933945
v 6.816246 21.409138 -7.959075
v 5.232992 16.742735 -7.160213
v 10.027138 24.879560 -6.165226
v 14.033404 26.959795 -3.139208
v 10.533329 21.489248 -8.922628
v 10.902419 16.716574 -7.906744
v 15.045347 25.183273 -7.347876
v 17.088972 27.224066 -3.969289
v 0.581583 7.242650 -6.313101
v 1.464355 8.970315 -5.739867
v 2.535825 10.780939 -6.348911
v 0.113808 7.155005 -11.228575
v 1.234164 7.928856 -10.715151
v 3.237241 8.510702 -10.625579
v 22.018499 27.222454 -4.021584
v 21.909733 27.002703 -6.546514
v 27.954109 27.154362 -3.458454
v 28.608694 27.112320 -5.566457
v 5.698452 12.044585 -7.526067
v 7.123761 9.543705 -11.279835
v -2.348690 6.076630 -16.025812
v -3.634817 2.904271 -16.466986
v -3.440796 -0.013631 -16.580051
v -0.526549 7.429010 -15.625993
v 1.192972 8.000392 -15.023592
v 3.635840 8.413538 -14.912994
v 7.357485 9.774802 -14.838120
v -2.347131 6.139775 -17.627165
v -2.111141 4.750869 -17.836485
v -2.381615 4.764277 -17.196280
v -3.431240 2.924813 -17.774244
v -3.065480 1.874379 -18.103664
v -3.023141 1.772668 -17.583858
v -0.133548 7.881562 -17.299990
v -0.454960 6.883806 -17.722454
v -0.775471 6.835615 -17.056765
v 1.451669 8.089002 -17.660664
v 3.205620 9.088779 -17.784603
v 12.139686 10.908272 -15.079274
v 11.213139 10.369157 -17.505701
v 8.079513 10.589043 -17.648075
v 7.428675 19.188650 -2.484903
v 9.236747 20.355404 -3.863266
v 11.275333 22.524998 -2.295591
v 9.040159 20.947416 -0.466792
v 12.484163 21.443439 -5.898860
v 14.576405 25.201235 -2.761266
v 12.233654 24.496113 -0.084705
v 11.294833 23.416384 2.359217
v 13.625301 25.585741 -1.330688
v 11.294833 23.416384 2.359217
v 12.233654 24.496113 -0.084705
v 10.259777 24.863489 0.064124
v 9.435801 24.115767 2.878951
v 13.625301 25.585741 -1.330688
v 11.741067 26.377625 -1.933945
v 21.546577 25.755850 -6.418570
v 12.484163 21.443439 -5.898860
v 22.018499 27.222454 -4.021584
v 17.088972 27.224066 -3.969289
v 16.837292 25.808304 -3.623064
v 21.892403 26.251696 -3.876606
v 28.626688 26.118195 -5.615123
v 32.927933 26.672144 -1.942925
v 27.954109 27.154362 -3.458454
v 27.962900 26.132616 -3.460418
v 32.973461 25.639126 -2.157059
v 32.973461 25.639126 -2.157059
v 27.962900 26.132616 -3.460418
v 28.626688 26.118195 -5.615123
v 34.704769 25.486237 -4.213865
v 21.892403 26.251696 -3.876606
v 16.837292 25.808304 -3.623064
v 12.484163 21.443439 -5.898860
v 21.546577 25.755850 -6.418570
v 14.576405 25.201235 -2.761266
v 14.033404 26.959795 -3.139208
v 17.088972 27.224066 -3.969289
v 10.555346 13.470683 -9.564456
v 11.859732 11.607091 -12.555735
v 6.604274 8.943527 -17.577368
v 6.371851 8.974465 -16.269915
v 10.125055 17.075047 -4.681857
v 8.647530 17.928492 -3.580662
v 10.286449 19.186235 -0.964323
v 12.203519 18.461409 -2.129352
v 10.902419 16.716574 -7.906744
v 16.234718 18.938293 -4.194175
v 18.854443 21.209963 0.331718
v 15.427464 20.806248 1.766648
v 15.692966 22.435312 4.893847
v 19.225939 22.239130 7.666260
v 9.040159 20.947416 -0.466792
v 11.294833 23.416384 2.359217
v 12.739210 20.991251 2.137051
v 13.913841 19.912449 0.844388
v 12.018112 24.895025 8.411787
v 9.435801 24.115767 2.878951
v 8.377104 23.966902 8.850175
v -1.391965 10.625117 15.461898
v -2.019821 4.745450 12.634068
v -1.331541 6.319129 17.684660
v -0.967109 11.543778 19.077955
v 0.034354 16.710602 17.488663
v 1.953214 16.644188 20.120352
v 4.290057 20.560953 15.214593
v 7.621238 21.554050 17.177923
v -1.521574 1.851823 13.284502
v -1.011619 -0.003347 13.819537
v -0.563227 -0.003050 18.318415
v -0.276598 3.003623 17.636551
v 1.802393 12.102897 23.130592
v 1.036276 7.826134 22.778965
v 3.464117 8.177588 27.773998
v 4.104506 12.282055 27.577333
v 3.451475 16.677387 23.463795
v 5.806571 16.431677 27.367857
v 8.045743 21.292318 23.122522
v 9.795844 20.069681 27.665850
v 0.643532 3.897585 22.906090
v 0.341721 -0.010711 23.059837
v 2.794448 -0.007279 28.039734
v 3.137381 4.145989 27.910767
v 8.590982 12.168772 32.369331
v 7.896282 8.187025 32.929134
v 18.776321 8.196211 38.637123
v 18.894703 12.270473 37.967358
v 9.950598 15.999510 31.686111
v 19.112017 16.147743 36.532810
v 11.835475 18.708603 31.297253
v 18.998564 19.293938 33.842884
v 7.527166 4.175812 33.280571
v 7.282208 0.000035 33.507450
v 18.648565 -0.000903 39.335224
v 18.729639 4.155260 38.986092
v 29.204601 8.223026 40.408836
v 29.173923 12.396681 39.849220
v 29.141327 16.443996 38.309505
v 28.914864 20.032345 35.509113
v 29.202034 -0.000015 41.050514
v 29.200649 4.175222 40.807968
v 38.701233 12.428801 39.866875
v 38.733231 8.209111 40.324589
v 49.535137 8.232001 37.064037
v 48.947060 12.375196 37.747108
v 38.575680 16.701691 38.519054
v 48.675751 16.752846 35.289295
v 38.311386 20.712503 35.780640
v 47.791267 20.874935 32.939507
v 38.745686 4.159899 40.535694
v 38.745735 -0.000201 40.539230
v 49.839066 0.000012 37.683453
v 49.702328 4.181387 37.409466
v 60.981960 8.231966 27.835201
v 60.512123 12.434628 27.450123
v 59.453140 16.753252 26.590256
v 57.871258 20.761415 25.169264
v 62.801773 0.000000 29.114826
v 62.366249 4.221839 28.762394
v 66.940796 8.159453 14.782539
v 66.337372 12.355178 14.621365
v 65.241768 16.702185 14.309221
v 63.151215 20.684826 13.719531
v 68.116211 -0.001631 15.097650
v 67.636055 4.156278 14.968365
v 68.250465 8.186651 2.652782
v 67.420387 12.282665 2.671775
v 65.815094 16.389982 2.698145
v 63.729706 20.183140 2.898702
v 69.113678 -0.000165 2.687224
v 68.699791 4.165517 2.665160
v 65.167625 7.925591 -7.407551
v 64.148613 11.624670 -6.872920
v 62.683823 15.354367 -6.368603
v 59.544960 19.013624 -6.066510
v 66.044342 0.000103 -7.666827
v 65.754517 4.137694 -7.649946
v 7.428675 19.188650 -2.484903
v 12.484163 21.443439 -5.898860
v 9.236747 20.355404 -3.863266
v 28.963062 23.013704 7.129732
v 27.803886 22.139713 0.037686
v 18.200935 25.285395 14.555453
v 17.122137 24.755301 22.694418
v 27.973042 26.698235 22.871830
v 28.563457 26.316833 14.138364
v 37.311256 28.688137 13.475959
v 37.468513 28.200256 22.872124
v 46.347073 28.043655 22.134377
v 46.466225 29.014618 13.105611
v 53.487534 27.222452 20.413464
v 55.101631 27.712751 12.765769
v 56.012905 24.760824 23.037279
v 60.239304 24.914923 13.100596
v 46.842072 25.099691 28.105055
v 37.834682 25.232628 30.097961
v 17.452141 22.687664 28.968691
v 28.229668 24.211603 30.159805
v 13.904025 23.137877 5.261388
v 1.887544 4.758491 5.496986
v 2.198494 3.082606 6.750673
v 5.271499 4.109243 6.545066
v 5.417679 5.343071 5.372312
v 2.056010 2.808435 7.748305
v 5.093655 4.008155 7.714947
v 1.512974 3.124083 8.729040
v 4.855719 4.758205 9.073067
v 1.021369 4.903000 10.340821
v 4.664451 6.437216 10.528992
v 1.338976 9.356487 12.301873
v 4.746188 9.942234 11.868739
v 2.503758 14.688828 13.539470
v 5.872009 14.410750 12.570283
v 5.015792 18.840124 12.114476
v 8.215618 17.718891 10.982774
v 7.943446 20.850805 7.255707
v 11.980981 19.143337 6.940360
v 8.321424 20.399048 4.516345
v 12.537158 18.803766 4.327446
v 6.753584 19.061520 2.870404
v 4.202087 16.565567 1.640590
v 8.329926 15.661148 1.156753
v 10.864136 17.644070 2.450284
v 3.141446 12.980478 1.304135
v 6.285682 12.720338 1.395699
v 2.701297 9.763173 2.424355
v 2.326165 7.092234 3.850714
v 5.707349 7.453732 3.809154
v 5.951538 9.880042 2.323990
v 11.111165 5.479078 4.582039
v 10.417088 6.005305 3.320530
v 11.084341 5.446070 6.500380
v 10.203012 5.757859 8.556464
v 11.100673 7.348830 10.059628
v 11.588385 10.064557 10.973238
v 12.651132 13.525959 10.749629
v 14.437840 16.092251 8.961366
v 15.731159 17.436962 6.324184
v 16.274239 17.081638 4.299462
v 14.199247 14.956870 1.265459
v 15.420649 16.373953 2.509175
v 12.674280 12.291242 0.667964
v 11.476076 7.705596 1.822391
v 11.962719 9.805460 0.834553
v 16.202349 12.496848 2.770184
v 16.502508 12.700827 6.318174
v 16.582226 15.396864 5.530266
v 16.280445 15.074534 2.875160
v 14.074796 7.681496 3.681249
v 14.062083 7.511368 6.800231
v 15.776915 9.811020 6.820628
v 15.656707 9.948578 3.089638
v 35.763206 27.416679 4.239889
v 45.525139 27.553957 2.496953
v 45.246315 24.860882 -3.366433
v 55.158543 26.989498 3.930657
v 53.188072 24.670820 -3.457542
v 60.271519 23.904428 3.758935
v 57.830326 22.762274 -3.229373
v 35.658978 24.924719 -1.028013
v -4.488831 0.627633 1.681651
v -4.449220 1.244995 1.284921
v -3.071800 1.025930 1.317816
v -2.703323 0.532034 1.663234
v -4.062255 2.001929 0.176508
v -2.030496 1.455711 0.429242
v -2.942163 2.806302 -2.107431
v -0.877388 2.217515 -1.875742
v -1.490404 3.517677 -5.384486
v 0.404748 2.975954 -5.207052
v -1.196698 3.976926 -8.204084
v -1.979782 3.865585 -10.580780
v -0.097468 3.329615 -10.151893
v 0.554123 3.319270 -7.996653
v -2.372823 2.089867 -11.654090
v 1.524589 2.104880 -10.931166
v -2.549642 0.012985 -11.068117
v 0.975824 0.062993 -9.508181
v 1.595619 1.366788 -1.816443
v 0.198735 0.814864 0.839764
v 2.856246 1.716441 -5.410068
v 3.054750 1.859128 -8.274920
v 0.474572 -0.006271 -2.580283
v 0.267703 -0.001824 0.680064
v 1.034131 -0.028085 -5.793805
v 2.320535 0.002274 -7.890574
v -2.699159 -0.000173 1.773751
v 34.644939 26.540731 -3.962383
v 32.927933 26.672144 -1.942925
v 35.337238 26.833895 0.181142
v 39.427925 26.674032 -1.870352
v 34.704769 25.486237 -4.213865
v 39.622540 25.300470 -3.386970
v 35.437538 25.605413 -1.128425
v 35.337238 26.833895 0.181142
v 39.622540 25.300470 -3.386970
v 35.437538 25.605413 -1.128425
v 35.763206 27.416679 4.239889
v 45.525139 27.553957 2.496953
v 45.246315 24.860882 -3.366433
v 35.658978 24.924719 -1.028013
v 35.763206 27.416679 4.239889
v 45.246315 24.860882 -3.366433
v 35.658978 24.924719 -1.028013
v 11.859732 11.607091 -12.555735
v 10.555346 13.470683 -9.564456
v 18.502468 12.441842 -11.113736
v 18.198492 10.948110 -13.421668
v 23.718510 14.692856 -9.776340
v 12.139686 10.908272 -15.079274
v 18.209005 10.634774 -15.348059
v 16.320007 11.640248 -16.230307
v 18.610422 10.556705 -16.770027
v 16.324995 11.607306 -17.152628
v 18.198492 10.948110 -13.421668
v 18.502468 12.441842 -11.113736
v 19.670574 4.325980 -8.696852
v 18.477896 3.610591 -11.118775
v 23.718510 14.692856 -9.776340
v 25.201986 5.353047 -7.894854
v 18.209005 10.634774 -15.348059
v 18.383972 3.403925 -12.921818
v 18.610422 10.556705 -16.770027
v 18.509655 3.427411 -14.709922
v 23.474277 -0.001031 -11.950279
v 22.024057 -0.001117 -13.349829
v 25.790209 -0.000160 -10.589287
v 21.130959 -0.001272 -14.349690
v 20.427221 -0.001629 -15.511543
v 25.721292 19.727190 -5.438373
v 36.144020 21.793726 -6.239935
v 52.733425 21.379688 -7.774827
v 45.495686 22.266140 -8.146309
v 35.818672 16.464758 -11.570033
v 52.435547 17.543344 -11.508393
v 44.807304 17.987541 -16.006428
v 57.708321 15.820458 -9.714492
v 35.818672 16.464758 -11.570033
v 36.248577 6.032209 -10.200348
v 44.807304 17.987541 -16.006428
v 52.435547 17.543344 -11.508393
v 52.825432 13.859415 -13.389428
v 48.666977 13.729097 -14.887773
v 58.664879 13.079804 -10.915143
v 59.323578 10.132188 -11.843928
v 54.179337 10.749233 -14.032512
v 45.183105 5.813786 -13.881511
v 37.188229 0.003761 -6.061221
v 52.974392 4.151376 -14.905179
v 52.878448 0.006330 -14.735441
v 45.376064 0.000842 -11.937504
v 60.375992 3.976410 -13.185861
v 60.548382 0.001677 -13.350811
v 59.947678 7.187577 -12.689152
v 53.363419 7.876241 -14.809683
v 57.708321 15.820458 -9.714492
v 60.375992 3.976410 -13.185861
v 59.947678 7.187577 -12.689152
v 58.664879 13.079804 -10.915143
v 59.323578 10.132188 -11.843928
v 48.717758 8.813082 -14.561355
v -0.553974 4.396001 -18.684736
v 0.564148 5.222309 -18.538681
v -0.046000 3.054193 -18.280645
v -1.162458 2.761354 -18.670456
v 2.012379 5.746526 -18.448298
v 1.595366 3.299692 -17.255974
v 4.076321 6.127935 -18.203474
v 3.727571 3.516354 -15.951523
v 7.591077 6.905722 -17.900488
v 12.108971 7.422647 -17.623863
v 11.326926 3.801832 -15.194102
v 7.213035 3.768755 -15.423881
v 17.250237 8.056125 -17.616573
v 17.560963 3.413686 -16.532513
v -3.229964 2.890581 -18.730024
v -2.682381 3.637069 -18.473951
v -2.106327 3.652014 -18.931658
v -1.965885 2.752151 -19.520620
v -2.107636 5.973139 -18.732019
v -0.912822 6.139162 -18.321541
v -0.716356 5.860863 -18.925741
v -0.928541 4.739623 -19.340113
v -0.033847 7.816427 -18.388777
v 1.603123 7.815043 -18.623854
v 1.952853 6.730086 -19.404198
v 0.480113 6.112547 -19.426523
v 3.310192 9.002504 -19.208448
v 4.123113 7.151840 -19.339722
v 5.057818 8.697686 -18.491814
v 5.340912 8.009222 -18.845800
v 8.145057 10.291400 -19.084883
v 11.188989 10.109945 -18.465931
v 12.382664 8.664959 -18.916677
v 7.602579 8.024372 -19.195660
v 13.813965 10.920598 -18.288877
v 14.215474 9.589330 -18.542206
v 18.610422 10.556705 -16.770027
v 18.509655 3.427411 -14.709922
v 20.427221 -0.001629 -15.511543
v 18.275311 -0.002523 -16.833389
v -2.829415 3.642328 -17.921610
v -1.988554 4.685158 -18.322916
v -2.682381 3.637069 -18.473951
v -1.142146 6.314278 -17.783167
v -0.252213 6.740941 -18.211222
v -0.912822 6.139162 -18.321541
v 1.603123 7.815043 -18.623854
v -0.033847 7.816427 -18.388777
v 3.310192 9.002504 -19.208448
v 4.993688 8.751437 -17.619028
v 6.645289 8.712373 -18.139008
v 5.057818 8.697686 -18.491814
v 11.188989 10.109945 -18.465931
v 8.145057 10.291400 -19.084883
v 13.738987 11.335731 -17.380657
v 16.257912 11.131281 -18.006088
v 13.813965 10.920598 -18.288877
v 16.820320 9.020659 -18.360535
v 17.908930 11.063285 -17.850945
v -1.498897 -0.002164 -18.670216
v -1.982022 -0.003121 -19.527138
v -3.103243 0.944709 -18.019222
v -3.080102 1.866211 -18.607050
v -3.196588 0.897110 -18.541416
v -0.400392 -0.001818 -17.902447
v 1.193546 -0.002818 -16.441582
v 3.636382 -0.001087 -16.185276
v 11.374754 0.000039 -17.758940
v 7.317915 -0.000474 -17.482433
v -2.107636 5.973139 -18.732019
v -3.229964 2.890581 -18.730024
v 17.908930 11.063285 -17.850945
v 11.188989 10.109945 -18.465931
v 11.213139 10.369157 -17.505701
v -3.519799 -0.049009 -18.586750
v -3.692884 -0.033600 -17.786673
v -3.014337 1.005532 -17.540329
v -2.824500 3.777750 -17.278009
v 14.109487 11.478560 -16.255411
v 5.059505 8.767524 -16.262762
v -1.397198 6.467557 -17.023085
v -3.080102 1.866211 -18.607050
v -2.965095 1.665974 -19.169720
v -3.196588 0.897110 -18.541416
v -2.998648 0.877215 -19.115112
v -1.988554 4.685158 -18.322916
v -1.755119 4.314270 -18.845881
v -0.189074 6.272505 -18.880308
v -0.252213 6.740941 -18.211222
v 6.645289 8.712373 -18.139008
v 6.491326 8.092582 -18.480259
v 16.257912 11.131281 -18.006088
v 15.968824 9.629032 -18.351027
v -2.669114 -0.019044 -19.467762
v -4.478182 1.410900 1.804611
v -4.557578 0.719867 2.252759
v -4.200476 2.257325 0.626897
v -3.123805 3.209825 -1.868662
v -1.665977 3.957162 -5.303490
v -2.343209 4.320500 -10.911139
v -1.405313 4.408467 -8.300232
v -3.022465 2.383194 -12.016053
v -4.525219 0.000026 1.808264
v -4.671594 0.000029 2.440781
v 60.548382 0.001677 -13.350811
v -3.519799 -0.049009 -18.586750
v -3.183545 0.003527 -11.530260
v 2.176445 -3.087240 6.754503
v 1.237549 -2.481158 6.444604
v 0.741403 -3.920691 4.753823
v 1.814862 -4.761292 5.461648
v 2.044910 -2.811290 7.749826
v 0.967645 -1.958228 7.607672
v 1.513556 -3.132840 8.731548
v 0.474820 -2.407312 8.901683
v 1.024289 -4.909148 10.339561
v -0.420692 -4.838656 11.032753
v 1.361673 -9.346449 12.322524
v -0.352187 -9.755012 13.558034
v 2.453393 -14.709141 13.560269
v 0.387263 -15.648216 15.008408
v 4.990160 -18.899084 12.117771
v 3.565442 -20.170027 13.505136
v 7.939476 -20.842691 7.253141
v 6.928721 -22.754436 7.913014
v 8.337132 -20.374414 4.526705
v 7.258487 -22.350647 4.202644
v 6.831124 -18.981478 2.895429
v 5.479409 -20.853453 2.835411
v 4.310710 -16.476465 1.694620
v 3.145869 -12.952684 1.227923
v 2.168418 -13.047383 0.092793
v 2.317056 -17.656614 1.039133
v 2.634913 -9.731895 2.213234
v 1.705050 -9.187195 1.106273
v -0.039250 -1.963663 9.240139
v -0.230209 -1.076949 9.358655
v -0.013055 -0.550965 7.458191
v 0.378429 -1.209854 7.560105
v -1.251842 -0.806013 5.854746
v 0.251519 -1.853655 5.905675
v -3.359477 -0.782228 3.612294
v -4.478173 -1.410863 1.804603
v -4.203190 -2.258015 0.627169
v -2.535712 -2.397455 1.907756
v -2.844597 -1.549820 3.252795
v -3.134744 -3.212237 -1.867348
v -1.820239 -3.542034 -1.135814
v -1.719363 -3.975093 -5.300025
v -0.817836 -4.344728 -4.923117
v -1.478027 -4.453969 -8.281560
v -0.877399 -4.739879 -8.164791
v -2.454202 -4.386534 -10.891060
v -3.095250 -2.420499 -12.009156
v -2.501395 -2.668200 -12.389108
v -1.926411 -4.726408 -11.136885
v 0.065000 -5.422259 -7.603163
v -1.160498 -5.611183 -12.151181
v -2.011284 -4.754662 12.630757
v -1.522305 -1.856983 13.279310
v -4.557566 -0.719804 2.252742
v 0.066095 -2.949209 3.729417
v 0.542000 -4.716839 0.256121
v 0.428686 -5.233708 -4.240664
v -2.562759 -2.890021 -13.741022
v 1.168012 -5.985077 2.463147
v 2.247386 -7.079445 3.738076
v -1.499895 -10.629238 15.535885
v -0.045048 -16.728615 17.515293
v 4.246996 -20.656998 15.220363
v 8.355297 -23.997681 8.850654
v 9.471405 -24.067101 2.872789
v 5.665409 -22.536695 0.933686
v 2.057082 -13.012584 -1.499977
v 1.766420 -19.130281 -0.620374
v 1.607056 -8.407763 -0.553461
v 0.914763 -7.699524 -3.423365
v 1.697269 -10.752365 -3.467454
v 1.568090 -15.594694 -4.924580
v 1.060125 -16.296141 -2.997643
v 2.440312 -20.532660 -2.474789
v 6.025067 -24.062908 -1.222830
v 10.287609 -24.840048 0.063413
v 3.593751 -21.289383 -5.578495
v 7.204800 -24.503458 -3.994928
v 11.754255 -26.357119 -1.939141
v 5.273783 -16.753159 -7.067200
v 6.818561 -21.407669 -7.952301
v 10.029271 -24.874187 -6.163295
v 14.032939 -26.960320 -3.139307
v 10.912945 -16.712822 -7.868198
v 10.496807 -21.531933 -8.929097
v 15.045310 -25.183323 -7.347889
v 17.088974 -27.224073 -3.969275
v 0.504441 -7.241912 -6.273686
v 1.391423 -8.966360 -5.694621
v 2.505006 -10.745822 -6.245574
v 0.039457 -7.205354 -11.204323
v 1.187467 -7.942589 -10.656391
v 3.201778 -8.593629 -10.568743
v 21.909735 -27.002708 -6.546513
v 22.018499 -27.222471 -4.021565
v 28.610300 -27.110855 -5.566217
v 27.956123 -27.152306 -3.458139
v 7.115144 -9.606991 -11.212374
v 5.744805 -11.971041 -7.378809
v -3.703851 -2.944200 -16.469400
v -2.410645 -6.112590 -16.020451
v -0.543164 -7.439856 -15.623324
v 1.193599 -8.000712 -15.022984
v 3.637674 -8.406989 -14.897346
v 7.365161 -9.766945 -14.822115
v -2.442632 -4.794965 -17.198215
v -2.161710 -4.773530 -17.838047
v -2.369599 -6.150634 -17.627651
v -3.113117 -1.787393 -17.614016
v -3.105696 -1.871394 -18.134134
v -3.511855 -2.932665 -17.793066
v -0.786943 -6.843606 -17.052349
v -0.457226 -6.882932 -17.720829
v -0.133363 -7.881645 -17.300194
v 1.451462 -8.088829 -17.660521
v 3.206030 -9.088305 -17.784035
v 12.140521 -10.907901 -15.079900
v 8.080956 -10.587912 -17.645180
v 11.225314 -10.374475 -17.510086
v 7.543462 -19.090036 -2.432467
v 9.113588 -20.860466 -0.457149
v 11.297577 -22.486809 -2.300619
v 9.270626 -20.322378 -3.851263
v 14.576506 -25.201046 -2.761342
v 12.478293 -21.449051 -5.900701
v 11.308219 -23.393614 2.357130
v 12.257789 -24.462217 -0.088226
v 13.629804 -25.578968 -1.331884
v 11.308219 -23.393614 2.357130
v 9.471405 -24.067101 2.872789
v 10.287609 -24.840048 0.063413
v 12.257789 -24.462217 -0.088226
v 11.754255 -26.357119 -1.939141
v 13.629804 -25.578968 -1.331884
v 12.478293 -21.449051 -5.900701
v 21.546574 -25.755854 -6.418566
v 22.018499 -27.222471 -4.021565
v 21.892389 -26.251692 -3.876601
v 16.837284 -25.808306 -3.623060
v 17.088974 -27.224073 -3.969275
v 28.626747 -26.118139 -5.615113
v 33.045830 -26.505852 -1.916145
v 33.084045 -25.480703 -2.132074
v 27.966349 -26.128273 -3.459774
v 27.956123 -27.152306 -3.458139
v 33.084045 -25.480703 -2.132074
v 34.728268 -25.443842 -4.211183
v 28.626747 -26.118139 -5.615113
v 27.966349 -26.128273 -3.459774
v 21.892389 -26.251692 -3.876601
v 21.546574 -25.755854 -6.418566
v 12.478293 -21.449051 -5.900701
v 16.837284 -25.808306 -3.623060
v 14.576506 -25.201046 -2.761342
v 14.032939 -26.960320 -3.139307
v 17.088974 -27.224073 -3.969275
v 11.869066 -11.599231 -12.536541
v 10.586266 -13.444067 -9.496899
v 6.372814 -8.973105 -16.267365
v 6.603407 -8.941981 -17.576094
v 10.133461 -17.075087 -4.665164
v 12.207219 -18.455120 -2.129946
v 10.323633 -19.143797 -0.958102
v 8.711562 -17.868092 -3.544553
v 10.912945 -16.712822 -7.868198
v 16.234627 -18.938437 -4.194241
v 18.853024 -21.210152 0.332350
v 19.218552 -22.240278 7.667803
v 15.689478 -22.436230 4.894438
v 15.426433 -20.805450 1.766991
v 9.113588 -20.860466 -0.457149
v 12.743474 -20.982483 2.136095
v 11.308219 -23.393614 2.357130
v 13.914877 -19.909569 0.844210
v 12.009318 -24.921829 8.423187
v 8.355297 -23.997681 8.850654
v 9.471405 -24.067101 2.872789
v -1.499895 -10.629238 15.535885
v -1.185797 -11.570444 19.173960
v -1.392410 -6.317111 17.716755
v -2.011284 -4.754662 12.630757
v -0.045048 -16.728615 17.515293
v 1.878698 -16.671824 20.148407
v 4.246996 -20.656998 15.220363
v 7.570617 -21.710611 17.195755
v -1.522305 -1.856983 13.279310
v -0.338381 -3.006180 17.658648
v -0.563227 -0.003050 18.318415
v -1.011619 -0.003347 13.819537
v 1.608300 -12.130130 23.211992
v 4.086750 -12.291692 27.592575
v 3.399847 -8.183986 27.798515
v 0.912319 -7.838725 22.827570
v 3.394273 -16.691032 23.493391
v 5.757459 -16.478300 27.435284
v 8.033033 -21.305248 23.139547
v 9.730944 -20.131630 27.754835
v 0.506730 -3.917007 22.953806
v 3.047032 -4.162193 27.944069
v 2.794448 -0.007279 28.039734
v 0.341721 -0.010711 23.059837
v 8.533295 -12.210002 32.452625
v 18.764833 -12.338158 38.184124
v 18.696024 -8.236388 38.781536
v 7.865451 -8.201351 32.977375
v 9.845410 -16.082451 31.836365
v 19.005358 -16.211550 36.697567
v 11.733103 -18.796686 31.439989
v 18.913193 -19.357925 33.965446
v 7.520287 -4.178814 33.292538
v 18.670250 -4.180619 39.095150
v 18.648565 -0.000903 39.335224
v 7.282208 0.000035 33.507450
v 29.172836 -12.397160 39.851578
v 29.184845 -8.231324 40.451920
v 29.140104 -16.444536 38.312111
v 28.913881 -20.033104 35.510540
v 29.196245 -4.177058 40.816406
v 29.202034 -0.000015 41.050514
v 38.701241 -12.428811 39.866932
v 48.947060 -12.375196 37.747108
v 49.535133 -8.232001 37.064034
v 38.733208 -8.209138 40.324314
v 38.575684 -16.701691 38.519054
v 48.675755 -16.752846 35.289295
v 38.311386 -20.712498 35.780636
v 47.791286 -20.874956 32.939529
v 38.745689 -4.159829 40.534294
v 49.702179 -4.181369 37.408966
v 49.839066 0.000012 37.683453
v 38.745735 -0.000201 40.539230
v 60.446072 -12.392480 27.410543
v 60.950073 -8.212414 27.816669
v 59.391720 -16.715328 26.554535
v 57.774242 -20.702509 25.116896
v 61.265358 -4.178328 28.063763
v 62.801773 0.000000 29.114826
v 66.487717 -12.316444 14.680053
v 67.142265 -8.165122 14.834610
v 65.340767 -16.656229 14.351567
v 63.143509 -20.654089 13.708684
v 67.711716 -4.160306 14.983909
v 68.116211 -0.001631 15.097650
v 67.419296 -12.264215 2.680585
v 68.302223 -8.187357 2.666979
v 65.744949 -16.350172 2.699541
v 63.705864 -20.171028 2.898393
v 68.748169 -4.172732 2.673009
v 69.113678 -0.000165 2.687224
v 64.182411 -11.675373 -6.930501
v 65.177444 -7.942925 -7.424033
v 62.733315 -15.427824 -6.454489
v 59.594364 -19.086166 -6.151654
v 65.754341 -4.137594 -7.649660
v 66.044342 0.000103 -7.666827
v 7.543462 -19.090036 -2.432467
v 9.270626 -20.322378 -3.851263
v 12.478293 -21.449051 -5.900701
v 27.819023 -22.112703 0.042181
v 29.039455 -22.879948 7.148839
v 18.200390 -25.270075 14.572493
v 28.604847 -26.187868 14.223870
v 27.975857 -26.723829 22.889278
v 17.120487 -24.758556 22.696205
v 37.307747 -28.846670 13.485825
v 46.467476 -29.315222 13.092539
v 46.339558 -28.170244 22.140169
v 37.456902 -28.390453 22.902588
v 55.064003 -27.969805 12.722074
v 53.433292 -27.278580 20.381281
v 60.219280 -24.994089 13.082185
v 55.921291 -24.711590 22.987734
v 46.841877 -25.104361 28.105875
v 37.832024 -25.265141 30.104038
v 17.430929 -22.704611 28.998558
v 28.229666 -24.211592 30.159803
v 13.900015 -23.142593 5.267236
v 1.814862 -4.761292 5.461648
v 5.391598 -5.344446 5.377682
v 5.251812 -4.110579 6.551771
v 2.176445 -3.087240 6.754503
v 5.090969 -4.006789 7.714593
v 2.044910 -2.811290 7.749826
v 4.853560 -4.756465 9.072406
v 1.513556 -3.132840 8.731548
v 4.662608 -6.435844 10.528192
v 1.024289 -4.909148 10.339561
v 4.744610 -9.941159 11.871848
v 1.361673 -9.346449 12.322524
v 5.859068 -14.431807 12.574334
v 2.453393 -14.709141 13.560269
v 8.201165 -17.762281 10.987562
v 4.990160 -18.899084 12.117771
v 11.980057 -19.150805 6.940110
v 7.939476 -20.842691 7.253141
v 12.539233 -18.801718 4.325605
v 8.337132 -20.374414 4.526705
v 6.831124 -18.981478 2.895429
v 10.872817 -17.632410 2.450351
v 8.360488 -15.634113 1.172945
v 4.310710 -16.476465 1.694620
v 6.287098 -12.713774 1.402793
v 3.145869 -12.952684 1.227923
v 2.634913 -9.731895 2.213234
v 5.903889 -9.863671 2.234419
v 5.669240 -7.437090 3.730886
v 2.247386 -7.079445 3.738076
v 10.408546 -6.000245 3.322694
v 11.104393 -5.473015 4.582871
v 11.077643 -5.439892 6.500410
v 10.196933 -5.752331 8.555411
v 11.094990 -7.341850 10.057466
v 11.585285 -10.057769 10.970731
v 12.651602 -13.522889 10.746417
v 14.438351 -16.093187 8.956996
v 15.731878 -17.437300 6.320371
v 16.274195 -17.081779 4.296182
v 15.419937 -16.373215 2.505780
v 14.198133 -14.955132 1.262635
v 12.671504 -12.288384 0.664859
v 11.958095 -9.800650 0.831652
v 11.469713 -7.699249 1.821136
v 16.201138 -12.492784 2.764696
v 16.279961 -15.072939 2.870669
v 16.582645 -15.395359 5.524901
v 16.502665 -12.696242 6.311216
v 14.068356 -7.673227 3.676616
v 15.653251 -9.941908 3.083884
v 15.774091 -9.803062 6.813591
v 14.056390 -7.501865 6.795927
v 35.928829 -27.161922 4.279078
v 45.520733 -27.542170 2.517644
v 45.233551 -24.708275 -3.285286
v 53.175972 -24.464697 -3.352807
v 55.158066 -27.021441 3.943230
v 57.820736 -22.704325 -3.189824
v 60.271889 -23.918653 3.757366
v 35.777466 -24.754238 -1.000382
v -4.488830 -0.627585 1.681643
v -2.705056 -0.532469 1.662108
v -3.072249 -1.026207 1.317553
v -4.449200 -1.244977 1.284924
v -2.035079 -1.457266 0.427991
v -4.065819 -2.002825 0.176917
v -0.883810 -2.219859 -1.875458
v -2.947708 -2.807237 -2.106730
v 0.352165 -2.998500 -5.190561
v -1.534512 -3.530354 -5.379265
v -1.265632 -4.020602 -8.182633
v 0.495354 -3.346549 -7.972044
v -0.170910 -3.389581 -10.132668
v -2.069427 -3.918504 -10.556064
v 1.521825 -2.132705 -10.971503
v -2.418987 -2.115829 -11.650553
v 0.174544 -0.818210 0.824847
v 1.605720 -1.366494 -1.811218
v 2.843414 -1.722941 -5.396374
v 3.122018 -1.887097 -8.310361
v 34.666222 -26.502632 -3.958735
v 39.469967 -26.599930 -1.866336
v 35.462727 -26.649372 0.209164
v 33.045830 -26.505852 -1.916145
v 34.728268 -25.443842 -4.211183
v 39.644318 -25.259283 -3.385681
v 35.462727 -26.649372 0.209164
v 35.556042 -25.435080 -1.101242
v 35.556042 -25.435080 -1.101242
v 39.644318 -25.259283 -3.385681
v 45.520733 -27.542170 2.517644
v 35.928829 -27.161922 4.279078
v 45.233551 -24.708275 -3.285286
v 35.928829 -27.161922 4.279078
v 35.777466 -24.754238 -1.000382
v 35.777466 -24.754238 -1.000382
v 45.233551 -24.708275 -3.285286
v 11.869066 -11.599231 -12.536541
v 18.199375 -10.946100 -13.424676
v 18.502470 -12.438568 -11.114767
v 10.586266 -13.444067 -9.496899
v 23.718657 -14.689349 -9.777018
v 12.140521 -10.907901 -15.079900
v 18.210169 -10.634227 -15.351471
v 16.320414 -11.638499 -16.232416
v 16.325739 -11.606194 -17.155205
v 18.611279 -10.556476 -16.772980
v 18.199375 -10.946100 -13.424676
v 18.474342 -3.602755 -11.128084
v 19.658770 -4.312300 -8.706715
v 18.502470 -12.438568 -11.114767
v 25.179359 -5.335011 -7.891752
v 23.718657 -14.689349 -9.777018
v 18.210169 -10.634227 -15.351471
v 18.384197 -3.398029 -12.927364
v 18.611279 -10.556476 -16.772980
v 18.512917 -3.423410 -14.710541
v 25.721277 -19.727196 -5.438611
v 36.144028 -21.793728 -6.239928
v 45.475414 -22.090532 -8.040201
v 52.714085 -21.192738 -7.666297
v 35.818283 -16.464842 -11.570173
v 44.817486 -17.999207 -16.052704
v 52.505714 -17.591341 -11.669489
v 57.787037 -15.941031 -9.872934
v 36.247047 -6.024570 -10.198264
v 35.818283 -16.464842 -11.570173
v 44.817486 -17.999207 -16.052704
v 48.728813 -13.794221 -15.063564
v 52.920750 -13.983948 -13.628629
v 52.505714 -17.591341 -11.669489
v 58.749863 -13.203642 -11.087519
v 54.266731 -10.872602 -14.246880
v 59.369137 -10.210035 -11.940811
v 45.184929 -5.818093 -13.901018
v 52.966080 -4.163356 -14.899147
v 60.365334 -3.974799 -13.166659
v 59.937401 -7.202904 -12.667772
v 53.392952 -7.929612 -14.917660
v 57.787037 -15.941031 -9.872934
v 60.365334 -3.974799 -13.166659
v 59.937401 -7.202904 -12.667772
v 58.749863 -13.203642 -11.087519
v 59.369137 -10.210035 -11.940811
v 48.745129 -8.854735 -14.665343
v -0.572240 -4.405412 -18.685307
v -1.192708 -2.777535 -18.671486
v -0.063437 -3.063848 -18.280996
v 0.554978 -5.227173 -18.539049
v 1.575581 -3.310325 -17.254953
v 2.012649 -5.746256 -18.448261
v 3.725388 -3.514072 -15.950069
v 4.076349 -6.127995 -18.203505
v 7.591067 -6.905585 -17.900433
v 7.214131 -3.762799 -15.423326
v 11.328235 -3.796391 -15.193423
v 12.109241 -7.421983 -17.623743
v 17.567980 -3.413828 -16.529720
v 17.250528 -8.056018 -17.617159
v -3.353876 -2.914874 -18.770285
v -1.973795 -2.756427 -19.520891
v -2.137880 -3.665684 -18.932034
v -2.708280 -3.650120 -18.472990
v -2.129469 -5.983711 -18.732536
v -0.945220 -4.747544 -19.340794
v -0.726176 -5.865563 -18.925514
v -0.923608 -6.142359 -18.320517
v -0.034132 -7.816434 -18.388926
v 0.479964 -6.112542 -19.426632
v 1.952846 -6.730016 -19.404202
v 1.601945 -7.815415 -18.622335
v 4.123108 -7.151865 -19.339725
v 3.310204 -9.002491 -19.208437
v 5.340257 -8.009493 -18.845535
v 5.056337 -8.698210 -18.492186
v 8.145084 -10.291374 -19.084822
v 7.602558 -8.024343 -19.195654
v 12.382831 -8.664981 -18.916880
v 11.190839 -10.112172 -18.466122
v 14.216058 -9.589070 -18.542900
v 13.814349 -10.920226 -18.289812
v 18.611279 -10.556476 -16.772980
v 18.512917 -3.423410 -14.710541
v -2.870868 -3.664297 -17.919935
v -2.708280 -3.650120 -18.472990
v -2.029376 -4.702078 -18.324226
v -1.152498 -6.317447 -17.781265
v -0.923608 -6.142359 -18.320517
v -0.254208 -6.739175 -18.210232
v -0.034132 -7.816434 -18.388926
v 1.601945 -7.815415 -18.622335
v 3.310204 -9.002491 -19.208437
v 4.992650 -8.751460 -17.618637
v 5.056337 -8.698210 -18.492186
v 6.643484 -8.710939 -18.137339
v 8.145084 -10.291374 -19.084822
v 11.190839 -10.112172 -18.466122
v 13.739242 -11.335200 -17.381556
v 13.814349 -10.920226 -18.289812
v 16.259037 -11.131153 -18.009037
v 17.910225 -11.063516 -17.854750
v 16.820646 -9.020630 -18.361338
v -3.171251 -0.920033 -18.108463
v -3.303793 -0.918530 -18.641933
v -3.110242 -1.876377 -18.645908
v -2.129469 -5.983711 -18.732536
v -3.353876 -2.914874 -18.770285
v 17.910225 -11.063516 -17.854750
v 11.225314 -10.374475 -17.510086
v 11.190839 -10.112172 -18.466122
v -3.086986 -0.989547 -17.604382
v -2.864671 -3.798243 -17.279533
v 14.109663 -11.477628 -16.256266
v 5.061244 -8.764679 -16.258707
v -1.412499 -6.476233 -17.020941
v -3.110242 -1.876377 -18.645908
v -2.982504 -1.682654 -19.212404
v -3.303793 -0.918530 -18.641933
v -3.042701 -0.916435 -19.185352
v -2.029376 -4.702078 -18.324226
v -1.786544 -4.326930 -18.847353
v -0.197514 -6.276259 -18.879745
v -0.254208 -6.739175 -18.210232
v 6.489586 -8.092824 -18.479191
v 6.643484 -8.710939 -18.137339
v 15.969435 -9.629085 -18.352180
v 16.259037 -11.131153 -18.009037
v -4.478173 -1.410863 1.804603
v -4.557566 -0.719804 2.252742
v -4.203190 -2.258015 0.627169
v -3.134744 -3.212237 -1.867348
v -1.719363 -3.975093 -5.300025
v -2.454202 -4.386534 -10.891060
v -1.478027 -4.453969 -8.281560
v -3.095250 -2.420499 -12.009156
v 60.548382 0.001677 -13.350811
v 26.882240 -21.399897 -15.379634
v 29.690483 -21.053263 -15.591532
v 31.431099 -21.697508 -11.183025
v 28.161427 -21.737549 -10.600357
v 25.104841 -20.411495 -19.927362
v 27.936567 -20.424110 -20.052063
v 23.736063 -18.819971 -25.014633
v 26.873884 -19.211514 -25.298759
v 22.919434 -17.703514 -28.735985
v 25.078823 -17.639923 -30.353035
v 19.744858 -15.760390 -29.124666
v 20.768749 -15.868147 -32.184044
v 16.492012 -14.072192 -29.731560
v 17.393192 -14.397994 -32.809040
v 13.825545 -12.803499 -33.501350
v 12.847106 -12.645822 -30.796886
v 8.036680 -11.075003 -31.718571
v 8.795242 -11.217404 -34.008427
v 2.598036 -8.628070 -32.211536
v 2.817953 -8.933655 -34.816856
v -1.090405 -5.071457 -31.470493
v -1.574232 -5.379835 -35.085609
v 16.627329 -13.850191 -25.238110
v 13.043237 -11.789662 -27.120323
v 8.195469 -10.893632 -27.474834
v 2.423609 -8.398183 -28.706959
v -2.468102 0.001091 -31.008022
v -0.795599 -4.882700 -28.310404
v -1.881405 -0.191267 -27.924900
v 19.927410 -16.566214 -25.055325
v 26.071980 -21.731815 -11.026608
v 22.783400 -20.980751 -15.357567
v 21.364731 -18.950356 -20.171265
v 6.436789 -9.413356 -26.708374
v 7.534508 -10.698488 -25.503881
v 6.621502 -9.288961 -26.274902
v -1.776909 -3.089447 -26.773277
v -1.184258 -4.947512 -25.693399
v -1.389017 -3.158998 -25.895798
v 18.592850 -16.584156 -20.697536
v 24.266010 -21.726084 -10.021582
v 19.926014 -21.763760 -10.627005
v 19.524899 -19.607203 -15.510857
v 33.128475 -22.948792 -7.717954
v 29.653452 -22.216423 -6.556728
v 23.106186 -22.114906 -6.347940
v 19.360531 -22.156784 -6.594021
v 31.832207 -20.116488 -11.245621
v 30.140680 -19.363882 -15.604118
v 27.078510 -18.764183 -15.277996
v 28.244476 -19.819805 -10.597539
v 25.704897 -17.417515 -19.340414
v 28.516636 -18.431877 -19.778189
v 24.892712 -15.595833 -24.069149
v 27.847809 -16.686371 -24.673477
v 24.633652 -13.591660 -27.883862
v 26.346094 -14.779922 -30.094952
v 21.468447 -11.681314 -28.795414
v 21.916355 -12.899446 -32.350113
v 18.471577 -12.185531 -32.916542
v 17.956425 -11.202169 -29.554218
v 9.689087 -8.365360 -31.710423
v 14.078153 -10.018934 -30.758743
v 14.915771 -11.060336 -33.525387
v 9.867346 -9.566741 -34.190968
v 5.901691 -4.939898 -33.069759
v 4.625198 -6.939210 -35.826103
v 13.741781 -10.281361 -27.077667
v 17.784855 -11.766584 -24.941093
v 9.175150 -9.172030 -27.373146
v 4.429100 -6.402992 -28.573845
v 4.568508 -2.457214 -32.247799
v 1.479193 -3.760496 -28.052553
v 21.496050 -13.593740 -24.176952
v 24.283821 -19.787046 -9.994745
v 26.122410 -19.803427 -11.011781
v 23.091125 -18.205933 -15.032640
v 22.284389 -16.342426 -19.370300
v 5.787828 -7.644486 -26.749277
v 3.649208 -7.223289 -25.624996
v 5.264698 -7.905341 -25.845840
v 1.643448 -5.223892 -26.709309
v -0.037952 -4.393032 -25.395884
v 1.080423 -5.411312 -25.740929
v 19.363409 -15.030403 -20.113472
v 20.032841 -19.673582 -10.472179
v 19.762596 -18.011095 -15.213757
v 34.016762 -20.498344 -2.411247
v 34.096630 -20.124887 -4.767110
v 30.415810 -20.162977 -3.846986
v 31.504509 -20.505041 -1.935331
v 21.330839 -20.854727 -2.263618
v 22.240028 -20.631084 -3.755276
v 18.602442 -20.500191 -3.778816
v 18.952347 -20.677408 -2.268181
v 31.431099 -21.697508 -11.183025
v 29.690483 -21.053263 -15.591532
v 27.936567 -20.424110 -20.052063
v 26.873884 -19.211514 -25.298759
v 25.078823 -17.639923 -30.353035
v 20.768749 -15.868147 -32.184044
v 17.393192 -14.397994 -32.809040
v 13.825545 -12.803499 -33.501350
v 8.795242 -11.217404 -34.008427
v 2.817953 -8.933655 -34.816856
v -1.574232 -5.379835 -35.085609
v 1.683886 -4.120443 -35.969513
v 13.043237 -11.789662 -27.120323
v 16.627329 -13.850191 -25.238110
v 8.195469 -10.893632 -27.474834
v 26.071980 -21.731815 -11.026608
v 24.266010 -21.726084 -10.021582
v 7.534508 -10.698488 -25.503881
v 8.111189 -9.653544 -25.388668
v 4.642572 -8.520340 -26.182003
v 6.621502 -9.288961 -26.274902
v 6.965824 -8.686523 -25.796124
v -1.750736 -1.328789 -26.048223
v -1.389017 -3.158998 -25.895798
v -0.620449 -3.000959 -25.627890
v -1.204288 -1.451687 -25.658699
v 18.592850 -16.584156 -20.697536
v 19.524899 -19.607203 -15.510857
v 19.926014 -21.763760 -10.627005
v 33.782528 -23.057144 -4.751042
v 33.128475 -22.948792 -7.717954
v 33.237518 -20.359295 -7.416639
v 31.345306 -22.587543 -1.845157
v 33.800762 -22.723583 -2.403509
v 28.161427 -21.737549 -10.600357
v 29.653452 -22.216423 -6.556728
v 29.820538 -20.349356 -6.569150
v 22.234865 -22.298775 -3.755239
v 23.106186 -22.114906 -6.347940
v 23.107626 -20.429989 -6.346738
v 18.809219 -22.437935 -1.846812
v 21.348825 -22.215040 -2.103266
v 19.360531 -22.156784 -6.594021
v 19.359165 -20.480511 -6.594553
v 33.782528 -23.057144 -4.751042
v 30.188259 -22.912609 -3.805075
v 22.234865 -22.298775 -3.755239
v 18.371098 -22.981611 -3.826470
v 30.188259 -22.912609 -3.805075
v 18.371098 -22.981611 -3.826470
v -3.097450 -0.009817 -35.113136
v 0.923758 -7.200323 -27.082914
v 2.467033 -8.312110 -25.745663
v 1.168177 -7.238812 -25.968170
v 3.947609 0.024057 -31.145000
v 1.084808 0.004831 -28.162880
v -0.484367 -1.486689 -26.474277
v -0.430779 0.000568 -26.971788
v -1.682344 0.000498 -25.345726
v -3.097450 -0.009817 -35.113136
v 1.875669 0.002522 -36.495972
v 0.109173 -5.934658 -26.118137
v 1.168177 -7.238812 -25.968170
v 2.364737 -6.340929 -25.754091
v 33.800762 -22.723583 -2.403509
v 31.345306 -22.587543 -1.845157
v 21.348825 -22.215040 -2.103266
v 18.809219 -22.437935 -1.846812
v 2.467033 -8.312110 -25.745663
v -1.184258 -4.947512 -25.693399
v -2.188406 0.004930 -25.857796
v -1.750736 -1.328789 -26.048223
v -2.188406 0.004930 -25.857796
v -1.661304 -1.464512 -26.652401
v 0.109173 -5.934658 -26.118137
v 0.068752 -6.108707 -26.944735
v 4.642572 -8.520340 -26.182003
v 4.784088 -8.601680 -27.045105
v -0.101702 -2.745548 -26.569492
v 2.742397 -5.945324 -26.912657
v 7.266985 -8.308539 -26.471119
v 26.888678 21.318758 -15.367675
v 28.163332 21.733088 -10.596983
v 31.429943 21.697989 -11.182371
v 29.689508 21.041605 -15.589218
v 27.936409 20.424353 -20.052343
v 25.102953 20.402662 -19.926443
v 26.884995 19.191923 -25.293331
v 23.714880 18.853762 -25.014984
v 25.093132 17.614782 -30.345541
v 22.905941 17.718863 -28.722126
v 20.701660 15.979288 -32.195004
v 19.665215 15.887014 -29.126335
v 17.352859 14.463346 -32.817211
v 16.363731 14.285246 -29.741840
v 13.754438 12.925245 -33.500488
v 8.780682 11.242437 -34.003311
v 8.015594 11.112436 -31.711864
v 12.765885 12.784864 -30.790813
v 2.815979 8.933607 -34.817719
v 2.608635 8.615622 -32.215649
v -1.471199 5.313311 -35.098660
v -0.990765 4.980251 -31.499493
v 12.976010 11.906027 -27.111200
v 16.547846 13.978720 -25.240908
v 8.199421 10.894083 -27.468948
v 2.431374 8.383848 -28.712765
v -0.751001 4.823301 -28.330421
v 19.891445 16.618261 -25.049862
v 26.074217 21.708521 -11.022255
v 21.287863 19.074347 -20.193695
v 22.792385 20.910730 -15.337985
v 6.152792 9.788752 -26.539532
v 6.271763 9.726984 -25.976788
v 7.531059 10.704065 -25.502453
v -1.701578 3.076172 -26.784786
v -1.388912 3.160767 -25.893885
v -1.178532 4.941145 -25.695274
v 18.522617 16.697653 -20.718569
v 19.517025 19.616217 -15.513139
v 19.926201 21.762785 -10.626813
v 24.268578 21.683954 -10.016249
v 29.652355 22.216501 -6.556270
v 33.127808 22.949106 -7.717836
v 19.360546 22.157061 -6.594024
v 23.106024 22.115236 -6.348029
v 31.831507 20.117926 -11.245394
v 28.246977 19.812323 -10.594152
v 27.083040 18.705690 -15.269394
v 30.139944 19.361120 -15.603390
v 25.697411 17.424906 -19.342489
v 28.516418 18.432356 -19.778248
v 24.868145 15.636930 -24.071030
v 27.844479 16.691595 -24.673153
v 24.600483 13.643553 -27.878218
v 26.346430 14.779188 -30.090622
v 21.391712 11.807806 -28.800301
v 21.866859 12.981379 -32.357670
v 18.440159 12.237967 -32.921947
v 17.852457 11.376005 -29.558823
v 9.671013 8.396877 -31.704372
v 9.851646 9.593298 -34.186176
v 14.850439 11.172194 -33.524998
v 14.017551 10.123594 -30.749290
v 5.902815 4.942070 -33.063778
v 4.624449 6.939825 -35.824982
v 13.679774 10.388727 -27.069794
v 17.722778 11.865969 -24.942379
v 9.159292 9.200087 -27.368109
v 4.432583 6.398388 -28.574867
v 1.510973 3.720720 -28.066444
v 4.573288 2.462111 -32.240299
v 21.467049 13.639685 -24.173622
v 24.283649 19.777197 -9.994164
v 23.091827 18.158888 -15.026392
v 26.123575 19.794760 -11.009798
v 22.222681 16.441927 -19.388800
v 5.780436 7.652931 -26.725657
v 5.243177 7.928572 -25.786955
v 3.649185 7.223545 -25.625063
v 1.664454 5.195318 -26.719097
v 1.093803 5.393440 -25.747248
v -0.032187 4.385628 -25.398558
v 19.299469 15.133516 -20.133381
v 20.031967 19.672537 -10.472025
v 19.748613 18.029539 -15.218202
v 34.016788 20.498529 -2.411192
v 31.504536 20.505457 -1.935271
v 30.415649 20.163454 -3.846954
v 34.096661 20.125147 -4.767115
v 21.330969 20.855474 -2.263474
v 18.952118 20.679708 -2.267688
v 18.601028 20.498873 -3.779012
v 22.240110 20.631514 -3.755252
v 31.429943 21.697989 -11.182371
v 29.689508 21.041605 -15.589218
v 27.936409 20.424353 -20.052343
v 26.884995 19.191923 -25.293331
v 25.093132 17.614782 -30.345541
v 20.701660 15.979288 -32.195004
v 17.352859 14.463346 -32.817211
v 13.754438 12.925245 -33.500488
v 8.780682 11.242437 -34.003311
v 2.815979 8.933607 -34.817719
v 1.748709 4.082684 -35.974934
v -1.471199 5.313311 -35.098660
v 12.976010 11.906027 -27.111200
v 16.547846 13.978720 -25.240908
v 8.199421 10.894083 -27.468948
v 26.074217 21.708521 -11.022255
v 24.268578 21.683954 -10.016249
v 7.531059 10.704065 -25.502453
v 8.106159 9.661654 -25.386307
v 4.631485 8.545065 -26.158867
v 6.831301 8.812284 -25.602238
v 6.271763 9.726984 -25.976788
v -1.658138 1.308741 -26.084373
v -1.218218 1.456337 -25.655464
v -0.616497 2.998529 -25.628593
v -1.388912 3.160767 -25.893885
v 18.522617 16.697653 -20.718569
v 19.517025 19.616217 -15.513139
v 19.926201 21.762785 -10.626813
v 33.782501 23.057432 -4.751047
v 33.237316 20.359743 -7.416618
v 33.127808 22.949106 -7.717836
v 31.345282 22.587847 -1.845212
v 33.800808 22.724073 -2.403202
v 28.163332 21.733088 -10.596983
v 29.819275 20.348806 -6.568641
v 29.652355 22.216501 -6.556270
v 22.234617 22.299334 -3.755095
v 23.107391 20.430468 -6.346867
v 23.106024 22.115236 -6.348029
v 18.807739 22.437300 -1.846731
v 21.348524 22.215937 -2.103001
v 19.359198 20.480806 -6.594550
v 19.360546 22.157061 -6.594024
v 30.188107 22.912867 -3.805027
v 33.782501 23.057432 -4.751047
v 18.370899 22.981638 -3.826479
v 22.234617 22.299334 -3.755095
v 30.188107 22.912867 -3.805027
v 18.370899 22.981638 -3.826479
v 0.936207 7.182184 -27.088778
v 1.170954 7.235043 -25.969522
v 2.466930 8.312433 -25.745951
v -0.484354 1.487003 -26.474236
v 0.129187 5.908035 -26.127686
v 2.364685 6.341080 -25.754078
v 1.170954 7.235043 -25.969522
v 31.345282 22.587847 -1.845212
v 33.800808 22.724073 -2.403202
v 18.807739 22.437300 -1.846731
v 21.348524 22.215937 -2.103001
v 2.466930 8.312433 -25.745951
v -1.178532 4.941145 -25.695274
v -1.658138 1.308741 -26.084373
v -1.678791 1.492666 -26.624725
v 0.129187 5.908035 -26.127686
v 0.094006 6.074383 -26.956585
v 4.631485 8.545065 -26.158867
v 4.779202 8.628412 -27.032869
v -0.095514 2.737440 -26.572264
v 2.745699 5.940233 -26.913591
v 7.226072 8.340639 -26.407242
v -1.277742 -5.709832 -24.965899
v -1.238138 -5.652938 -26.770304
v -0.727835 -5.726940 -26.733118
v -0.769875 -5.803291 -24.956736
v -1.433983 -3.249094 -24.964317
v -1.271332 -3.425220 -26.814404
v -1.821707 -3.420700 -26.833714
v -2.002251 -3.208480 -25.000031
v -1.333958 -5.555820 -23.917355
v -0.925953 -5.585048 -23.726257
v -1.395353 -4.644514 -23.743187
v -1.705347 -4.710482 -23.866196
v -0.410656 -5.416126 -24.927299
v -0.364784 -5.338232 -26.731468
v -0.741063 -4.318843 -26.825619
v -0.843334 -4.271748 -24.902718
v -0.410977 -5.205146 -28.204992
v -0.767427 -5.447536 -28.325113
v -1.081578 -4.658860 -28.864828
v -0.688802 -4.459679 -28.579742
v -1.238138 -5.652938 -26.770304
v -1.277742 -5.709832 -24.965899
v -1.989681 -4.694278 -24.935478
v -1.867702 -4.767917 -26.973780
v -1.144701 -5.425642 -28.115776
v -0.767427 -5.447536 -28.325113
v -0.410656 -5.416126 -24.927299
v -0.647202 -5.333326 -23.852650
v -0.925953 -5.585048 -23.726257
v -1.104237 -3.739085 -28.253330
v -1.514149 -3.863536 -28.370665
v -2.332825 -3.602087 -25.003891
v -2.208132 -3.754119 -23.921385
v -1.940300 -3.479453 -23.740993
v -0.410977 -5.205146 -28.204992
v -0.688802 -4.459679 -28.579742
v -1.433983 -3.249094 -24.964317
v -1.579029 -3.526753 -23.904495
v -1.136738 -4.560955 -23.862381
v -1.333958 -5.555820 -23.917355
v -1.705347 -4.710482 -23.866196
v -2.056511 -3.835911 -26.841913
v -1.750704 -4.142247 -28.169506
v -1.478838 -4.797056 -28.325182
v -1.136738 -4.560955 -23.862381
v -1.579029 -3.526753 -23.904495
v -1.940300 -3.479453 -23.740993
v -1.271332 -3.425220 -26.814404
v -1.478838 -4.797056 -28.325182
v -1.750704 -4.142247 -28.169506
v -1.514149 -3.863536 -28.370665
v -2.332825 -3.602087 -25.003891
v -1.104237 -3.739085 -28.253330
v -0.647202 -5.333326 -23.852650
v -2.208132 -3.754119 -23.921385
v -1.144701 -5.425642 -28.115776
v -0.364784 -5.338232 -26.731468
v -2.056511 -3.835911 -26.841913
v -0.647202 -5.333326 -23.852650
v -1.144701 -5.425642 -28.115776
v -0.410977 -5.205146 -28.204992
v -1.333958 -5.555820 -23.917355
v -1.750704 -4.142247 -28.169506
v -1.579029 -3.526753 -23.904495
v -2.208132 -3.754119 -23.921385
v -1.104237 -3.739085 -28.253330
v -2.962048 -0.162797 -24.652706
v -2.545561 -0.197032 -26.609068
v -2.205204 -0.434632 -26.485903
v -2.645571 -0.402778 -24.521009
v -2.011791 1.208901 -24.386026
v -1.547310 0.976094 -26.431339
v -1.932581 1.189734 -26.556755
v -2.387974 1.439892 -24.570190
v -3.210562 0.026019 -23.316483
v -2.983175 -0.135641 -23.042881
v -3.066376 0.640360 -22.734888
v -3.254492 0.682071 -23.054680
v -2.231291 -0.327758 -24.345184
v -1.771015 -0.372293 -26.370464
v -1.574425 0.314074 -26.406452
v -2.050394 0.446723 -24.286228
v -1.442425 -0.288936 -27.781597
v -1.774509 -0.286306 -28.019295
v -1.505272 0.208608 -28.633385
v -1.214426 0.187263 -28.177700
v -2.545561 -0.197032 -26.609068
v -2.962048 -0.162797 -24.652706
v -3.015268 0.651057 -24.682667
v -2.566626 0.522740 -26.794342
v -2.088039 -0.116565 -27.854172
v -1.774509 -0.286306 -28.019295
v -2.231291 -0.327758 -24.345184
v -2.625141 -0.123320 -22.990540
v -2.983175 -0.135641 -23.042881
v -1.271526 0.743475 -27.810211
v -1.591248 0.829138 -28.044239
v -2.791245 1.352473 -24.707649
v -3.080149 1.312212 -23.319832
v -2.781912 1.358812 -23.030937
v -1.442425 -0.288936 -27.781597
v -1.214426 0.187263 -28.177700
v -2.011791 1.208901 -24.386026
v -2.457878 1.221875 -23.004604
v -2.814169 0.583309 -22.762531
v -3.210562 0.026019 -23.316483
v -3.254492 0.682071 -23.054680
v -2.286913 1.067597 -26.638506
v -1.936447 0.786604 -27.895174
v -1.996716 0.331566 -28.085426
v -2.814169 0.583309 -22.762531
v -2.457878 1.221875 -23.004604
v -2.781912 1.358812 -23.030937
v -1.547310 0.976094 -26.431339
v -1.996716 0.331566 -28.085426
v -1.936447 0.786604 -27.895174
v -1.591248 0.829138 -28.044239
v -2.791245 1.352473 -24.707649
v -1.271526 0.743475 -27.810211
v -2.625141 -0.123320 -22.990540
v -3.080149 1.312212 -23.319832
v -2.088039 -0.116565 -27.854172
v -1.771015 -0.372293 -26.370464
v -2.286913 1.067597 -26.638506
v -2.625141 -0.123320 -22.990540
v -2.088039 -0.116565 -27.854172
v -1.442425 -0.288936 -27.781597
v -3.210562 0.026019 -23.316483
v -1.936447 0.786604 -27.895174
v -2.457878 1.221875 -23.004604
v -3.080149 1.312212 -23.319832
v -1.271526 0.743475 -27.810211
v -2.408539 3.448126 -25.030796
v -2.103033 3.306448 -26.804852
v -1.837553 2.876405 -26.695988
v -2.155670 3.004935 -24.950878
v -0.645021 5.168913 -24.938347
v -0.431289 4.778879 -26.750111
v -0.777370 5.195362 -26.850468
v -0.973060 5.621051 -25.055885
v -2.465626 3.677348 -23.996136
v -2.251892 3.366327 -23.748295
v -1.837595 4.331609 -23.790941
v -2.069679 4.512312 -23.961414
v -1.636543 2.988595 -24.850670
v -1.311153 2.855886 -26.622593
v -0.767425 3.795918 -26.724081
v -1.049829 4.062375 -24.837423
v -1.046299 2.855849 -28.078947
v -1.442093 2.956919 -28.261623
v -0.974812 3.663057 -28.804773
v -0.610181 3.520051 -28.455755
v -2.103033 3.306448 -26.804852
v -2.408539 3.448126 -25.030796
v -2.098783 4.649118 -25.059099
v -1.808718 4.340988 -27.058073
v -1.694336 3.273021 -28.109667
v -1.442093 2.956919 -28.261623
v -1.636543 2.988595 -24.850670
v -1.866341 3.309605 -23.820221
v -2.251892 3.366327 -23.748295
v -0.373052 4.329694 -28.161415
v -0.714087 4.548139 -28.343790
v -1.482103 5.613701 -25.126884
v -1.659721 5.509928 -24.046066
v -1.304085 5.501695 -23.815479
v -1.046299 2.855849 -28.078947
v -0.610181 3.520051 -28.455755
v -0.645021 5.168913 -24.938347
v -1.087339 5.184898 -23.925701
v -1.593227 4.181133 -23.866528
v -2.465626 3.677348 -23.996136
v -2.069679 4.512312 -23.961414
v -1.240950 5.101346 -26.912573
v -1.102911 4.561622 -28.193005
v -1.404486 3.917208 -28.336885
v -1.593227 4.181133 -23.866528
v -1.087339 5.184898 -23.925701
v -1.304085 5.501695 -23.815479
v -0.431289 4.778879 -26.750111
v -1.404486 3.917208 -28.336885
v -1.102911 4.561622 -28.193005
v -0.714087 4.548139 -28.343790
v -1.482103 5.613701 -25.126884
v -0.373052 4.329694 -28.161415
v -1.866341 3.309605 -23.820221
v -1.659721 5.509928 -24.046066
v -1.694336 3.273021 -28.109667
v -1.311153 2.855886 -26.622593
v -1.240950 5.101346 -26.912573
v -1.866341 3.309605 -23.820221
v -1.694336 3.273021 -28.109667
v -1.046299 2.855849 -28.078947
v -2.465626 3.677348 -23.996136
v -1.102911 4.561622 -28.193005
v -1.087339 5.184898 -23.925701
v -1.659721 5.509928 -24.046066
v -0.373052 4.329694 -28.161415
v 4.892340 9.873260 -25.269190
v 5.367209 10.222212 -27.862629
v 5.215521 9.484171 -27.807823
v 4.661718 9.026357 -25.347736
v 7.875256 9.780689 -25.221998
v 7.594458 9.929852 -27.832073
v 7.604760 10.505857 -27.848402
v 7.800521 10.504822 -25.222147
v 5.471375 9.328687 -24.420204
v 5.411943 8.888588 -24.353624
v 6.585465 9.238924 -24.232239
v 6.471068 9.573459 -24.401638
v 5.203298 8.151112 -25.538351
v 5.676889 8.837495 -27.781124
v 6.724377 9.225069 -27.994238
v 6.938290 8.181285 -25.376694
v 5.912012 9.139318 -29.272146
v 5.690444 9.536139 -29.363773
v 6.554362 9.914358 -29.879099
v 6.748861 9.470269 -29.576698
v 5.367209 10.222212 -27.862629
v 4.892340 9.873260 -25.269190
v 6.261381 10.305759 -25.052879
v 6.229996 10.571056 -28.169044
v 5.702131 9.964354 -29.204248
v 5.690444 9.536139 -29.363773
v 5.203298 8.151112 -25.538351
v 5.530571 8.425677 -24.262852
v 5.411943 8.888588 -24.353624
v 7.532323 9.880449 -29.239710
v 7.452162 10.310459 -29.354576
v 7.378913 10.860444 -25.193462
v 7.209225 10.161965 -24.308220
v 7.467879 9.827065 -24.204111
v 5.912012 9.139318 -29.272146
v 6.748861 9.470269 -29.576698
v 7.875256 9.780689 -25.221998
v 7.620133 9.447013 -24.141569
v 6.717102 8.777443 -24.087910
v 5.471375 9.328687 -24.420204
v 6.471068 9.573459 -24.401638
v 7.167075 10.776249 -27.959915
v 7.203351 10.585318 -29.230528
v 6.482446 10.330755 -29.514021
v 6.717102 8.777443 -24.087910
v 7.620133 9.447013 -24.141569
v 7.467879 9.827065 -24.204111
v 7.594458 9.929852 -27.832073
v 6.482446 10.330755 -29.514021
v 7.203351 10.585318 -29.230528
v 7.452162 10.310459 -29.354576
v 7.378913 10.860444 -25.193462
v 7.532323 9.880449 -29.239710
v 5.530571 8.425677 -24.262852
v 7.209225 10.161965 -24.308220
v 5.702131 9.964354 -29.204248
v 5.676889 8.837495 -27.781124
v 7.167075 10.776249 -27.959915
v 5.530571 8.425677 -24.262852
v 5.702131 9.964354 -29.204248
v 5.912012 9.139318 -29.272146
v 5.411943 8.888588 -24.353624
v 4.661718 9.026357 -25.347736
v 7.203351 10.585318 -29.230528
v 7.620133 9.447013 -24.141569
v 7.209225 10.161965 -24.308220
v 7.532323 9.880449 -29.239710
v -1.877911 1.353413 -25.067469
v -1.987467 1.323810 -27.268984
v -1.624191 1.090189 -27.203300
v -1.541487 1.106304 -25.038334
v -0.867611 2.707248 -25.021870
v -0.982146 2.509915 -27.277323
v -1.392540 2.725084 -27.320915
v -1.276093 2.947930 -25.085133
v -1.742895 1.486969 -23.708485
v -1.451365 1.312611 -23.515335
v -1.432590 2.075356 -23.166294
v -1.701258 2.131605 -23.419373
v -1.093477 1.171496 -24.981705
v -1.174944 1.154083 -27.180414
v -0.996680 1.834066 -27.289120
v -0.890081 1.941763 -24.945118
v -1.272108 1.208821 -28.977869
v -1.659328 1.216684 -29.142241
v -1.577780 1.741183 -29.796986
v -1.169397 1.700227 -29.430799
v -1.987467 1.323810 -27.268984
v -1.877911 1.353413 -25.067469
v -1.923399 2.168093 -25.049665
v -2.068510 2.032339 -27.522005
v -1.913359 1.379081 -28.900112
v -1.659328 1.216684 -29.142241
v -1.093477 1.171496 -24.981705
v -1.092699 1.320697 -23.564064
v -1.451365 1.312611 -23.515335
v -1.121965 2.247648 -29.033504
v -1.494823 2.338337 -29.194124
v -1.703104 2.868668 -25.108479
v -1.596502 2.771399 -23.697697
v -1.229099 2.804069 -23.501415
v -1.272108 1.208821 -28.977869
v -1.169397 1.700227 -29.430799
v -0.867611 2.707248 -25.021870
v -0.912870 2.664321 -23.571491
v -1.198952 2.018108 -23.265110
v -1.742895 1.486969 -23.708485
v -1.701258 2.131605 -23.419373
v -1.758743 2.597414 -27.347628
v -1.782225 2.287875 -28.962715
v -1.892349 1.834530 -29.155590
v -1.198952 2.018108 -23.265110
v -0.912870 2.664321 -23.571491
v -1.229099 2.804069 -23.501415
v -0.982146 2.509915 -27.277323
v -1.892349 1.834530 -29.155590
v -1.782225 2.287875 -28.962715
v -1.494823 2.338337 -29.194124
v -1.703104 2.868668 -25.108479
v -1.121965 2.247648 -29.033504
v -1.092699 1.320697 -23.564064
v -1.596502 2.771399 -23.697697
v -1.913359 1.379081 -28.900112
v -1.174944 1.154083 -27.180414
v -1.758743 2.597414 -27.347628
v -1.092699 1.320697 -23.564064
v -1.913359 1.379081 -28.900112
v -1.272108 1.208821 -28.977869
v -1.742895 1.486969 -23.708485
v -1.782225 2.287875 -28.962715
v -0.912870 2.664321 -23.571491
v -1.596502 2.771399 -23.697697
v -1.121965 2.247648 -29.033504
v 8.451550 -11.379375 -18.307192
v 8.630623 -10.836189 -15.791521
v 8.280549 -10.117443 -16.056522
v 8.080521 -10.557293 -18.473982
v 11.864463 -11.171436 -18.373455
v 11.725350 -10.627480 -15.833911
v 11.861807 -11.175129 -15.654469
v 11.926607 -11.873924 -18.167934
v 9.255972 -11.187777 -19.267422
v 9.157630 -10.801544 -19.455992
v 10.467014 -11.080002 -19.471910
v 10.378150 -11.358980 -19.214308
v 8.656338 -9.691271 -18.536331
v 8.848764 -9.543970 -16.247549
v 10.429493 -9.952877 -15.905896
v 10.658133 -9.708752 -18.676996
v 9.284121 -9.558706 -14.754176
v 9.077194 -9.928146 -14.559607
v 10.145348 -10.095303 -13.923151
v 10.305412 -9.736319 -14.337933
v 8.630623 -10.836189 -15.791521
v 8.451550 -11.379375 -18.307192
v 10.245440 -11.888409 -18.382313
v 10.143554 -11.244579 -15.368155
v 9.130514 -10.370625 -14.592151
v 9.077194 -9.928146 -14.559607
v 8.656338 -9.691271 -18.536331
v 9.265621 -10.396179 -19.673471
v 9.157630 -10.801544 -19.455992
v 11.340220 -10.160713 -14.504211
v 11.316693 -10.548222 -14.270658
v 11.558437 -12.272888 -18.093063
v 11.214947 -11.869032 -19.137442
v 11.430635 -11.547667 -19.333282
v 9.284121 -9.558706 -14.754176
v 10.305412 -9.736319 -14.337933
v 11.864463 -11.171436 -18.373455
v 11.537546 -11.185022 -19.501907
v 10.556509 -10.670742 -19.741716
v 9.255972 -11.187777 -19.267422
v 10.378150 -11.358980 -19.214308
v 11.449631 -11.453148 -15.471714
v 11.112339 -10.874014 -14.315849
v 10.126669 -10.600208 -14.160894
v 10.556509 -10.670742 -19.741716
v 11.537546 -11.185022 -19.501907
v 11.430635 -11.547667 -19.333282
v 11.725350 -10.627480 -15.833911
v 10.126669 -10.600208 -14.160894
v 11.112339 -10.874014 -14.315849
v 11.316693 -10.548222 -14.270658
v 11.558437 -12.272888 -18.093063
v 11.340220 -10.160713 -14.504211
v 9.265621 -10.396179 -19.673471
v 11.214947 -11.869032 -19.137442
v 9.130514 -10.370625 -14.592151
v 8.848764 -9.543970 -16.247549
v 11.449631 -11.453148 -15.471714
v 9.265621 -10.396179 -19.673471
v 9.130514 -10.370625 -14.592151
v 9.284121 -9.558706 -14.754176
v 8.451550 -11.379375 -18.307192
v 8.080521 -10.557293 -18.473982
v 11.112339 -10.874014 -14.315849
v 11.537546 -11.185022 -19.501907
v 11.214947 -11.869032 -19.137442
v 11.340220 -10.160713 -14.504211
v 0.868187 -8.901436 -19.017845
v 0.903557 -8.530441 -16.672344
v 0.782528 -8.049025 -16.799824
v 0.633304 -8.399767 -18.979149
v 3.254714 -8.585711 -19.187733
v 3.018188 -8.127577 -16.905672
v 3.096708 -8.644894 -16.832024
v 3.372558 -9.192261 -19.128576
v 1.102823 -8.854191 -19.917675
v 0.957347 -8.482828 -20.037827
v 1.958443 -8.784487 -20.270098
v 1.928258 -9.098755 -20.134518
v 0.950931 -7.765653 -19.050304
v 1.087278 -7.635566 -16.879332
v 2.081740 -7.745700 -16.778849
v 2.279816 -7.563398 -19.215948
v 1.275610 -7.528263 -15.384423
v 1.099968 -7.896686 -15.238966
v 1.973949 -8.038998 -14.680131
v 2.081026 -7.622324 -15.065803
v 0.903557 -8.530441 -16.672344
v 0.868187 -8.901436 -19.017845
v 2.022603 -9.450357 -19.206947
v 1.785559 -8.859718 -16.500214
v 1.114274 -8.288584 -15.369328
v 1.099968 -7.896686 -15.238966
v 0.950931 -7.765653 -19.050304
v 0.991202 -8.130783 -20.177422
v 0.957347 -8.482828 -20.037827
v 2.856205 -7.898935 -15.412495
v 2.816147 -8.304029 -15.245675
v 3.071108 -9.584280 -19.112976
v 2.726130 -9.364962 -20.047863
v 2.900017 -9.046583 -20.182579
v 1.275610 -7.528263 -15.384423
v 2.081026 -7.622324 -15.065803
v 3.254714 -8.585711 -19.187733
v 2.962622 -8.675810 -20.218206
v 2.001766 -8.319281 -20.346888
v 1.102823 -8.854191 -19.917675
v 1.928258 -9.098755 -20.134518
v 2.726234 -8.960045 -16.691582
v 2.565528 -8.616802 -15.354055
v 1.840565 -8.476351 -15.048700
v 2.001766 -8.319281 -20.346888
v 2.962622 -8.675810 -20.218206
v 2.900017 -9.046583 -20.182579
v 3.018188 -8.127577 -16.905672
v 1.840565 -8.476351 -15.048700
v 2.565528 -8.616802 -15.354055
v 2.816147 -8.304029 -15.245675
v 3.071108 -9.584280 -19.112976
v 2.856205 -7.898935 -15.412495
v 0.991202 -8.130783 -20.177422
v 2.726130 -9.364962 -20.047863
v 1.114274 -8.288584 -15.369328
v 1.087278 -7.635566 -16.879332
v 2.726234 -8.960045 -16.691582
v 0.991202 -8.130783 -20.177422
v 1.114274 -8.288584 -15.369328
v 1.275610 -7.528263 -15.384423
v 1.102823 -8.854191 -19.917675
v 2.565528 -8.616802 -15.354055
v 2.962622 -8.675810 -20.218206
v 2.726130 -9.364962 -20.047863
v 2.856205 -7.898935 -15.412495
v 4.851665 -10.029749 -18.930256
v 4.818521 -9.327618 -16.661737
v 4.760857 -8.859570 -16.862408
v 4.675519 -9.505203 -18.976791
v 7.264103 -10.004145 -18.989738
v 6.974454 -9.195917 -16.813389
v 6.988310 -9.702461 -16.663635
v 7.307216 -10.604832 -18.839382
v 5.132780 -10.139755 -19.811081
v 5.037641 -9.776199 -19.990761
v 6.006479 -10.215748 -20.114437
v 5.933306 -10.501768 -19.938663
v 5.068185 -8.926628 -19.115044
v 5.115329 -8.497787 -16.979042
v 6.084155 -8.699875 -16.800951
v 6.417976 -8.896698 -19.222054
v 5.243550 -8.195351 -15.504652
v 5.019285 -8.517332 -15.320868
v 5.843012 -8.671259 -14.693039
v 6.016344 -8.329300 -15.125294
v 4.818521 -9.327618 -16.661737
v 4.851665 -10.029749 -18.930256
v 5.941607 -10.722876 -18.967091
v 5.646732 -9.722517 -16.389534
v 4.993825 -8.923222 -15.394266
v 5.019285 -8.517332 -15.320868
v 5.068185 -8.926628 -19.115044
v 5.119061 -9.454016 -20.175518
v 5.037641 -9.776199 -19.990761
v 6.769447 -8.736231 -15.379949
v 6.674371 -9.105946 -15.161300
v 6.961569 -10.955193 -18.788677
v 6.689515 -10.837912 -19.765076
v 6.905677 -10.563383 -19.931396
v 5.243550 -8.195351 -15.504652
v 6.016344 -8.329300 -15.125294
v 7.264103 -10.004145 -18.989738
v 7.012857 -10.210796 -20.014183
v 6.107538 -9.774183 -20.252270
v 5.132780 -10.139755 -19.811081
v 5.933306 -10.501768 -19.938663
v 6.577243 -9.951548 -16.504658
v 6.394322 -9.401951 -15.240891
v 5.677064 -9.140398 -15.004942
v 6.107538 -9.774183 -20.252270
v 7.012857 -10.210796 -20.014183
v 6.905677 -10.563383 -19.931396
v 6.974454 -9.195917 -16.813389
v 5.677064 -9.140398 -15.004942
v 6.394322 -9.401951 -15.240891
v 6.674371 -9.105946 -15.161300
v 6.961569 -10.955193 -18.788677
v 6.769447 -8.736231 -15.379949
v 5.119061 -9.454016 -20.175518
v 6.689515 -10.837912 -19.765076
v 4.993825 -8.923222 -15.394266
v 5.115329 -8.497787 -16.979042
v 6.577243 -9.951548 -16.504658
v 5.119061 -9.454016 -20.175518
v 4.993825 -8.923222 -15.394266
v 5.243550 -8.195351 -15.504652
v 5.132780 -10.139755 -19.811081
v 6.394322 -9.401951 -15.240891
v 7.012857 -10.210796 -20.014183
v 6.689515 -10.837912 -19.765076
v 6.769447 -8.736231 -15.379949
v 11.632309 11.567367 -19.015266
v 11.650815 11.269100 -16.452765
v 12.319582 10.794615 -16.645088
v 12.366610 11.024177 -19.099205
v 8.771673 9.693344 -18.995209
v 9.066162 9.554217 -16.414814
v 8.670646 9.977863 -16.293036
v 8.363354 10.290058 -18.865608
v 11.063686 10.905317 -19.934072
v 11.346771 10.601193 -20.081638
v 10.072144 10.192366 -20.103174
v 10.002083 10.503611 -19.878891
v 12.295912 9.985588 -19.056976
v 12.115934 9.999020 -16.762489
v 10.527796 9.605415 -16.437637
v 10.553039 8.996269 -19.161453
v 11.674597 9.950243 -15.271598
v 11.664843 10.391454 -15.121930
v 10.630404 10.073046 -14.487486
v 10.683942 9.641354 -14.858040
v 11.650815 11.269100 -16.452765
v 11.632309 11.567367 -19.015266
v 9.825092 11.111844 -19.111525
v 10.118794 10.916994 -16.047897
v 11.401381 10.743612 -15.201054
v 11.664843 10.391454 -15.121930
v 12.295912 9.985588 -19.056976
v 11.461080 10.175545 -20.252043
v 11.346771 10.601193 -20.081638
v 9.581511 9.478773 -15.049889
v 9.402020 9.848896 -14.860013
v 8.483614 10.824160 -18.841106
v 9.020375 10.537916 -19.841988
v 8.998837 10.133732 -19.997946
v 11.674597 9.950243 -15.271598
v 10.683942 9.641354 -14.858040
v 8.771673 9.693344 -18.995209
v 9.091182 9.750517 -20.124420
v 10.206400 9.767112 -20.325510
v 11.063686 10.905317 -19.934072
v 10.002083 10.503611 -19.878891
v 8.884800 10.440456 -16.149059
v 9.420520 10.226472 -14.943901
v 10.406364 10.493553 -14.778654
v 10.206400 9.767112 -20.325510
v 9.091182 9.750517 -20.124420
v 8.998837 10.133732 -19.997946
v 9.066162 9.554217 -16.414814
v 10.406364 10.493553 -14.778654
v 9.420520 10.226472 -14.943901
v 9.402020 9.848896 -14.860013
v 8.483614 10.824160 -18.841106
v 9.581511 9.478773 -15.049889
v 11.461080 10.175545 -20.252043
v 9.020375 10.537916 -19.841988
v 11.401381 10.743612 -15.201054
v 12.115934 9.999020 -16.762489
v 8.884800 10.440456 -16.149059
v 11.461080 10.175545 -20.252043
v 11.401381 10.743612 -15.201054
v 11.674597 9.950243 -15.271598
v 11.632309 11.567367 -19.015266
v 12.366610 11.024177 -19.099205
v 9.420520 10.226472 -14.943901
v 9.091182 9.750517 -20.124420
v 9.020375 10.537916 -19.841988
v 9.581511 9.478773 -15.049889
v 6.453400 10.184725 -18.981644
v 6.777296 9.851065 -16.652687
v 7.092213 9.476007 -16.803753
v 6.891916 9.844116 -18.976109
v 4.462225 8.821177 -18.984625
v 5.061996 8.532654 -16.741713
v 4.764313 8.958675 -16.646322
v 4.088120 9.308852 -18.897984
v 6.194305 10.031288 -19.862724
v 6.481787 9.765455 -20.004848
v 5.437450 9.579568 -20.153008
v 5.333076 9.874166 -20.010265
v 6.890631 9.134529 -19.043411
v 7.001968 8.968916 -16.873432
v 6.076712 8.617150 -16.696394
v 5.788158 8.351289 -19.116718
v 7.002743 8.796290 -15.372789
v 7.003910 9.205112 -15.229246
v 6.207817 8.939177 -14.603221
v 6.270155 8.517056 -14.992776
v 6.777296 9.851065 -16.652687
v 6.453400 10.184725 -18.981644
v 5.164548 10.150055 -19.067719
v 5.858642 9.746016 -16.405682
v 6.803645 9.547274 -15.345873
v 7.003910 9.205112 -15.229246
v 6.890631 9.134529 -19.043411
v 6.599653 9.435495 -20.152504
v 6.481787 9.765455 -20.004848
v 5.428704 8.410547 -15.272458
v 5.294546 8.790760 -15.096462
v 4.180004 9.794980 -18.892433
v 4.510830 9.750522 -19.856644
v 4.489462 9.387161 -19.988045
v 7.002743 8.796290 -15.372789
v 6.270155 8.517056 -14.992776
v 4.462225 8.821177 -18.984625
v 4.598568 9.028066 -20.030533
v 5.603077 9.144791 -20.240904
v 6.194305 10.031288 -19.862724
v 5.333076 9.874166 -20.010265
v 4.962255 9.408242 -16.523834
v 5.367172 9.182520 -15.213218
v 6.099166 9.387437 -14.966773
v 5.603077 9.144791 -20.240904
v 4.598568 9.028066 -20.030533
v 4.489462 9.387161 -19.988045
v 5.061996 8.532654 -16.741713
v 6.099166 9.387437 -14.966773
v 5.367172 9.182520 -15.213218
v 5.294546 8.790760 -15.096462
v 4.180004 9.794980 -18.892433
v 5.428704 8.410547 -15.272458
v 6.599653 9.435495 -20.152504
v 4.510830 9.750522 -19.856644
v 6.803645 9.547274 -15.345873
v 7.001968 8.968916 -16.873432
v 4.962255 9.408242 -16.523834
v 6.599653 9.435495 -20.152504
v 6.803645 9.547274 -15.345873
v 7.002743 8.796290 -15.372789
v 6.194305 10.031288 -19.862724
v 5.367172 9.182520 -15.213218
v 4.598568 9.028066 -20.030533
v 4.510830 9.750522 -19.856644
v 5.428704 8.410547 -15.272458
v 2.512743 9.157907 -19.078304
v 2.836640 8.824249 -16.749352
v 3.151557 8.449190 -16.900417
v 2.951260 8.817299 -19.072771
v 0.521569 7.794360 -19.081287
v 1.121339 7.505838 -16.838375
v 0.823657 7.931859 -16.742985
v 0.147463 8.282036 -18.994648
v 2.253651 9.004471 -19.959389
v 2.541130 8.738638 -20.101511
v 1.496794 8.552752 -20.249672
v 1.392420 8.847350 -20.106930
v 2.949975 8.107712 -19.140074
v 3.061313 7.942099 -16.970095
v 2.136056 7.590333 -16.793056
v 1.847502 7.324472 -19.213383
v 3.062086 7.769474 -15.469452
v 3.063254 8.178295 -15.325909
v 2.267161 7.912359 -14.699884
v 2.329498 7.490240 -15.089439
v 2.836640 8.824249 -16.749352
v 2.512743 9.157907 -19.078304
v 1.223892 9.123238 -19.164381
v 1.917986 8.719198 -16.502342
v 2.862989 8.520456 -15.442535
v 3.063254 8.178295 -15.325909
v 2.949975 8.107712 -19.140074
v 2.658998 8.408678 -20.249166
v 2.541130 8.738638 -20.101511
v 1.488048 7.383730 -15.369122
v 1.353890 7.763944 -15.193126
v 0.239348 8.768164 -18.989098
v 0.570173 8.723705 -19.953308
v 0.548806 8.360344 -20.084709
v 3.062086 7.769474 -15.469452
v 2.329498 7.490240 -15.089439
v 0.521569 7.794360 -19.081287
v 0.657912 8.001249 -20.127197
v 1.662422 8.117974 -20.337566
v 2.253651 9.004471 -19.959389
v 1.392420 8.847350 -20.106930
v 1.021600 8.381426 -16.620495
v 1.426516 8.155704 -15.309881
v 2.158509 8.360620 -15.063437
v 1.662422 8.117974 -20.337566
v 0.657912 8.001249 -20.127197
v 0.548806 8.360344 -20.084709
v 1.121339 7.505838 -16.838375
v 2.158509 8.360620 -15.063437
v 1.426516 8.155704 -15.309881
v 1.353890 7.763944 -15.193126
v 0.239348 8.768164 -18.989098
v 1.488048 7.383730 -15.369122
v 2.658998 8.408678 -20.249166
v 0.570173 8.723705 -19.953308
v 2.862989 8.520456 -15.442535
v 3.061313 7.942099 -16.970095
v 1.021600 8.381426 -16.620495
v 2.658998 8.408678 -20.249166
v 2.862989 8.520456 -15.442535
v 3.062086 7.769474 -15.469452
v 2.253651 9.004471 -19.959389
v 1.426516 8.155704 -15.309881
v 0.657912 8.001249 -20.127197
v 0.570173 8.723705 -19.953308
v 1.488048 7.383730 -15.369122
v -2.554428 -6.691256 -19.123285
v -2.572941 -6.737047 -17.422722
v -2.569767 -6.172028 -17.458157
v -2.610991 -6.157824 -19.159691
v -0.030645 -7.023515 -18.898281
v -0.368869 -6.847436 -17.122715
v -0.406884 -7.401390 -17.091736
v -0.071370 -7.638115 -18.839092
v -2.316496 -6.790725 -20.239155
v -2.303211 -6.392025 -20.394505
v -1.241714 -6.961597 -20.394249
v -1.353565 -7.191476 -20.161266
v -2.085878 -5.637052 -19.176670
v -2.168314 -5.822755 -17.419968
v -1.195482 -6.274705 -17.245228
v -0.704145 -5.790864 -19.082088
v -2.092863 -5.865278 -16.151184
v -2.335695 -6.220809 -16.147259
v -1.653425 -6.578744 -15.443851
v -1.407009 -6.183464 -15.727315
v -2.572941 -6.737047 -17.422722
v -2.554428 -6.691256 -19.123285
v -1.549934 -7.486546 -19.027182
v -1.694389 -7.390563 -17.250933
v -2.370419 -6.658008 -16.372608
v -2.335695 -6.220809 -16.147259
v -2.085878 -5.637052 -19.176670
v -1.969250 -6.002620 -20.321173
v -2.303211 -6.392025 -20.394505
v -0.723980 -6.652853 -15.904399
v -0.863745 -7.074722 -15.838810
v -0.490044 -7.935283 -18.861427
v -0.530161 -7.875978 -20.064297
v -0.218582 -7.590076 -20.170837
v -2.092863 -5.865278 -16.151184
v -1.407009 -6.183464 -15.727315
v -0.030645 -7.023515 -18.898281
v -0.098961 -7.108948 -20.098680
v -0.982315 -6.472915 -20.402576
v -2.316496 -6.790725 -20.239155
v -1.353565 -7.191476 -20.161266
v -0.814405 -7.673217 -17.129414
v -1.108540 -7.364303 -16.086304
v -1.776146 -7.055659 -15.981201
v -0.982315 -6.472915 -20.402576
v -0.098961 -7.108948 -20.098680
v -0.218582 -7.590076 -20.170837
v -0.368869 -6.847436 -17.122715
v -1.776146 -7.055659 -15.981201
v -1.108540 -7.364303 -16.086304
v -0.863745 -7.074722 -15.838810
v -0.490044 -7.935283 -18.861427
v -0.723980 -6.652853 -15.904399
v -1.969250 -6.002620 -20.321173
v -0.530161 -7.875978 -20.064297
v -2.370419 -6.658008 -16.372608
v -2.168314 -5.822755 -17.419968
v -0.814405 -7.673217 -17.129414
v -1.969250 -6.002620 -20.321173
v -2.370419 -6.658008 -16.372608
v -2.092863 -5.865278 -16.151184
v -2.316496 -6.790725 -20.239155
v -1.108540 -7.364303 -16.086304
v -0.098961 -7.108948 -20.098680
v -0.530161 -7.875978 -20.064297
v -0.723980 -6.652853 -15.904399
v -0.831383 8.419930 -18.728697
v -0.797291 8.196825 -17.042456
v -0.250845 8.071487 -17.121199
v -0.301659 8.359386 -18.797997
v -1.735615 6.031447 -18.818207
v -1.407860 6.055045 -17.032135
v -1.935589 6.212090 -16.953983
v -2.320374 6.200620 -18.707170
v -1.032827 8.378465 -19.855736
v -0.655123 8.298324 -20.041248
v -1.358408 7.339149 -19.936657
v -1.550745 7.506237 -19.682558
v 0.080322 7.738718 -18.924870
v -0.004039 7.600445 -17.163893
v -0.663290 6.739858 -17.086609
v -0.388697 6.428943 -19.004290
v -0.007639 7.349919 -15.917081
v -0.295851 7.663410 -15.853496
v -0.772638 6.983277 -15.222236
v -0.458861 6.698670 -15.565546
v -0.797291 8.196825 -17.042456
v -0.831383 8.419930 -18.728697
v -1.832760 7.616628 -18.706783
v -1.630335 7.472948 -16.940037
v -0.722150 7.828811 -16.038006
v -0.295851 7.663410 -15.853496
v 0.080322 7.738718 -18.924870
v -0.351980 7.878000 -20.043264
v -0.655123 8.298324 -20.041248
v -1.082500 6.173062 -15.795819
v -1.456598 6.393165 -15.679998
v -2.511852 6.674143 -18.650505
v -2.481941 6.880237 -19.824451
v -2.293505 6.529828 -20.001667
v -0.007639 7.349919 -15.917081
v -0.458861 6.698670 -15.565546
v -1.735615 6.031447 -18.818207
v -1.854971 6.293876 -19.988594
v -1.030236 7.036353 -20.164703
v -1.032827 8.378465 -19.855736
v -1.550745 7.506237 -19.682558
v -2.105736 6.671424 -16.915909
v -1.691277 6.730811 -15.869625
v -1.230507 7.288481 -15.700212
v -1.030236 7.036353 -20.164703
v -1.854971 6.293876 -19.988594
v -2.293505 6.529828 -20.001667
v -1.407860 6.055045 -17.032135
v -1.230507 7.288481 -15.700212
v -1.691277 6.730811 -15.869625
v -1.456598 6.393165 -15.679998
v -2.511852 6.674143 -18.650505
v -1.082500 6.173062 -15.795819
v -0.351980 7.878000 -20.043264
v -2.481941 6.880237 -19.824451
v -0.722150 7.828811 -16.038006
v -0.004039 7.600445 -17.163893
v -2.105736 6.671424 -16.915909
v -0.351980 7.878000 -20.043264
v -0.722150 7.828811 -16.038006
v -0.007639 7.349919 -15.917081
v -1.032827 8.378465 -19.855736
v -1.691277 6.730811 -15.869625
v -1.854971 6.293876 -19.988594
v -2.481941 6.880237 -19.824451
v -1.082500 6.173062 -15.795819
v -3.125624 -3.146386 -17.190624
v -3.363039 -3.205884 -18.993179
v -3.824209 -3.207996 -18.874954
v -3.636326 -3.061150 -17.127205
v -2.929148 -5.476092 -17.268730
v -3.302242 -5.287247 -19.058332
v -2.795801 -5.403222 -19.152567
v -2.403500 -5.632610 -17.365162
v -2.979219 -3.450496 -16.175634
v -3.337078 -3.355258 -15.939877
v -2.794561 -4.368052 -15.652276
v -2.407890 -4.216723 -15.893932
v -3.934307 -3.488398 -17.069843
v -4.099016 -3.597515 -18.832613
v -4.059967 -4.491180 -19.022156
v -3.555933 -4.873978 -16.958401
v -4.106544 -3.948772 -20.169214
v -3.867861 -3.720155 -20.307713
v -3.757233 -4.151507 -21.164270
v -4.136974 -4.368139 -20.742289
v -3.363039 -3.205884 -18.993179
v -3.125624 -3.146386 -17.190624
v -2.413857 -4.202008 -17.276577
v -2.790035 -4.058789 -19.204309
v -3.587259 -3.596049 -20.268330
v -3.934307 -3.488398 -17.069843
v -3.661037 -3.576712 -15.922434
v -3.337078 -3.355258 -15.939877
v -3.679955 -5.067433 -20.450855
v -3.277512 -4.950784 -20.652208
v -2.077221 -5.268817 -17.396961
v -2.120140 -5.084957 -16.274410
v -2.345200 -5.402313 -16.058250
v -4.106544 -3.948772 -20.169214
v -4.136974 -4.368139 -20.742289
v -2.929148 -5.476092 -17.268730
v -2.786583 -5.455509 -16.075720
v -3.241625 -4.540120 -15.701290
v -2.979219 -3.450496 -16.175634
v -2.407890 -4.216723 -15.893932
v -2.517399 -5.022825 -19.211868
v -2.969099 -4.689584 -20.556957
v -3.294033 -4.011908 -20.828997
v -3.241625 -4.540120 -15.701290
v -2.786583 -5.455509 -16.075720
v -2.345200 -5.402313 -16.058250
v -3.302242 -5.287247 -19.058332
v -3.294033 -4.011908 -20.828997
v -2.969099 -4.689584 -20.556957
v -3.277512 -4.950784 -20.652208
v -3.757233 -4.151507 -21.164270
v -2.077221 -5.268817 -17.396961
v -3.679955 -5.067433 -20.450855
v -3.661037 -3.576712 -15.922434
v -2.120140 -5.084957 -16.274410
v -3.587259 -3.596049 -20.268330
v -4.099016 -3.597515 -18.832613
v -2.517399 -5.022825 -19.211868
v -3.661037 -3.576712 -15.922434
v -3.294033 -4.011908 -20.828997
v -2.979219 -3.450496 -16.175634
v -2.969099 -4.689584 -20.556957
v -2.786583 -5.455509 -16.075720
v -2.120140 -5.084957 -16.274410
v -3.679955 -5.067433 -20.450855
v -4.136974 -4.368139 -20.742289
v -3.642910 3.755291 -17.226957
v -3.581627 3.857827 -19.041302
v -3.288244 3.424459 -19.008760
v -3.390589 3.305173 -17.241709
v -1.876291 5.489291 -17.169823
v -1.910227 5.319770 -19.025663
v -2.262205 5.744329 -19.030987
v -2.215631 5.945178 -17.189325
v -3.420391 3.926685 -16.206886
v -3.277525 3.559897 -16.014641
v -2.832748 4.578255 -15.616524
v -3.077190 4.740721 -15.947267
v -2.851572 3.300544 -17.213017
v -2.765139 3.439737 -18.997536
v -2.218737 4.291067 -19.089249
v -2.267683 4.372534 -17.151207
v -2.604443 3.894389 -20.302929
v -2.948929 3.991883 -20.395567
v -2.747747 4.476123 -21.206804
v -2.312042 4.271332 -20.835047
v -3.581627 3.857827 -19.041302
v -3.642910 3.755291 -17.226957
v -3.363142 5.008230 -17.131332
v -3.311989 4.872905 -19.130764
v -3.221563 4.122094 -20.317711
v -2.851572 3.300544 -17.213017
v -2.902250 3.456323 -16.034451
v -3.277525 3.559897 -16.014641
v -2.034092 5.042510 -20.474588
v -2.405031 5.289210 -20.608612
v -2.713886 5.909601 -17.202034
v -2.724075 5.560673 -16.165703
v -2.360168 5.615857 -15.930443
v -2.604443 3.894389 -20.302929
v -2.312042 4.271332 -20.835047
v -1.876291 5.489291 -17.169823
v -2.017717 5.367887 -15.960830
v -2.421185 4.364713 -15.713892
v -2.753248 5.701422 -19.060427
v -2.805298 5.331761 -20.469088
v -3.130333 4.687578 -20.812572
v -2.421185 4.364713 -15.713892
v -2.017717 5.367887 -15.960830
v -2.360168 5.615857 -15.930443
v -2.832748 4.578255 -15.616524
v -1.910227 5.319770 -19.025663
v -3.130333 4.687578 -20.812572
v -2.805298 5.331761 -20.469088
v -2.405031 5.289210 -20.608612
v -2.747747 4.476123 -21.206804
v -2.713886 5.909601 -17.202034
v -2.034092 5.042510 -20.474588
v -2.902250 3.456323 -16.034451
v -2.724075 5.560673 -16.165703
v -3.221563 4.122094 -20.317711
v -2.765139 3.439737 -18.997536
v -2.753248 5.701422 -19.060427
v -3.277525 3.559897 -16.014641
v -2.902250 3.456323 -16.034451
v -3.130333 4.687578 -20.812572
v -3.420391 3.926685 -16.206886
v -2.805298 5.331761 -20.469088
v -2.017717 5.367887 -15.960830
v -2.360168 5.615857 -15.930443
v -2.034092 5.042510 -20.474588
v -2.312042 4.271332 -20.835047
v -4.106689 -0.350032 -19.508568
v -3.956156 -0.615759 -17.655884
v -3.538128 -0.334900 -17.698627
v -3.694038 -0.062674 -19.545193
v -3.170458 -2.771638 -19.396866
v -3.019199 -2.586071 -17.612694
v -3.503710 -2.767219 -17.580456
v -3.656982 -2.996984 -19.331579
v -4.139105 -0.563406 -20.617498
v -3.801140 -0.407326 -20.761555
v -3.788612 -1.622048 -20.966671
v -4.231915 -1.610952 -20.808872
v -3.199755 -0.292886 -19.584106
v -3.048012 -0.534395 -17.709728
v -2.932673 -1.565032 -17.619474
v -3.089426 -1.508264 -19.541157
v -2.967377 -0.713772 -16.210386
v -3.376602 -0.661988 -16.101778
v -3.285152 -1.506454 -15.583642
v -2.873100 -1.498852 -15.830718
v -3.956156 -0.615759 -17.655884
v -4.106689 -0.350032 -19.508568
v -4.273390 -1.506405 -19.444138
v -4.154116 -1.530032 -17.453936
v -3.723179 -0.844393 -16.303516
v -3.376602 -0.661988 -16.101778
v -3.199755 -0.292886 -19.584106
v -3.392643 -0.522017 -20.701689
v -3.801140 -0.407326 -20.761555
v -2.945065 -2.310651 -16.146048
v -3.362759 -2.371828 -16.004536
v -4.125483 -2.727573 -19.318508
v -4.170462 -2.654613 -20.485889
v -3.774563 -2.810705 -20.641819
v -2.967377 -0.713772 -16.210386
v -2.873100 -1.498852 -15.830718
v -3.170458 -2.771638 -19.396866
v -3.333664 -2.680698 -20.575050
v -3.353933 -1.615826 -20.855532
v -4.139105 -0.563406 -20.617498
v -4.231915 -1.610952 -20.808872
v -3.937441 -2.506983 -17.545202
v -3.682146 -2.202272 -16.212700
v -3.713276 -1.522583 -16.094200
v -3.353933 -1.615826 -20.855532
v -3.333664 -2.680698 -20.575050
v -3.774563 -2.810705 -20.641819
v -3.019199 -2.586071 -17.612694
v -3.713276 -1.522583 -16.094200
v -3.682146 -2.202272 -16.212700
v -3.362759 -2.371828 -16.004536
v -4.125483 -2.727573 -19.318508
v -2.945065 -2.310651 -16.146048
v -3.392643 -0.522017 -20.701689
v -4.170462 -2.654613 -20.485889
v -3.723179 -0.844393 -16.303516
v -3.048012 -0.534395 -17.709728
v -3.937441 -2.506983 -17.545202
v -3.392643 -0.522017 -20.701689
v -3.723179 -0.844393 -16.303516
v -2.967377 -0.713772 -16.210386
v -4.139105 -0.563406 -20.617498
v -3.682146 -2.202272 -16.212700
v -3.333664 -2.680698 -20.575050
v -4.170462 -2.654613 -20.485889
v -2.945065 -2.310651 -16.146048
v -3.912304 2.610075 -19.228306
v -3.782993 2.431475 -17.436813
v -3.348166 2.724977 -17.471203
v -3.500771 2.924049 -19.231501
v -2.946386 0.354591 -19.466717
v -2.796923 0.427844 -17.609901
v -3.285252 0.174010 -17.589710
v -3.433826 0.059619 -19.433151
v -3.945517 2.553413 -20.372822
v -3.607634 2.778716 -20.512245
v -3.581768 1.637356 -20.929510
v -4.014843 1.569045 -20.723185
v -3.007833 2.744415 -19.299084
v -2.849808 2.543447 -17.511091
v -2.724030 1.460039 -17.514292
v -2.881342 1.536456 -19.429365
v -2.764193 2.279776 -16.057039
v -3.185616 2.324255 -15.913292
v -3.087589 1.436187 -15.450994
v -2.660645 1.460430 -15.754889
v -3.782993 2.431475 -17.436813
v -3.912304 2.610075 -19.228306
v -4.062801 1.375552 -19.336143
v -3.938597 1.338561 -17.318924
v -3.522066 2.152373 -16.122803
v -3.185616 2.324255 -15.913292
v -3.007833 2.744415 -19.299084
v -3.185831 2.680241 -20.475143
v -3.607634 2.778716 -20.512245
v -2.723028 0.660413 -16.147919
v -3.139385 0.576227 -16.018131
v -3.904263 0.260499 -19.390083
v -3.948263 0.533487 -20.563663
v -3.550449 0.436422 -20.729145
v -2.764193 2.279776 -16.057039
v -2.660645 1.460430 -15.754889
v -2.946386 0.354591 -19.466717
v -3.103437 0.581098 -20.658579
v -3.107428 1.673375 -20.850887
v -3.945517 2.553413 -20.372822
v -4.014843 1.569045 -20.723185
v -3.680733 0.436368 -17.541082
v -3.484726 0.734210 -16.190996
v -3.528755 1.425467 -15.973864
v -3.107428 1.673375 -20.850887
v -3.103437 0.581098 -20.658579
v -3.550449 0.436422 -20.729145
v -2.796923 0.427844 -17.609901
v -3.528755 1.425467 -15.973864
v -3.484726 0.734210 -16.190996
v -3.139385 0.576227 -16.018131
v -3.904263 0.260499 -19.390083
v -2.723028 0.660413 -16.147919
v -3.185831 2.680241 -20.475143
v -3.948263 0.533487 -20.563663
v -3.522066 2.152373 -16.122803
v -2.849808 2.543447 -17.511091
v -3.680733 0.436368 -17.541082
v -3.185831 2.680241 -20.475143
v -3.522066 2.152373 -16.122803
v -2.764193 2.279776 -16.057039
v -3.945517 2.553413 -20.372822
v -3.484726 0.734210 -16.190996
v -3.103437 0.581098 -20.658579
v -3.948263 0.533487 -20.563663
v -2.723028 0.660413 -16.147919
v 4.288934 -9.368860 -24.871132
v 4.333860 -9.275414 -26.939503
v 4.581152 -8.931137 -26.843397
v 4.534883 -9.046101 -24.782286
v 2.659166 -8.285604 -24.855911
v 2.916271 -8.131935 -26.981895
v 2.642426 -8.499727 -27.073977
v 2.399750 -8.665262 -24.990572
v 3.908933 -9.373087 -23.540102
v 4.049339 -9.109240 -23.302780
v 3.173811 -9.093801 -23.028931
v 3.146646 -9.331270 -23.317169
v 4.415250 -8.598568 -24.685776
v 4.487485 -8.471931 -26.791847
v 3.694124 -8.219360 -26.915958
v 3.519440 -8.358334 -24.705549
v 4.368683 -8.363369 -28.291451
v 4.373919 -8.734142 -28.483515
v 3.851330 -8.527946 -29.106403
v 3.871948 -8.166092 -28.716652
v 4.333860 -9.275414 -26.939503
v 4.288934 -9.368860 -24.871132
v 3.312874 -9.362471 -24.946999
v 3.444938 -9.235609 -27.208967
v 4.192287 -9.006859 -28.306759
v 4.373919 -8.734142 -28.483515
v 4.415250 -8.598568 -24.685776
v 4.037359 -8.745447 -23.310452
v 4.049339 -9.109240 -23.302780
v 3.243486 -8.109625 -28.400846
v 3.147751 -8.456083 -28.597027
v 2.472917 -9.085596 -25.058102
v 2.479004 -9.165274 -23.637127
v 2.432407 -8.822456 -23.403654
v 4.368683 -8.363369 -28.291451
v 3.871948 -8.166092 -28.716652
v 2.659166 -8.285604 -24.855911
v 2.585204 -8.505339 -23.421291
v 3.250302 -8.853182 -23.094730
v 3.908933 -9.373087 -23.540102
v 3.146646 -9.331270 -23.317169
v 2.753788 -8.863022 -27.108932
v 3.174501 -8.771418 -28.428909
v 3.703997 -8.912733 -28.573833
v 3.250302 -8.853182 -23.094730
v 2.585204 -8.505339 -23.421291
v 2.432407 -8.822456 -23.403654
v 2.916271 -8.131935 -26.981895
v 3.703997 -8.912733 -28.573833
v 3.174501 -8.771418 -28.428909
v 3.147751 -8.456083 -28.597027
v 2.472917 -9.085596 -25.058102
v 3.243486 -8.109625 -28.400846
v 4.037359 -8.745447 -23.310452
v 2.479004 -9.165274 -23.637127
v 4.192287 -9.006859 -28.306759
v 4.487485 -8.471931 -26.791847
v 2.753788 -8.863022 -27.108932
v 4.037359 -8.745447 -23.310452
v 4.192287 -9.006859 -28.306759
v 4.368683 -8.363369 -28.291451
v 3.908933 -9.373087 -23.540102
v 3.174501 -8.771418 -28.428909
v 2.585204 -8.505339 -23.421291
v 2.479004 -9.165274 -23.637127
v 3.243486 -8.109625 -28.400846
v -2.436192 -1.990103 -25.135080
v -2.204123 -1.924321 -26.802048
v -1.855909 -2.160123 -26.683697
v -2.110783 -2.235161 -25.006611
v -1.456518 -0.633885 -24.797562
v -1.215748 -0.739471 -26.608269
v -1.614017 -0.522695 -26.713242
v -1.849045 -0.391943 -24.935362
v -2.520016 -1.907001 -23.953365
v -2.265957 -2.084476 -23.676601
v -2.306950 -1.333529 -23.331703
v -2.528437 -1.271984 -23.659962
v -1.679865 -2.170481 -24.848269
v -1.416939 -2.097371 -26.584238
v -1.225641 -1.414701 -26.641712
v -1.485340 -1.405452 -24.815685
v -1.215101 -1.990989 -28.368227
v -1.569740 -1.977999 -28.594236
v -1.382700 -1.435080 -29.211239
v -1.040523 -1.486942 -28.783722
v -2.204123 -1.924321 -26.802048
v -2.436192 -1.990103 -25.135080
v -2.484035 -1.180019 -25.163464
v -2.244831 -1.208571 -27.041824
v -1.860987 -1.822314 -28.393070
v -1.569740 -1.977999 -28.594236
v -1.679865 -2.170481 -24.848269
v -1.906109 -2.072937 -23.625179
v -2.265957 -2.084476 -23.676601
v -1.061609 -0.951163 -28.368685
v -1.403011 -0.855505 -28.586264
v -2.263855 -0.472788 -25.075998
v -2.382992 -0.622457 -23.864040
v -2.055452 -0.593077 -23.564358
v -1.215101 -1.990989 -28.368227
v -1.040523 -1.486942 -28.783722
v -1.456518 -0.633885 -24.797562
v -1.732885 -0.729280 -23.555351
v -2.060627 -1.387316 -23.377945
v -2.520016 -1.907001 -23.953365
v -2.528437 -1.271984 -23.659962
v -1.970230 -0.649177 -26.804478
v -1.724611 -0.912247 -28.407240
v -1.799591 -1.359765 -28.628498
v -2.060627 -1.387316 -23.377945
v -1.732885 -0.729280 -23.555351
v -2.055452 -0.593077 -23.564358
v -1.215748 -0.739471 -26.608269
v -1.799591 -1.359765 -28.628498
v -1.724611 -0.912247 -28.407240
v -1.403011 -0.855505 -28.586264
v -2.263855 -0.472788 -25.075998
v -1.061609 -0.951163 -28.368685
v -1.906109 -2.072937 -23.625179
v -2.382992 -0.622457 -23.864040
v -1.860987 -1.822314 -28.393070
v -1.416939 -2.097371 -26.584238
v -1.970230 -0.649177 -26.804478
v -1.906109 -2.072937 -23.625179
v -1.860987 -1.822314 -28.393070
v -1.215101 -1.990989 -28.368227
v -2.520016 -1.907001 -23.953365
v -1.724611 -0.912247 -28.407240
v -1.732885 -0.729280 -23.555351
v -2.382992 -0.622457 -23.864040
v -1.061609 -0.951163 -28.368685
vn -0.501709 0.767228 0.399561
vn -0.447837 0.594114 0.668184
vn -0.767685 0.458005 0.448208
vn -0.704899 0.623779 0.337663
vn -0.686596 0.711989 -0.147165
vn -0.471129 0.833518 -0.288592
vn -0.610730 0.526984 -0.591014
vn -0.366360 0.645312 -0.670338
vn -0.585208 0.409112 -0.700114
vn -0.304220 0.457916 -0.835322
vn -0.660561 0.343861 -0.667397
vn -0.326958 0.307486 -0.893617
vn -0.721265 0.396691 -0.567814
vn -0.431052 0.069950 -0.899612
vn -0.785791 0.427215 -0.447236
vn -0.593748 -0.342424 -0.728154
vn -0.910228 0.297255 -0.288313
vn -0.689821 -0.695254 -0.201914
vn -0.925712 0.212689 0.312762
vn -0.515227 -0.630742 0.580263
vn -0.562989 0.063907 0.823990
vn -0.233960 -0.423424 0.875200
vn -0.271137 -0.131204 0.953557
vn -0.806438 0.125495 0.577849
vn -0.905604 0.069493 0.418391
vn -0.395097 0.213052 0.893592
vn -0.899105 0.264910 0.348472
vn -0.369677 0.431569 0.822853
vn -0.855422 0.303025 -0.420035
vn -0.782315 0.612296 0.114353
vn -0.947786 0.308980 0.078954
vn -0.972941 0.008271 -0.230906
vn -0.663588 0.615092 0.425809
vn -0.660920 0.474937 0.581051
vn -0.728517 -0.000427 0.685028
vn -0.646278 0.479429 0.593694
vn -0.767939 -0.000031 0.640524
vn -0.867400 0.453659 0.204475
vn -0.518188 0.696970 0.495695
vn -0.427018 0.835267 0.346388
vn -0.805489 0.592344 0.017793
vn -0.418630 0.893598 0.161965
vn -0.802472 0.566955 -0.186014
vn -0.496241 0.862836 0.096227
vn -0.886279 0.433221 -0.163797
vn -0.539918 0.831011 0.133827
vn -0.939509 0.329701 0.092840
vn -0.972662 0.222970 0.064913
vn -0.724170 0.689622 -0.000061
vn -0.878970 0.226541 -0.419633
vn -0.978754 0.071140 0.192302
vn -0.735731 0.010316 -0.677195
vn -0.999413 0.014924 -0.030824
vn -0.808460 0.566227 0.160563
vn -0.834995 0.513784 0.196999
vn -0.993896 -0.097601 -0.051425
vn -0.961263 0.090917 -0.260207
vn -0.901752 0.318316 0.292435
vn -0.695464 0.645993 0.314680
vn -0.778731 0.607121 0.158060
vn -0.859726 0.495937 0.122138
vn -0.961532 0.205057 0.182778
vn -0.980646 0.015138 0.195201
vn -0.892470 -0.001770 0.451103
vn -0.993577 -0.002136 -0.113134
vn -0.996004 0.001373 -0.089297
vn -0.974698 0.000000 0.223524
vn -0.483488 0.532197 0.694987
vn -0.899995 0.377681 0.217636
vn -0.953364 0.235854 -0.188335
vn -0.884811 0.465478 0.020997
vn -0.602274 0.785117 0.144419
vn -0.431966 0.900738 0.045565
vn -0.299025 0.949111 0.098851
vn -0.588964 0.700116 0.403681
vn -0.899340 0.343616 0.270400
vn -0.995778 0.035402 0.084691
vn -0.981990 0.181193 0.053531
vn -0.969160 0.237529 0.065646
vn -0.994653 0.090734 -0.049319
vn -0.999432 0.032472 0.009034
vn -0.828019 0.126808 -0.546173
vn -0.579237 0.804778 0.129679
vn -0.886475 0.454103 -0.089179
vn -0.086523 0.920528 0.380975
vn -0.649301 0.605841 -0.459745
vn -0.403978 0.906014 -0.126257
vn 0.026246 0.896312 0.442647
vn -0.384567 0.344008 -0.856602
vn -0.339802 0.061741 -0.938468
vn -0.296798 0.819833 -0.489678
vn 0.140664 0.888391 0.437008
vn 0.237013 -0.096838 -0.966668
vn 0.164924 0.656217 -0.736329
vn 0.036867 0.520232 -0.853229
vn -0.056704 0.967209 0.247570
vn -0.912535 0.401149 0.079748
vn -0.849260 0.511656 -0.130256
vn -0.716153 0.365981 -0.594292
vn -0.743949 0.658219 0.115273
vn -0.522434 0.851527 -0.044314
vn -0.415331 0.874518 -0.250438
vn -0.070102 0.815741 0.574153
vn 0.072330 0.605432 -0.792604
vn -0.050022 0.816825 0.574713
vn 0.193064 0.595366 -0.779914
vn -0.417866 0.552150 -0.721470
vn -0.379658 0.878036 -0.291397
vn -0.839583 0.535460 -0.091558
vn -0.992809 0.103123 -0.060794
vn -0.997459 0.009827 0.070560
vn -0.629361 0.776706 -0.025148
vn -0.330069 0.941010 0.074529
vn -0.217418 0.975755 0.025148
vn -0.325147 0.939794 -0.105198
vn -0.661286 0.694490 -0.283522
vn -0.950114 0.211679 -0.229075
vn -0.895714 0.335408 -0.291887
vn -0.946228 0.285510 -0.152109
vn -0.988735 -0.149636 0.003327
vn -0.980612 -0.135353 -0.141701
vn -0.449970 0.885597 -0.115087
vn -0.758226 0.589118 -0.279345
vn -0.626400 0.744904 -0.229654
vn -0.362807 0.931250 -0.033815
vn -0.113407 0.993503 -0.009522
vn -0.160288 0.986967 -0.014314
vn -0.181836 0.963443 -0.196760
vn -0.337238 0.932454 -0.129615
vn 0.872460 -0.206006 0.443143
vn 0.654660 -0.587183 0.476064
vn 0.658638 -0.700296 0.275284
vn 0.849956 0.026643 -0.526179
vn 0.778058 -0.548736 0.305803
vn 0.624276 -0.416957 0.660625
vn 0.731058 0.089666 0.676398
vn 0.574395 0.814762 -0.078952
vn 0.671329 0.165749 0.722388
vn 0.574395 0.814762 -0.078952
vn 0.731058 0.089666 0.676398
vn -0.086523 0.920528 0.380975
vn -0.299025 0.949111 0.098851
vn 0.671329 0.165749 0.722388
vn 0.026246 0.896312 0.442647
vn 0.180152 -0.827180 -0.532277
vn 0.778058 -0.548736 0.305803
vn -0.070102 0.815741 0.574153
vn -0.056704 0.967209 0.247570
vn 0.243267 -0.112157 0.963453
vn 0.086401 -0.454649 0.886470
vn 0.079899 -0.713445 -0.696141
vn -0.356497 0.248336 0.900688
vn -0.050022 0.816825 0.574713
vn -0.161663 -0.699786 0.695819
vn -0.197947 -0.913622 0.355121
vn -0.197947 -0.913622 0.355121
vn -0.161663 -0.699786 0.695819
vn 0.079899 -0.713445 -0.696141
vn 0.245069 -0.201274 -0.948383
vn 0.086401 -0.454649 0.886470
vn 0.243267 -0.112157 0.963453
vn 0.778058 -0.548736 0.305803
vn 0.180152 -0.827180 -0.532277
vn 0.624276 -0.416957 0.660625
vn 0.140664 0.888391 0.437008
vn -0.056704 0.967209 0.247570
vn -0.190377 0.545829 -0.815982
vn -0.205273 0.863238 -0.461177
vn -0.458491 0.877186 -0.142586
vn -0.472531 0.875234 -0.103339
vn 0.156991 0.938834 -0.306505
vn 0.676491 0.725932 -0.124030
vn 0.227855 0.765449 -0.601806
vn -0.159037 0.918971 -0.360831
vn 0.164924 0.656217 -0.736329
vn -0.161357 0.886381 -0.433928
vn -0.150430 0.954918 -0.255935
vn -0.084446 0.894022 -0.439992
vn 0.063418 0.923990 -0.377122
vn 0.045534 0.974805 -0.218363
vn 0.849956 0.026643 -0.526179
vn 0.574395 0.814762 -0.078952
vn 0.278492 0.756826 -0.591318
vn -0.048678 0.882091 -0.468558
vn 0.118231 0.976490 -0.180246
vn -0.299025 0.949111 0.098851
vn -0.431966 0.900738 0.045565
vn -0.953364 0.235854 -0.188335
vn -0.961263 0.090917 -0.260207
vn -0.953423 -0.026918 0.300432
vn -0.905961 0.215984 0.364124
vn -0.884811 0.465478 0.020997
vn -0.695479 0.634959 0.336356
vn -0.602274 0.785117 0.144419
vn -0.334459 0.928271 0.162637
vn -0.993896 -0.097601 -0.051425
vn -0.996004 0.001373 -0.089297
vn -0.985855 0.010407 0.167275
vn -0.963806 -0.086584 0.252152
vn -0.870933 0.162882 0.463621
vn -0.911695 0.030702 0.409718
vn -0.823484 0.142614 0.549122
vn -0.779067 0.272721 0.564516
vn -0.785074 0.458245 0.416739
vn -0.668342 0.519072 0.532806
vn -0.553800 0.786996 0.271925
vn -0.422324 0.776499 0.467645
vn -0.940604 0.066776 0.332874
vn -0.950992 0.015076 0.308849
vn -0.839310 0.010651 0.543548
vn -0.835983 0.095373 0.540404
vn -0.595213 0.232891 0.769080
vn -0.616939 0.130804 0.776065
vn -0.320051 0.133154 0.937997
vn -0.319074 0.248210 0.914649
vn -0.544799 0.402366 0.735728
vn -0.288624 0.452483 0.843775
vn -0.452630 0.596864 0.662480
vn -0.245373 0.696629 0.674167
vn -0.624249 0.089484 0.776084
vn -0.627354 0.007477 0.778699
vn -0.362960 0.008210 0.931769
vn -0.314926 0.086735 0.945145
vn -0.081912 0.117497 0.989689
vn -0.092290 0.272811 0.957631
vn -0.104468 0.521516 0.846822
vn -0.118202 0.725020 0.678509
vn -0.061312 0.004028 0.998111
vn -0.071171 0.072819 0.994803
vn 0.120734 0.159677 0.979759
vn 0.142524 0.067661 0.987476
vn 0.440028 0.096228 0.892813
vn 0.452056 0.214888 0.865718
vn 0.105046 0.435290 0.894141
vn 0.420189 0.454340 0.785504
vn 0.079839 0.645365 0.759691
vn 0.354145 0.629673 0.691443
vn 0.151893 0.046786 0.987289
vn 0.152445 0.000153 0.988312
vn 0.368699 -0.022767 0.929270
vn 0.424792 0.103459 0.899360
vn 0.783400 0.177561 0.595615
vn 0.778085 0.227123 0.585662
vn 0.726857 0.398740 0.559182
vn 0.645280 0.559489 0.520179
vn 0.714733 -0.069523 0.695933
vn 0.775528 0.188701 0.602452
vn 0.952956 0.171730 0.249768
vn 0.941713 0.226051 0.249154
vn 0.894444 0.388900 0.220742
vn 0.822151 0.548060 0.153938
vn 0.958975 -0.040835 0.280533
vn 0.957729 0.174327 0.228834
vn 0.980368 0.170053 -0.099798
vn 0.952096 0.278973 -0.125249
vn 0.888222 0.431903 -0.156592
vn 0.765734 0.592444 -0.250321
vn 0.999215 0.005951 -0.039156
vn 0.988468 0.117100 -0.096012
vn 0.828101 0.220683 -0.515313
vn 0.780831 0.332475 -0.528926
vn 0.705186 0.452697 -0.545690
vn 0.521417 0.607724 -0.598996
vn 0.902503 0.001343 -0.430682
vn 0.856588 0.110236 -0.504089
vn 0.872460 -0.206006 0.443143
vn 0.778058 -0.548736 0.305803
vn 0.654660 -0.587183 0.476064
vn -0.264355 0.930889 -0.252117
vn -0.232101 0.916746 -0.325125
vn -0.149237 0.979102 -0.138158
vn -0.281813 0.942246 0.180978
vn -0.168497 0.975428 0.141945
vn -0.276593 0.943219 -0.183938
vn -0.155585 0.987191 -0.035310
vn -0.077642 0.967045 0.242478
vn 0.092473 0.961477 0.258864
vn 0.052890 0.998473 -0.015962
vn 0.270185 0.925123 0.266736
vn 0.327595 0.944329 0.030397
vn 0.561428 0.739476 0.371447
vn 0.631994 0.771650 0.071690
vn 0.269122 0.796165 0.541936
vn 0.029176 0.847975 0.529233
vn -0.220072 0.859931 0.460530
vn -0.133155 0.879256 0.457360
vn 0.225082 0.864161 -0.450072
vn -0.447837 0.594114 0.668184
vn -0.501709 0.767228 0.399561
vn -0.172892 0.896595 0.407707
vn 0.022187 0.681890 0.731118
vn -0.471129 0.833518 -0.288592
vn -0.297593 0.939657 -0.168771
vn -0.366360 0.645312 -0.670338
vn -0.252361 0.763675 -0.594234
vn -0.304220 0.457916 -0.835322
vn -0.170999 0.508846 -0.843703
vn -0.326958 0.307486 -0.893617
vn -0.163031 0.257029 -0.952553
vn -0.431052 0.069950 -0.899612
vn -0.265641 -0.037386 -0.963347
vn -0.593748 -0.342424 -0.728154
vn -0.377706 -0.481715 -0.790752
vn -0.689821 -0.695254 -0.201914
vn -0.424557 -0.859247 -0.285388
vn -0.515227 -0.630742 0.580263
vn -0.337023 -0.874099 0.349810
vn -0.233960 -0.423424 0.875200
vn -0.271137 -0.131204 0.953557
vn -0.013123 -0.288250 0.957465
vn -0.164314 -0.622954 0.764807
vn -0.395097 0.213052 0.893592
vn 0.080510 0.076329 0.993827
vn -0.369677 0.431569 0.822853
vn -0.483488 0.532197 0.694987
vn 0.110877 0.525911 0.843282
vn 0.113135 0.363485 0.924705
vn -0.320548 0.880187 0.350030
vn 0.042086 0.701058 0.711861
vn -0.413869 0.891034 -0.186471
vn -0.311265 0.821453 -0.477838
vn -0.395435 0.633972 -0.664613
vn -0.435442 0.301465 -0.848239
vn -0.519461 0.015992 -0.854344
vn -0.641300 -0.292557 -0.709327
vn -0.665171 -0.624519 -0.409296
vn -0.741245 -0.645445 0.184273
vn -0.292831 -0.265608 0.918533
vn -0.483673 -0.545810 0.684216
vn -0.247995 0.058108 0.967017
vn -0.158975 0.599644 0.784317
vn -0.165447 0.298939 0.939821
vn -0.847549 0.150368 0.508969
vn -0.949277 0.101630 -0.297565
vn -0.983277 -0.118110 -0.138620
vn -0.814962 -0.079686 0.574010
vn -0.660501 0.691417 0.292712
vn -0.686321 0.670787 -0.281084
vn -0.860277 0.376577 -0.343677
vn -0.787520 0.419244 0.451716
vn -0.558753 0.819573 -0.126870
vn 0.040926 0.973353 -0.225629
vn 0.015870 0.807733 -0.589335
vn 0.285110 0.931078 -0.227612
vn 0.288802 0.826000 -0.484064
vn 0.614452 0.763693 -0.198042
vn 0.538330 0.722086 -0.434503
vn -0.608192 0.557804 -0.564763
vn -0.692630 -0.270521 -0.668642
vn -0.716323 -0.433865 -0.546482
vn -0.109624 -0.677611 -0.727204
vn -0.138528 -0.432826 -0.890770
vn -0.689315 -0.521091 -0.503298
vn -0.195232 -0.833634 -0.516661
vn -0.649294 -0.617463 -0.444023
vn -0.276138 -0.898363 -0.341601
vn -0.653570 -0.714059 -0.250929
vn -0.356340 -0.910261 -0.210825
vn -0.660713 -0.743329 0.104498
vn -0.559725 -0.569064 0.602391
vn -0.400019 -0.875208 0.272020
vn -0.387812 -0.921446 -0.023225
vn -0.440541 0.058993 0.895792
vn -0.607638 -0.163064 0.777294
vn -0.431290 0.009583 0.902162
vn -0.492572 0.007263 0.870241
vn -0.835534 -0.335532 -0.435087
vn -0.477841 -0.342885 -0.808763
vn -0.921735 -0.197824 -0.333573
vn -0.902791 -0.428826 0.032808
vn -0.969522 -0.000214 -0.245005
vn -0.799058 0.008027 -0.601201
vn -0.956183 -0.006165 -0.292705
vn -0.943110 -0.001221 0.332478
vn -0.210366 0.005127 -0.977609
vn 0.137978 0.919823 -0.367270
vn -0.356497 0.248336 0.900688
vn -0.402186 0.906764 0.126595
vn 0.131020 0.843102 -0.521548
vn 0.245069 -0.201274 -0.948383
vn -0.083226 -0.634372 -0.768535
vn -0.688245 -0.667950 0.283129
vn -0.402186 0.906764 0.126595
vn -0.083226 -0.634372 -0.768535
vn -0.688245 -0.667950 0.283129
vn -0.558753 0.819573 -0.126870
vn 0.040926 0.973353 -0.225629
vn 0.015870 0.807733 -0.589335
vn -0.608192 0.557804 -0.564763
vn -0.558753 0.819573 -0.126870
vn 0.015870 0.807733 -0.589335
vn -0.608192 0.557804 -0.564763
vn -0.205273 0.863238 -0.461177
vn -0.190377 0.545829 -0.815982
vn 0.295272 0.389485 -0.872419
vn 0.680736 0.637978 -0.359977
vn -0.069951 0.384425 -0.920502
vn -0.160288 0.986967 -0.014314
vn 0.688570 0.681978 0.246533
vn 0.213606 0.961301 0.173991
vn 0.893607 0.309070 -0.325489
vn 0.122289 0.980383 -0.154577
vn 0.680736 0.637978 -0.359977
vn 0.295272 0.389485 -0.872419
vn 0.607774 0.353634 -0.711023
vn 0.852572 0.425554 -0.303356
vn -0.069951 0.384425 -0.920502
vn 0.136450 -0.019349 -0.990458
vn 0.688570 0.681978 0.246533
vn 0.916798 0.388388 -0.092931
vn 0.893607 0.309070 -0.325489
vn 0.867308 0.321738 -0.379817
vn 0.559627 -0.000855 -0.828744
vn 0.842755 -0.000519 -0.538297
vn 0.207559 -0.000946 -0.978222
vn 0.951860 -0.000244 -0.306534
vn 0.873130 0.000000 -0.487487
vn -0.171794 0.798693 -0.576695
vn -0.244918 0.812396 -0.529176
vn 0.259992 0.734472 -0.626862
vn -0.003388 0.827249 -0.561825
vn -0.309066 0.316848 -0.896708
vn 0.346420 0.587122 -0.731629
vn 0.037386 0.356954 -0.933373
vn 0.430257 0.527582 -0.732487
vn -0.309066 0.316848 -0.896708
vn -0.262007 -0.253187 -0.931262
vn 0.037386 0.356954 -0.933373
vn 0.346420 0.587122 -0.731629
vn 0.374716 0.329547 -0.866595
vn 0.204938 0.118904 -0.971526
vn 0.481139 0.420833 -0.769029
vn 0.506593 0.307301 -0.805562
vn 0.306630 0.251512 -0.917998
vn -0.233195 -0.165901 -0.958174
vn -0.096164 -0.000366 -0.995366
vn 0.103184 -0.007324 -0.994635
vn -0.092564 -0.000458 -0.995707
vn -0.400748 0.000458 -0.916188
vn 0.536215 0.103764 -0.837679
vn 0.481223 -0.001648 -0.876597
vn 0.494807 0.205302 -0.844404
vn 0.165110 0.109656 -0.980160
vn 0.430257 0.527582 -0.732487
vn 0.536215 0.103764 -0.837679
vn 0.494807 0.205302 -0.844404
vn 0.481139 0.420833 -0.769029
vn 0.506593 0.307301 -0.805562
vn 0.060184 -0.034548 -0.997589
vn 0.538547 -0.315572 -0.781269
vn 0.413654 -0.466299 -0.781956
vn 0.424456 -0.186257 -0.886084
vn 0.641791 -0.140725 -0.753858
vn 0.312948 -0.591622 -0.742999
vn 0.452783 -0.307054 -0.837081
vn 0.218580 -0.667826 -0.711499
vn 0.266006 -0.311419 -0.912282
vn 0.151865 -0.678111 -0.719099
vn 0.048403 -0.594658 -0.802521
vn 0.011078 -0.037416 -0.999238
vn 0.056705 -0.166881 -0.984345
vn 0.374198 -0.449855 -0.810929
vn 0.352190 -0.001495 -0.935928
vn -0.841809 0.280440 -0.461205
vn -0.692667 0.551820 -0.464443
vn -0.536338 0.469471 -0.701383
vn -0.174449 0.173991 -0.969172
vn -0.638518 0.463583 -0.614317
vn -0.334275 0.815622 -0.472252
vn -0.258288 0.642866 -0.721118
vn -0.134709 0.092960 -0.986515
vn -0.645734 0.500797 -0.576394
vn -0.251358 0.738631 -0.625495
vn 0.035799 -0.169013 -0.984964
vn -0.041201 -0.176767 -0.983390
vn -0.096288 0.758617 -0.644383
vn 0.109562 -0.047792 -0.992830
vn 0.205882 0.810620 -0.548186
vn 0.241342 0.455889 -0.856691
vn -0.436575 0.582242 -0.685854
vn 0.011048 0.699747 -0.714305
vn 0.121403 -0.132573 -0.983710
vn 0.000702 -0.264512 -0.964382
vn -0.076511 0.638608 -0.765719
vn 0.060855 0.225931 -0.972241
vn 0.893607 0.309070 -0.325489
vn 0.867308 0.321738 -0.379817
vn 0.873130 0.000000 -0.487487
vn 0.531586 0.000000 -0.847004
vn -0.795945 0.573489 -0.193859
vn -0.817556 0.294452 -0.494874
vn -0.692667 0.551820 -0.464443
vn -0.448538 0.840066 -0.305129
vn -0.703133 0.544219 -0.457636
vn -0.334275 0.815622 -0.472252
vn -0.251358 0.738631 -0.625495
vn -0.645734 0.500797 -0.576394
vn -0.096288 0.758617 -0.644383
vn -0.020631 0.998302 -0.054476
vn -0.309345 0.794328 -0.522828
vn 0.205882 0.810620 -0.548186
vn 0.011048 0.699747 -0.714305
vn -0.436575 0.582242 -0.685854
vn -0.188092 0.952636 -0.238968
vn 0.084020 0.711984 -0.697151
vn -0.076511 0.638608 -0.765719
vn 0.412589 -0.158517 -0.897019
vn 0.379503 0.515342 -0.768375
vn 0.588930 -0.002258 -0.808181
vn 0.288285 -0.002655 -0.957541
vn -0.955585 0.279983 0.092015
vn -0.964856 0.077640 -0.251049
vn -0.958384 0.214548 -0.188332
vn 0.563297 -0.001892 -0.826252
vn 0.428820 -0.001312 -0.903389
vn 0.058779 -0.000610 -0.998271
vn -0.005829 -0.000366 -0.999983
vn -0.033266 -0.000397 -0.999447
vn -0.638518 0.463583 -0.614317
vn -0.841809 0.280440 -0.461205
vn 0.379503 0.515342 -0.768375
vn 0.011048 0.699747 -0.714305
vn -0.181836 0.963443 -0.196760
vn -0.914806 0.047579 -0.401080
vn -0.999334 0.018861 0.031251
vn -0.988978 0.101080 -0.108191
vn -0.829054 0.479456 -0.287735
vn -0.105872 0.962642 0.249221
vn -0.163522 0.981739 -0.097203
vn -0.516686 0.823494 -0.234294
vn -0.964856 0.077640 -0.251049
vn -0.702976 0.087223 -0.705845
vn -0.958384 0.214548 -0.188332
vn -0.802413 0.118567 -0.584872
vn -0.817556 0.294452 -0.494874
vn -0.614227 0.361987 -0.701207
vn -0.586520 0.480740 -0.651831
vn -0.703133 0.544219 -0.457636
vn -0.309345 0.794328 -0.522828
vn -0.153817 0.504665 -0.849502
vn 0.084020 0.711984 -0.697151
vn 0.104251 0.194525 -0.975342
vn -0.546880 0.018800 -0.837000
vn -0.867400 0.453659 0.204475
vn -0.901752 0.318316 0.292435
vn -0.805489 0.592344 0.017793
vn -0.802472 0.566955 -0.186014
vn -0.886279 0.433221 -0.163797
vn -0.972662 0.222970 0.064913
vn -0.939509 0.329701 0.092840
vn -0.978754 0.071140 0.192302
vn -0.655054 0.000305 -0.755582
vn -0.974698 0.000000 0.223524
vn 0.481223 -0.001648 -0.876597
vn -0.914806 0.047579 -0.401080
vn -0.999413 0.014924 -0.030824
vn -0.501392 -0.764555 0.405045
vn -0.708785 -0.616128 0.343527
vn -0.770371 -0.450161 0.451535
vn -0.447838 -0.600739 0.662235
vn -0.472138 -0.833673 -0.286487
vn -0.689390 -0.709929 -0.144018
vn -0.366601 -0.645214 -0.670301
vn -0.610436 -0.527242 -0.591087
vn -0.308730 -0.461691 -0.831581
vn -0.575478 -0.415158 -0.704606
vn -0.335499 -0.305041 -0.891286
vn -0.656398 -0.343001 -0.671932
vn -0.433093 -0.066775 -0.898872
vn -0.723119 -0.389271 -0.570585
vn -0.593026 0.346092 -0.727008
vn -0.784531 -0.421442 -0.454861
vn -0.687771 0.697476 -0.201241
vn -0.909984 -0.285719 -0.300490
vn -0.512297 0.631750 0.581759
vn -0.933572 -0.209878 0.290509
vn -0.226912 0.424281 0.876640
vn -0.570925 -0.069309 0.818071
vn -0.267256 0.137794 0.953723
vn -0.390832 -0.195599 0.899439
vn -0.896074 -0.084202 0.435845
vn -0.806376 -0.143135 0.573821
vn -0.371936 -0.431601 0.821818
vn -0.885490 -0.276872 0.373161
vn -0.854593 -0.303756 -0.421193
vn -0.972696 -0.010315 -0.231852
vn -0.947154 -0.310927 0.078891
vn -0.783908 -0.609798 0.116765
vn -0.660743 -0.474728 0.581423
vn -0.668858 -0.607454 0.428520
vn -0.646399 -0.479306 0.593662
vn -0.867847 -0.452540 0.205059
vn -0.809217 -0.587220 0.018434
vn -0.431658 -0.831667 0.349287
vn -0.519411 -0.695600 0.496339
vn -0.808785 -0.558499 -0.184243
vn -0.428517 -0.888743 0.162819
vn -0.889956 -0.427994 -0.157477
vn -0.489897 -0.866780 0.093237
vn -0.938652 -0.328663 0.104468
vn -0.520834 -0.841862 0.141424
vn -0.974475 -0.210734 0.077396
vn -0.978445 -0.044009 0.201762
vn -0.884727 -0.206189 -0.418024
vn -0.715811 -0.698231 0.009400
vn -0.799273 -0.577946 0.164744
vn -0.828149 -0.525883 0.193952
vn -0.957801 -0.091343 -0.272533
vn -0.993328 0.100865 -0.055911
vn -0.901775 -0.318282 0.292402
vn -0.701910 -0.637545 0.317582
vn -0.783839 -0.598493 0.165539
vn -0.864419 -0.490012 0.112554
vn -0.965595 -0.194010 0.173166
vn -0.898021 -0.377947 0.225199
vn -0.479426 -0.546843 0.686377
vn -0.947779 -0.238143 -0.212140
vn -0.882983 -0.469356 0.006775
vn -0.607657 -0.782560 0.135472
vn -0.439846 -0.897637 0.027986
vn -0.313892 -0.945704 0.084356
vn -0.603334 -0.696845 0.387808
vn -0.993539 -0.062960 0.094425
vn -0.893628 -0.355272 0.274244
vn -0.980450 -0.185280 0.066256
vn -0.968829 -0.241254 0.056277
vn -0.991041 -0.115636 -0.066836
vn -0.828569 -0.141243 -0.541779
vn -0.997718 -0.065066 0.018037
vn -0.885088 -0.460810 -0.065372
vn -0.595246 -0.789958 0.147133
vn -0.102025 -0.916787 0.386125
vn -0.665930 -0.604464 -0.437219
vn -0.419701 -0.900653 -0.112585
vn 0.018250 -0.894113 0.447469
vn -0.344654 -0.053806 -0.937186
vn -0.396753 -0.344137 -0.850974
vn -0.305009 -0.820692 -0.483150
vn 0.135689 -0.887749 0.439876
vn 0.158669 -0.653903 -0.739753
vn 0.229537 0.101569 -0.967986
vn 0.034151 -0.522787 -0.851779
vn -0.057102 -0.967248 0.247328
vn -0.914690 -0.398642 0.066532
vn -0.840196 -0.522216 -0.146157
vn -0.703531 -0.379385 -0.600925
vn -0.737029 -0.665890 0.115666
vn -0.517272 -0.854327 -0.050540
vn -0.410753 -0.877172 -0.248698
vn 0.072482 -0.605459 -0.792569
vn -0.070042 -0.815720 0.574190
vn 0.196696 -0.599029 -0.776193
vn -0.046968 -0.810212 0.584251
vn -0.373316 -0.881774 -0.288289
vn -0.417349 -0.566710 -0.710394
vn -0.992975 -0.102179 -0.059665
vn -0.831878 -0.544820 -0.105595
vn -0.614591 -0.787908 -0.038454
vn -0.322467 -0.944207 0.066990
vn -0.220104 -0.975271 0.020021
vn -0.323774 -0.939734 -0.109868
vn -0.893409 -0.333571 -0.300916
vn -0.945853 -0.215039 -0.243147
vn -0.647951 -0.703801 -0.291244
vn -0.979072 0.133581 -0.153540
vn -0.987304 0.158274 -0.013429
vn -0.941713 -0.300588 -0.151072
vn -0.616701 -0.749307 -0.241285
vn -0.752882 -0.592960 -0.285600
vn -0.445946 -0.887253 -0.117957
vn -0.361320 -0.931820 -0.034060
vn -0.113163 -0.993537 -0.008820
vn -0.159677 -0.987057 -0.014924
vn -0.337844 -0.932412 -0.128332
vn -0.182136 -0.963387 -0.196755
vn 0.887798 0.184457 0.421651
vn 0.847667 -0.035311 -0.529353
vn 0.671602 0.692263 0.264051
vn 0.669900 0.580539 0.462826
vn 0.630004 0.415730 0.655945
vn 0.783736 0.544923 0.298021
vn 0.573947 -0.814898 -0.080785
vn 0.733908 -0.094855 0.672594
vn 0.673032 -0.168281 0.720215
vn 0.573947 -0.814898 -0.080785
vn -0.313892 -0.945704 0.084356
vn -0.102025 -0.916787 0.386125
vn 0.733908 -0.094855 0.672594
vn 0.018250 -0.894113 0.447469
vn 0.673032 -0.168281 0.720215
vn 0.783736 0.544923 0.298021
vn 0.179881 0.827075 -0.532532
vn -0.070042 -0.815720 0.574190
vn 0.086185 0.454973 0.886325
vn 0.243235 0.112523 0.963419
vn -0.057102 -0.967248 0.247328
vn 0.074284 0.706190 -0.704115
vn -0.354512 -0.242812 0.902975
vn -0.200754 0.922648 0.329269
vn -0.165628 0.702797 0.691841
vn -0.046968 -0.810212 0.584251
vn -0.200754 0.922648 0.329269
vn 0.240949 0.195658 -0.950611
vn 0.074284 0.706190 -0.704115
vn -0.165628 0.702797 0.691841
vn 0.086185 0.454973 0.886325
vn 0.179881 0.827075 -0.532532
vn 0.783736 0.544923 0.298021
vn 0.243235 0.112523 0.963419
vn 0.630004 0.415730 0.655945
vn 0.135689 -0.887749 0.439876
vn -0.057102 -0.967248 0.247328
vn -0.207376 -0.867316 -0.452503
vn -0.198008 -0.546658 -0.813608
vn -0.471949 -0.875931 -0.100042
vn -0.458059 -0.877634 -0.141211
vn 0.142128 -0.941823 -0.304582
vn -0.164287 -0.918489 -0.359705
vn 0.213850 -0.770282 -0.600777
vn 0.660987 -0.738811 -0.131355
vn 0.158669 -0.653903 -0.739753
vn -0.161262 -0.886268 -0.434192
vn -0.147959 -0.955841 -0.253922
vn 0.051943 -0.974614 -0.217781
vn 0.063357 -0.923719 -0.377795
vn -0.085484 -0.893847 -0.440148
vn 0.847667 -0.035311 -0.529353
vn 0.275466 -0.757486 -0.591889
vn 0.573947 -0.814898 -0.080785
vn -0.052707 -0.882068 -0.468165
vn 0.117561 -0.975278 -0.187115
vn -0.439846 -0.897637 0.027986
vn -0.313892 -0.945704 0.084356
vn -0.947779 -0.238143 -0.212140
vn -0.906857 -0.225295 0.356163
vn -0.955881 0.042726 0.290631
vn -0.957801 -0.091343 -0.272533
vn -0.882983 -0.469356 0.006775
vn -0.692419 -0.638827 0.335345
vn -0.607657 -0.782560 0.135472
vn -0.331649 -0.929300 0.162513
vn -0.993328 0.100865 -0.055911
vn -0.965848 0.093817 0.241531
vn -0.985855 0.010407 0.167275
vn -0.996004 0.001373 -0.089297
vn -0.865973 -0.157996 0.474477
vn -0.778277 -0.267442 0.568120
vn -0.818532 -0.140878 0.556919
vn -0.910299 -0.027315 0.413048
vn -0.777606 -0.467864 0.420040
vn -0.673837 -0.520050 0.524872
vn -0.551397 -0.788595 0.272174
vn -0.420646 -0.784924 0.454919
vn -0.941882 -0.047518 0.332567
vn -0.832542 -0.089239 0.546727
vn -0.839310 0.010651 0.543548
vn -0.950992 0.015076 0.308849
vn -0.603736 -0.224013 0.765062
vn -0.314840 -0.244614 0.917082
vn -0.319540 -0.122139 0.939668
vn -0.620272 -0.123481 0.774607
vn -0.554016 -0.398551 0.730906
vn -0.279404 -0.457575 0.844132
vn -0.454403 -0.604619 0.654182
vn -0.235240 -0.706177 0.667815
vn -0.624856 -0.077306 0.776904
vn -0.315504 -0.073764 0.946053
vn -0.362960 0.008210 0.931769
vn -0.627354 0.007477 0.778699
vn -0.082004 -0.274944 0.957957
vn -0.073398 -0.115301 0.990615
vn -0.095341 -0.524223 0.846227
vn -0.112860 -0.728007 0.676216
vn -0.065890 -0.065524 0.995673
vn -0.061312 0.004028 0.998111
vn 0.121558 -0.161294 0.979392
vn 0.453795 -0.216506 0.864405
vn 0.456717 -0.049654 0.888225
vn 0.143834 -0.066897 0.987338
vn 0.105169 -0.435296 0.894123
vn 0.422723 -0.454830 0.783859
vn 0.079990 -0.644862 0.760101
vn 0.357811 -0.630168 0.689101
vn 0.152505 -0.045810 0.987240
vn 0.440608 -0.126411 0.888755
vn 0.368699 -0.022767 0.929270
vn 0.152445 0.000153 0.988312
vn 0.773753 -0.231610 0.589630
vn 0.785112 -0.102301 0.610846
vn 0.723302 -0.403310 0.560513
vn 0.643258 -0.562015 0.519960
vn 0.772321 -0.179484 0.609348
vn 0.714733 -0.069523 0.695933
vn 0.938847 -0.236894 0.249895
vn 0.954118 -0.146217 0.261304
vn 0.889721 -0.400257 0.219523
vn 0.821940 -0.547817 0.155922
vn 0.957350 -0.135993 0.254925
vn 0.958975 -0.040835 0.280533
vn 0.949581 -0.285875 -0.128731
vn 0.979571 -0.170937 -0.105932
vn 0.887318 -0.434717 -0.153909
vn 0.766508 -0.593741 -0.244821
vn 0.989241 -0.106938 -0.099828
vn 0.999215 0.005951 -0.039156
vn 0.788921 -0.321154 -0.523893
vn 0.829056 -0.214428 -0.516417
vn 0.717145 -0.447536 -0.534242
vn 0.513826 -0.624703 -0.587988
vn 0.855417 -0.108861 -0.506371
vn 0.902503 0.001343 -0.430682
vn 0.887798 0.184457 0.421651
vn 0.669900 0.580539 0.462826
vn 0.783736 0.544923 0.298021
vn -0.223796 -0.921978 -0.316024
vn -0.253616 -0.934746 -0.248855
vn -0.139625 -0.980428 -0.138801
vn -0.281328 -0.939236 -0.196698
vn -0.176033 -0.974744 0.137427
vn -0.276503 -0.944017 0.179941
vn -0.171180 -0.984140 -0.046541
vn 0.048343 -0.998563 -0.023134
vn 0.098394 -0.956962 0.273025
vn -0.085942 -0.964437 0.249952
vn 0.337759 -0.940732 0.030703
vn 0.283435 -0.915524 0.285449
vn 0.640942 -0.764058 0.073552
vn 0.567786 -0.728655 0.382990
vn 0.278643 -0.789355 0.547061
vn 0.030092 -0.843675 0.536010
vn -0.214766 -0.865078 0.453338
vn -0.135292 -0.877493 0.460110
vn 0.225297 -0.863497 -0.451236
vn -0.447838 -0.600739 0.662235
vn 0.016084 -0.692152 0.721573
vn -0.173136 -0.896535 0.407738
vn -0.501392 -0.764555 0.405045
vn -0.296372 -0.940542 -0.165964
vn -0.472138 -0.833673 -0.286487
vn -0.251512 -0.763968 -0.594218
vn -0.366601 -0.645214 -0.670301
vn -0.171246 -0.509497 -0.843260
vn -0.308730 -0.461691 -0.831581
vn -0.165232 -0.257706 -0.951991
vn -0.335499 -0.305041 -0.891286
vn -0.267682 0.037416 -0.962781
vn -0.433093 -0.066775 -0.898872
vn -0.379298 0.481997 -0.789818
vn -0.593026 0.346092 -0.727008
vn -0.424369 0.860488 -0.281906
vn -0.687771 0.697476 -0.201241
vn -0.333695 0.874309 0.352464
vn -0.512297 0.631750 0.581759
vn -0.226912 0.424281 0.876640
vn -0.157570 0.622743 0.766396
vn -0.008942 0.293289 0.955982
vn -0.267256 0.137794 0.953723
vn 0.070193 -0.058810 0.995798
vn -0.390832 -0.195599 0.899439
vn -0.371936 -0.431601 0.821818
vn 0.092719 -0.356408 0.929719
vn 0.095161 -0.542489 0.834655
vn -0.479426 -0.546843 0.686377
vn 0.036562 -0.708402 0.704862
vn -0.319018 -0.880513 0.350606
vn -0.413077 -0.891617 -0.185434
vn -0.310843 -0.821590 -0.477877
vn -0.395251 -0.634153 -0.664550
vn -0.435666 -0.301685 -0.848046
vn -0.519891 -0.016419 -0.854075
vn -0.642341 0.291521 -0.708812
vn -0.666518 0.623760 -0.408261
vn -0.741198 0.645245 0.185162
vn -0.482444 0.545649 0.685212
vn -0.290726 0.266005 0.919086
vn -0.247630 -0.053896 0.967355
vn -0.169441 -0.293745 0.940746
vn -0.163796 -0.602570 0.781076
vn -0.847242 -0.150551 0.509426
vn -0.814653 0.079778 0.574435
vn -0.983350 0.117834 -0.138342
vn -0.949322 -0.102116 -0.297254
vn -0.659675 -0.692025 0.293138
vn -0.786988 -0.419756 0.452167
vn -0.860183 -0.377125 -0.343310
vn -0.686034 -0.671172 -0.280865
vn -0.566045 -0.812704 -0.138223
vn 0.034395 -0.970629 -0.238110
vn 0.023500 -0.801001 -0.598202
vn 0.272416 -0.828052 -0.490019
vn 0.287556 -0.924959 -0.248521
vn 0.523132 -0.733044 -0.434718
vn 0.612641 -0.763314 -0.204997
vn -0.597018 -0.571290 -0.563203
vn -0.692660 0.270521 -0.668611
vn -0.139930 0.434591 -0.889691
vn -0.110357 0.677127 -0.727544
vn -0.716499 0.434349 -0.545866
vn -0.195934 0.832995 -0.517425
vn -0.688514 0.522977 -0.502438
vn -0.275133 0.898462 -0.342153
vn -0.645971 0.623173 -0.440882
vn -0.351914 0.910990 -0.215067
vn -0.649322 0.717989 -0.250744
vn -0.656864 0.746865 0.103551
vn -0.382651 0.923423 -0.029482
vn -0.391468 0.880933 0.265913
vn -0.551207 0.580079 0.599733
vn -0.603644 0.174419 0.777941
vn -0.431903 -0.040560 0.901008
vn -0.475491 0.350880 -0.806717
vn -0.831753 0.340618 -0.438369
vn -0.921598 0.194287 -0.336020
vn -0.900205 0.434843 0.023286
vn 0.134895 -0.930316 -0.341052
vn 0.130472 -0.848172 -0.513402
vn -0.418297 -0.894763 0.156289
vn -0.354512 -0.242812 0.902975
vn 0.240949 0.195658 -0.950611
vn -0.074985 0.608642 -0.789894
vn -0.418297 -0.894763 0.156289
vn -0.691323 0.670325 0.269699
vn -0.691323 0.670325 0.269699
vn -0.074985 0.608642 -0.789894
vn 0.034395 -0.970629 -0.238110
vn -0.566045 -0.812704 -0.138223
vn 0.023500 -0.801001 -0.598202
vn -0.566045 -0.812704 -0.138223
vn -0.597018 -0.571290 -0.563203
vn -0.597018 -0.571290 -0.563203
vn 0.023500 -0.801001 -0.598202
vn -0.207376 -0.867316 -0.452503
vn 0.680744 -0.639542 -0.357173
vn 0.293988 -0.391832 -0.871802
vn -0.198008 -0.546658 -0.813608
vn -0.071568 -0.384361 -0.920404
vn -0.159677 -0.987057 -0.014924
vn 0.688211 -0.681985 0.247512
vn 0.213480 -0.961285 0.174233
vn 0.122045 -0.980514 -0.153938
vn 0.893633 -0.309251 -0.325243
vn 0.680744 -0.639542 -0.357173
vn 0.852836 -0.426082 -0.301868
vn 0.608798 -0.354542 -0.709694
vn 0.293988 -0.391832 -0.871802
vn 0.137273 0.018372 -0.990363
vn -0.071568 -0.384361 -0.920404
vn 0.688211 -0.681985 0.247512
vn 0.916734 -0.388814 -0.091771
vn 0.893633 -0.309251 -0.325243
vn 0.867566 -0.321915 -0.379078
vn -0.170052 -0.801155 -0.573788
vn -0.236739 -0.820942 -0.519624
vn -0.000031 -0.839615 -0.543182
vn 0.245557 -0.754982 -0.608033
vn -0.308517 -0.318497 -0.896313
vn 0.023500 -0.368613 -0.929286
vn 0.334980 -0.618688 -0.710643
vn 0.425163 -0.553130 -0.716438
vn -0.262496 0.253462 -0.931050
vn -0.308517 -0.318497 -0.896313
vn 0.023500 -0.368613 -0.929286
vn 0.184763 -0.108862 -0.976735
vn 0.370202 -0.335929 -0.866084
vn 0.334980 -0.618688 -0.710643
vn 0.494295 -0.417172 -0.762653
vn 0.311201 -0.227763 -0.922647
vn 0.523953 -0.278457 -0.804944
vn -0.238231 0.173378 -0.955608
vn 0.106176 0.016084 -0.994217
vn 0.536528 -0.100256 -0.837906
vn 0.503806 -0.181282 -0.844580
vn 0.166388 -0.080539 -0.982766
vn 0.425163 -0.553130 -0.716438
vn 0.536528 -0.100256 -0.837906
vn 0.503806 -0.181282 -0.844580
vn 0.494295 -0.417172 -0.762653
vn 0.523953 -0.278457 -0.804944
vn 0.037752 0.050479 -0.998011
vn 0.539919 0.319172 -0.778856
vn 0.644905 0.138711 -0.751570
vn 0.423174 0.185402 -0.886877
vn 0.411835 0.469853 -0.780789
vn 0.452351 0.307051 -0.837316
vn 0.311358 0.593539 -0.742137
vn 0.264083 0.311449 -0.912831
vn 0.217880 0.668015 -0.711536
vn 0.151774 0.677869 -0.719345
vn 0.056490 0.166234 -0.984467
vn 0.011170 0.036837 -0.999259
vn 0.048526 0.594580 -0.802571
vn 0.352280 0.001312 -0.935894
vn 0.374076 0.450009 -0.810900
vn -0.836428 -0.284354 -0.468541
vn -0.138098 -0.172615 -0.975261
vn -0.515961 -0.488829 -0.703442
vn -0.677555 -0.570524 -0.464135
vn -0.630771 -0.469843 -0.617556
vn -0.128792 -0.091314 -0.987459
vn -0.254805 -0.645970 -0.719582
vn -0.328910 -0.819269 -0.469697
vn -0.644971 -0.502689 -0.575600
vn -0.041323 0.177774 -0.983203
vn 0.035646 0.169256 -0.984927
vn -0.251361 -0.738855 -0.625229
vn 0.109655 0.047915 -0.992814
vn -0.096257 -0.758829 -0.644138
vn 0.241837 -0.455810 -0.856593
vn 0.206466 -0.810755 -0.547767
vn -0.436881 -0.582335 -0.685581
vn 0.000732 0.264633 -0.964349
vn 0.121252 0.132850 -0.983692
vn 0.010468 -0.699104 -0.714943
vn 0.060703 -0.225537 -0.972342
vn -0.076420 -0.638429 -0.765877
vn 0.893633 -0.309251 -0.325243
vn 0.867566 -0.321915 -0.379078
vn -0.786936 -0.582671 -0.203044
vn -0.677555 -0.570524 -0.464135
vn -0.810623 -0.292375 -0.507353
vn -0.435789 -0.845240 -0.309285
vn -0.328910 -0.819269 -0.469697
vn -0.700076 -0.549190 -0.456382
vn -0.644971 -0.502689 -0.575600
vn -0.251361 -0.738855 -0.625229
vn -0.096257 -0.758829 -0.644138
vn -0.020356 -0.998360 -0.053499
vn 0.206466 -0.810755 -0.547767
vn -0.308606 -0.794984 -0.522268
vn -0.436881 -0.582335 -0.685581
vn 0.010468 -0.699104 -0.714943
vn -0.187847 -0.952754 -0.238692
vn -0.076420 -0.638429 -0.765877
vn 0.083561 -0.712071 -0.697117
vn 0.379200 -0.515102 -0.768685
vn 0.412278 0.159216 -0.897038
vn -0.954102 -0.282092 0.100562
vn -0.955402 -0.213909 -0.203593
vn -0.960036 -0.091374 -0.264539
vn -0.630771 -0.469843 -0.617556
vn -0.836428 -0.284354 -0.468541
vn 0.379200 -0.515102 -0.768685
vn -0.182136 -0.963387 -0.196755
vn 0.010468 -0.699104 -0.714943
vn -0.989354 -0.089267 -0.114933
vn -0.828918 -0.476292 -0.293326
vn -0.105473 -0.962656 0.249339
vn -0.163827 -0.982018 -0.093816
vn -0.503997 -0.827900 -0.246108
vn -0.960036 -0.091374 -0.264539
vn -0.637398 -0.109107 -0.762771
vn -0.955402 -0.213909 -0.203593
vn -0.762950 -0.076542 -0.641910
vn -0.810623 -0.292375 -0.507353
vn -0.608219 -0.357534 -0.708689
vn -0.584347 -0.485069 -0.650574
vn -0.700076 -0.549190 -0.456382
vn -0.153236 -0.505000 -0.849408
vn -0.308606 -0.794984 -0.522268
vn 0.103858 -0.193829 -0.975522
vn 0.083561 -0.712071 -0.697117
vn -0.867847 -0.452540 0.205059
vn -0.901775 -0.318282 0.292402
vn -0.809217 -0.587220 0.018434
vn -0.808785 -0.558499 -0.184243
vn -0.889956 -0.427994 -0.157477
vn -0.974475 -0.210734 0.077396
vn -0.938652 -0.328663 0.104468
vn -0.978445 -0.044009 0.201762
vn 0.481223 -0.001648 -0.876597
vn 0.002609 -0.986427 -0.164179
vn 0.588311 -0.727961 -0.352085
vn 0.532278 -0.736085 -0.418162
vn -0.420367 -0.833722 0.358049
vn -0.144963 -0.960625 -0.237033
vn 0.531529 -0.789050 -0.308021
vn -0.300514 -0.926695 -0.225671
vn 0.500978 -0.795327 -0.341286
vn -0.359536 -0.872341 -0.331292
vn 0.324433 -0.683959 -0.653409
vn -0.465802 -0.878490 -0.106223
vn -0.075645 -0.695990 -0.714055
vn -0.446014 -0.894393 0.033656
vn -0.190250 -0.692664 -0.695717
vn -0.140070 -0.680234 -0.719488
vn -0.350394 -0.933073 0.081230
vn -0.351204 -0.936246 0.009940
vn -0.159682 -0.753711 -0.637512
vn -0.553242 -0.832375 0.032805
vn -0.408724 -0.751011 -0.518581
vn -0.849379 -0.515220 0.114469
vn -0.720333 -0.485268 -0.495616
vn -0.796112 -0.438414 0.417133
vn -0.409009 -0.547801 0.729812
vn -0.105598 -0.915686 0.387773
vn -0.527037 -0.847788 0.059052
vn -0.987973 0.011879 0.154171
vn -0.871398 -0.490337 -0.015315
vn -0.999180 -0.015342 0.037470
vn -0.567549 -0.803942 -0.177666
vn 0.064073 -0.833625 0.548602
vn -0.208286 -0.952240 -0.223284
vn -0.464526 -0.845822 -0.262299
vn -0.581524 -0.730262 0.358534
vn -0.134215 -0.725701 0.674792
vn -0.567645 -0.473807 0.673265
vn -0.991811 -0.038198 -0.121871
vn -0.678946 -0.465212 0.567988
vn -0.690614 -0.008006 0.723180
vn -0.941961 -0.323442 0.089973
vn 0.486828 -0.822357 0.294495
vn -0.676464 -0.720171 -0.154112
vn -0.861019 -0.496014 -0.112326
vn 0.590495 -0.745718 -0.308576
vn -0.803404 -0.585314 0.109313
vn 0.703569 -0.696518 0.140902
vn -0.672233 -0.679771 -0.293283
vn 0.770419 0.583649 -0.256533
vn 0.826072 0.527057 -0.199540
vn 0.158097 0.960872 0.227445
vn -0.275401 0.804088 0.526875
vn 0.290439 0.919705 0.264173
vn 0.879132 0.467308 -0.093538
vn 0.403600 0.842747 0.356208
vn 0.921045 0.389172 -0.014849
vn 0.519273 0.837299 0.171131
vn 0.803509 0.330271 -0.495271
vn 0.337792 0.940917 0.023913
vn 0.388658 0.487653 -0.781754
vn 0.261500 0.521186 -0.812394
vn 0.235051 0.970264 -0.057782
vn 0.521058 0.851591 -0.057378
vn 0.341555 0.937116 -0.071798
vn 0.305907 0.518522 -0.798471
vn 0.360493 0.352539 -0.863575
vn 0.716965 0.658582 -0.228539
vn 0.218634 0.082100 -0.972347
vn 0.040135 0.741078 0.670218
vn -0.108277 0.808277 0.578761
vn 0.486046 0.585030 0.649230
vn 0.527145 0.731210 0.432956
vn 0.876372 0.473371 -0.088839
vn 0.702063 0.376519 0.604434
vn 0.381067 0.833899 0.399249
vn 0.444633 0.721145 0.531273
vn 0.137697 0.677004 0.722984
vn 0.101886 0.943224 0.316145
vn 0.268912 0.877810 0.396404
vn 0.333686 0.862168 0.381207
vn 0.245053 0.407562 0.879683
vn 0.203859 0.314977 0.926947
vn 0.583112 0.622301 0.522228
vn 0.264301 0.125187 0.956281
vn 0.308470 0.175851 0.934838
vn -0.350277 0.751790 0.558675
vn -0.674615 0.718875 0.167670
vn -0.618431 0.691301 0.373692
vn 0.658311 0.507272 0.556149
vn 0.744375 0.662098 -0.086787
vn -0.637124 0.721460 0.271235
vn -0.308321 0.564629 0.765593
vn 0.409351 0.592445 0.693859
vn 0.653969 0.673631 0.344304
vn -0.703347 0.710603 0.018608
vn -0.469892 0.656440 0.590160
vn 0.532278 -0.736085 -0.418162
vn 0.588311 -0.727961 -0.352085
vn 0.531529 -0.789050 -0.308021
vn 0.500978 -0.795327 -0.341286
vn 0.324433 -0.683959 -0.653409
vn -0.075645 -0.695990 -0.714055
vn -0.190250 -0.692664 -0.695717
vn -0.140070 -0.680234 -0.719488
vn -0.159682 -0.753711 -0.637512
vn -0.408724 -0.751011 -0.518581
vn -0.720333 -0.485268 -0.495616
vn 0.203679 0.006545 -0.979016
vn -0.409009 -0.547801 0.729812
vn -0.796112 -0.438414 0.417133
vn -0.105598 -0.915686 0.387773
vn 0.064073 -0.833625 0.548602
vn 0.486828 -0.822357 0.294495
vn -0.134215 -0.725701 0.674792
vn 0.448476 0.100681 0.888106
vn -0.118702 -0.847927 0.516653
vn -0.567645 -0.473807 0.673265
vn 0.081137 0.282662 0.955782
vn -0.886414 -0.277961 0.370147
vn -0.690614 -0.008006 0.723180
vn 0.267418 0.228851 0.936010
vn 0.102223 -0.069115 0.992358
vn -0.941961 -0.323442 0.089973
vn -0.861019 -0.496014 -0.112326
vn -0.676464 -0.720171 -0.154112
vn 0.666817 -0.743156 -0.055442
vn 0.590495 -0.745718 -0.308576
vn 0.711276 0.666869 -0.222198
vn -0.352126 -0.502664 0.789516
vn 0.597374 -0.586354 0.547114
vn -0.420367 -0.833722 0.358049
vn -0.803404 -0.585314 0.109313
vn -0.647469 0.732197 0.211357
vn 0.706531 -0.642718 0.296188
vn 0.703569 -0.696518 0.140902
vn 0.664568 0.677065 0.316121
vn -0.480331 -0.449467 0.753167
vn 0.459860 -0.518594 0.720825
vn -0.672233 -0.679771 -0.293283
vn -0.710859 0.700280 -0.065487
vn 0.666817 -0.743156 -0.055442
vn -0.709326 -0.655154 0.260058
vn 0.706531 -0.642718 0.296188
vn -0.697873 -0.716046 -0.015854
vn -0.709326 -0.655154 0.260058
vn -0.697873 -0.716046 -0.015854
vn -0.869092 0.008184 -0.494583
vn -0.738910 -0.671104 -0.060266
vn -0.297123 -0.681933 0.668345
vn -0.553420 -0.470803 0.687074
vn 0.964453 -0.002616 0.264243
vn 0.715926 -0.002043 0.698174
vn 0.755918 0.170454 0.632087
vn 0.707624 -0.000259 0.706589
vn -0.082829 -0.004156 0.996555
vn -0.869092 0.008184 -0.494583
vn 0.447606 -0.003329 -0.894225
vn -0.545540 -0.608911 0.575859
vn -0.553420 -0.470803 0.687074
vn 0.243168 0.422091 0.873332
vn 0.597374 -0.586354 0.547114
vn -0.352126 -0.502664 0.789516
vn 0.459860 -0.518594 0.720825
vn -0.480331 -0.449467 0.753167
vn -0.297123 -0.681933 0.668345
vn -0.678946 -0.465212 0.567988
vn -0.947331 0.028056 0.319023
vn -0.886414 -0.277961 0.370147
vn -0.947331 0.028056 0.319023
vn -0.979156 -0.186988 -0.079299
vn -0.545540 -0.608911 0.575859
vn -0.811662 -0.582967 0.036802
vn -0.118702 -0.847927 0.516653
vn -0.336132 -0.902839 0.268138
vn 0.744923 0.272334 0.609035
vn 0.588876 0.661978 0.463692
vn 0.461196 0.784500 0.414556
vn -0.005562 0.987078 -0.160144
vn -0.424780 0.835391 0.348831
vn 0.528920 0.737205 -0.420444
vn 0.580325 0.736036 -0.348531
vn 0.531095 0.790323 -0.305497
vn -0.133849 0.965097 -0.225107
vn 0.508916 0.789235 -0.343675
vn -0.286753 0.928790 -0.234779
vn 0.336471 0.679512 -0.651959
vn -0.339747 0.881102 -0.328984
vn -0.071787 0.700367 -0.710164
vn -0.445643 0.889346 -0.102309
vn -0.173613 0.680268 -0.712105
vn -0.437184 0.899063 0.023567
vn -0.146977 0.674583 -0.723420
vn -0.168443 0.746635 -0.643554
vn -0.365896 0.930610 0.009199
vn -0.370553 0.925620 0.076935
vn -0.418477 0.747732 -0.515532
vn -0.565207 0.824204 0.035047
vn -0.719145 0.485403 -0.497207
vn -0.849818 0.516032 0.107334
vn -0.419624 0.538891 0.730420
vn -0.788803 0.443021 0.426054
vn -0.085268 0.924202 0.372263
vn -0.536335 0.842409 0.051884
vn -0.873033 0.486838 -0.028334
vn -0.555154 0.811928 -0.180492
vn 0.066087 0.833552 0.548473
vn -0.452367 0.854807 -0.254301
vn -0.196218 0.956638 -0.215272
vn -0.616854 0.786499 -0.030179
vn -0.550684 0.531121 0.643939
vn -0.002890 0.742160 0.670216
vn -0.987486 0.064593 -0.143870
vn -0.711969 0.009564 0.702145
vn -0.685647 0.470050 0.555825
vn -0.940605 0.327660 0.088891
vn -0.856729 0.506184 -0.098962
vn -0.672031 0.723403 -0.158313
vn 0.490976 0.819616 0.295249
vn -0.803442 0.585330 0.108949
vn 0.590193 0.745844 -0.308851
vn -0.672086 0.679825 -0.293493
vn 0.703857 0.696697 0.138563
vn 0.772637 -0.581191 -0.255439
vn -0.273490 -0.801874 0.531227
vn 0.163854 -0.961238 0.221749
vn 0.828942 -0.520531 -0.204702
vn 0.279830 -0.925705 0.254490
vn 0.877846 -0.469558 -0.094349
vn 0.394893 -0.845887 0.358519
vn 0.918370 -0.395513 -0.012835
vn 0.503804 -0.846506 0.172074
vn 0.800189 -0.342090 -0.492618
vn 0.323703 -0.945865 0.023573
vn 0.387188 -0.490294 -0.780831
vn 0.256368 -0.539379 -0.802088
vn 0.230361 -0.971774 -0.050892
vn 0.531321 -0.845392 -0.054871
vn 0.366846 -0.353049 -0.860686
vn 0.310018 -0.517053 -0.797838
vn 0.358191 -0.931155 -0.068185
vn 0.719158 -0.656403 -0.227919
vn 0.219921 -0.080555 -0.972186
vn 0.050190 -0.738669 0.672198
vn -0.111695 -0.812681 0.571903
vn 0.491590 -0.583041 0.646840
vn 0.531511 -0.727789 0.433381
vn 0.701908 -0.374882 0.605631
vn 0.877166 -0.472720 -0.084354
vn 0.372720 -0.837391 0.399821
vn 0.442927 -0.720428 0.533666
vn 0.091364 -0.947001 0.307964
vn 0.135571 -0.674234 0.725968
vn 0.256477 -0.884843 0.388938
vn 0.341098 -0.859849 0.379884
vn 0.170710 -0.336989 0.925903
vn 0.235468 -0.420780 0.876070
vn 0.587539 -0.612939 0.528303
vn 0.307584 -0.174921 0.935305
vn 0.261741 -0.121785 0.957424
vn -0.354569 -0.749036 0.559666
vn -0.676163 -0.716946 0.169682
vn -0.622740 -0.691448 0.366190
vn 0.658275 -0.507329 0.556140
vn -0.308310 -0.564597 0.765620
vn -0.637066 -0.721417 0.271485
vn 0.744395 -0.662075 -0.086797
vn 0.409475 -0.592187 0.694006
vn -0.469999 -0.655629 0.590975
vn -0.703302 -0.710636 0.019080
vn 0.654148 -0.673485 0.344251
vn 0.528920 0.737205 -0.420444
vn 0.580325 0.736036 -0.348531
vn 0.531095 0.790323 -0.305497
vn 0.508916 0.789235 -0.343675
vn 0.336471 0.679512 -0.651959
vn -0.071787 0.700367 -0.710164
vn -0.173613 0.680268 -0.712105
vn -0.146977 0.674583 -0.723420
vn -0.168443 0.746635 -0.643554
vn -0.418477 0.747732 -0.515532
vn 0.212634 -0.009853 -0.977082
vn -0.719145 0.485403 -0.497207
vn -0.419624 0.538891 0.730420
vn -0.788803 0.443021 0.426054
vn -0.085268 0.924202 0.372263
vn 0.066087 0.833552 0.548473
vn 0.490976 0.819616 0.295249
vn -0.002890 0.742160 0.670216
vn 0.527577 -0.108431 0.842559
vn -0.223103 0.818409 0.529558
vn 0.100665 -0.325598 0.940134
vn -0.550684 0.531121 0.643939
vn -0.902188 0.262545 0.342239
vn 0.019690 0.125881 0.991850
vn 0.259769 -0.239045 0.935616
vn -0.711969 0.009564 0.702145
vn -0.940605 0.327660 0.088891
vn -0.856729 0.506184 -0.098962
vn -0.672031 0.723403 -0.158313
vn 0.666812 0.743155 -0.055517
vn 0.711581 -0.666553 -0.222170
vn 0.590193 0.745844 -0.308851
vn -0.352144 0.502675 0.789501
vn 0.597312 0.586373 0.547161
vn -0.424780 0.835391 0.348831
vn -0.647519 -0.731937 0.212102
vn -0.803442 0.585330 0.108949
vn 0.706440 0.642847 0.296124
vn 0.664512 -0.676840 0.316721
vn 0.703857 0.696697 0.138563
vn -0.480947 0.449010 0.753047
vn 0.459576 0.519010 0.720707
vn -0.710816 -0.700306 -0.065662
vn -0.672086 0.679825 -0.293493
vn -0.709263 0.655179 0.260168
vn 0.666812 0.743155 -0.055517
vn -0.697749 0.716168 -0.015770
vn 0.706440 0.642847 0.296124
vn -0.709263 0.655179 0.260168
vn -0.697749 0.716168 -0.015770
vn -0.746059 0.662112 -0.070735
vn -0.562477 0.469824 0.680357
vn -0.308145 0.680122 0.665192
vn 0.752022 -0.170568 0.636686
vn -0.550956 0.612440 0.566890
vn 0.242156 -0.417485 0.875823
vn -0.562477 0.469824 0.680357
vn -0.352144 0.502675 0.789501
vn 0.597312 0.586373 0.547161
vn -0.480947 0.449010 0.753047
vn 0.459576 0.519010 0.720707
vn -0.308145 0.680122 0.665192
vn -0.685647 0.470050 0.555825
vn -0.902188 0.262545 0.342239
vn -0.992896 0.118267 -0.013081
vn -0.550956 0.612440 0.566890
vn -0.819248 0.572872 0.025506
vn -0.223103 0.818409 0.529558
vn -0.412259 0.888033 0.203570
vn 0.740088 -0.279864 0.611511
vn 0.594010 -0.654284 0.468043
vn 0.468805 -0.768459 0.435537
vn -0.540311 -0.840003 0.049591
vn -0.511989 -0.851940 -0.109842
vn 0.332613 -0.938205 -0.095600
vn 0.313950 -0.945931 0.081551
vn 0.517056 0.847767 0.118086
vn 0.483855 0.868918 -0.104236
vn -0.468951 0.849887 -0.240367
vn -0.392077 0.919431 0.030372
vn -0.595429 -0.664345 0.451786
vn 0.182620 -0.610702 0.770515
vn 0.007507 -0.001418 0.999971
vn -0.697190 -0.351162 0.624990
vn 0.971370 -0.189409 0.143403
vn 0.977447 -0.209002 -0.030254
vn 0.902095 0.431348 0.012774
vn 0.882158 0.426816 0.199061
vn 0.899516 -0.277069 -0.337792
vn 0.158373 -0.796671 -0.583295
vn -0.115041 -0.073884 -0.990609
vn 0.742843 0.360156 -0.564333
vn -0.511989 -0.851940 -0.109842
vn -0.540311 -0.840003 0.049591
vn -0.901424 -0.424213 0.086476
vn -0.908517 -0.388473 -0.153903
vn -0.536075 -0.748917 -0.389548
vn 0.158373 -0.796671 -0.583295
vn 0.971370 -0.189409 0.143403
vn 0.821343 -0.028585 0.569718
vn 0.182620 -0.610702 0.770515
vn 0.384146 0.813816 -0.436046
vn -0.449886 0.577718 -0.681061
vn -0.979704 0.199943 0.014273
vn -0.884327 0.021559 0.466370
vn -0.237506 0.588392 0.772907
vn 0.899516 -0.277069 -0.337792
vn 0.742843 0.360156 -0.564333
vn 0.517056 0.847767 0.118086
vn 0.584567 0.602759 0.543104
vn 0.661926 0.337068 0.669507
vn -0.595429 -0.664345 0.451786
vn -0.697190 -0.351162 0.624990
vn -0.967337 0.148211 -0.205651
vn -0.893676 0.023901 -0.448076
vn -0.795452 -0.384659 -0.468289
vn 0.661926 0.337068 0.669507
vn 0.584567 0.602759 0.543104
vn -0.237506 0.588392 0.772907
vn 0.483855 0.868918 -0.104236
vn -0.795452 -0.384659 -0.468289
vn -0.893676 0.023901 -0.448076
vn -0.449886 0.577718 -0.681061
vn -0.979704 0.199943 0.014273
vn 0.384146 0.813816 -0.436046
vn 0.821343 -0.028585 0.569718
vn -0.884327 0.021559 0.466370
vn -0.536075 -0.748917 -0.389548
vn 0.977447 -0.209002 -0.030254
vn -0.967337 0.148211 -0.205651
vn 0.821343 -0.028585 0.569718
vn -0.536075 -0.748917 -0.389548
vn 0.899516 -0.277069 -0.337792
vn -0.595429 -0.664345 0.451786
vn -0.893676 0.023901 -0.448076
vn 0.584567 0.602759 0.543104
vn -0.884327 0.021559 0.466370
vn 0.384146 0.813816 -0.436046
vn -0.860287 -0.492863 -0.130352
vn -0.824113 -0.510003 -0.246445
vn -0.208009 -0.974344 -0.085944
vn -0.244352 -0.969020 0.035943
vn 0.479112 0.873078 0.090475
vn 0.481418 0.875554 -0.040524
vn 0.129302 0.979582 -0.153952
vn 0.163690 0.986511 0.001511
vn -0.903748 -0.417758 0.093373
vn -0.416530 -0.731170 0.540272
vn -0.446373 0.065681 0.892433
vn -0.955844 0.131209 0.262958
vn 0.929196 -0.194140 0.314490
vn 0.941409 -0.260206 0.214575
vn 0.965854 -0.144013 0.215373
vn 0.930270 -0.121078 0.346320
vn 0.223088 -0.942622 -0.248385
vn -0.230133 -0.828163 -0.511063
vn 0.119045 -0.043931 -0.991917
vn 0.814998 -0.079193 -0.574027
vn -0.824113 -0.510003 -0.246445
vn -0.860287 -0.492863 -0.130352
vn -0.973259 0.123725 -0.193542
vn -0.919801 0.212394 -0.329931
vn -0.776922 -0.410959 -0.476976
vn -0.230133 -0.828163 -0.511063
vn 0.113777 -0.985115 0.128856
vn -0.058192 -0.806788 0.587969
vn -0.416530 -0.731170 0.540272
vn 0.476918 0.802885 -0.357666
vn 0.089219 0.809346 -0.580517
vn -0.645670 0.742079 -0.180079
vn -0.717941 0.685305 0.122142
vn -0.112501 0.814399 0.569296
vn 0.938157 -0.281288 0.201839
vn 0.966593 -0.154162 0.204772
vn 0.947741 -0.053841 0.314466
vn 0.878656 -0.381332 0.287316
vn 0.930798 -0.116149 0.346590
vn -0.903748 -0.417758 0.093373
vn -0.955844 0.131209 0.262958
vn -0.590607 0.752480 -0.291475
vn -0.599915 0.622866 -0.502136
vn -0.784703 0.121443 -0.607859
vn 0.067039 -0.039987 0.996949
vn 0.276455 0.765822 0.580594
vn -0.112501 0.814399 0.569296
vn 0.976368 -0.031951 0.213739
vn -0.784703 0.121443 -0.607859
vn -0.599915 0.622866 -0.502136
vn 0.089219 0.809346 -0.580517
vn -0.645670 0.742079 -0.180079
vn 0.978994 -0.032487 0.201286
vn 0.952336 0.173882 0.250641
vn -0.717941 0.685305 0.122142
vn -0.776922 -0.410959 -0.476976
vn 0.132809 -0.991141 0.000571
vn -0.590607 0.752480 -0.291475
vn -0.058192 -0.806788 0.587969
vn -0.776922 -0.410959 -0.476976
vn 0.223088 -0.942622 -0.248385
vn -0.903748 -0.417758 0.093373
vn -0.599915 0.622866 -0.502136
vn 0.276455 0.765822 0.580594
vn -0.717941 0.685305 0.122142
vn 0.476918 0.802885 -0.357666
vn -0.988306 -0.135503 -0.069932
vn -0.958283 -0.177795 -0.223794
vn -0.485244 -0.869871 -0.088666
vn -0.526307 -0.846212 0.083218
vn 0.957279 0.171935 0.232496
vn 0.981273 0.192414 0.008929
vn 0.375292 0.887465 -0.267511
vn 0.441559 0.897114 0.014555
vn -0.943371 0.053667 0.327370
vn -0.446948 -0.471963 0.759927
vn -0.127661 0.075912 0.988909
vn -0.794026 0.348705 0.497923
vn 0.459037 -0.844223 0.276716
vn 0.470902 -0.875896 0.105154
vn 0.902026 -0.398415 0.166174
vn 0.861364 -0.370961 0.347044
vn 0.409912 -0.886821 -0.213354
vn -0.425424 -0.686492 -0.589697
vn 0.000616 -0.043077 -0.999072
vn 0.822071 -0.372277 -0.430825
vn -0.958283 -0.177795 -0.223794
vn -0.988306 -0.135503 -0.069932
vn -0.909234 0.410745 -0.067696
vn -0.855119 0.419543 -0.304558
vn -0.858912 -0.115596 -0.498906
vn -0.425424 -0.686492 -0.589697
vn 0.459037 -0.844223 0.276716
vn 0.428862 -0.591138 0.683106
vn -0.446948 -0.471963 0.759927
vn 0.919360 0.204355 -0.336177
vn 0.239258 0.659450 -0.712657
vn -0.477106 0.870379 -0.121695
vn -0.610601 0.719546 0.330787
vn 0.192153 0.626161 0.755645
vn 0.409912 -0.886821 -0.213354
vn 0.822071 -0.372277 -0.430825
vn 0.957279 0.171935 0.232496
vn 0.759060 -0.003509 0.651012
vn 0.590708 -0.224490 0.775028
vn -0.943371 0.053667 0.327370
vn -0.794026 0.348705 0.497923
vn -0.479478 0.809213 -0.339522
vn -0.494660 0.652681 -0.573863
vn -0.738600 0.310809 -0.598221
vn 0.590708 -0.224490 0.775028
vn 0.759060 -0.003509 0.651012
vn 0.192153 0.626161 0.755645
vn 0.981273 0.192414 0.008929
vn -0.738600 0.310809 -0.598221
vn -0.494660 0.652681 -0.573863
vn 0.239258 0.659450 -0.712657
vn -0.477106 0.870379 -0.121695
vn 0.919360 0.204355 -0.336177
vn 0.428862 -0.591138 0.683106
vn -0.610601 0.719546 0.330787
vn -0.858912 -0.115596 -0.498906
vn 0.470902 -0.875896 0.105154
vn -0.479478 0.809213 -0.339522
vn 0.428862 -0.591138 0.683106
vn -0.858912 -0.115596 -0.498906
vn 0.409912 -0.886821 -0.213354
vn -0.943371 0.053667 0.327370
vn -0.494660 0.652681 -0.573863
vn 0.759060 -0.003509 0.651012
vn -0.610601 0.719546 0.330787
vn 0.919360 0.204355 -0.336177
vn -0.726303 0.613964 0.309085
vn -0.748172 0.648547 -0.140089
vn -0.947367 -0.175855 -0.267529
vn -0.970877 -0.157947 0.180140
vn 0.970554 -0.227437 0.079358
vn 0.896580 -0.429740 -0.107092
vn 0.870100 0.478763 -0.117097
vn 0.852758 0.472611 0.222358
vn -0.408267 0.423504 0.808680
vn -0.610094 0.009947 0.792267
vn -0.188864 0.297438 0.935875
vn -0.259003 0.509122 0.820800
vn -0.473220 -0.880941 -0.002592
vn -0.283660 -0.911612 -0.297490
vn 0.493100 -0.851652 -0.177599
vn 0.479049 -0.876760 0.042463
vn -0.289978 -0.828482 -0.479094
vn -0.755219 -0.144645 -0.639314
vn -0.036094 0.084507 -0.995769
vn 0.377475 -0.713809 -0.589907
vn -0.748172 0.648547 -0.140089
vn -0.726303 0.613964 0.309085
vn -0.329051 0.817416 0.472818
vn -0.307920 0.946564 -0.095929
vn -0.729368 0.472297 -0.494933
vn -0.755219 -0.144645 -0.639314
vn -0.473220 -0.880941 -0.002592
vn -0.374544 -0.615800 0.693186
vn -0.610094 0.009947 0.792267
vn 0.829027 -0.409574 -0.380741
vn 0.716478 0.361481 -0.596650
vn 0.129123 0.941891 0.310112
vn -0.077369 0.618689 0.781817
vn 0.405817 0.372926 0.834409
vn -0.289978 -0.828482 -0.479094
vn 0.377475 -0.713809 -0.589907
vn 0.970554 -0.227437 0.079358
vn 0.702817 -0.271645 0.657463
vn 0.230483 -0.456089 0.859570
vn -0.408267 0.423504 0.808680
vn -0.259003 0.509122 0.820800
vn 0.154416 0.984512 -0.083021
vn 0.249264 0.874572 -0.415922
vn -0.275700 0.770050 -0.575337
vn 0.230483 -0.456089 0.859570
vn 0.702817 -0.271645 0.657463
vn 0.405817 0.372926 0.834409
vn 0.896580 -0.429740 -0.107092
vn -0.275700 0.770050 -0.575337
vn 0.249264 0.874572 -0.415922
vn 0.716478 0.361481 -0.596650
vn 0.129123 0.941891 0.310112
vn 0.829027 -0.409574 -0.380741
vn -0.374544 -0.615800 0.693186
vn -0.077369 0.618689 0.781817
vn -0.729368 0.472297 -0.494933
vn -0.283660 -0.911612 -0.297490
vn 0.154416 0.984512 -0.083021
vn -0.374544 -0.615800 0.693186
vn -0.729368 0.472297 -0.494933
vn -0.289978 -0.828482 -0.479094
vn -0.610094 0.009947 0.792267
vn -0.970877 -0.157947 0.180140
vn 0.249264 0.874572 -0.415922
vn 0.702817 -0.271645 0.657463
vn -0.077369 0.618689 0.781817
vn 0.829027 -0.409574 -0.380741
vn -0.873853 -0.477188 0.093130
vn -0.854601 -0.519284 -0.001097
vn -0.214902 -0.976478 -0.017555
vn -0.245969 -0.966123 0.078138
vn 0.500408 0.865604 -0.017925
vn 0.461499 0.874929 -0.146692
vn 0.089391 0.983334 -0.158318
vn 0.174217 0.984618 -0.013241
vn -0.849443 -0.416241 0.324331
vn -0.262852 -0.751002 0.605727
vn -0.180220 0.030406 0.983156
vn -0.843057 0.125349 0.523013
vn 0.976205 -0.211541 0.047682
vn 0.964552 -0.259843 -0.046061
vn 0.988381 -0.141060 -0.056621
vn 0.987078 -0.139791 0.078323
vn 0.137718 -0.949109 -0.283241
vn -0.342508 -0.831764 -0.436872
vn -0.154352 -0.013915 -0.987918
vn 0.632797 -0.078535 -0.770325
vn -0.854601 -0.519284 -0.001097
vn -0.873853 -0.477188 0.093130
vn -0.987401 0.135621 0.081528
vn -0.977846 0.201327 -0.057313
vn -0.874554 -0.432126 -0.220049
vn -0.342508 -0.831764 -0.436872
vn 0.127857 -0.989432 0.068394
vn 0.093318 -0.830582 0.549023
vn -0.262852 -0.751002 0.605727
vn 0.386308 0.811400 -0.438631
vn -0.056644 0.824364 -0.563218
vn -0.656556 0.753775 0.027517
vn -0.644068 0.683553 0.343414
vn 0.063744 0.790224 0.609494
vn 0.964581 -0.256881 -0.059965
vn 0.986777 -0.146872 -0.068550
vn 0.996585 -0.069402 0.044746
vn 0.917203 -0.398065 0.016840
vn 0.988271 -0.135925 0.069607
vn -0.849443 -0.416241 0.324331
vn -0.843057 0.125349 0.523013
vn -0.647956 0.755353 -0.097956
vn -0.718454 0.630098 -0.294619
vn -0.925203 0.123597 -0.358779
vn 0.340159 -0.082471 0.936744
vn 0.439694 0.739024 0.510405
vn 0.063744 0.790224 0.609494
vn 0.997828 -0.021200 -0.062371
vn -0.925203 0.123597 -0.358779
vn -0.718454 0.630098 -0.294619
vn -0.056644 0.824364 -0.563218
vn -0.656556 0.753775 0.027517
vn 0.996696 -0.032267 -0.074534
vn 0.987327 0.157773 -0.017147
vn -0.644068 0.683553 0.343414
vn -0.874554 -0.432126 -0.220049
vn 0.133237 -0.990690 -0.027947
vn -0.647956 0.755353 -0.097956
vn 0.093318 -0.830582 0.549023
vn -0.874554 -0.432126 -0.220049
vn 0.137718 -0.949109 -0.283241
vn -0.849443 -0.416241 0.324331
vn -0.718454 0.630098 -0.294619
vn 0.439694 0.739024 0.510405
vn -0.644068 0.683553 0.343414
vn 0.386308 0.811400 -0.438631
vn -0.638610 -0.752142 -0.162663
vn -0.676735 -0.650571 0.344655
vn -0.946540 0.214609 0.240843
vn -0.938851 0.025541 -0.343374
vn 0.914535 0.350883 -0.201263
vn 0.793836 0.608059 -0.009447
vn 0.927741 -0.251732 0.275550
vn 0.909483 -0.385403 -0.155900
vn -0.304209 -0.708137 -0.637181
vn -0.520601 -0.307287 -0.796586
vn -0.131679 -0.573417 -0.808612
vn -0.190210 -0.750759 -0.632599
vn -0.450553 0.819765 -0.353535
vn -0.278522 0.959978 0.029451
vn 0.382574 0.921568 -0.065950
vn 0.401653 0.868325 -0.291009
vn -0.317570 0.892781 0.319517
vn -0.705301 0.257581 0.660456
vn -0.074077 0.193494 0.978301
vn 0.253961 0.892845 0.371930
vn -0.676735 -0.650571 0.344655
vn -0.638610 -0.752142 -0.162663
vn -0.244857 -0.948022 -0.203223
vn -0.225442 -0.912503 0.341343
vn -0.625596 -0.417238 0.659198
vn -0.705301 0.257581 0.660456
vn -0.450553 0.819765 -0.353535
vn -0.346857 0.318957 -0.882019
vn -0.520601 -0.307287 -0.796586
vn 0.679991 0.658485 0.322505
vn 0.648406 -0.028812 0.760749
vn 0.250358 -0.966584 -0.055097
vn -0.019008 -0.819572 -0.572660
vn 0.446114 -0.531828 -0.719820
vn -0.317570 0.892781 0.319517
vn 0.253961 0.892845 0.371930
vn 0.914535 0.350883 -0.201263
vn 0.669063 0.155648 -0.726725
vn 0.204795 0.201808 -0.957775
vn -0.304209 -0.708137 -0.637181
vn -0.190210 -0.750759 -0.632599
vn 0.279115 -0.873363 0.399163
vn 0.237513 -0.656279 0.716161
vn -0.230330 -0.621991 0.748382
vn 0.204795 0.201808 -0.957775
vn 0.669063 0.155648 -0.726725
vn 0.446114 -0.531828 -0.719820
vn 0.793836 0.608059 -0.009447
vn -0.230330 -0.621991 0.748382
vn 0.237513 -0.656279 0.716161
vn 0.648406 -0.028812 0.760749
vn 0.250358 -0.966584 -0.055097
vn 0.679991 0.658485 0.322505
vn -0.346857 0.318957 -0.882019
vn -0.019008 -0.819572 -0.572660
vn -0.625596 -0.417238 0.659198
vn -0.278522 0.959978 0.029451
vn 0.279115 -0.873363 0.399163
vn -0.346857 0.318957 -0.882019
vn -0.625596 -0.417238 0.659198
vn -0.317570 0.892781 0.319517
vn -0.638610 -0.752142 -0.162663
vn -0.938851 0.025541 -0.343374
vn 0.237513 -0.656279 0.716161
vn 0.669063 0.155648 -0.726725
vn -0.019008 -0.819572 -0.572660
vn 0.679991 0.658485 0.322505
vn -0.708347 -0.704450 -0.044661
vn -0.765553 -0.615705 0.186641
vn -0.974072 0.202205 0.101469
vn -0.995169 -0.006870 -0.097934
vn 0.868833 0.461018 -0.180532
vn 0.776114 0.630490 -0.011411
vn 0.937654 -0.280011 0.205911
vn 0.957719 -0.262879 -0.116915
vn -0.556202 -0.674800 -0.485061
vn -0.761914 -0.229825 -0.605531
vn -0.143440 -0.266562 -0.953084
vn -0.257086 -0.698158 -0.668193
vn -0.560314 0.807276 -0.185347
vn -0.407646 0.913107 -0.007754
vn 0.253675 0.965690 -0.055614
vn 0.312242 0.917179 -0.247564
vn -0.423971 0.859970 0.284077
vn -0.793451 0.158260 0.587699
vn 0.031773 0.018471 0.999324
vn 0.244384 0.855807 0.455928
vn -0.765553 -0.615705 0.186641
vn -0.708347 -0.704450 -0.044661
vn -0.260522 -0.962004 -0.081714
vn -0.225132 -0.947801 0.225807
vn -0.711099 -0.530369 0.461570
vn -0.793451 0.158260 0.587699
vn -0.560314 0.807276 -0.185347
vn -0.551448 0.445285 -0.705427
vn -0.761914 -0.229825 -0.605531
vn 0.758435 0.571338 0.313608
vn 0.750360 -0.230910 0.619387
vn 0.396936 -0.916704 -0.045774
vn 0.157525 -0.810256 -0.564509
vn 0.546004 -0.329550 -0.770244
vn -0.423971 0.859970 0.284077
vn 0.244384 0.855807 0.455928
vn 0.868833 0.461018 -0.180532
vn 0.647634 0.342586 -0.680592
vn 0.082772 0.437820 -0.895244
vn -0.556202 -0.674800 -0.485061
vn -0.257086 -0.698158 -0.668193
vn 0.332008 -0.903508 0.271007
vn 0.320221 -0.810844 0.489889
vn -0.191539 -0.769242 0.609574
vn 0.082772 0.437820 -0.895244
vn 0.647634 0.342586 -0.680592
vn 0.546004 -0.329550 -0.770244
vn 0.776114 0.630490 -0.011411
vn -0.191539 -0.769242 0.609574
vn 0.320221 -0.810844 0.489889
vn 0.750360 -0.230910 0.619387
vn 0.396936 -0.916704 -0.045774
vn 0.758435 0.571338 0.313608
vn -0.551448 0.445285 -0.705427
vn 0.157525 -0.810256 -0.564509
vn -0.711099 -0.530369 0.461570
vn -0.407646 0.913107 -0.007754
vn 0.332008 -0.903508 0.271007
vn -0.551448 0.445285 -0.705427
vn -0.711099 -0.530369 0.461570
vn -0.423971 0.859970 0.284077
vn -0.556202 -0.674800 -0.485061
vn 0.320221 -0.810844 0.489889
vn 0.647634 0.342586 -0.680592
vn 0.157525 -0.810256 -0.564509
vn 0.758435 0.571338 0.313608
vn -0.782973 -0.621996 0.008647
vn -0.840347 -0.494848 0.221228
vn -0.947440 0.319779 0.009976
vn -0.983340 0.087480 -0.159342
vn 0.924409 0.332368 -0.187081
vn 0.844213 0.533723 -0.049444
vn 0.887577 -0.347609 0.302283
vn 0.924854 -0.379904 -0.017841
vn -0.607616 -0.673483 -0.420979
vn -0.753879 -0.231022 -0.615057
vn -0.128114 -0.385121 -0.913930
vn -0.304914 -0.755697 -0.579612
vn -0.452545 0.827947 -0.331221
vn -0.297169 0.941205 -0.160698
vn 0.367283 0.913860 -0.173099
vn 0.428842 0.831852 -0.352302
vn -0.333473 0.933182 0.134043
vn -0.796551 0.327603 0.508118
vn -0.013887 0.160060 0.987010
vn 0.320864 0.881228 0.347108
vn -0.840347 -0.494848 0.221228
vn -0.782973 -0.621996 0.008647
vn -0.367107 -0.929465 0.036441
vn -0.344977 -0.874625 0.340621
vn -0.789433 -0.376874 0.484522
vn -0.796551 0.327603 0.508118
vn -0.452545 0.827947 -0.331221
vn -0.461353 0.395370 -0.794252
vn -0.753879 -0.231022 -0.615057
vn 0.804283 0.524762 0.278843
vn 0.687850 -0.218764 0.692102
vn 0.288675 -0.951360 0.107618
vn 0.088327 -0.896042 -0.435094
vn 0.539734 -0.495616 -0.680480
vn -0.333473 0.933182 0.134043
vn 0.320864 0.881228 0.347108
vn 0.924409 0.332368 -0.187081
vn 0.714926 0.167285 -0.678894
vn 0.175948 0.291282 -0.940318
vn -0.607616 -0.673483 -0.420979
vn -0.304914 -0.755697 -0.579612
vn 0.210731 -0.885227 0.414687
vn 0.199463 -0.760984 0.617347
vn -0.309028 -0.646879 0.697172
vn 0.175948 0.291282 -0.940318
vn 0.714926 0.167285 -0.678894
vn 0.539734 -0.495616 -0.680480
vn 0.844213 0.533723 -0.049444
vn -0.309028 -0.646879 0.697172
vn 0.199463 -0.760984 0.617347
vn 0.687850 -0.218764 0.692102
vn 0.288675 -0.951360 0.107618
vn 0.804283 0.524762 0.278843
vn -0.461353 0.395370 -0.794252
vn 0.088327 -0.896042 -0.435094
vn -0.789433 -0.376874 0.484522
vn -0.297169 0.941205 -0.160698
vn 0.210731 -0.885227 0.414687
vn -0.461353 0.395370 -0.794252
vn -0.789433 -0.376874 0.484522
vn -0.333473 0.933182 0.134043
vn -0.607616 -0.673483 -0.420979
vn 0.199463 -0.760984 0.617347
vn 0.714926 0.167285 -0.678894
vn 0.088327 -0.896042 -0.435094
vn 0.804283 0.524762 0.278843
vn 0.189857 0.948184 -0.254758
vn 0.254167 0.931624 0.259763
vn 0.919423 0.307664 0.244959
vn 0.841256 0.406871 -0.356011
vn -0.614044 -0.775808 -0.145163
vn -0.389416 -0.918320 0.071016
vn -0.940684 -0.213151 0.263970
vn -0.974672 -0.133191 -0.179653
vn -0.061294 0.695968 -0.715452
vn 0.330496 0.440611 -0.834646
vn -0.138340 0.476727 -0.868098
vn -0.181561 0.676853 -0.713377
vn 0.809233 -0.521099 -0.271288
vn 0.714634 -0.687739 0.127729
vn 0.124770 -0.991336 0.041050
vn 0.090320 -0.977998 -0.188047
vn 0.704577 -0.580562 0.408068
vn 0.715331 0.194496 0.671172
vn 0.123326 -0.029607 0.991925
vn 0.206009 -0.857849 0.470802
vn 0.254167 0.931624 0.259763
vn 0.189857 0.948184 -0.254758
vn -0.247445 0.918343 -0.308898
vn -0.267121 0.934170 0.236587
vn 0.313124 0.737351 0.598554
vn 0.715331 0.194496 0.671172
vn 0.809233 -0.521099 -0.271288
vn 0.491730 -0.194582 -0.848728
vn 0.330496 0.440611 -0.834646
vn -0.278000 -0.871355 0.404298
vn -0.606064 -0.217436 0.765119
vn -0.692463 0.704725 -0.154458
vn -0.366521 0.657753 -0.658045
vn -0.623220 0.164248 -0.764604
vn 0.704577 -0.580562 0.408068
vn 0.206009 -0.857849 0.470802
vn -0.614044 -0.775808 -0.145163
vn -0.477455 -0.540038 -0.693106
vn -0.042618 -0.374083 -0.926416
vn -0.061294 0.695968 -0.715452
vn -0.181561 0.676853 -0.713377
vn -0.688412 0.656833 0.307668
vn -0.556973 0.522697 0.645422
vn -0.134716 0.727783 0.672446
vn -0.042618 -0.374083 -0.926416
vn -0.477455 -0.540038 -0.693106
vn -0.623220 0.164248 -0.764604
vn -0.389416 -0.918320 0.071016
vn -0.134716 0.727783 0.672446
vn -0.556973 0.522697 0.645422
vn -0.606064 -0.217436 0.765119
vn -0.692463 0.704725 -0.154458
vn -0.278000 -0.871355 0.404298
vn 0.491730 -0.194582 -0.848728
vn -0.366521 0.657753 -0.658045
vn 0.313124 0.737351 0.598554
vn 0.714634 -0.687739 0.127729
vn -0.688412 0.656833 0.307668
vn 0.491730 -0.194582 -0.848728
vn 0.313124 0.737351 0.598554
vn 0.704577 -0.580562 0.408068
vn 0.189857 0.948184 -0.254758
vn 0.841256 0.406871 -0.356011
vn -0.556973 0.522697 0.645422
vn -0.477455 -0.540038 -0.693106
vn -0.366521 0.657753 -0.658045
vn -0.278000 -0.871355 0.404298
vn 0.307359 0.948650 -0.074789
vn 0.416797 0.896743 0.148767
vn 0.964912 0.261574 0.022888
vn 0.873207 0.456405 -0.170892
vn -0.577982 -0.805594 -0.130212
vn -0.405479 -0.913728 0.026216
vn -0.943131 -0.173995 0.283248
vn -0.979041 -0.200164 -0.037592
vn 0.150355 0.850833 -0.503464
vn 0.524596 0.546662 -0.652655
vn -0.069289 0.297292 -0.952269
vn -0.140596 0.735127 -0.663191
vn 0.847841 -0.466879 -0.251376
vn 0.774244 -0.629396 -0.066393
vn 0.206640 -0.976127 -0.066908
vn 0.117324 -0.960484 -0.252398
vn 0.788080 -0.572997 0.224954
vn 0.823478 0.221641 0.522263
vn 0.060067 -0.025277 0.997874
vn 0.206153 -0.871102 0.445738
vn 0.416797 0.896743 0.148767
vn 0.307359 0.948650 -0.074789
vn -0.209876 0.975176 -0.070597
vn -0.210295 0.948200 0.238101
vn 0.428985 0.797533 0.424161
vn 0.823478 0.221641 0.522263
vn 0.847841 -0.466879 -0.251376
vn 0.634748 -0.151093 -0.757803
vn 0.524596 0.546662 -0.652655
vn -0.390504 -0.851172 0.350732
vn -0.721462 -0.130614 0.680024
vn -0.770639 0.637152 0.012359
vn -0.551324 0.647817 -0.525714
vn -0.695659 0.042138 -0.717136
vn 0.788080 -0.572997 0.224954
vn 0.206153 -0.871102 0.445738
vn -0.577982 -0.805594 -0.130212
vn -0.474993 -0.602599 -0.641293
vn 0.052723 -0.432806 -0.899944
vn 0.150355 0.850833 -0.503464
vn -0.140596 0.735127 -0.663191
vn -0.681645 0.656573 0.322912
vn -0.611782 0.580527 0.537319
vn -0.128736 0.775943 0.617527
vn 0.052723 -0.432806 -0.899944
vn -0.474993 -0.602599 -0.641293
vn -0.695659 0.042138 -0.717136
vn -0.405479 -0.913728 0.026216
vn -0.128736 0.775943 0.617527
vn -0.611782 0.580527 0.537319
vn -0.721462 -0.130614 0.680024
vn -0.770639 0.637152 0.012359
vn -0.390504 -0.851172 0.350732
vn 0.634748 -0.151093 -0.757803
vn -0.551324 0.647817 -0.525714
vn 0.428985 0.797533 0.424161
vn 0.774244 -0.629396 -0.066393
vn -0.681645 0.656573 0.322912
vn 0.634748 -0.151093 -0.757803
vn 0.428985 0.797533 0.424161
vn 0.788080 -0.572997 0.224954
vn 0.150355 0.850833 -0.503464
vn -0.611782 0.580527 0.537319
vn -0.474993 -0.602599 -0.641293
vn -0.551324 0.647817 -0.525714
vn -0.390504 -0.851172 0.350732
vn 0.307359 0.948650 -0.074789
vn 0.416798 0.896743 0.148767
vn 0.964912 0.261574 0.022888
vn 0.873207 0.456405 -0.170892
vn -0.577982 -0.805594 -0.130211
vn -0.405481 -0.913728 0.026217
vn -0.943131 -0.173995 0.283248
vn -0.979041 -0.200164 -0.037593
vn 0.150359 0.850832 -0.503465
vn 0.524597 0.546662 -0.652655
vn -0.069288 0.297290 -0.952270
vn -0.140595 0.735127 -0.663190
vn 0.847841 -0.466879 -0.251376
vn 0.774244 -0.629395 -0.066392
vn 0.206639 -0.976127 -0.066908
vn 0.117323 -0.960484 -0.252399
vn 0.788080 -0.572998 0.224954
vn 0.823478 0.221641 0.522264
vn 0.060067 -0.025278 0.997874
vn 0.206152 -0.871102 0.445738
vn 0.416798 0.896743 0.148767
vn 0.307359 0.948650 -0.074789
vn -0.209876 0.975176 -0.070597
vn -0.210296 0.948200 0.238101
vn 0.428985 0.797533 0.424162
vn 0.823478 0.221641 0.522264
vn 0.847841 -0.466879 -0.251376
vn 0.634748 -0.151093 -0.757803
vn 0.524597 0.546662 -0.652655
vn -0.390505 -0.851172 0.350732
vn -0.721462 -0.130614 0.680024
vn -0.770638 0.637153 0.012359
vn -0.551325 0.647816 -0.525715
vn -0.695658 0.042137 -0.717136
vn 0.788080 -0.572998 0.224954
vn 0.206152 -0.871102 0.445738
vn -0.577982 -0.805594 -0.130211
vn -0.474992 -0.602599 -0.641293
vn 0.052724 -0.432807 -0.899943
vn 0.150359 0.850832 -0.503465
vn -0.140595 0.735127 -0.663190
vn -0.681645 0.656573 0.322912
vn -0.611782 0.580526 0.537319
vn -0.128736 0.775943 0.617528
vn 0.052724 -0.432807 -0.899943
vn -0.474992 -0.602599 -0.641293
vn -0.695658 0.042137 -0.717136
vn -0.405481 -0.913728 0.026217
vn -0.128736 0.775943 0.617528
vn -0.611782 0.580526 0.537319
vn -0.721462 -0.130614 0.680024
vn -0.770638 0.637153 0.012359
vn -0.390505 -0.851172 0.350732
vn 0.634748 -0.151093 -0.757803
vn -0.551325 0.647816 -0.525715
vn 0.428985 0.797533 0.424162
vn 0.774244 -0.629395 -0.066392
vn -0.681645 0.656573 0.322912
vn 0.634748 -0.151093 -0.757803
vn 0.428985 0.797533 0.424162
vn 0.788080 -0.572998 0.224954
vn 0.150359 0.850832 -0.503465
vn -0.611782 0.580526 0.537319
vn -0.474992 -0.602599 -0.641293
vn -0.551325 0.647816 -0.525715
vn -0.390505 -0.851172 0.350732
vn -0.869471 -0.482244 -0.107054
vn -0.896007 -0.435867 0.084797
vn -0.911029 0.401628 0.093384
vn -0.932244 0.338267 -0.128441
vn 0.961241 0.274742 0.023091
vn 0.889074 0.421990 0.177402
vn 0.819568 -0.477645 0.316488
vn 0.871513 -0.486376 0.062476
vn -0.660207 -0.569649 -0.489517
vn -0.630417 0.153909 -0.760846
vn -0.069651 -0.342962 -0.936763
vn -0.370468 -0.773776 -0.513833
vn -0.264247 0.956511 -0.123530
vn -0.179940 0.979113 0.094657
vn 0.499091 0.861075 0.097251
vn 0.557462 0.827050 -0.072276
vn -0.287425 0.892554 0.347467
vn -0.854426 0.196212 0.481100
vn -0.182861 -0.058505 0.981397
vn 0.357924 0.735769 0.574922
vn -0.896007 -0.435867 0.084797
vn -0.869471 -0.482244 -0.107054
vn -0.480151 -0.865346 -0.143637
vn -0.464631 -0.879370 0.104050
vn -0.838274 -0.406540 0.363348
vn -0.854426 0.196212 0.481100
vn -0.264247 0.956511 -0.123530
vn -0.131094 0.750223 -0.648058
vn -0.630417 0.153909 -0.760846
vn 0.766890 0.331081 0.549786
vn 0.500463 -0.443130 0.743756
vn 0.111767 -0.993642 0.013554
vn -0.013109 -0.871080 -0.490967
vn 0.613955 -0.435087 -0.658603
vn -0.287425 0.892554 0.347467
vn 0.357924 0.735769 0.574922
vn 0.961241 0.274742 0.023091
vn 0.838012 0.269663 -0.474361
vn 0.371755 0.451437 -0.811174
vn -0.660207 -0.569649 -0.489517
vn -0.370468 -0.773776 -0.513833
vn 0.102528 -0.966779 0.234152
vn 0.014112 -0.872887 0.487718
vn -0.489246 -0.720858 0.490919
vn 0.371755 0.451437 -0.811174
vn 0.838012 0.269663 -0.474361
vn 0.613955 -0.435087 -0.658603
vn 0.889074 0.421990 0.177402
vn -0.489246 -0.720858 0.490919
vn 0.014112 -0.872887 0.487718
vn 0.500463 -0.443130 0.743756
vn 0.111767 -0.993642 0.013554
vn 0.766890 0.331081 0.549786
vn -0.131094 0.750223 -0.648058
vn -0.013109 -0.871080 -0.490967
vn -0.838274 -0.406540 0.363348
vn -0.179940 0.979113 0.094657
vn 0.102528 -0.966779 0.234152
vn -0.131094 0.750223 -0.648058
vn -0.838274 -0.406540 0.363348
vn -0.287425 0.892554 0.347467
vn -0.660207 -0.569649 -0.489517
vn 0.014112 -0.872887 0.487718
vn 0.838012 0.269663 -0.474361
vn -0.013109 -0.871080 -0.490967
vn 0.766890 0.331081 0.549786
vn -0.280310 0.959124 0.038817
vn -0.209902 0.948636 0.236707
vn 0.607599 0.772817 0.183240
vn 0.541352 0.840321 -0.028245
vn 0.043152 -0.990807 -0.128220
vn 0.209247 -0.977566 0.024116
vn -0.642103 -0.728151 0.239789
vn -0.674076 -0.738416 -0.019074
vn -0.471360 0.778468 -0.414496
vn 0.215689 0.666068 -0.714025
vn -0.442952 0.355214 -0.823175
vn -0.678131 0.595439 -0.430802
vn 0.985312 0.055626 -0.161450
vn 0.997189 -0.061691 0.042525
vn 0.723556 -0.689294 -0.036614
vn 0.668334 -0.712047 -0.215219
vn 0.949345 0.023990 0.313317
vn 0.411764 0.707383 0.574508
vn 0.028865 0.044277 0.998602
vn 0.655789 -0.595658 0.463824
vn -0.209902 0.948636 0.236707
vn -0.280310 0.959124 0.038817
vn -0.735286 0.674385 -0.067521
vn -0.740767 0.630560 0.231643
vn -0.182544 0.845264 0.502202
vn 0.411764 0.707383 0.574508
vn 0.985312 0.055626 -0.161450
vn 0.717085 0.046409 -0.695439
vn 0.215689 0.666068 -0.714025
vn 0.165839 -0.894416 0.415352
vn -0.515164 -0.491796 0.701956
vn -0.990065 0.125037 0.064326
vn -0.820445 0.341543 -0.458495
vn -0.593042 -0.334001 -0.732629
vn 0.949345 0.023990 0.313317
vn 0.655789 -0.595658 0.463824
vn 0.043152 -0.990807 -0.128220
vn 0.041978 -0.782524 -0.621203
vn 0.236716 -0.277810 -0.931014
vn -0.471360 0.778468 -0.414496
vn -0.678131 0.595439 -0.430802
vn -0.952776 0.085097 0.291509
vn -0.829750 0.111349 0.546916
vn -0.564015 0.561263 0.605699
vn 0.236716 -0.277810 -0.931014
vn 0.041978 -0.782524 -0.621203
vn -0.593042 -0.334001 -0.732629
vn 0.209247 -0.977566 0.024116
vn -0.564015 0.561263 0.605699
vn -0.829750 0.111349 0.546916
vn -0.515164 -0.491796 0.701956
vn -0.990065 0.125037 0.064326
vn 0.165839 -0.894416 0.415352
vn 0.717085 0.046409 -0.695439
vn -0.820445 0.341543 -0.458495
vn -0.182544 0.845264 0.502202
vn 0.997189 -0.061691 0.042525
vn -0.952776 0.085097 0.291509
vn 0.717085 0.046409 -0.695439
vn -0.182544 0.845264 0.502202
vn 0.949345 0.023990 0.313317
vn -0.471360 0.778468 -0.414496
vn -0.829750 0.111349 0.546916
vn 0.041978 -0.782524 -0.621203
vn -0.820445 0.341543 -0.458495
vn 0.165839 -0.894416 0.415352
vn 0.522242 0.852786 0.004339
vn 0.394386 0.895918 -0.204426
vn -0.469603 0.873186 -0.130456
vn -0.369063 0.920233 0.130248
vn -0.479729 -0.872656 0.091278
vn -0.494582 -0.868070 -0.042938
vn 0.291295 -0.918522 -0.267327
vn 0.285334 -0.958257 -0.018113
vn 0.608828 0.711758 0.350326
vn -0.009101 0.753902 0.656924
vn 0.211478 0.072071 0.974722
vn 0.756854 0.363261 0.543335
vn -0.953165 0.216536 0.211161
vn -0.955666 0.294441 -0.002761
vn -0.913754 -0.402127 0.057855
vn -0.802239 -0.549223 0.234024
vn -0.899121 0.404622 -0.166922
vn -0.511779 0.767764 -0.385514
vn -0.185699 0.200004 -0.962037
vn -0.877262 -0.168433 -0.449490
vn 0.394386 0.895918 -0.204426
vn 0.522242 0.852786 0.004339
vn 0.898907 0.431694 -0.074884
vn 0.880553 0.428702 -0.202094
vn 0.026918 0.906241 -0.421904
vn -0.953165 0.216536 0.211161
vn -0.732724 0.263480 0.627450
vn -0.009101 0.753902 0.656924
vn -0.449485 -0.834611 -0.318414
vn 0.261898 -0.678248 -0.686578
vn 0.968117 -0.229059 -0.101399
vn 0.956965 -0.083608 0.277901
vn 0.472287 -0.664120 0.579560
vn -0.899121 0.404622 -0.166922
vn -0.877262 -0.168433 -0.449490
vn -0.479729 -0.872656 0.091278
vn -0.344777 -0.808960 0.476144
vn -0.537145 -0.296837 0.789533
vn 0.608828 0.711758 0.350326
vn 0.756854 0.363261 0.543335
vn 0.932628 -0.185531 -0.309490
vn 0.815854 -0.141730 -0.560620
vn 0.581771 0.499388 -0.641992
vn -0.537145 -0.296837 0.789533
vn -0.344777 -0.808960 0.476144
vn 0.472287 -0.664120 0.579560
vn -0.494582 -0.868070 -0.042938
vn 0.581771 0.499388 -0.641992
vn 0.815854 -0.141730 -0.560620
vn 0.261898 -0.678248 -0.686578
vn -0.185699 0.200004 -0.962037
vn 0.968117 -0.229059 -0.101399
vn -0.449485 -0.834611 -0.318414
vn -0.732724 0.263480 0.627450
vn 0.956965 -0.083608 0.277901
vn 0.026918 0.906241 -0.421904
vn -0.955666 0.294441 -0.002761
vn 0.932628 -0.185531 -0.309490
vn -0.732724 0.263480 0.627450
vn 0.581771 0.499388 -0.641992
vn 0.608828 0.711758 0.350326
vn 0.815854 -0.141730 -0.560620
vn -0.344777 -0.808960 0.476144
vn 0.956965 -0.083608 0.277901
vn -0.449485 -0.834611 -0.318414
vn -0.877262 -0.168433 -0.449490
vn -0.985688 -0.148425 0.079930
vn -0.961314 -0.207486 -0.181175
vn -0.440136 -0.864336 -0.243320
vn -0.508086 -0.859187 0.060396
vn 0.778111 0.623857 0.073108
vn 0.748315 0.643857 -0.159601
vn 0.386933 0.902293 -0.190133
vn 0.410088 0.908580 0.079433
vn -0.924222 0.072356 0.374937
vn -0.553109 -0.554172 0.622064
vn -0.277218 0.092045 0.956388
vn -0.797645 0.347290 0.493104
vn 0.868134 -0.492577 0.060924
vn 0.833109 -0.552628 -0.023057
vn 0.909506 -0.415436 -0.014535
vn 0.912160 -0.404150 0.068024
vn -0.107618 -0.892272 -0.438485
vn -0.349911 -0.793280 -0.498266
vn -0.100088 -0.128196 -0.986685
vn 0.431675 -0.412602 -0.802132
vn -0.961314 -0.207486 -0.181175
vn -0.985688 -0.148425 0.079930
vn -0.899607 0.415062 0.135761
vn -0.905920 0.411780 -0.098720
vn -0.740651 -0.500196 -0.448598
vn -0.032269 -0.997615 0.061025
vn -0.172753 -0.748403 0.640352
vn -0.553109 -0.554172 0.622064
vn 0.588093 0.575566 -0.568217
vn 0.271446 0.727297 -0.630361
vn -0.480340 0.872764 0.086931
vn -0.648895 0.640264 0.411093
vn 0.080942 0.724474 0.684533
vn 0.634249 -0.751036 -0.183499
vn 0.894335 -0.443865 -0.056113
vn 0.942996 -0.327773 0.057654
vn 0.931392 -0.356592 0.073145
vn 0.904678 -0.416171 0.091433
vn -0.485584 0.859505 -0.159562
vn -0.466265 0.777721 -0.421601
vn -0.799022 0.201629 -0.566489
vn 0.147972 -0.118998 0.981806
vn 0.465673 0.559036 0.686023
vn 0.080942 0.724474 0.684533
vn -0.277218 0.092045 0.956388
vn 0.956386 -0.291853 -0.012158
vn -0.799022 0.201629 -0.566489
vn -0.466265 0.777721 -0.421601
vn 0.271446 0.727297 -0.630361
vn -0.100088 -0.128196 -0.986685
vn -0.480340 0.872764 0.086931
vn 0.943147 -0.331935 -0.017110
vn 0.863690 -0.493519 0.102370
vn -0.648895 0.640264 0.411093
vn -0.740651 -0.500196 -0.448598
vn 0.017943 -0.972827 -0.230839
vn -0.485584 0.859505 -0.159562
vn -0.553109 -0.554172 0.622064
vn -0.172753 -0.748403 0.640352
vn -0.799022 0.201629 -0.566489
vn -0.924222 0.072356 0.374937
vn -0.466265 0.777721 -0.421601
vn 0.465673 0.559036 0.686023
vn 0.080942 0.724474 0.684533
vn 0.588093 0.575566 -0.568217
vn 0.431675 -0.412602 -0.802132
vn -0.832901 0.553082 0.019377
vn -0.814194 0.550257 0.185217
vn -0.088378 0.980863 0.173484
vn -0.084880 0.994926 -0.054012
vn 0.397993 -0.916552 -0.039169
vn 0.342083 -0.930251 0.132710
vn -0.070197 -0.980292 0.184661
vn -0.043816 -0.999036 0.002502
vn -0.419413 0.156101 -0.894274
vn -0.120288 0.155254 -0.980524
vn -0.050770 -0.042328 -0.997813
vn -0.349564 -0.033991 -0.936296
vn 0.987368 0.082828 -0.135069
vn 0.992936 0.105408 -0.054480
vn 0.998508 0.008601 -0.053932
vn 0.990089 0.005520 -0.140331
vn 0.265586 0.827672 0.494391
vn -0.198489 0.772479 0.603224
vn -0.123003 0.023242 0.992134
vn 0.494495 0.019611 0.868959
vn -0.814194 0.550257 0.185217
vn -0.832901 0.553082 0.019377
vn -0.999414 0.015281 0.030628
vn -0.980988 0.008368 0.193886
vn -0.801191 0.415331 0.430806
vn -0.198489 0.772479 0.603224
vn 0.400720 0.911957 -0.088083
vn 0.294887 0.924772 -0.240496
vn -0.092281 0.969341 -0.227732
vn 0.304146 -0.765730 0.566704
vn -0.165513 -0.718248 0.675815
vn -0.824813 -0.562368 0.058526
vn -0.824448 -0.565926 -0.003604
vn -0.044834 -0.994111 -0.098658
vn 0.994191 0.099274 -0.041591
vn 0.999252 0.011992 -0.036753
vn 0.990257 -0.067209 -0.121960
vn 0.990201 -0.017639 -0.138528
vn 0.983652 0.008250 -0.179894
vn -0.843325 0.531762 -0.077667
vn -0.999910 0.012383 -0.005137
vn -0.799152 -0.565576 0.203665
vn -0.796503 -0.385350 0.465928
vn -0.862389 0.015557 0.506007
vn 0.238702 -0.050205 -0.969794
vn 0.215369 -0.244894 -0.945327
vn -0.097659 -0.277483 -0.955754
vn 0.994959 -0.083444 -0.055619
vn -0.862389 0.015557 0.506007
vn -0.796503 -0.385350 0.465928
vn -0.165513 -0.718248 0.675815
vn -0.824813 -0.562368 0.058526
vn 0.996578 -0.074189 -0.036442
vn 0.981492 0.060299 -0.181763
vn -0.824448 -0.565926 -0.003604
vn -0.801191 0.415331 0.430806
vn 0.358958 0.925920 0.117562
vn -0.799152 -0.565576 0.203665
vn 0.182771 0.143272 -0.972660
vn -0.801191 0.415331 0.430806
vn 0.265586 0.827672 0.494391
vn -0.843325 0.531762 -0.077667
vn -0.796503 -0.385350 0.465928
vn 0.296860 -0.948056 -0.114300
vn -0.447171 -0.288357 -0.846693
vn 0.304146 -0.765730 0.566704
vn -0.860670 0.506630 0.050718
vn -0.830511 0.523881 0.189208
vn -0.109029 0.977252 0.181913
vn -0.147263 0.988968 0.016000
vn 0.484826 -0.864408 -0.133200
vn 0.444305 -0.891324 0.090195
vn -0.026523 -0.986974 0.158681
vn 0.059405 -0.992046 -0.110974
vn -0.505305 0.292680 -0.811792
vn -0.171916 0.340543 -0.924378
vn -0.147096 0.093824 -0.984662
vn -0.439170 0.070349 -0.895645
vn 0.986704 0.118676 -0.111047
vn 0.991727 0.114817 -0.057393
vn 0.998108 0.024649 -0.056330
vn 0.992529 0.030970 -0.118014
vn 0.300377 0.794103 0.528370
vn -0.188320 0.729286 0.657783
vn -0.090690 -0.069985 0.993417
vn 0.555878 -0.071829 0.828155
vn -0.830511 0.523881 0.189208
vn -0.860670 0.506630 0.050718
vn -0.999292 -0.025124 0.027995
vn -0.978369 -0.084529 0.188810
vn -0.794340 0.388354 0.467125
vn -0.188320 0.729286 0.657783
vn 0.329208 0.943923 -0.025146
vn 0.233814 0.968271 -0.088223
vn -0.164567 0.983694 -0.072550
vn 0.323413 -0.785063 0.528280
vn -0.111330 -0.773782 0.623592
vn -0.781719 -0.623583 -0.007744
vn -0.803686 -0.585524 -0.106068
vn 0.032891 -0.970213 -0.240011
vn 0.993040 0.111386 -0.038272
vn 0.998834 0.029655 -0.038090
vn 0.992210 -0.046781 -0.115459
vn 0.990731 -0.020036 -0.134356
vn 0.987675 0.046326 -0.149504
vn -0.876104 0.482120 0.001555
vn -0.999981 0.000844 -0.006200
vn -0.786619 -0.587623 0.189550
vn -0.766513 -0.462116 0.445990
vn -0.859365 -0.057668 0.508100
vn 0.163010 0.103979 -0.981130
vn 0.206800 -0.168914 -0.963692
vn -0.120669 -0.172842 -0.977530
vn 0.996158 -0.063730 -0.060071
vn -0.859365 -0.057668 0.508100
vn -0.766513 -0.462116 0.445990
vn -0.111330 -0.773782 0.623592
vn -0.781719 -0.623583 -0.007744
vn 0.997492 -0.057508 -0.041269
vn 0.978683 0.134219 -0.155448
vn -0.803686 -0.585524 -0.106068
vn -0.794340 0.388354 0.467125
vn 0.333048 0.933003 0.136322
vn -0.786619 -0.587623 0.189550
vn 0.164049 0.356080 -0.919943
vn -0.794340 0.388354 0.467125
vn 0.300377 0.794103 0.528370
vn -0.876104 0.482120 0.001555
vn -0.766513 -0.462116 0.445990
vn 0.331510 -0.917891 -0.218123
vn -0.412796 -0.164538 -0.895839
vn 0.323413 -0.785063 0.528280
vn 0.455311 -0.889163 0.045607
vn 0.459750 -0.879568 -0.122431
vn 0.977852 -0.200797 -0.059041
vn 0.965454 -0.214482 0.147975
vn -0.431255 0.896429 0.102146
vn -0.405142 0.913132 -0.045268
vn -0.957581 0.199581 -0.207862
vn -0.976161 0.215026 -0.029546
vn 0.343988 -0.890776 0.296969
vn 0.656920 -0.329049 0.678368
vn -0.136669 -0.287182 0.948076
vn -0.193064 -0.897029 0.397575
vn 0.709589 0.672858 0.209153
vn 0.753824 0.656725 0.021486
vn 0.195930 0.978636 0.062309
vn 0.151648 0.968208 0.198937
vn 0.789780 0.585601 -0.182538
vn 0.815581 -0.288470 -0.501611
vn 0.090049 -0.033755 -0.995365
vn 0.196878 0.868952 -0.454050
vn 0.459750 -0.879568 -0.122431
vn 0.455311 -0.889163 0.045607
vn -0.166247 -0.985189 -0.042004
vn -0.256700 -0.949674 -0.179513
vn 0.350327 -0.856750 -0.378485
vn 0.815581 -0.288470 -0.501611
vn 0.709589 0.672858 0.209153
vn 0.507470 0.634101 0.583430
vn 0.656920 -0.329049 0.678368
vn -0.454596 0.829717 -0.323903
vn -0.741731 0.069856 -0.667050
vn -0.754304 -0.650235 -0.090665
vn -0.707391 -0.672390 0.217920
vn -0.831017 0.008735 0.556178
vn 0.789780 0.585601 -0.182538
vn 0.196878 0.868952 -0.454050
vn -0.431255 0.896429 0.102146
vn -0.363890 0.798463 0.479625
vn 0.068723 0.604343 0.793755
vn 0.343988 -0.890776 0.296969
vn -0.193064 -0.897029 0.397575
vn -0.761671 -0.609582 -0.219697
vn -0.609244 -0.641293 -0.466438
vn -0.145072 -0.856023 -0.496164
vn 0.068723 0.604343 0.793755
vn -0.363890 0.798463 0.479625
vn -0.831017 0.008735 0.556178
vn -0.405142 0.913132 -0.045268
vn -0.145072 -0.856023 -0.496164
vn -0.609244 -0.641293 -0.466438
vn -0.741731 0.069856 -0.667050
vn -0.754304 -0.650235 -0.090665
vn -0.454596 0.829717 -0.323903
vn 0.507470 0.634101 0.583430
vn -0.707391 -0.672390 0.217920
vn 0.350327 -0.856750 -0.378485
vn 0.753824 0.656725 0.021486
vn -0.761671 -0.609582 -0.219697
vn 0.507470 0.634101 0.583430
vn 0.350327 -0.856750 -0.378485
vn 0.789780 0.585601 -0.182538
vn 0.343988 -0.890776 0.296969
vn -0.609244 -0.641293 -0.466438
vn -0.363890 0.798463 0.479625
vn -0.707391 -0.672390 0.217920
vn -0.454596 0.829717 -0.323903
vn -0.869591 -0.486626 -0.083703
vn -0.837563 -0.518471 -0.172270
vn -0.199318 -0.975395 -0.094222
vn -0.245811 -0.969317 -0.001048
vn 0.482617 0.869169 0.107828
vn 0.475419 0.878889 -0.039124
vn 0.115432 0.986673 -0.114686
vn 0.159506 0.985480 0.058207
vn -0.894634 -0.421373 0.148575
vn -0.396838 -0.753892 0.523610
vn -0.391772 0.000610 0.920062
vn -0.933560 0.104281 0.342917
vn 0.953400 -0.197851 0.227780
vn 0.959059 -0.258648 0.115358
vn 0.983808 -0.140045 0.111841
vn 0.955949 -0.145214 0.255098
vn 0.186288 -0.940733 -0.283406
vn -0.262268 -0.818510 -0.511133
vn 0.011608 0.014515 -0.999827
vn 0.752020 -0.057168 -0.656657
vn -0.837563 -0.518471 -0.172270
vn -0.869591 -0.486626 -0.083703
vn -0.986228 0.136419 -0.093512
vn -0.953982 0.204685 -0.219139
vn -0.824325 -0.424617 -0.374418
vn -0.262268 -0.818510 -0.511133
vn 0.118224 -0.991358 0.056861
vn -0.054766 -0.821496 0.567579
vn -0.396838 -0.753892 0.523610
vn 0.450716 0.823173 -0.345312
vn 0.034509 0.840181 -0.541208
vn -0.656158 0.751845 -0.064697
vn -0.715209 0.655429 0.242671
vn -0.099961 0.759292 0.643027
vn 0.962112 -0.256091 0.093581
vn 0.985014 -0.145942 0.091910
vn 0.968332 -0.090461 0.232702
vn 0.899658 -0.402455 0.169250
vn 0.957010 -0.139707 0.254192
vn -0.894634 -0.421373 0.148575
vn -0.933560 0.104281 0.342917
vn -0.622887 0.758251 -0.192527
vn -0.661933 0.639037 -0.391761
vn -0.853330 0.134835 -0.503635
vn 0.113736 -0.110630 0.987332
vn 0.281622 0.709662 0.645808
vn -0.099961 0.759292 0.643027
vn 0.993463 -0.020947 0.112215
vn -0.853330 0.134835 -0.503635
vn -0.661933 0.639037 -0.391761
vn 0.034509 0.840181 -0.541208
vn -0.656158 0.751845 -0.064697
vn 0.995369 -0.031248 0.090910
vn 0.973007 0.158955 0.167307
vn -0.715209 0.655429 0.242671
vn -0.824325 -0.424617 -0.374418
vn 0.141741 -0.988968 -0.043024
vn -0.622887 0.758251 -0.192527
vn -0.054766 -0.821496 0.567579
vn -0.824325 -0.424617 -0.374418
vn 0.186288 -0.940733 -0.283406
vn -0.894634 -0.421373 0.148575
vn -0.661933 0.639037 -0.391761
vn 0.281622 0.709662 0.645808
vn -0.715209 0.655429 0.242671
vn 0.450716 0.823173 -0.345312
vt 0.661619 0.860125
vt 0.657142 0.868077
vt 0.662971 0.871764
vt 0.666738 0.861809
vt 0.669055 0.855975
vt 0.662432 0.856078
vt 0.667790 0.849094
vt 0.661918 0.850965
vt 0.658757 0.835657
vt 0.654915 0.841655
vt 0.637277 0.820333
vt 0.635334 0.828959
vt 0.610631 0.809811
vt 0.609899 0.820120
vt 0.585767 0.818128
vt 0.588100 0.827539
vt 0.570406 0.846338
vt 0.581320 0.850882
vt 0.573492 0.863984
vt 0.585235 0.859499
vt 0.583078 0.873499
vt 0.592630 0.867557
vt 0.604913 0.880024
vt 0.600007 0.888545
vt 0.621525 0.892300
vt 0.621329 0.885397
vt 0.639132 0.888228
vt 0.635975 0.882128
vt 0.671677 0.847361
vt 0.674420 0.856243
vt 0.679707 0.856450
vt 0.677367 0.847091
vt 0.672035 0.865099
vt 0.680850 0.866325
vt 0.686008 0.867428
vt 0.685330 0.879874
vt 0.688166 0.879188
vt 0.687286 0.889785
vt 0.681825 0.881304
vt 0.677980 0.887797
vt 0.683800 0.895301
vt 0.670447 0.901539
vt 0.675812 0.905826
vt 0.662621 0.918548
vt 0.666358 0.920729
vt 0.661246 0.933499
vt 0.663977 0.934479
vt 0.669774 0.945099
vt 0.666537 0.946606
vt 0.677576 0.951048
vt 0.679480 0.947614
vt 0.690239 0.949378
vt 0.690146 0.945904
vt 0.656241 0.930744
vt 0.660894 0.951523
vt 0.674110 0.827610
vt 0.661711 0.826635
vt 0.689025 0.887324
vt 0.668222 0.876634
vt 0.659516 0.893337
vt 0.656079 0.914988
vt 0.676624 0.957427
vt 0.690529 0.957073
vt 0.684786 0.856588
vt 0.683815 0.846505
vt 0.681336 0.826215
vt 0.690813 0.885967
vt 0.647542 0.876169
vt 0.653872 0.882632
vt 0.635728 0.810307
vt 0.607805 0.798039
vt 0.582163 0.810509
vt 0.560634 0.842118
vt 0.558211 0.869501
vt 0.574516 0.881346
vt 0.594505 0.894049
vt 0.621667 0.900289
vt 0.642043 0.896407
vt 0.644309 0.911858
vt 0.629887 0.911924
vt 0.606258 0.905289
vt 0.606874 0.913629
vt 0.567320 0.890329
vt 0.587778 0.899015
vt 0.550386 0.881042
vt 0.581026 0.909392
vt 0.560558 0.900982
vt 0.539189 0.890389
vt 0.570527 0.919821
vt 0.591484 0.926914
vt 0.549682 0.910646
vt 0.528098 0.897837
vt 0.557922 0.927971
vt 0.571841 0.945490
vt 0.530373 0.921704
vt 0.515426 0.905830
vt 0.646045 0.926091
vt 0.635626 0.924648
vt 0.623555 0.928914
vt 0.649661 0.948784
vt 0.641529 0.947927
vt 0.630827 0.950618
vt 0.494011 0.912888
vt 0.497981 0.923037
vt 0.467008 0.919077
vt 0.467671 0.928299
vt 0.607585 0.939898
vt 0.613180 0.959967
vt 0.663717 0.969828
vt 0.678629 0.970448
vt 0.691431 0.970372
vt 0.653705 0.968999
vt 0.645349 0.967886
vt 0.634228 0.970595
vt 0.616469 0.975928
vt 0.664415 0.976613
vt 0.670100 0.978047
vt 0.669884 0.974921
vt 0.679042 0.976335
vt 0.683619 0.977839
vt 0.684038 0.975474
vt 0.652482 0.977053
vt 0.656654 0.978505
vt 0.657127 0.975218
vt 0.646836 0.980407
vt 0.638845 0.983411
vt 0.594973 0.983723
vt 0.601657 0.992772
vt 0.615152 0.989711
vt 0.657975 0.584565
vt 0.657975 0.584565
vt 0.657975 0.584565
vt 0.657975 0.584565
vt 0.657975 0.584565
vt 0.657975 0.584565
vt 0.657975 0.584565
vt 0.657975 0.584565
vt 0.657975 0.584565
vt 0.020508 0.948693
vt 0.033003 0.944731
vt 0.027562 0.937168
vt 0.014244 0.941581
vt 0.043019 0.944652
vt 0.040956 0.935244
vt 0.501109 0.927762
vt 0.545904 0.940145
vt 0.676790 0.091934
vt 0.676790 0.091934
vt 0.676790 0.091934
vt 0.676790 0.091934
vt 0.468472 0.931736
vt 0.676790 0.091934
vt 0.676790 0.091934
vt 0.676790 0.091934
vt 0.676790 0.091934
vt 0.134277 0.942415
vt 0.111417 0.950103
vt 0.115082 0.959892
vt 0.143004 0.951382
vt 0.083593 0.953574
vt 0.060986 0.950461
vt 0.035441 0.966872
vt 0.082137 0.965110
vt 0.049986 0.947064
vt 0.052409 0.939032
vt 0.065762 0.945484
vt 0.586759 0.956711
vt 0.591776 0.972959
vt 0.624472 0.987500
vt 0.623657 0.980977
vt 0.361433 0.869067
vt 0.368031 0.862729
vt 0.362612 0.848153
vt 0.352812 0.853943
vt 0.354795 0.883308
vt 0.331610 0.861126
vt 0.322519 0.835784
vt 0.340367 0.830561
vt 0.341445 0.813270
vt 0.325609 0.799662
vt 0.371283 0.842244
vt 0.366319 0.821613
vt 0.354398 0.829025
vt 0.347116 0.837014
vt 0.360957 0.792211
vt 0.375127 0.817462
vt 0.378935 0.788149
vt 0.452120 0.707901
vt 0.480314 0.691940
vt 0.456722 0.683444
vt 0.436886 0.700424
vt 0.424002 0.726677
vt 0.412418 0.716915
vt 0.400669 0.751086
vt 0.382376 0.745821
vt 0.485533 0.678032
vt 0.488464 0.669074
vt 0.471516 0.655721
vt 0.465194 0.669052
vt 0.418233 0.687705
vt 0.432031 0.671868
vt 0.410111 0.656593
vt 0.400350 0.672828
vt 0.401414 0.703452
vt 0.387283 0.687598
vt 0.375605 0.717819
vt 0.365999 0.696537
vt 0.442368 0.656037
vt 0.452914 0.640642
vt 0.429739 0.623664
vt 0.419290 0.640219
vt 0.375341 0.655259
vt 0.382451 0.638869
vt 0.328456 0.614717
vt 0.325747 0.632081
vt 0.366089 0.670134
vt 0.323457 0.649680
vt 0.355835 0.678997
vt 0.323690 0.668090
vt 0.389296 0.622006
vt 0.397533 0.604382
vt 0.336269 0.578919
vt 0.331630 0.597398
vt 0.277951 0.604543
vt 0.278297 0.622051
vt 0.278697 0.640350
vt 0.279874 0.660129
vt 0.279228 0.568480
vt 0.278115 0.587366
vt 0.234173 0.620873
vt 0.231129 0.604129
vt 0.177323 0.617917
vt 0.186842 0.630188
vt 0.236860 0.638454
vt 0.190687 0.649116
vt 0.239076 0.658263
vt 0.197123 0.667016
vt 0.228074 0.587439
vt 0.225182 0.568981
vt 0.163486 0.586386
vt 0.170998 0.603312
vt 0.116749 0.657574
vt 0.126318 0.669558
vt 0.136866 0.682041
vt 0.147691 0.694819
vt 0.093160 0.631266
vt 0.105557 0.645028
vt 0.076433 0.715264
vt 0.089901 0.725100
vt 0.104078 0.734828
vt 0.118802 0.743780
vt 0.046456 0.695981
vt 0.062634 0.705648
vt 0.057879 0.771626
vt 0.074086 0.779505
vt 0.091012 0.786911
vt 0.107525 0.791742
vt 0.023352 0.757306
vt 0.041547 0.763932
vt 0.050363 0.821715
vt 0.068593 0.827092
vt 0.088137 0.831955
vt 0.111804 0.838455
vt 0.013557 0.811068
vt 0.032677 0.815969
vt 0.375393 0.856334
vt 0.379829 0.886505
vt 0.378564 0.867917
vt 0.278956 0.801676
vt 0.278567 0.834719
vt 0.329871 0.764555
vt 0.332697 0.726258
vt 0.283239 0.726278
vt 0.280309 0.766569
vt 0.238674 0.766355
vt 0.241080 0.724366
vt 0.202541 0.722891
vt 0.198042 0.763042
vt 0.170647 0.725324
vt 0.160429 0.758196
vt 0.159256 0.710370
vt 0.137235 0.752191
vt 0.201734 0.694094
vt 0.240990 0.689944
vt 0.330372 0.695760
vt 0.282534 0.690972
vt 0.351037 0.810362
vt 0.950776 0.886721
vt 0.964665 0.873473
vt 0.952114 0.864887
vt 0.940876 0.873689
vt 0.972558 0.863309
vt 0.958664 0.856248
vt 0.978682 0.852715
vt 0.962619 0.845179
vt 0.980758 0.835456
vt 0.964042 0.830080
vt 0.972652 0.807157
vt 0.958526 0.808159
vt 0.952012 0.781142
vt 0.939612 0.788237
vt 0.920814 0.775521
vt 0.913818 0.787297
vt 0.885292 0.792121
vt 0.889369 0.809365
vt 0.868389 0.811491
vt 0.881053 0.823608
vt 0.857909 0.834094
vt 0.858374 0.863930
vt 0.872849 0.857209
vt 0.874269 0.836573
vt 0.877530 0.886008
vt 0.883662 0.877193
vt 0.903244 0.895663
vt 0.928276 0.894939
vt 0.923933 0.880972
vt 0.904283 0.883194
vt 0.924740 0.853773
vt 0.920812 0.858595
vt 0.930256 0.847710
vt 0.937458 0.840048
vt 0.935328 0.829356
vt 0.931744 0.817652
vt 0.919711 0.809059
vt 0.905870 0.813744
vt 0.896004 0.824070
vt 0.894327 0.829788
vt 0.889852 0.841976
vt 0.891560 0.834216
vt 0.893581 0.853855
vt 0.909531 0.858334
vt 0.900497 0.858463
vt 0.898883 0.839436
vt 0.906320 0.829056
vt 0.899432 0.827460
vt 0.894740 0.834525
vt 0.910316 0.846400
vt 0.918784 0.837614
vt 0.912299 0.831818
vt 0.902751 0.842060
vt 0.240262 0.808529
vt 0.195619 0.812158
vt 0.189476 0.839194
vt 0.153784 0.796283
vt 0.153194 0.831336
vt 0.128386 0.792638
vt 0.130454 0.826224
vt 0.237431 0.832489
vt 0.616796 0.585003
vt 0.611359 0.587572
vt 0.614901 0.592731
vt 0.618978 0.592799
vt 0.604855 0.594193
vt 0.612458 0.599770
vt 0.597980 0.608451
vt 0.606300 0.612349
vt 0.594806 0.629403
vt 0.603019 0.630456
vt 0.595749 0.646893
vt 0.599652 0.662138
vt 0.604889 0.655672
vt 0.603223 0.644486
vt 0.611013 0.670377
vt 0.613686 0.654325
vt 0.624812 0.671512
vt 0.623872 0.653213
vt 0.615725 0.617936
vt 0.620540 0.606175
vt 0.613955 0.633673
vt 0.615683 0.643729
vt 0.623232 0.620217
vt 0.622955 0.606368
vt 0.623693 0.633137
vt 0.623785 0.642951
vt 0.622487 0.592084
vt 0.439899 0.934341
vt 0.442699 0.921963
vt 0.428010 0.918810
vt 0.416292 0.937001
vt 0.441112 0.939515
vt 0.419651 0.946374
vt 0.676790 0.091934
vt 0.676790 0.091934
vt 0.165514 0.945876
vt 0.145376 0.936836
vt 0.416492 0.903656
vt 0.381831 0.933824
vt 0.397426 0.959240
vt 0.676790 0.091934
vt 0.676790 0.091934
vt 0.191570 0.944983
vt 0.146857 0.935106
vt 0.348165 0.917629
vt 0.355625 0.901134
vt 0.317503 0.907275
vt 0.317825 0.920007
vt 0.293153 0.894507
vt 0.345760 0.930163
vt 0.316955 0.928882
vt 0.325767 0.935018
vt 0.313991 0.935628
vt 0.325368 0.939078
vt 0.580484 0.282763
vt 0.591145 0.270660
vt 0.557606 0.255359
vt 0.552964 0.262780
vt 0.603749 0.242890
vt 0.561242 0.232833
vt 0.574723 0.291515
vt 0.549103 0.268387
vt 0.571376 0.297459
vt 0.545504 0.275292
vt 0.530436 0.247213
vt 0.529100 0.258184
vt 0.531851 0.233405
vt 0.528083 0.265063
vt 0.527162 0.271612
vt 0.284523 0.863370
vt 0.231646 0.860231
vt 0.146472 0.854542
vt 0.183392 0.862612
vt 0.231256 0.895500
vt 0.137579 0.877436
vt 0.178407 0.903801
vt 0.105036 0.860938
vt 0.613994 0.183918
vt 0.565244 0.180825
vt 0.621823 0.135956
vt 0.618249 0.095206
vt 0.599572 0.098124
vt 0.600370 0.118647
vt 0.595282 0.069047
vt 0.581769 0.067888
vt 0.584446 0.093491
vt 0.564202 0.135697
vt 0.534342 0.179085
vt 0.554680 0.099485
vt 0.534871 0.099150
vt 0.534593 0.135585
vt 0.553628 0.064631
vt 0.535438 0.063442
vt 0.568220 0.066237
vt 0.571519 0.097852
vt 0.608964 0.070305
vt 0.026988 0.852626
vt 0.043933 0.856621
vt 0.082933 0.861805
vt 0.062245 0.859991
vt 0.577334 0.119103
vt 0.379580 0.160457
vt 0.383834 0.155496
vt 0.373464 0.157470
vt 0.371745 0.162692
vt 0.387454 0.149183
vt 0.374647 0.148751
vt 0.390891 0.139786
vt 0.375245 0.137897
vt 0.396077 0.123533
vt 0.398529 0.102124
vt 0.379395 0.104624
vt 0.378066 0.122834
vt 0.400660 0.078018
vt 0.377652 0.075547
vt 0.372356 0.174745
vt 0.376437 0.173086
vt 0.376355 0.169685
vt 0.371669 0.167905
vt 0.387288 0.170073
vt 0.389881 0.165545
vt 0.387578 0.163632
vt 0.381772 0.163742
vt 0.397824 0.161558
vt 0.398894 0.153996
vt 0.393486 0.151036
vt 0.389165 0.157632
vt 0.405274 0.146482
vt 0.397749 0.141135
vt 0.406338 0.137786
vt 0.403024 0.135926
vt 0.414186 0.121363
vt 0.413625 0.106933
vt 0.406468 0.101801
vt 0.403762 0.124719
vt 0.416404 0.094120
vt 0.409964 0.092902
vt 0.411525 0.069590
vt 0.377845 0.066116
vt 0.360593 0.061228
vt 0.360391 0.072256
vt 0.675523 0.977592
vt 0.670397 0.980294
vt 0.675599 0.980268
vt 0.659972 0.978248
vt 0.657199 0.980842
vt 0.660118 0.980842
vt 0.647961 0.985185
vt 0.653505 0.981874
vt 0.640185 0.989752
vt 0.631127 0.985109
vt 0.625423 0.990700
vt 0.632146 0.989193
vt 0.602409 0.996830
vt 0.616384 0.996348
vt 0.337452 0.940896
vt 0.325044 0.943354
vt 0.337133 0.945584
vt 0.406095 0.080992
vt 0.414965 0.074870
vt 0.358737 0.163863
vt 0.358661 0.168140
vt 0.687324 0.977242
vt 0.683715 0.980179
vt 0.687771 0.979647
vt 0.358843 0.158029
vt 0.359005 0.148629
vt 0.359205 0.138053
vt 0.359840 0.103288
vt 0.359515 0.121077
vt 0.664949 0.981428
vt 0.679412 0.980805
vt 0.317297 0.941269
vt 0.350323 0.946878
vt 0.350144 0.942122
vt 0.691984 0.979600
vt 0.691849 0.975949
vt 0.687005 0.975068
vt 0.674396 0.974773
vt 0.335982 0.935537
vt 0.629281 0.978918
vt 0.659939 0.974603
vt 0.367653 0.174999
vt 0.366501 0.172701
vt 0.363037 0.175879
vt 0.362802 0.173121
vt 0.381598 0.170806
vt 0.379712 0.168442
vt 0.390070 0.161538
vt 0.393248 0.163511
vt 0.408514 0.130653
vt 0.405285 0.130792
vt 0.416226 0.082522
vt 0.409318 0.084709
vt 0.358541 0.171116
vt 0.610922 0.585303
vt 0.616421 0.582367
vt 0.604190 0.592145
vt 0.596409 0.607309
vt 0.592847 0.629204
vt 0.598204 0.664021
vt 0.593924 0.647764
vt 0.609457 0.673077
vt 0.622266 0.583942
vt 0.622177 0.580979
vt 0.008022 0.848984
vt 0.358327 0.176694
vt 0.624988 0.674689
vt 0.709251 0.855865
vt 0.704758 0.858666
vt 0.711329 0.867435
vt 0.716206 0.862746
vt 0.706836 0.852378
vt 0.700488 0.854200
vt 0.705421 0.848406
vt 0.699457 0.847639
vt 0.709404 0.838836
vt 0.705148 0.833163
vt 0.726320 0.824771
vt 0.723669 0.815644
vt 0.749594 0.814269
vt 0.748778 0.802495
vt 0.772458 0.818054
vt 0.775219 0.807787
vt 0.790209 0.837977
vt 0.798110 0.831659
vt 0.791137 0.848910
vt 0.801815 0.849639
vt 0.786049 0.857785
vt 0.794514 0.861326
vt 0.773685 0.869996
vt 0.756691 0.875664
vt 0.756660 0.883082
vt 0.778287 0.877991
vt 0.741034 0.874051
vt 0.738285 0.881013
vt 0.695764 0.845960
vt 0.690574 0.846236
vt 0.689949 0.855556
vt 0.695304 0.854831
vt 0.690755 0.864958
vt 0.700190 0.862092
vt 0.690849 0.878270
vt 0.693328 0.885306
vt 0.693940 0.889602
vt 0.699598 0.883967
vt 0.694755 0.878814
vt 0.700450 0.901203
vt 0.706747 0.896860
vt 0.709883 0.915682
vt 0.714615 0.913340
vt 0.713493 0.928702
vt 0.716738 0.928173
vt 0.710163 0.940453
vt 0.701269 0.945677
vt 0.703121 0.948756
vt 0.713023 0.942225
vt 0.722022 0.925276
vt 0.719298 0.947209
vt 0.701013 0.823973
vt 0.688765 0.826660
vt 0.692643 0.885251
vt 0.707142 0.872533
vt 0.717507 0.888130
vt 0.721516 0.909292
vt 0.704539 0.955443
vt 0.722596 0.876831
vt 0.727855 0.869226
vt 0.724009 0.804817
vt 0.750498 0.790782
vt 0.778073 0.799878
vt 0.807454 0.825637
vt 0.818683 0.853351
vt 0.803503 0.867700
vt 0.756293 0.890856
vt 0.783519 0.882547
vt 0.735300 0.889824
vt 0.733002 0.904882
vt 0.747311 0.902931
vt 0.769779 0.902188
vt 0.771327 0.894129
vt 0.789948 0.886596
vt 0.810823 0.876688
vt 0.828952 0.868879
vt 0.796140 0.897050
vt 0.816716 0.888848
vt 0.839116 0.883386
vt 0.784133 0.914347
vt 0.805669 0.908024
vt 0.826584 0.901551
vt 0.849391 0.894417
vt 0.800951 0.933369
vt 0.817105 0.917945
vt 0.844109 0.917630
vt 0.861249 0.904829
vt 0.731467 0.919424
vt 0.741238 0.916626
vt 0.752607 0.919382
vt 0.730061 0.943060
vt 0.737740 0.940959
vt 0.748476 0.942351
vt 0.875210 0.925811
vt 0.881392 0.916306
vt 0.903294 0.938408
vt 0.905765 0.929555
vt 0.766805 0.949454
vt 0.767986 0.928972
vt 0.704233 0.968986
vt 0.718975 0.966474
vt 0.728897 0.964320
vt 0.737143 0.961769
vt 0.748703 0.962735
vt 0.767134 0.965487
vt 0.713496 0.972426
vt 0.713674 0.975665
vt 0.719226 0.973738
vt 0.699290 0.974809
vt 0.699773 0.977214
vt 0.704339 0.975155
vt 0.726406 0.971378
vt 0.727438 0.974839
vt 0.731368 0.972285
vt 0.737919 0.974215
vt 0.746341 0.975875
vt 0.790096 0.968707
vt 0.771003 0.978622
vt 0.785328 0.979652
vt 0.678475 0.124906
vt 0.678475 0.124906
vt 0.678475 0.124906
vt 0.678475 0.124906
vt 0.678475 0.124906
vt 0.678475 0.124906
vt 0.678475 0.124906
vt 0.678475 0.124906
vt 0.678475 0.124906
vt 0.155791 0.980316
vt 0.150788 0.988071
vt 0.164507 0.990585
vt 0.168598 0.982454
vt 0.178014 0.990818
vt 0.178274 0.981106
vt 0.826238 0.933228
vt 0.871585 0.929284
vt 1.115084 0.564629
vt 1.115084 0.564629
vt 1.115084 0.564629
vt 1.115084 0.564629
vt 0.902230 0.941338
vt 1.115084 0.564629
vt 1.115084 0.564629
vt 1.115084 0.564629
vt 1.115084 0.564629
vt 0.270670 0.976029
vt 0.277380 0.966027
vt 0.248925 0.960843
vt 0.246644 0.970604
vt 0.218818 0.970252
vt 0.216118 0.958589
vt 0.169906 0.959854
vt 0.196184 0.974367
vt 0.185468 0.978074
vt 0.188945 0.985815
vt 0.201232 0.978331
vt 0.790278 0.957696
vt 0.789589 0.942413
vt 0.760937 0.971396
vt 0.761204 0.977608
vt 0.134517 0.485714
vt 0.143513 0.470828
vt 0.134051 0.464756
vt 0.128425 0.479179
vt 0.140641 0.500337
vt 0.164464 0.478617
vt 0.174354 0.453488
vt 0.172489 0.417238
vt 0.156166 0.430354
vt 0.156664 0.447715
vt 0.125806 0.458668
vt 0.142661 0.445752
vt 0.131032 0.437903
vt 0.149695 0.453983
vt 0.137337 0.408464
vt 0.119442 0.403761
vt 0.122464 0.433350
vt 0.049105 0.319919
vt 0.064622 0.313086
vt 0.045445 0.295188
vt 0.021402 0.302752
vt 0.076474 0.340025
vt 0.088486 0.330818
vt 0.099119 0.365782
vt 0.117678 0.361247
vt 0.016768 0.288616
vt 0.037525 0.280493
vt 0.031806 0.266938
vt 0.014244 0.279505
vt 0.083739 0.301199
vt 0.102362 0.287067
vt 0.093194 0.270372
vt 0.070627 0.284741
vt 0.100060 0.317748
vt 0.114971 0.302426
vt 0.125440 0.333326
vt 0.135875 0.312195
vt 0.060985 0.268516
vt 0.084718 0.253637
vt 0.075054 0.236636
vt 0.051144 0.252735
vt 0.128153 0.270442
vt 0.178515 0.249109
vt 0.176640 0.231584
vt 0.121731 0.253684
vt 0.136797 0.285694
vt 0.180109 0.266819
vt 0.146662 0.294945
vt 0.179198 0.285315
vt 0.115594 0.236496
vt 0.174249 0.214089
vt 0.170447 0.195352
vt 0.108062 0.218534
vt 0.226670 0.241109
vt 0.227650 0.223355
vt 0.225563 0.259503
vt 0.223575 0.279251
vt 0.228344 0.205912
vt 0.228254 0.186913
vt 0.270794 0.241794
vt 0.317719 0.253047
vt 0.327810 0.241340
vt 0.274515 0.225457
vt 0.267443 0.259176
vt 0.313153 0.271716
vt 0.264439 0.278889
vt 0.306060 0.289272
vt 0.278365 0.209194
vt 0.334921 0.227193
vt 0.343008 0.210798
vt 0.282263 0.190986
vt 0.376597 0.294530
vt 0.386592 0.282971
vt 0.365539 0.306653
vt 0.354178 0.319010
vt 0.396986 0.271311
vt 0.411453 0.257383
vt 0.411291 0.351081
vt 0.424826 0.341815
vt 0.396828 0.360308
vt 0.381550 0.368930
vt 0.438701 0.332628
vt 0.454974 0.323636
vt 0.424780 0.406249
vt 0.441215 0.398875
vt 0.407551 0.413128
vt 0.390846 0.417330
vt 0.457746 0.391746
vt 0.476157 0.385776
vt 0.428319 0.454234
vt 0.446832 0.449388
vt 0.408576 0.458440
vt 0.384713 0.463997
vt 0.464791 0.444180
vt 0.484082 0.439923
vt 0.121509 0.472602
vt 0.117589 0.483968
vt 0.115480 0.502444
vt 0.218462 0.453787
vt 0.219382 0.420883
vt 0.169439 0.381834
vt 0.219025 0.385414
vt 0.217620 0.345272
vt 0.168100 0.343473
vt 0.260785 0.386969
vt 0.301339 0.385378
vt 0.298390 0.344978
vt 0.259853 0.344979
vt 0.338742 0.382133
vt 0.329989 0.348762
vt 0.362449 0.376805
vt 0.342000 0.334134
vt 0.300433 0.316082
vt 0.261274 0.310510
vt 0.171585 0.312928
vt 0.219678 0.310005
vt 0.146658 0.427094
vt 0.466698 0.881672
vt 0.470683 0.865661
vt 0.457421 0.864529
vt 0.449234 0.877142
vt 0.446905 0.860581
vt 0.437353 0.872465
vt 0.436398 0.852451
vt 0.425629 0.866266
vt 0.426678 0.839542
vt 0.412509 0.850205
vt 0.420867 0.816027
vt 0.407674 0.817110
vt 0.430127 0.787750
vt 0.419618 0.781360
vt 0.453774 0.775956
vt 0.449602 0.763986
vt 0.482653 0.787843
vt 0.487952 0.771700
vt 0.494926 0.794601
vt 0.508565 0.783752
vt 0.525583 0.800715
vt 0.508728 0.802415
vt 0.520478 0.819971
vt 0.535905 0.826680
vt 0.521052 0.842085
vt 0.528110 0.852141
vt 0.509935 0.869257
vt 0.506714 0.856300
vt 0.488939 0.863466
vt 0.488663 0.878166
vt 0.480354 0.842322
vt 0.473889 0.840024
vt 0.465754 0.837942
vt 0.455453 0.835195
vt 0.451482 0.824660
vt 0.448775 0.812634
vt 0.455323 0.799946
vt 0.469710 0.797910
vt 0.481698 0.803589
vt 0.487022 0.807248
vt 0.491851 0.808229
vt 0.497707 0.813928
vt 0.501287 0.825287
vt 0.497424 0.832720
vt 0.489638 0.836711
vt 0.488586 0.816486
vt 0.489001 0.810859
vt 0.481716 0.807556
vt 0.476451 0.811118
vt 0.482017 0.826644
vt 0.486650 0.820123
vt 0.472835 0.815440
vt 0.469908 0.823130
vt 0.257959 0.429150
vt 0.301953 0.434564
vt 0.307289 0.461670
vt 0.343946 0.455136
vt 0.344399 0.420110
vt 0.366713 0.450875
vt 0.369960 0.417471
vt 0.260062 0.453133
vt 0.627786 0.584695
vt 0.626037 0.592603
vt 0.630100 0.592316
vt 0.633350 0.586968
vt 0.632952 0.599194
vt 0.640225 0.593201
vt 0.639787 0.611403
vt 0.647894 0.607041
vt 0.644284 0.629113
vt 0.652399 0.627657
vt 0.652653 0.645109
vt 0.645014 0.643123
vt 0.644157 0.654491
vt 0.649833 0.660633
vt 0.634840 0.653722
vt 0.638781 0.669570
vt 0.625334 0.606003
vt 0.630597 0.617544
vt 0.633290 0.633047
vt 0.632095 0.643326
vt 0.929759 0.949796
vt 0.953348 0.954748
vt 0.943275 0.936509
vt 0.928938 0.937986
vt 0.928037 0.954827
vt 0.949404 0.963743
vt 1.115084 0.564629
vt 1.115084 0.564629
vt 0.282515 0.980424
vt 0.299986 0.967684
vt 0.987969 0.952434
vt 0.954989 0.922014
vt 0.971656 0.977329
vt 1.115084 0.564629
vt 1.115084 0.564629
vt 0.285040 0.983201
vt 0.325223 0.963759
vt 0.147267 0.535308
vt 0.177596 0.537583
vt 0.177839 0.524831
vt 0.139798 0.518714
vt 0.202010 0.512511
vt 0.149711 0.547908
vt 0.178518 0.546463
vt 0.169735 0.552646
vt 0.170160 0.556707
vt 0.181519 0.553191
vt 0.471649 0.270053
vt 0.504748 0.259588
vt 0.501903 0.251208
vt 0.465424 0.256573
vt 0.502885 0.228696
vt 0.459904 0.230619
vt 0.475280 0.280925
vt 0.506625 0.264722
vt 0.478523 0.288633
vt 0.508145 0.271532
vt 0.211505 0.482014
vt 0.264493 0.480803
vt 0.312366 0.485220
vt 0.349704 0.478644
vt 0.263545 0.516002
vt 0.315910 0.526790
vt 0.357653 0.502130
vt 0.390543 0.486772
vt 0.504109 0.177495
vt 0.455700 0.176443
vt 0.447624 0.132000
vt 0.468024 0.114553
vt 0.468106 0.094192
vt 0.449080 0.091752
vt 0.472011 0.065144
vt 0.483375 0.089898
vt 0.486783 0.064380
vt 0.505036 0.132800
vt 0.514635 0.097751
vt 0.516954 0.063177
vt 0.501495 0.063632
vt 0.496984 0.095007
vt 0.457561 0.066552
vt 0.469241 0.480994
vt 0.452075 0.484436
vt 0.412637 0.488566
vt 0.433517 0.487397
vt 0.491351 0.115728
vt 0.338017 0.159802
vt 0.345729 0.162377
vt 0.344227 0.157030
vt 0.333956 0.154648
vt 0.343358 0.148276
vt 0.330574 0.148165
vt 0.343200 0.137334
vt 0.327479 0.138644
vt 0.322890 0.122211
vt 0.340938 0.122160
vt 0.340269 0.103910
vt 0.321219 0.100724
vt 0.343046 0.074890
vt 0.319960 0.076555
vt 0.344706 0.174737
vt 0.345664 0.167547
vt 0.340866 0.169203
vt 0.340604 0.172568
vt 0.329961 0.169144
vt 0.335709 0.162990
vt 0.329915 0.162641
vt 0.327545 0.164470
vt 0.319762 0.160154
vt 0.328559 0.156550
vt 0.324479 0.149797
vt 0.318963 0.152564
vt 0.320578 0.139744
vt 0.312865 0.144814
vt 0.315496 0.134348
vt 0.312117 0.136092
vt 0.304872 0.119382
vt 0.315167 0.123117
vt 0.313295 0.100113
vt 0.305948 0.104974
vt 0.310124 0.091091
vt 0.303646 0.092077
vt 0.309410 0.067741
vt 0.343212 0.065483
vt 0.708195 0.975885
vt 0.708440 0.978632
vt 0.713609 0.977980
vt 0.723950 0.975150
vt 0.724279 0.978141
vt 0.727586 0.977575
vt 0.731722 0.977329
vt 0.738002 0.978915
vt 0.746289 0.982169
vt 0.754164 0.976330
vt 0.754036 0.980434
vt 0.760844 0.980507
vt 0.770570 0.984794
vt 0.784764 0.984318
vt 0.158081 0.558593
vt 0.158430 0.563280
vt 0.170510 0.560982
vt 0.305776 0.072891
vt 0.314419 0.079330
vt 0.695926 0.977234
vt 0.695745 0.979807
vt 0.699869 0.979601
vt 0.719109 0.978892
vt 0.704373 0.979788
vt 0.178248 0.558857
vt 0.145456 0.559909
vt 0.145254 0.564650
vt 0.696127 0.974855
vt 0.708968 0.972867
vt 0.159519 0.553223
vt 0.754959 0.970129
vt 0.723483 0.971166
vt 0.349466 0.174759
vt 0.350651 0.172490
vt 0.354074 0.175730
vt 0.354233 0.172994
vt 0.335571 0.170120
vt 0.337570 0.167813
vt 0.327501 0.160450
vt 0.324262 0.162284
vt 0.313419 0.129140
vt 0.310203 0.128884
vt 0.311064 0.082927
vt 0.304243 0.080492
vt 0.633664 0.584679
vt 0.628015 0.582035
vt 0.640772 0.591122
vt 0.649416 0.605794
vt 0.654383 0.627350
vt 0.651480 0.662486
vt 0.654525 0.645888
vt 0.640622 0.672225
vt 0.488343 0.478018
vt 0.859700 0.663992
vt 0.872484 0.666031
vt 0.881707 0.646166
vt 0.867012 0.642546
vt 0.850178 0.684604
vt 0.863037 0.686050
vt 0.842025 0.708365
vt 0.856431 0.710236
vt 0.837041 0.725794
vt 0.846366 0.733698
vt 0.820210 0.728534
vt 0.825305 0.742356
vt 0.803584 0.732254
vt 0.808785 0.746046
vt 0.791298 0.750406
vt 0.785959 0.738353
vt 0.763180 0.744436
vt 0.767472 0.754579
vt 0.736110 0.748910
vt 0.738653 0.760641
vt 0.712362 0.747229
vt 0.713168 0.763977
vt 0.802415 0.711792
vt 0.784098 0.721225
vt 0.761963 0.725088
vt 0.733704 0.733057
vt 0.688186 0.745456
vt 0.711630 0.732686
vt 0.689341 0.731095
vt 0.821807 0.709559
vt 0.857342 0.643836
vt 0.840993 0.662851
vt 0.831930 0.685834
vt 0.751493 0.721626
vt 0.759263 0.716021
vt 0.751763 0.719572
vt 0.702497 0.725669
vt 0.710666 0.720554
vt 0.702963 0.721626
vt 0.815603 0.689672
vt 0.849324 0.638800
vt 0.829463 0.639922
vt 0.825136 0.663706
vt 0.890840 0.630115
vt 0.874813 0.624404
vt 0.845455 0.621524
vt 0.828308 0.621236
vt 0.536658 0.434303
vt 0.551750 0.450028
vt 0.565125 0.444177
vt 0.551332 0.425034
vt 0.577645 0.461141
vt 0.564441 0.467181
vt 0.589361 0.481403
vt 0.576368 0.488112
vt 0.598267 0.498480
vt 0.591233 0.508992
vt 0.614852 0.500179
vt 0.612287 0.516415
vt 0.627516 0.518612
vt 0.630380 0.501935
vt 0.672700 0.508928
vt 0.649498 0.506033
vt 0.644611 0.519316
vt 0.669049 0.520926
vt 0.699041 0.515009
vt 0.694918 0.530768
vt 0.648526 0.489314
vt 0.627196 0.480353
vt 0.671414 0.488219
vt 0.697735 0.492513
vt 0.716011 0.512760
vt 0.715373 0.487853
vt 0.607472 0.479219
vt 0.570662 0.415714
vt 0.562884 0.423750
vt 0.583179 0.437723
vt 0.594125 0.457243
vt 0.688563 0.484842
vt 0.696507 0.477932
vt 0.689619 0.480165
vt 0.709012 0.481073
vt 0.715074 0.473394
vt 0.709301 0.475781
vt 0.609558 0.458032
vt 0.590340 0.411396
vt 0.598173 0.433800
vt 0.512633 0.405095
vt 0.516119 0.413132
vt 0.527508 0.402104
vt 0.519646 0.398405
vt 0.572825 0.377915
vt 0.570681 0.385017
vt 0.585615 0.380129
vt 0.582340 0.375479
vt 0.530786 0.439256
vt 0.545170 0.454564
vt 0.555985 0.472402
vt 0.566070 0.495709
vt 0.583378 0.519103
vt 0.608334 0.529896
vt 0.627606 0.530227
vt 0.645933 0.528530
vt 0.668192 0.529561
vt 0.690716 0.543017
vt 0.710057 0.553142
vt 0.712621 0.536293
vt 0.650234 0.482375
vt 0.633577 0.471535
vt 0.669388 0.479285
vt 0.559437 0.416457
vt 0.563141 0.411852
vt 0.675057 0.474164
vt 0.676243 0.478882
vt 0.690217 0.475983
vt 0.682132 0.476907
vt 0.681711 0.480728
vt 0.728629 0.470144
vt 0.721699 0.470085
vt 0.721029 0.473814
vt 0.727873 0.473140
vt 0.616260 0.453115
vt 0.604180 0.429503
vt 0.599176 0.407135
vt 0.504255 0.416803
vt 0.514194 0.430017
vt 0.523294 0.421617
vt 0.517115 0.390649
vt 0.504990 0.401603
vt 0.553531 0.417056
vt 0.541302 0.403175
vt 0.536037 0.410476
vt 0.563893 0.382314
vt 0.563131 0.395648
vt 0.570773 0.397171
vt 0.583387 0.368197
vt 0.569648 0.373222
vt 0.595151 0.389693
vt 0.587649 0.392559
vt 0.894337 0.616728
vt 0.878115 0.611685
vt 0.842552 0.609402
vt 0.824696 0.607807
vt 0.531724 0.391196
vt 0.594372 0.374187
vt 0.687846 0.764440
vt 0.724462 0.726291
vt 0.732231 0.719503
vt 0.724965 0.721154
vt 0.732336 0.508969
vt 0.732994 0.489596
vt 0.727107 0.478065
vt 0.733327 0.480591
vt 0.733701 0.471168
vt 0.730368 0.558459
vt 0.731349 0.534994
vt 0.709642 0.470390
vt 0.703770 0.470379
vt 0.702781 0.477272
vt 0.894883 0.605897
vt 0.883764 0.602817
vt 0.839485 0.601401
vt 0.828057 0.598825
vt 0.697418 0.470581
vt 0.715256 0.467454
vt 0.733870 0.467978
vt 0.694692 0.722656
vt 0.688706 0.721486
vt 0.695338 0.725365
vt 0.717609 0.722344
vt 0.718208 0.726078
vt 0.742165 0.720081
vt 0.743266 0.723852
vt 0.721458 0.478855
vt 0.703545 0.483167
vt 0.681263 0.484354
vt 0.519954 0.658047
vt 0.513455 0.636348
vt 0.498650 0.639439
vt 0.507154 0.659614
vt 0.515845 0.679974
vt 0.528757 0.678989
vt 0.521595 0.704364
vt 0.536174 0.702946
vt 0.530829 0.728130
vt 0.540548 0.720492
vt 0.551712 0.737486
vt 0.557300 0.723785
vt 0.568055 0.741730
vt 0.573810 0.728094
vt 0.585416 0.746590
vt 0.608961 0.751518
vt 0.613606 0.741517
vt 0.591163 0.734683
vt 0.637504 0.758660
vt 0.640452 0.747047
vt 0.662655 0.762926
vt 0.664221 0.746287
vt 0.593660 0.717586
vt 0.575633 0.707615
vt 0.615476 0.722187
vt 0.643433 0.731326
vt 0.665526 0.731756
vt 0.556361 0.704779
vt 0.523086 0.638001
vt 0.547051 0.680769
vt 0.538723 0.657558
vt 0.626395 0.719204
vt 0.626328 0.716565
vt 0.619426 0.713592
vt 0.674744 0.725067
vt 0.674456 0.720984
vt 0.666843 0.719534
vt 0.563214 0.685119
vt 0.554494 0.658995
vt 0.551086 0.635063
vt 0.531254 0.633258
vt 0.506328 0.617944
vt 0.490101 0.623072
vt 0.552875 0.616427
vt 0.535729 0.616130
vt 0.932280 0.448374
vt 0.918044 0.438328
vt 0.903569 0.456917
vt 0.916537 0.463478
vt 0.889949 0.472923
vt 0.902731 0.479813
vt 0.876679 0.492085
vt 0.889244 0.499772
vt 0.866705 0.508458
vt 0.872909 0.519468
vt 0.850004 0.508993
vt 0.851301 0.525379
vt 0.835971 0.526290
vt 0.834179 0.509581
vt 0.791553 0.513439
vt 0.794338 0.525649
vt 0.818769 0.525894
vt 0.814844 0.512211
vt 0.764842 0.517525
vt 0.767793 0.533574
vt 0.816983 0.495543
vt 0.838780 0.488178
vt 0.794366 0.492920
vt 0.767891 0.495223
vt 0.750508 0.489446
vt 0.748143 0.513969
vt 0.858662 0.488659
vt 0.899451 0.427707
vt 0.886157 0.449247
vt 0.906620 0.436224
vt 0.873781 0.467851
vt 0.777574 0.488067
vt 0.776935 0.483068
vt 0.770103 0.480715
vt 0.757380 0.483146
vt 0.757476 0.477830
vt 0.751983 0.474953
vt 0.858494 0.467727
vt 0.880121 0.422423
vt 0.871353 0.444419
vt 0.957751 0.420417
vt 0.951090 0.413376
vt 0.943047 0.416668
vt 0.953856 0.428264
vt 0.899344 0.389897
vt 0.889966 0.386959
vt 0.886450 0.391441
vt 0.901117 0.397102
vt 0.937904 0.453618
vt 0.922819 0.468347
vt 0.910817 0.485588
vt 0.898869 0.508029
vt 0.879829 0.530037
vt 0.854130 0.539332
vt 0.834951 0.537912
vt 0.816791 0.535073
vt 0.794629 0.534323
vt 0.771109 0.546106
vt 0.749744 0.537479
vt 0.750948 0.554266
vt 0.815786 0.488412
vt 0.833076 0.478564
vt 0.797043 0.484359
vt 0.910526 0.429242
vt 0.907056 0.424365
vt 0.791854 0.478777
vt 0.790150 0.483340
vt 0.776603 0.478781
vt 0.784531 0.483490
vt 0.784740 0.478206
vt 0.738841 0.470794
vt 0.739341 0.473574
vt 0.746065 0.474912
vt 0.745729 0.471168
vt 0.852308 0.462413
vt 0.865614 0.439866
vt 0.871501 0.417742
vt 0.965518 0.432535
vt 0.946254 0.436371
vt 0.954924 0.445219
vt 0.954017 0.405761
vt 0.965563 0.417319
vt 0.916349 0.430226
vt 0.934096 0.424590
vt 0.929226 0.417019
vt 0.908038 0.394754
vt 0.900395 0.409229
vt 0.908122 0.408121
vt 0.889297 0.379643
vt 0.902761 0.385375
vt 0.883766 0.403744
vt 0.876418 0.400501
vt 0.503483 0.605115
vt 0.487089 0.609569
vt 0.556944 0.603129
vt 0.539045 0.604114
vt 0.939403 0.405556
vt 0.878012 0.385050
vt 0.652868 0.724851
vt 0.652524 0.719685
vt 0.645306 0.717805
vt 0.739718 0.478594
vt 0.757520 0.472483
vt 0.763852 0.479702
vt 0.763322 0.472788
vt 0.498158 0.596050
vt 0.486935 0.598725
vt 0.553896 0.594036
vt 0.542382 0.596222
vt 0.769555 0.473340
vt 0.752256 0.469020
vt 0.682699 0.722497
vt 0.681801 0.724878
vt 0.659861 0.721165
vt 0.659147 0.724879
vt 0.635402 0.718066
vt 0.634263 0.721889
vt 0.745241 0.479889
vt 0.762719 0.485537
vt 0.784794 0.487984
vt 0.983162 0.067623
vt 0.965073 0.066990
vt 0.965085 0.071314
vt 0.982896 0.071823
vt 0.885467 0.114860
vt 0.866662 0.114713
vt 0.866678 0.119738
vt 0.885327 0.119898
vt 0.873097 0.274122
vt 0.870941 0.277245
vt 0.881393 0.277396
vt 0.882249 0.274593
vt 0.876895 0.268466
vt 0.893842 0.267577
vt 0.894348 0.257177
vt 0.876245 0.256779
vt 0.935945 0.015164
vt 0.936650 0.010773
vt 0.927230 0.012256
vt 0.927166 0.016514
vt 0.943604 0.245903
vt 0.926580 0.245835
vt 0.926807 0.257570
vt 0.945997 0.256132
vt 0.951525 0.067888
vt 0.949161 0.071063
vt 0.982900 0.076751
vt 0.993817 0.075702
vt 0.995302 0.072189
vt 0.852006 0.114993
vt 0.850966 0.119321
vt 0.885384 0.124629
vt 0.896283 0.123806
vt 0.898028 0.120109
vt 0.907731 0.265905
vt 0.911000 0.258221
vt 0.876720 0.245482
vt 0.867117 0.247532
vt 0.867030 0.258318
vt 0.916639 0.247561
vt 0.916260 0.256438
vt 0.944540 0.265038
vt 0.956841 0.260934
vt 0.958258 0.254104
vt 0.880970 0.280220
vt 0.892130 0.281068
vt 0.894171 0.277865
vt 0.894166 0.247262
vt 0.926880 0.006781
vt 0.919161 0.006841
vt 0.917455 0.010789
vt 0.927393 0.268466
vt 0.907834 0.250347
vt 0.866963 0.267020
vt 0.917024 0.266798
vt 0.956109 0.247306
vt 0.964808 0.076265
vt 0.866653 0.123687
vt 0.871911 0.281010
vt 0.934722 0.006809
vt 0.950086 0.075408
vt 0.993681 0.068493
vt 0.853071 0.122629
vt 0.896230 0.117057
vt 0.893001 0.274585
vt 0.918168 0.015168
vt 0.852337 0.016103
vt 0.868815 0.016174
vt 0.868874 0.011700
vt 0.852271 0.011871
vt 0.920875 0.036871
vt 0.903475 0.037001
vt 0.903807 0.041924
vt 0.920738 0.041881
vt 0.750425 0.019747
vt 0.748685 0.022332
vt 0.758048 0.020844
vt 0.758387 0.018735
vt 0.759508 0.124629
vt 0.773813 0.124345
vt 0.774644 0.115068
vt 0.759726 0.114237
vt 0.786043 0.012229
vt 0.786558 0.008461
vt 0.778614 0.009869
vt 0.778578 0.013475
vt 0.713121 0.063810
vt 0.726683 0.066770
vt 0.728023 0.056304
vt 0.713214 0.054294
vt 0.879719 0.014224
vt 0.881932 0.010859
vt 0.851886 0.006922
vt 0.840084 0.008331
vt 0.839595 0.012445
vt 0.891798 0.037387
vt 0.890998 0.041691
vt 0.920804 0.046583
vt 0.932384 0.045906
vt 0.933773 0.041888
vt 0.783857 0.122648
vt 0.787066 0.116040
vt 0.760914 0.104266
vt 0.751038 0.104929
vt 0.748685 0.113882
vt 0.736239 0.066579
vt 0.739264 0.058522
vt 0.715163 0.046895
vt 0.705930 0.048181
vt 0.703814 0.053938
vt 0.757811 0.023225
vt 0.766545 0.025443
vt 0.767673 0.022240
vt 0.775245 0.106420
vt 0.778210 0.005120
vt 0.771735 0.005287
vt 0.770326 0.008693
vt 0.729059 0.046751
vt 0.784829 0.108924
vt 0.749977 0.122709
vt 0.738557 0.049673
vt 0.704592 0.060223
vt 0.869025 0.006656
vt 0.904133 0.045880
vt 0.749466 0.025678
vt 0.784897 0.005088
vt 0.880906 0.006558
vt 0.841060 0.015907
vt 0.893145 0.045033
vt 0.932912 0.038029
vt 0.766695 0.019259
vt 0.771014 0.012452
vt 0.873596 0.037455
vt 0.855508 0.036822
vt 0.855520 0.041146
vt 0.873331 0.041654
vt 0.826827 0.066982
vt 0.808022 0.066835
vt 0.808038 0.071860
vt 0.826687 0.072020
vt 0.935733 0.313737
vt 0.933577 0.316860
vt 0.944030 0.317011
vt 0.944886 0.314207
vt 0.660875 0.146336
vt 0.677821 0.145446
vt 0.678328 0.135047
vt 0.660225 0.134649
vt 0.957523 0.045232
vt 0.958227 0.040842
vt 0.948808 0.042324
vt 0.948744 0.046583
vt 0.678287 0.095528
vt 0.661263 0.095460
vt 0.661490 0.107195
vt 0.680679 0.105757
vt 0.841960 0.037720
vt 0.839595 0.040895
vt 0.873335 0.046583
vt 0.884252 0.045534
vt 0.885738 0.042020
vt 0.793366 0.067115
vt 0.792326 0.071443
vt 0.826744 0.076751
vt 0.837642 0.075928
vt 0.839388 0.072231
vt 0.691711 0.143775
vt 0.694980 0.136091
vt 0.660700 0.123352
vt 0.651097 0.125402
vt 0.651009 0.136188
vt 0.651322 0.097186
vt 0.650943 0.106062
vt 0.679223 0.114663
vt 0.691524 0.110559
vt 0.692941 0.103729
vt 0.943606 0.319835
vt 0.954766 0.320683
vt 0.956807 0.317480
vt 0.678146 0.125132
vt 0.948458 0.036849
vt 0.940739 0.036909
vt 0.939033 0.040857
vt 0.662076 0.118091
vt 0.691814 0.128216
vt 0.650943 0.144890
vt 0.651707 0.116423
vt 0.690792 0.096931
vt 0.855243 0.046096
vt 0.808012 0.075810
vt 0.934547 0.320625
vt 0.956300 0.036877
vt 0.840522 0.045240
vt 0.884116 0.038324
vt 0.794431 0.074752
vt 0.837590 0.069180
vt 0.955637 0.314200
vt 0.939746 0.045237
vt 0.768601 0.174389
vt 0.794976 0.174087
vt 0.793655 0.168037
vt 0.768455 0.167595
vt 0.898454 0.190497
vt 0.872577 0.190514
vt 0.871684 0.195662
vt 0.897575 0.197351
vt 0.751672 0.071829
vt 0.749401 0.075349
vt 0.761653 0.076891
vt 0.761809 0.073798
vt 0.753450 0.317095
vt 0.729674 0.318420
vt 0.725112 0.328688
vt 0.752508 0.333116
vt 0.993978 0.307151
vt 0.994670 0.302655
vt 0.985143 0.303720
vt 0.984709 0.308081
vt 0.665865 0.256757
vt 0.690928 0.262859
vt 0.693635 0.248915
vt 0.663179 0.247577
vt 0.808271 0.169580
vt 0.809453 0.165643
vt 0.769879 0.157301
vt 0.757670 0.159195
vt 0.758925 0.163837
vt 0.858743 0.188980
vt 0.857102 0.193088
vt 0.897609 0.202335
vt 0.907327 0.197568
vt 0.908657 0.193572
vt 0.714421 0.318025
vt 0.709449 0.325982
vt 0.748077 0.347695
vt 0.759577 0.346805
vt 0.763249 0.336418
vt 0.700658 0.260152
vt 0.701422 0.250247
vt 0.665781 0.238426
vt 0.653950 0.238706
vt 0.650943 0.246134
vt 0.761113 0.081236
vt 0.772029 0.079179
vt 0.772127 0.075299
vt 0.723418 0.339429
vt 0.983861 0.298610
vt 0.975491 0.298466
vt 0.974247 0.302393
vt 0.692435 0.236632
vt 0.710371 0.335297
vt 0.764240 0.324101
vt 0.702021 0.241227
vt 0.653777 0.254657
vt 0.793082 0.160277
vt 0.870447 0.199808
vt 0.748685 0.079765
vt 0.992708 0.298239
vt 0.808315 0.161179
vt 0.702026 0.262547
vt 0.691455 0.268466
vt 0.858100 0.196719
vt 0.909683 0.189568
vt 0.771031 0.071462
vt 0.975057 0.306579
vt 0.937418 0.115469
vt 0.919254 0.114683
vt 0.919277 0.119169
vt 0.937161 0.119680
vt 0.685303 0.026285
vt 0.666574 0.026139
vt 0.666591 0.031143
vt 0.685166 0.031301
vt 0.969442 0.010583
vt 0.967703 0.013168
vt 0.977065 0.011680
vt 0.977405 0.009571
vt 0.821238 0.202335
vt 0.836305 0.202107
vt 0.837100 0.192896
vt 0.821049 0.191942
vt 0.764465 0.012323
vt 0.765066 0.008576
vt 0.757028 0.009841
vt 0.756973 0.013475
vt 0.944519 0.214348
vt 0.929591 0.211453
vt 0.927842 0.221863
vt 0.944854 0.223753
vt 0.905662 0.115729
vt 0.903288 0.118917
vt 0.937166 0.124629
vt 0.949006 0.124129
vt 0.949805 0.120076
vt 0.651979 0.026417
vt 0.650943 0.030727
vt 0.685232 0.036008
vt 0.696825 0.035330
vt 0.698215 0.031307
vt 0.848687 0.201085
vt 0.851842 0.194375
vt 0.821845 0.181933
vt 0.812002 0.182983
vt 0.810002 0.192021
vt 0.920031 0.211269
vt 0.916691 0.219205
vt 0.942031 0.231298
vt 0.953495 0.229804
vt 0.955900 0.224069
vt 0.976829 0.014061
vt 0.985562 0.016279
vt 0.986690 0.013076
vt 0.837267 0.184091
vt 0.756729 0.005169
vt 0.750142 0.005220
vt 0.748685 0.008589
vt 0.926431 0.231372
vt 0.849294 0.187282
vt 0.811639 0.200790
vt 0.917051 0.228079
vt 0.955177 0.217753
vt 0.919000 0.124140
vt 0.666565 0.035076
vt 0.968483 0.016514
vt 0.763421 0.005192
vt 0.904218 0.123280
vt 0.948614 0.116524
vt 0.653039 0.034023
vt 0.697354 0.027444
vt 0.985713 0.010095
vt 0.749294 0.012326
vt 0.824974 0.231372
vt 0.851789 0.230889
vt 0.850446 0.224446
vt 0.824838 0.224201
vt 0.856640 0.162482
vt 0.830361 0.162035
vt 0.829448 0.167144
vt 0.855750 0.169338
vt 0.772143 0.094889
vt 0.773951 0.091004
vt 0.759915 0.091259
vt 0.760236 0.094452
vt 0.661921 0.347695
vt 0.684547 0.347566
vt 0.688821 0.331737
vt 0.661873 0.328840
vt 0.986997 0.267644
vt 0.988026 0.263215
vt 0.976591 0.264151
vt 0.976055 0.268466
vt 0.784784 0.346175
vt 0.809318 0.347695
vt 0.811081 0.329746
vt 0.781565 0.330819
vt 0.865182 0.227368
vt 0.866416 0.223313
vt 0.826260 0.213885
vt 0.813473 0.216413
vt 0.814792 0.221139
vt 0.816389 0.161018
vt 0.814713 0.165179
vt 0.855785 0.174389
vt 0.865656 0.169811
vt 0.867008 0.165758
vt 0.699481 0.344251
vt 0.704188 0.334389
vt 0.665176 0.313341
vt 0.653885 0.315752
vt 0.651046 0.326340
vt 0.818765 0.341387
vt 0.818806 0.330526
vt 0.783213 0.318246
vt 0.771560 0.322363
vt 0.769500 0.332144
vt 0.759847 0.086718
vt 0.748685 0.090196
vt 0.749041 0.094235
vt 0.690172 0.317634
vt 0.975423 0.259117
vt 0.964693 0.259186
vt 0.963519 0.263032
vt 0.809060 0.316377
vt 0.703110 0.323348
vt 0.650943 0.339275
vt 0.818728 0.321303
vt 0.773115 0.342228
vt 0.849943 0.216716
vt 0.828213 0.171360
vt 0.773677 0.086496
vt 0.986258 0.258900
vt 0.865297 0.218676
vt 0.779892 0.099006
vt 0.785368 0.091192
vt 0.815776 0.168830
vt 0.868051 0.161690
vt 0.750594 0.098080
vt 0.964409 0.267153
vt 0.803179 0.109020
vt 0.826620 0.107359
vt 0.825557 0.102933
vt 0.803667 0.104822
vt 0.944436 0.146868
vt 0.967335 0.146113
vt 0.967242 0.141216
vt 0.944092 0.141242
vt 0.706740 0.002010
vt 0.704401 0.004992
vt 0.714827 0.004929
vt 0.715344 0.001981
vt 0.777905 0.308081
vt 0.798938 0.304578
vt 0.798654 0.294769
vt 0.774472 0.296246
vt 0.986943 0.060360
vt 0.988041 0.056125
vt 0.978826 0.057180
vt 0.978389 0.061575
vt 0.905683 0.289217
vt 0.883602 0.286329
vt 0.880066 0.298010
vt 0.905961 0.298385
vt 0.839840 0.105621
vt 0.841364 0.102008
vt 0.803657 0.097894
vt 0.792326 0.100342
vt 0.793450 0.103921
vt 0.982184 0.144923
vt 0.983060 0.140628
vt 0.943194 0.136754
vt 0.933997 0.139898
vt 0.933444 0.143619
vt 0.813292 0.301320
vt 0.815386 0.293083
vt 0.773809 0.284304
vt 0.764133 0.288041
vt 0.764015 0.298215
vt 0.874686 0.287002
vt 0.871351 0.294852
vt 0.902648 0.306955
vt 0.915502 0.306610
vt 0.919537 0.300080
vt 0.713959 0.009367
vt 0.723899 0.008902
vt 0.724346 0.005267
vt 0.796310 0.285059
vt 0.978916 0.051921
vt 0.970631 0.051968
vt 0.968795 0.055989
vt 0.879290 0.308081
vt 0.811067 0.285435
vt 0.766937 0.308065
vt 0.870941 0.302960
vt 0.917633 0.292476
vt 0.825313 0.098146
vt 0.967621 0.137048
vt 0.703814 0.008302
vt 0.986851 0.051894
vt 0.840322 0.097916
vt 0.794533 0.107225
vt 0.981147 0.137266
vt 0.933821 0.147376
vt 0.723527 0.001862
vt 0.969212 0.060266
vt 0.889999 0.147376
vt 0.913440 0.145716
vt 0.912377 0.141289
vt 0.890487 0.143178
vt 0.857616 0.108512
vt 0.880515 0.107756
vt 0.880422 0.102859
vt 0.857272 0.102886
vt 0.751611 0.043852
vt 0.749272 0.046833
vt 0.759699 0.046770
vt 0.760215 0.043823
vt 0.664832 0.231372
vt 0.685866 0.227869
vt 0.685582 0.218060
vt 0.661400 0.219537
vt 0.810473 0.013055
vt 0.811571 0.008821
vt 0.802356 0.009875
vt 0.801920 0.014271
vt 0.968320 0.328831
vt 0.946239 0.325943
vt 0.942703 0.337625
vt 0.968597 0.337999
vt 0.926660 0.143977
vt 0.928184 0.140364
vt 0.890477 0.136250
vt 0.879146 0.138699
vt 0.880270 0.142277
vt 0.895364 0.106566
vt 0.896240 0.102272
vt 0.856374 0.098398
vt 0.847177 0.101542
vt 0.846624 0.105262
vt 0.700220 0.224611
vt 0.702314 0.216374
vt 0.660736 0.207595
vt 0.651060 0.211332
vt 0.650943 0.221506
vt 0.937323 0.326617
vt 0.933988 0.334466
vt 0.965284 0.346570
vt 0.978139 0.346225
vt 0.982174 0.339694
vt 0.758830 0.051208
vt 0.768770 0.050744
vt 0.769218 0.047108
vt 0.683238 0.208351
vt 0.802447 0.004617
vt 0.794162 0.004663
vt 0.792326 0.008684
vt 0.941926 0.347695
vt 0.697994 0.208726
vt 0.653865 0.231357
vt 0.933577 0.342575
vt 0.980269 0.332090
vt 0.912133 0.136502
vt 0.880800 0.098691
vt 0.748685 0.050143
vt 0.810381 0.004590
vt 0.927141 0.136272
vt 0.881353 0.145581
vt 0.894326 0.098909
vt 0.847001 0.109020
vt 0.768398 0.043704
vt 0.792742 0.012961
vt 0.715315 0.147376
vt 0.742130 0.146893
vt 0.740787 0.140450
vt 0.715179 0.140205
vt 0.803944 0.135470
vt 0.777665 0.135023
vt 0.776752 0.140132
vt 0.803054 0.142325
vt 0.727271 0.037374
vt 0.729080 0.033489
vt 0.715044 0.033744
vt 0.715365 0.036937
vt 0.661921 0.308081
vt 0.684547 0.307951
vt 0.688821 0.292123
vt 0.661873 0.289225
vt 0.992721 0.201512
vt 0.993749 0.197083
vt 0.982314 0.198019
vt 0.981778 0.202335
vt 0.724733 0.306561
vt 0.749267 0.308081
vt 0.751030 0.290131
vt 0.721514 0.291205
vt 0.755523 0.143372
vt 0.756757 0.139318
vt 0.716601 0.129889
vt 0.703814 0.132417
vt 0.705133 0.137144
vt 0.763693 0.134005
vt 0.762017 0.138167
vt 0.803089 0.147376
vt 0.812960 0.142799
vt 0.814312 0.138746
vt 0.699481 0.304637
vt 0.704188 0.294774
vt 0.665177 0.273727
vt 0.653885 0.276138
vt 0.651046 0.286726
vt 0.758714 0.301772
vt 0.758755 0.290911
vt 0.723162 0.278632
vt 0.711509 0.282749
vt 0.709449 0.292530
vt 0.714976 0.029203
vt 0.703814 0.032682
vt 0.704170 0.036720
vt 0.690171 0.278020
vt 0.981146 0.192986
vt 0.970416 0.193054
vt 0.969242 0.196900
vt 0.749009 0.276762
vt 0.703110 0.283734
vt 0.650943 0.299661
vt 0.758677 0.281689
vt 0.713064 0.302614
vt 0.740284 0.132721
vt 0.775517 0.144347
vt 0.728805 0.028981
vt 0.991982 0.192768
vt 0.755638 0.134681
vt 0.735021 0.041491
vt 0.740497 0.033678
vt 0.763080 0.141818
vt 0.815355 0.134678
vt 0.705723 0.040566
vt 0.970132 0.201021
vt 0.925797 0.202335
vt 0.949238 0.200674
vt 0.948175 0.196248
vt 0.926285 0.198137
vt 0.803318 0.092125
vt 0.826216 0.091370
vt 0.826124 0.086473
vt 0.802974 0.086499
vt 0.944836 0.009158
vt 0.942497 0.012139
vt 0.952923 0.012076
vt 0.953439 0.009129
vt 0.837956 0.347695
vt 0.858989 0.344193
vt 0.858705 0.334383
vt 0.834523 0.335860
vt 0.984296 0.030346
vt 0.985394 0.026112
vt 0.976179 0.027166
vt 0.975743 0.031561
vt 0.794359 0.212508
vt 0.772278 0.209620
vt 0.768742 0.221301
vt 0.794636 0.221676
vt 0.962457 0.198936
vt 0.963982 0.195322
vt 0.926275 0.191208
vt 0.914944 0.193657
vt 0.916068 0.197236
vt 0.841065 0.090180
vt 0.841941 0.085885
vt 0.802076 0.082011
vt 0.792879 0.085155
vt 0.792326 0.088876
vt 0.873343 0.340935
vt 0.875437 0.332698
vt 0.833860 0.323918
vt 0.824184 0.327656
vt 0.824066 0.337830
vt 0.763362 0.210293
vt 0.760026 0.218143
vt 0.791323 0.230246
vt 0.804178 0.229901
vt 0.808213 0.223371
vt 0.952055 0.016514
vt 0.961995 0.016050
vt 0.962442 0.012415
vt 0.856361 0.324674
vt 0.976270 0.021908
vt 0.967985 0.021954
vt 0.966149 0.025975
vt 0.767965 0.231372
vt 0.871118 0.325049
vt 0.826988 0.347680
vt 0.759616 0.226251
vt 0.806308 0.215767
vt 0.947930 0.191461
vt 0.826502 0.082305
vt 0.941910 0.015449
vt 0.984204 0.021880
vt 0.962939 0.191231
vt 0.917151 0.200540
vt 0.840028 0.082523
vt 0.792703 0.092634
vt 0.961623 0.009010
vt 0.966565 0.030252
vt 0.884164 0.174389
vt 0.907605 0.172728
vt 0.906542 0.168302
vt 0.884652 0.170191
vt 0.938600 0.173880
vt 0.961499 0.173124
vt 0.961407 0.168227
vt 0.938257 0.168254
vt 0.751611 0.031087
vt 0.749272 0.034068
vt 0.759699 0.034005
vt 0.760215 0.031058
vt 0.721175 0.268466
vt 0.742209 0.264964
vt 0.741925 0.255154
vt 0.717743 0.256631
vt 0.992394 0.291764
vt 0.993492 0.287529
vt 0.984277 0.288583
vt 0.983840 0.292979
vt 0.738556 0.155525
vt 0.716475 0.152637
vt 0.712939 0.164318
vt 0.738834 0.164693
vt 0.920824 0.170989
vt 0.922349 0.167376
vt 0.884642 0.163262
vt 0.873311 0.165711
vt 0.874435 0.169290
vt 0.976348 0.171934
vt 0.977224 0.167640
vt 0.937358 0.163766
vt 0.928162 0.166910
vt 0.927609 0.170631
vt 0.756563 0.261706
vt 0.758657 0.253469
vt 0.717080 0.244689
vt 0.707403 0.248427
vt 0.707286 0.258601
vt 0.707559 0.153310
vt 0.704224 0.161159
vt 0.735521 0.173263
vt 0.748375 0.172918
vt 0.752410 0.166387
vt 0.758830 0.038443
vt 0.768770 0.037979
vt 0.769218 0.034343
vt 0.739581 0.245445
vt 0.984368 0.283325
vt 0.976082 0.283371
vt 0.974247 0.287393
vt 0.712163 0.174389
vt 0.754337 0.245820
vt 0.710208 0.268451
vt 0.703814 0.169268
vt 0.750505 0.158784
vt 0.906298 0.163515
vt 0.961785 0.164059
vt 0.748685 0.037378
vt 0.992302 0.283298
vt 0.921306 0.163285
vt 0.875518 0.172593
vt 0.975311 0.164277
vt 0.927986 0.174389
vt 0.768398 0.030939
vt 0.974663 0.291669
vt 0.663651 0.020765
vt 0.680433 0.020878
vt 0.680298 0.015992
vt 0.663561 0.016446
vt 0.982353 0.082509
vt 0.964412 0.082966
vt 0.964472 0.087925
vt 0.982177 0.088008
vt 0.705964 0.014627
vt 0.703814 0.017782
vt 0.715734 0.018310
vt 0.716255 0.016222
vt 0.775600 0.268466
vt 0.793092 0.268213
vt 0.794625 0.257596
vt 0.775553 0.255715
vt 0.981623 0.252647
vt 0.982153 0.248113
vt 0.972957 0.249221
vt 0.972964 0.253640
vt 0.898702 0.209523
vt 0.882644 0.208183
vt 0.882942 0.220333
vt 0.899742 0.220018
vt 0.690598 0.018970
vt 0.692952 0.014975
vt 0.663007 0.009372
vt 0.651443 0.012206
vt 0.650943 0.017226
vt 0.951934 0.083254
vt 0.951464 0.087586
vt 0.982225 0.092634
vt 0.994002 0.092120
vt 0.995133 0.088101
vt 0.805474 0.267291
vt 0.809488 0.259793
vt 0.778591 0.243990
vt 0.767061 0.244238
vt 0.763917 0.254958
vt 0.871917 0.209788
vt 0.871676 0.219730
vt 0.899904 0.228750
vt 0.909802 0.225641
vt 0.911431 0.218724
vt 0.715346 0.023721
vt 0.726450 0.023332
vt 0.727886 0.018544
vt 0.795954 0.247679
vt 0.972464 0.243113
vt 0.964730 0.243147
vt 0.963519 0.247519
vt 0.883437 0.231372
vt 0.807864 0.251631
vt 0.764870 0.265772
vt 0.872127 0.229856
vt 0.908189 0.211626
vt 0.680361 0.010995
vt 0.964664 0.092274
vt 0.704663 0.022875
vt 0.980606 0.243371
vt 0.692779 0.010713
vt 0.652336 0.020699
vt 0.953887 0.091248
vt 0.994184 0.083382
vt 0.726880 0.014756
vt 0.964380 0.252083
vt 0.805034 0.061462
vt 0.821817 0.061575
vt 0.821682 0.056689
vt 0.804944 0.057142
vt 0.870497 0.021434
vt 0.852549 0.021890
vt 0.852609 0.026851
vt 0.870321 0.026935
vt 0.957244 0.115221
vt 0.955065 0.118423
vt 0.966990 0.120221
vt 0.967252 0.117764
vt 0.831794 0.308081
vt 0.849286 0.307827
vt 0.850818 0.297211
vt 0.831748 0.295331
vt 0.810431 0.029064
vt 0.810960 0.024531
vt 0.801765 0.025638
vt 0.801772 0.030057
vt 0.730666 0.102727
vt 0.714569 0.101384
vt 0.714869 0.113559
vt 0.731708 0.113248
vt 0.831982 0.059667
vt 0.834335 0.055672
vt 0.804391 0.050069
vt 0.792827 0.052903
vt 0.792326 0.057923
vt 0.840066 0.022179
vt 0.839595 0.026512
vt 0.870369 0.031561
vt 0.881998 0.030979
vt 0.883226 0.027018
vt 0.861667 0.306905
vt 0.865681 0.299408
vt 0.834786 0.283606
vt 0.823256 0.283854
vt 0.820646 0.294633
vt 0.703814 0.102994
vt 0.705399 0.112521
vt 0.731871 0.122001
vt 0.741792 0.118885
vt 0.743425 0.111951
vt 0.966745 0.124629
vt 0.978004 0.124047
vt 0.979424 0.119215
vt 0.852147 0.287295
vt 0.801271 0.019531
vt 0.793538 0.019564
vt 0.792326 0.023936
vt 0.715364 0.124629
vt 0.864056 0.291247
vt 0.821066 0.305386
vt 0.704155 0.122987
vt 0.740176 0.104835
vt 0.821744 0.051692
vt 0.852801 0.031202
vt 0.955927 0.123584
vt 0.809414 0.019788
vt 0.834162 0.051410
vt 0.793716 0.061401
vt 0.842019 0.030175
vt 0.882334 0.022306
vt 0.978314 0.115451
vt 0.793187 0.028501
vt 0.861712 0.138322
vt 0.843138 0.137634
vt 0.843430 0.142024
vt 0.861351 0.142678
vt 0.936368 0.100156
vt 0.917643 0.099998
vt 0.917530 0.104230
vt 0.936273 0.104386
vt 0.940196 0.024706
vt 0.937541 0.027471
vt 0.949005 0.026638
vt 0.949513 0.022543
vt 0.719956 0.202335
vt 0.736921 0.201180
vt 0.738149 0.193066
vt 0.718030 0.188644
vt 0.829923 0.145647
vt 0.828980 0.142230
vt 0.820615 0.141671
vt 0.824133 0.146801
vt 0.830342 0.265459
vt 0.847200 0.268466
vt 0.848706 0.256465
vt 0.830230 0.255499
vt 0.829912 0.139204
vt 0.861378 0.147376
vt 0.873447 0.147269
vt 0.873886 0.143320
vt 0.902916 0.099401
vt 0.901500 0.103861
vt 0.936390 0.109020
vt 0.947620 0.107936
vt 0.949518 0.104183
vt 0.749635 0.197459
vt 0.754891 0.193612
vt 0.720819 0.180608
vt 0.709310 0.180792
vt 0.706172 0.190906
vt 0.857366 0.267249
vt 0.861703 0.258978
vt 0.832157 0.246212
vt 0.818744 0.248283
vt 0.814749 0.254820
vt 0.948688 0.031561
vt 0.959470 0.031525
vt 0.960889 0.027187
vt 0.738186 0.182920
vt 0.994643 0.123739
vt 0.994602 0.115762
vt 0.990213 0.114696
vt 0.989186 0.124412
vt 0.849798 0.245831
vt 0.751723 0.185721
vt 0.708854 0.201000
vt 0.859946 0.249723
vt 0.819091 0.260614
vt 0.843348 0.146318
vt 0.917288 0.108537
vt 0.938157 0.031425
vt 0.824875 0.137432
vt 0.872218 0.140096
vt 0.902896 0.107705
vt 0.948646 0.099944
vt 0.959134 0.023859
vt 0.985837 0.115791
vt 0.984684 0.124629
vt 0.833504 0.115317
vt 0.814891 0.114480
vt 0.815014 0.119053
vt 0.833162 0.119549
vt 0.931355 0.067334
vt 0.912708 0.067239
vt 0.912705 0.072210
vt 0.931206 0.072319
vt 0.656621 0.182532
vt 0.654183 0.179965
vt 0.650943 0.190896
vt 0.654606 0.191192
vt 0.663940 0.174389
vt 0.680720 0.174305
vt 0.682150 0.164864
vt 0.664208 0.162769
vt 0.801441 0.122790
vt 0.800689 0.119108
vt 0.792326 0.118530
vt 0.795876 0.123664
vt 0.683732 0.179932
vt 0.666436 0.179649
vt 0.666564 0.191841
vt 0.685366 0.189902
vt 0.801649 0.116055
vt 0.833165 0.124629
vt 0.845288 0.124142
vt 0.845706 0.120208
vt 0.898173 0.067466
vt 0.896886 0.071903
vt 0.931171 0.076751
vt 0.941604 0.075256
vt 0.943900 0.072103
vt 0.693386 0.170814
vt 0.698554 0.166835
vt 0.665521 0.151596
vt 0.654213 0.152216
vt 0.650943 0.162271
vt 0.684875 0.199460
vt 0.697931 0.195327
vt 0.700912 0.188195
vt 0.774441 0.278982
vt 0.784782 0.279044
vt 0.785621 0.275087
vt 0.774715 0.274447
vt 0.682667 0.154713
vt 0.991583 0.164497
vt 0.983652 0.164536
vt 0.982484 0.168982
vt 0.992252 0.169926
vt 0.667374 0.202335
vt 0.695962 0.158783
vt 0.653206 0.172282
vt 0.657132 0.199716
vt 0.695687 0.183089
vt 0.814849 0.123890
vt 0.912502 0.076549
vt 0.764015 0.275176
vt 0.764570 0.278846
vt 0.796598 0.114280
vt 0.843857 0.117236
vt 0.898361 0.075732
vt 0.943540 0.067948
vt 0.654461 0.201768
vt 0.983458 0.173419
vt 0.992491 0.174389
vt 0.879410 0.067582
vt 0.860822 0.066984
vt 0.860664 0.071242
vt 0.879194 0.071781
vt 0.873260 0.052044
vt 0.855379 0.051843
vt 0.855490 0.056695
vt 0.873063 0.056945
vt 0.890034 0.008970
vt 0.888486 0.012138
vt 0.900363 0.011802
vt 0.900257 0.007651
vt 0.718448 0.231372
vt 0.736134 0.230336
vt 0.737597 0.220583
vt 0.719603 0.219833
vt 0.981294 0.045567
vt 0.982027 0.041337
vt 0.972596 0.042461
vt 0.972571 0.046583
vt 0.953735 0.286598
vt 0.936089 0.285339
vt 0.937743 0.296318
vt 0.956553 0.295153
vt 0.847130 0.067775
vt 0.844648 0.071035
vt 0.879127 0.076751
vt 0.890618 0.076055
vt 0.891626 0.072043
vt 0.840667 0.052163
vt 0.839595 0.056420
vt 0.873167 0.061575
vt 0.884747 0.061150
vt 0.886066 0.057122
vt 0.750316 0.229649
vt 0.754356 0.222433
vt 0.721959 0.207958
vt 0.710961 0.208049
vt 0.707574 0.217971
vt 0.925738 0.288166
vt 0.924797 0.298306
vt 0.956168 0.304627
vt 0.968329 0.300824
vt 0.968987 0.294225
vt 0.900405 0.016185
vt 0.911001 0.016514
vt 0.912195 0.012101
vt 0.738488 0.210915
vt 0.972905 0.037210
vt 0.965598 0.036985
vt 0.963488 0.040576
vt 0.939678 0.307957
vt 0.752043 0.214525
vt 0.708284 0.228473
vt 0.928573 0.308081
vt 0.966505 0.287880
vt 0.860310 0.076142
vt 0.855352 0.060998
vt 0.889694 0.016182
vt 0.980344 0.037250
vt 0.845298 0.075249
vt 0.890628 0.068484
vt 0.841825 0.059418
vt 0.885027 0.052782
vt 0.910667 0.008437
vt 0.963988 0.044924
vt 0.933709 0.083524
vt 0.915682 0.082756
vt 0.915705 0.087211
vt 0.933461 0.087719
vt 0.881424 0.082949
vt 0.862777 0.082812
vt 0.862793 0.087799
vt 0.881281 0.087949
vt 0.942144 0.053933
vt 0.940077 0.057157
vt 0.951702 0.056715
vt 0.952141 0.052655
vt 0.894131 0.347695
vt 0.910961 0.347442
vt 0.911849 0.337152
vt 0.893945 0.336106
vt 0.767176 0.064852
vt 0.767880 0.060461
vt 0.758460 0.061944
vt 0.758396 0.066202
vt 0.773319 0.199723
vt 0.790142 0.202319
vt 0.791575 0.190556
vt 0.772530 0.189209
vt 0.902184 0.083795
vt 0.899826 0.086961
vt 0.933468 0.092634
vt 0.945300 0.092153
vt 0.946204 0.088035
vt 0.848234 0.083090
vt 0.847202 0.087385
vt 0.881331 0.092634
vt 0.893273 0.092116
vt 0.894566 0.088036
vt 0.924792 0.346300
vt 0.928317 0.338804
vt 0.894817 0.324907
vt 0.883565 0.325966
vt 0.880697 0.336120
vt 0.801026 0.202335
vt 0.804742 0.193078
vt 0.775359 0.180638
vt 0.762591 0.182815
vt 0.760151 0.189341
vt 0.951417 0.061511
vt 0.962167 0.061575
vt 0.963535 0.057039
vt 0.912036 0.327316
vt 0.758110 0.056469
vt 0.750392 0.056529
vt 0.748685 0.060476
vt 0.792789 0.179876
vt 0.925470 0.330880
vt 0.883334 0.346025
vt 0.803783 0.183066
vt 0.761237 0.196380
vt 0.915430 0.092148
vt 0.862767 0.091717
vt 0.941142 0.061360
vt 0.765953 0.056496
vt 0.900750 0.091294
vt 0.945069 0.084449
vt 0.849291 0.090668
vt 0.893607 0.083565
vt 0.962363 0.053311
vt 0.749398 0.064856
vt 0.904200 0.061309
vt 0.921401 0.061575
vt 0.921301 0.057041
vt 0.904133 0.057030
vt 0.919287 0.021893
vt 0.901396 0.021775
vt 0.901577 0.026597
vt 0.919124 0.026864
vt 0.963498 0.314820
vt 0.962067 0.317373
vt 0.972449 0.315852
vt 0.972623 0.313763
vt 0.679785 0.066933
vt 0.665172 0.067016
vt 0.663291 0.077814
vt 0.678498 0.078976
vt 0.832804 0.029108
vt 0.833663 0.025498
vt 0.825122 0.026561
vt 0.824930 0.030057
vt 0.716421 0.096124
vt 0.730851 0.095897
vt 0.728549 0.083427
vt 0.712919 0.084673
vt 0.932828 0.059730
vt 0.934817 0.056343
vt 0.903744 0.052069
vt 0.891815 0.053585
vt 0.891326 0.057735
vt 0.889401 0.022295
vt 0.888486 0.026622
vt 0.919178 0.031561
vt 0.930886 0.031021
vt 0.932281 0.026984
vt 0.654545 0.069295
vt 0.650943 0.076266
vt 0.676329 0.090200
vt 0.686239 0.090135
vt 0.689358 0.080677
vt 0.739500 0.091136
vt 0.739682 0.081323
vt 0.712368 0.074952
vt 0.703871 0.080019
vt 0.703814 0.087110
vt 0.972150 0.318218
vt 0.981515 0.320379
vt 0.982637 0.317202
vt 0.661821 0.087992
vt 0.825049 0.022115
vt 0.817743 0.022170
vt 0.816221 0.025334
vt 0.726247 0.072030
vt 0.652333 0.084333
vt 0.688890 0.070951
vt 0.736227 0.072383
vt 0.706573 0.093584
vt 0.921326 0.051923
vt 0.901757 0.030537
vt 0.963054 0.320683
vt 0.832277 0.022247
vt 0.933676 0.051960
vt 0.892806 0.061221
vt 0.890344 0.029981
vt 0.931433 0.023091
vt 0.981594 0.314254
vt 0.816794 0.028946
vt 0.822160 0.035576
vt 0.808258 0.035318
vt 0.808281 0.039801
vt 0.822319 0.039836
vt 0.966353 0.109020
vt 0.981500 0.108314
vt 0.981101 0.103322
vt 0.966224 0.103986
vt 0.901160 0.275108
vt 0.899431 0.277700
vt 0.908913 0.276208
vt 0.909227 0.274093
vt 0.660223 0.061673
vt 0.672271 0.061414
vt 0.673422 0.052226
vt 0.660844 0.051349
vt 0.832611 0.013118
vt 0.833212 0.009371
vt 0.825174 0.010636
vt 0.825118 0.014271
vt 0.983966 0.214226
vt 0.972673 0.211427
vt 0.971352 0.221865
vt 0.984281 0.223645
vt 0.794698 0.036366
vt 0.792326 0.039552
vt 0.822538 0.044809
vt 0.832916 0.044129
vt 0.833391 0.040038
vt 0.996030 0.106921
vt 0.996733 0.102541
vt 0.966160 0.099235
vt 0.956217 0.100541
vt 0.954778 0.104720
vt 0.684684 0.060874
vt 0.688105 0.054283
vt 0.661568 0.041268
vt 0.652897 0.042182
vt 0.650943 0.051230
vt 0.964388 0.211278
vt 0.961160 0.219230
vt 0.981468 0.231203
vt 0.992936 0.229705
vt 0.995344 0.223961
vt 0.908685 0.278614
vt 0.917598 0.280823
vt 0.918719 0.277593
vt 0.673934 0.043422
vt 0.824875 0.005964
vt 0.818288 0.006015
vt 0.816831 0.009384
vt 0.969315 0.231372
vt 0.685834 0.047085
vt 0.651897 0.060000
vt 0.961277 0.228111
vt 0.994621 0.217636
vt 0.808009 0.044769
vt 0.980830 0.099396
vt 0.900257 0.281068
vt 0.831567 0.005987
vt 0.793255 0.043913
vt 0.831851 0.036445
vt 0.994389 0.099414
vt 0.955693 0.108548
vt 0.917689 0.274600
vt 0.817440 0.013122
f 1/1/1 2/2/2 3/3/3
f 3/3/3 4/4/4 1/1/1
f 1/1/1 4/4/4 5/5/5
f 5/5/5 6/6/6 1/1/1
f 6/6/6 5/5/5 7/7/7
f 7/7/7 8/8/8 6/6/6
f 8/8/8 7/7/7 9/9/9
f 9/9/9 10/10/10 8/8/8
f 10/10/10 9/9/9 11/11/11
f 11/11/11 12/12/12 10/10/10
f 12/12/12 11/11/11 13/13/13
f 13/13/13 14/14/14 12/12/12
f 14/14/14 13/13/13 15/15/15
f 15/15/15 16/16/16 14/14/14
f 16/16/16 15/15/15 17/17/17
f 17/17/17 18/18/18 16/16/16
f 18/18/18 17/17/17 19/19/19
f 19/19/19 20/20/20 18/18/18
f 20/20/20 19/19/19 21/21/21
f 21/21/21 22/22/22 20/20/20
f 23/23/23 24/24/24 25/25/25
f 25/25/25 26/26/26 23/23/23
f 26/26/26 25/25/25 27/27/27
f 27/27/27 28/28/28 26/26/26
f 29/29/29 30/30/30 31/31/31
f 31/31/31 32/32/32 29/29/29
f 30/30/30 33/33/33 34/34/34
f 34/34/34 31/31/31 30/30/30
f 35/35/35 34/34/34 36/36/36
f 36/36/36 37/37/37 35/35/35
f 38/38/38 39/39/39 40/40/40
f 40/40/40 41/41/41 38/38/38
f 41/41/41 40/40/40 42/42/42
f 42/42/42 43/43/43 41/41/41
f 43/43/43 42/42/42 44/44/44
f 44/44/44 45/45/45 43/43/43
f 45/45/45 44/44/44 46/46/46
f 46/46/46 47/47/47 45/45/45
f 48/48/48 49/49/49 50/50/50
f 50/50/50 51/51/51 48/48/48
f 51/51/51 50/50/50 52/52/52
f 52/52/52 53/53/53 51/51/51
f 54/54/54 55/55/55 49/49/49
f 49/49/49 46/46/46 54/54/54
f 29/29/29 32/32/32 56/56/56
f 56/56/56 57/57/57 29/29/29
f 39/39/39 38/38/38 58/58/58
f 58/58/58 36/36/36 39/39/39
f 39/39/39 33/33/33 59/59/59
f 59/59/59 40/40/40 39/39/39
f 40/40/40 59/59/59 60/60/60
f 60/60/60 42/42/42 40/40/40
f 42/42/42 60/60/60 61/61/61
f 61/61/61 44/44/44 42/42/42
f 44/44/44 61/61/61 54/54/54
f 54/54/54 46/46/46 44/44/44
f 49/49/49 55/55/55 62/62/62
f 62/62/62 50/50/50 49/49/49
f 50/50/50 62/62/62 63/63/63
f 63/63/63 52/52/52 50/50/50
f 49/49/49 48/48/48 47/47/47
f 47/47/47 46/46/46 49/49/49
f 31/31/31 64/64/64 65/65/65
f 65/65/65 32/32/32 31/31/31
f 34/34/34 35/35/35 64/64/64
f 64/64/64 31/31/31 34/34/34
f 34/34/34 33/33/33 39/39/39
f 39/39/39 36/36/36 34/34/34
f 32/32/32 65/65/65 66/66/66
f 66/66/66 56/56/56 32/32/32
f 58/58/58 67/67/67 37/37/37
f 37/37/37 36/36/36 58/58/58
f 2/2/2 68/68/68 69/69/69
f 69/69/69 3/3/3 2/2/2
f 3/3/3 59/59/59 33/33/33
f 33/33/33 4/4/4 3/3/3
f 4/4/4 33/33/33 30/30/30
f 30/30/30 5/5/5 4/4/4
f 5/5/5 30/30/30 29/29/29
f 29/29/29 7/7/7 5/5/5
f 7/7/7 29/29/29 57/57/57
f 57/57/57 9/9/9 7/7/7
f 9/9/9 57/57/57 70/70/70
f 70/70/70 11/11/11 9/9/9
f 11/11/11 70/70/70 71/71/71
f 71/71/71 13/13/13 11/11/11
f 13/13/13 71/71/71 72/72/72
f 72/72/72 15/15/15 13/13/13
f 15/15/15 72/72/72 73/73/73
f 73/73/73 17/17/17 15/15/15
f 17/17/17 73/73/73 74/74/74
f 74/74/74 19/19/19 17/17/17
f 19/19/19 74/74/74 75/75/75
f 75/75/75 21/21/21 19/19/19
f 24/24/24 76/76/76 77/77/77
f 77/77/77 25/25/25 24/24/24
f 25/25/25 77/77/77 78/78/78
f 78/78/78 27/27/27 25/25/25
f 69/69/69 60/60/60 59/59/59
f 59/59/59 3/3/3 69/69/69
f 27/27/27 69/69/69 68/68/68
f 68/68/68 28/28/28 27/27/27
f 78/78/78 60/60/60 69/69/69
f 69/69/69 27/27/27 78/78/78
f 61/61/61 60/60/60 78/78/78
f 78/78/78 79/79/79 61/61/61
f 79/79/79 78/78/78 77/77/77
f 77/77/77 80/80/80 79/79/79
f 80/80/80 77/77/77 81/81/81
f 81/81/81 82/82/82 80/80/80
f 76/76/76 75/75/75 83/83/83
f 83/83/83 84/84/84 76/76/76
f 76/76/76 84/84/84 81/81/81
f 81/81/81 77/77/77 76/76/76
f 21/21/21 24/24/24 23/23/23
f 23/23/23 22/22/22 21/21/21
f 75/75/75 76/76/76 24/24/24
f 24/24/24 21/21/21 75/75/75
f 75/75/75 74/74/74 85/85/85
f 85/85/85 83/83/83 75/75/75
f 82/82/82 81/81/81 84/84/84
f 84/84/84 86/86/86 82/82/82
f 86/86/86 84/84/84 83/83/83
f 83/83/83 87/87/87 86/86/86
f 87/87/87 83/83/83 85/85/85
f 85/85/85 88/88/88 87/87/87
f 82/82/82 86/86/86 89/89/89
f 89/89/89 90/90/90 82/82/82
f 86/86/86 87/87/87 91/91/91
f 91/91/91 89/89/89 86/86/86
f 87/87/87 88/88/88 92/92/92
f 92/92/92 91/91/91 87/87/87
f 90/90/90 89/89/89 93/93/93
f 93/93/93 94/94/94 90/90/90
f 89/89/89 91/91/91 95/95/95
f 95/95/95 93/93/93 89/89/89
f 91/91/91 92/92/92 96/96/96
f 96/96/96 95/95/95 91/91/91
f 61/61/61 79/79/79 97/97/97
f 97/97/97 54/54/54 61/61/61
f 79/79/79 80/80/80 98/98/98
f 98/98/98 97/97/97 79/79/79
f 80/80/80 82/82/82 99/99/99
f 99/99/99 98/98/98 80/80/80
f 54/54/54 97/97/97 100/100/100
f 100/100/100 55/55/55 54/54/54
f 97/97/97 98/98/98 101/101/101
f 101/101/101 100/100/100 97/97/97
f 98/98/98 99/99/99 102/102/102
f 102/102/102 101/101/101 98/98/98
f 95/95/95 96/96/96 103/103/103
f 103/103/103 104/104/104 95/95/95
f 104/104/104 103/103/103 105/105/105
f 105/105/105 106/106/106 104/104/104
f 102/102/102 99/99/99 107/107/107
f 107/107/107 108/108/108 102/102/102
f 99/99/99 82/82/82 90/90/90
f 90/90/90 107/107/107 99/99/99
f 62/62/62 55/55/55 109/109/109
f 109/109/109 110/110/110 62/62/62
f 63/63/63 62/62/62 110/110/110
f 110/110/110 111/111/111 63/63/63
f 55/55/55 100/100/100 112/112/112
f 112/112/112 109/109/109 55/55/55
f 100/100/100 101/101/101 113/113/113
f 113/113/113 112/112/112 100/100/100
f 101/101/101 102/102/102 114/114/114
f 114/114/114 113/113/113 101/101/101
f 102/102/102 108/108/108 115/115/115
f 115/115/115 114/114/114 102/102/102
f 109/109/109 116/116/116 117/117/117
f 117/117/117 118/118/118 109/109/109
f 110/110/110 119/119/119 120/120/120
f 120/120/120 121/121/121 110/110/110
f 112/112/112 122/122/122 123/123/123
f 123/123/123 124/124/124 112/112/112
f 113/113/113 125/125/125 122/122/122
f 122/122/122 112/112/112 113/113/113
f 114/114/114 126/126/126 125/125/125
f 125/125/125 113/113/113 114/114/114
f 127/127/127 128/128/128 129/129/129
f 129/129/129 115/115/115 127/127/127
f 130/130/130 131/131/131 132/132/132
f 132/132/132 133/133/133 130/130/130
f 131/131/131 134/134/134 135/135/135
f 135/135/135 132/132/132 131/131/131
f 133/133/133 132/132/132 136/136/136
f 136/136/136 137/137/137 133/133/133
f 132/132/132 135/135/135 138/138/138
f 138/138/138 136/136/136 132/132/132
f 139/139/139 140/140/140 141/141/141
f 141/141/141 142/142/142 139/139/139
f 140/140/140 143/143/143 144/144/144
f 144/144/144 141/141/141 140/140/140
f 95/95/95 104/104/104 145/145/145
f 145/145/145 146/146/146 95/95/95
f 147/147/147 148/148/148 149/149/149
f 149/149/149 150/150/150 147/147/147
f 104/104/104 106/106/106 151/151/151
f 151/151/151 145/145/145 104/104/104
f 152/152/152 153/153/153 154/154/154
f 154/154/154 155/155/155 152/152/152
f 156/156/156 157/157/157 158/158/158
f 158/158/158 159/159/159 156/156/156
f 160/160/160 161/161/161 162/162/162
f 162/162/162 163/163/163 160/160/160
f 146/146/146 94/94/94 93/93/93
f 93/93/93 95/95/95 146/146/146
f 161/161/161 164/164/164 162/162/162
f 143/143/143 164/164/164 165/165/165
f 165/165/165 144/144/144 143/143/143
f 165/165/165 164/164/164 161/161/161
f 161/161/161 166/166/166 165/165/165
f 107/107/107 167/167/167 168/168/168
f 168/168/168 108/108/108 107/107/107
f 90/90/90 94/94/94 167/167/167
f 167/167/167 107/107/107 90/90/90
f 108/108/108 168/168/168 127/127/127
f 127/127/127 115/115/115 108/108/108
f 129/129/129 169/169/169 170/170/170
f 170/170/170 115/115/115 129/129/129
f 171/171/171 172/172/172 173/173/173
f 173/173/173 174/174/174 171/171/171
f 175/175/175 171/171/171 174/174/174
f 174/174/174 176/176/176 175/175/175
f 177/177/177 178/178/178 179/179/179
f 179/179/179 180/180/180 177/177/177
f 181/181/181 182/182/182 183/183/183
f 183/183/183 173/173/173 181/181/181
f 174/174/174 184/184/184 178/178/178
f 174/174/174 178/178/178 177/177/177
f 174/174/174 177/177/177 176/176/176
f 185/185/185 182/182/182 186/186/186
f 186/186/186 187/187/187 185/185/185
f 188/188/188 189/189/189 190/190/190
f 190/190/190 191/191/191 188/188/188
f 192/192/192 188/188/188 191/191/191
f 191/191/191 193/193/193 192/192/192
f 194/194/194 192/192/192 193/193/193
f 193/193/193 195/195/195 194/194/194
f 196/196/196 197/197/197 198/198/198
f 198/198/198 199/199/199 196/196/196
f 189/189/189 196/196/196 199/199/199
f 199/199/199 190/190/190 189/189/189
f 200/200/200 201/201/201 202/202/202
f 202/202/202 203/203/203 200/200/200
f 204/204/204 200/200/200 203/203/203
f 203/203/203 205/205/205 204/204/204
f 206/206/206 204/204/204 205/205/205
f 205/205/205 207/207/207 206/206/206
f 208/208/208 209/209/209 210/210/210
f 210/210/210 211/211/211 208/208/208
f 201/201/201 208/208/208 211/211/211
f 211/211/211 202/202/202 201/201/201
f 212/212/212 213/213/213 214/214/214
f 214/214/214 215/215/215 212/212/212
f 216/216/216 212/212/212 215/215/215
f 215/215/215 217/217/217 216/216/216
f 218/218/218 216/216/216 217/217/217
f 217/217/217 219/219/219 218/218/218
f 220/220/220 221/221/221 222/222/222
f 222/222/222 223/223/223 220/220/220
f 213/213/213 220/220/220 223/223/223
f 223/223/223 214/214/214 213/213/213
f 215/215/215 214/214/214 224/224/224
f 224/224/224 225/225/225 215/215/215
f 217/217/217 215/215/215 225/225/225
f 225/225/225 226/226/226 217/217/217
f 219/219/219 217/217/217 226/226/226
f 226/226/226 227/227/227 219/219/219
f 223/223/223 222/222/222 228/228/228
f 228/228/228 229/229/229 223/223/223
f 214/214/214 223/223/223 229/229/229
f 229/229/229 224/224/224 214/214/214
f 230/230/230 231/231/231 232/232/232
f 232/232/232 233/233/233 230/230/230
f 234/234/234 230/230/230 233/233/233
f 233/233/233 235/235/235 234/234/234
f 236/236/236 234/234/234 235/235/235
f 235/235/235 237/237/237 236/236/236
f 238/238/238 239/239/239 240/240/240
f 240/240/240 241/241/241 238/238/238
f 231/231/231 238/238/238 241/241/241
f 241/241/241 232/232/232 231/231/231
f 233/233/233 232/232/232 242/242/242
f 242/242/242 243/243/243 233/233/233
f 235/235/235 233/233/233 243/243/243
f 243/243/243 244/244/244 235/235/235
f 237/237/237 235/235/235 244/244/244
f 244/244/244 245/245/245 237/237/237
f 241/241/241 240/240/240 246/246/246
f 246/246/246 247/247/247 241/241/241
f 232/232/232 241/241/241 247/247/247
f 247/247/247 242/242/242 232/232/232
f 243/243/243 242/242/242 248/248/248
f 248/248/248 249/249/249 243/243/243
f 244/244/244 243/243/243 249/249/249
f 249/249/249 250/250/250 244/244/244
f 245/245/245 244/244/244 250/250/250
f 250/250/250 251/251/251 245/245/245
f 247/247/247 246/246/246 252/252/252
f 252/252/252 253/253/253 247/247/247
f 242/242/242 247/247/247 253/253/253
f 253/253/253 248/248/248 242/242/242
f 249/249/249 248/248/248 254/254/254
f 254/254/254 255/255/255 249/249/249
f 250/250/250 249/249/249 255/255/255
f 255/255/255 256/256/256 250/250/250
f 251/251/251 250/250/250 256/256/256
f 256/256/256 257/257/257 251/251/251
f 253/253/253 252/252/252 258/258/258
f 258/258/258 259/259/259 253/253/253
f 248/248/248 253/253/253 259/259/259
f 259/259/259 254/254/254 248/248/248
f 255/255/255 254/254/254 260/260/260
f 260/260/260 261/261/261 255/255/255
f 256/256/256 255/255/255 261/261/261
f 261/261/261 262/262/262 256/256/256
f 257/257/257 256/256/256 262/262/262
f 262/262/262 263/263/263 257/257/257
f 259/259/259 258/258/258 264/264/264
f 264/264/264 265/265/265 259/259/259
f 254/254/254 259/259/259 265/265/265
f 265/265/265 260/260/260 254/254/254
f 172/172/172 266/266/266 181/181/181
f 181/181/181 173/173/173 172/172/172
f 183/183/183 184/184/184 174/174/174
f 174/174/174 173/173/173 183/183/183
f 266/266/266 172/172/172 267/267/267
f 267/267/267 268/268/268 266/266/266
f 172/172/172 171/171/171 175/175/175
f 175/175/175 267/267/267 172/172/172
f 177/177/177 180/180/180 269/269/269
f 269/269/269 270/270/270 177/177/177
f 271/271/271 272/272/272 273/273/273
f 273/273/273 274/274/274 271/271/271
f 275/275/275 276/276/276 277/277/277
f 277/277/277 278/278/278 275/275/275
f 278/278/278 277/277/277 279/279/279
f 279/279/279 280/280/280 278/278/278
f 280/280/280 279/279/279 281/281/281
f 281/281/281 282/282/282 280/280/280
f 279/279/279 277/277/277 283/283/283
f 283/283/283 281/281/281 279/279/279
f 277/277/277 276/276/276 284/284/284
f 284/284/284 283/283/283 277/277/277
f 272/272/272 206/206/206 207/207/207
f 207/207/207 285/285/285 272/272/272
f 276/276/276 273/273/273 286/286/286
f 286/286/286 284/284/284 276/276/276
f 202/202/202 213/213/213 212/212/212
f 212/212/212 203/203/203 202/202/202
f 203/203/203 212/212/212 216/216/216
f 216/216/216 205/205/205 203/203/203
f 205/205/205 216/216/216 218/218/218
f 218/218/218 207/207/207 205/205/205
f 210/210/210 221/221/221 220/220/220
f 220/220/220 211/211/211 210/210/210
f 211/211/211 220/220/220 213/213/213
f 213/213/213 202/202/202 211/211/211
f 281/281/281 245/245/245 251/251/251
f 251/251/251 282/282/282 281/281/281
f 283/283/283 237/237/237 245/245/245
f 245/245/245 281/281/281 283/283/283
f 284/284/284 236/236/236 237/237/237
f 237/237/237 283/283/283 284/284/284
f 207/207/207 218/218/218 219/219/219
f 219/219/219 285/285/285 207/207/207
f 285/285/285 219/219/219 227/227/227
f 227/227/227 286/286/286 285/285/285
f 190/190/190 201/201/201 200/200/200
f 200/200/200 191/191/191 190/190/190
f 191/191/191 200/200/200 204/204/204
f 204/204/204 193/193/193 191/191/191
f 193/193/193 204/204/204 206/206/206
f 206/206/206 195/195/195 193/193/193
f 198/198/198 209/209/209 208/208/208
f 208/208/208 199/199/199 198/198/198
f 199/199/199 208/208/208 201/201/201
f 201/201/201 190/190/190 199/199/199
f 187/187/187 194/194/194 195/195/195
f 195/195/195 185/185/185 187/187/187
f 272/272/272 271/271/271 195/195/195
f 195/195/195 206/206/206 272/272/272
f 195/195/195 271/271/271 180/180/180
f 180/180/180 185/185/185 195/195/195
f 183/183/183 182/182/182 185/185/185
f 185/185/185 287/287/287 183/183/183
f 178/178/178 184/184/184 183/183/183
f 178/178/178 183/183/183 287/287/287
f 178/178/178 287/287/287 179/179/179
f 287/287/287 185/185/185 180/180/180
f 180/180/180 179/179/179 287/287/287
f 271/271/271 274/274/274 269/269/269
f 269/269/269 180/180/180 271/271/271
f 288/288/288 289/289/289 290/290/290
f 290/290/290 291/291/291 288/288/288
f 289/289/289 292/292/292 293/293/293
f 293/293/293 290/290/290 289/289/289
f 292/292/292 294/294/294 295/295/295
f 295/295/295 293/293/293 292/292/292
f 294/294/294 296/296/296 297/297/297
f 297/297/297 295/295/295 294/294/294
f 296/296/296 298/298/298 299/299/299
f 299/299/299 297/297/297 296/296/296
f 298/298/298 300/300/300 301/301/301
f 301/301/301 299/299/299 298/298/298
f 300/300/300 302/302/302 303/303/303
f 303/303/303 301/301/301 300/300/300
f 302/302/302 304/304/304 305/305/305
f 305/305/305 303/303/303 302/302/302
f 304/304/304 306/306/306 307/307/307
f 307/307/307 305/305/305 304/304/304
f 308/308/308 309/309/309 310/310/310
f 310/310/310 311/311/311 308/308/308
f 309/309/309 312/312/312 313/313/313
f 313/313/313 310/310/310 309/309/309
f 314/314/314 315/315/315 316/316/316
f 316/316/316 317/317/317 314/314/314
f 315/315/315 288/288/288 291/291/291
f 291/291/291 316/316/316 315/315/315
f 312/312/312 314/314/314 317/317/317
f 317/317/317 313/313/313 312/312/312
f 306/306/306 308/308/308 311/311/311
f 311/311/311 307/307/307 306/306/306
f 291/291/291 290/290/290 318/318/318
f 318/318/318 319/319/319 291/291/291
f 290/290/290 293/293/293 320/320/320
f 320/320/320 318/318/318 290/290/290
f 293/293/293 295/295/295 321/321/321
f 321/321/321 320/320/320 293/293/293
f 295/295/295 297/297/297 322/322/322
f 322/322/322 321/321/321 295/295/295
f 297/297/297 299/299/299 323/323/323
f 323/323/323 322/322/322 297/297/297
f 299/299/299 301/301/301 324/324/324
f 324/324/324 323/323/323 299/299/299
f 301/301/301 303/303/303 325/325/325
f 325/325/325 324/324/324 301/301/301
f 303/303/303 305/305/305 326/326/326
f 326/326/326 325/325/325 303/303/303
f 305/305/305 307/307/307 327/327/327
f 327/327/327 326/326/326 305/305/305
f 311/311/311 310/310/310 328/328/328
f 328/328/328 329/329/329 311/311/311
f 310/310/310 313/313/313 330/330/330
f 330/330/330 328/328/328 310/310/310
f 317/317/317 316/316/316 331/331/331
f 331/331/331 332/332/332 317/317/317
f 316/316/316 291/291/291 319/319/319
f 319/319/319 331/331/331 316/316/316
f 313/313/313 317/317/317 332/332/332
f 332/332/332 330/330/330 313/313/313
f 307/307/307 311/311/311 329/329/329
f 329/329/329 327/327/327 307/307/307
f 333/333/333 334/334/334 335/335/335
f 335/335/335 336/336/336 333/333/333
f 337/337/337 338/338/338 339/339/339
f 339/339/339 340/340/340 337/337/337
f 340/340/340 339/339/339 334/334/334
f 334/334/334 333/333/333 340/340/340
f 334/334/334 324/324/324 325/325/325
f 325/325/325 335/335/335 334/334/334
f 336/336/336 328/328/328 330/330/330
f 330/330/330 333/333/333 336/336/336
f 338/338/338 322/322/322 323/323/323
f 323/323/323 339/339/339 338/338/338
f 340/340/340 332/332/332 331/331/331
f 331/331/331 337/337/337 340/340/340
f 339/339/339 323/323/323 324/324/324
f 324/324/324 334/334/334 339/339/339
f 333/333/333 330/330/330 332/332/332
f 332/332/332 340/340/340 333/333/333
f 336/336/336 335/335/335 327/327/327
f 327/327/327 329/329/329 336/336/336
f 335/335/335 325/325/325 326/326/326
f 326/326/326 327/327/327 335/335/335
f 322/322/322 338/338/338 320/320/320
f 320/320/320 321/321/321 322/322/322
f 338/338/338 337/337/337 318/318/318
f 318/318/318 320/320/320 338/338/338
f 318/318/318 337/337/337 331/331/331
f 331/331/331 319/319/319 318/318/318
f 336/336/336 329/329/329 328/328/328
f 341/341/341 275/275/275 278/278/278
f 278/278/278 342/342/342 341/341/341
f 343/343/343 342/342/342 344/344/344
f 344/344/344 345/345/345 343/343/343
f 342/342/342 278/278/278 280/280/280
f 280/280/280 344/344/344 342/342/342
f 345/345/345 344/344/344 346/346/346
f 346/346/346 347/347/347 345/345/345
f 344/344/344 280/280/280 282/282/282
f 282/282/282 346/346/346 344/344/344
f 346/346/346 282/282/282 251/251/251
f 251/251/251 257/257/257 346/346/346
f 347/347/347 346/346/346 257/257/257
f 257/257/257 263/263/263 347/347/347
f 224/224/224 231/231/231 230/230/230
f 230/230/230 225/225/225 224/224/224
f 225/225/225 230/230/230 234/234/234
f 234/234/234 226/226/226 225/225/225
f 226/226/226 234/234/234 236/236/236
f 236/236/236 227/227/227 226/226/226
f 228/228/228 239/239/239 238/238/238
f 238/238/238 229/229/229 228/228/228
f 229/229/229 238/238/238 231/231/231
f 231/231/231 224/224/224 229/229/229
f 269/269/269 341/341/341 348/348/348
f 348/348/348 270/270/270 269/269/269
f 273/273/273 276/276/276 275/275/275
f 275/275/275 274/274/274 273/273/273
f 273/273/273 272/272/272 285/285/285
f 285/285/285 286/286/286 273/273/273
f 227/227/227 236/236/236 284/284/284
f 284/284/284 286/286/286 227/227/227
f 274/274/274 275/275/275 341/341/341
f 341/341/341 269/269/269 274/274/274
f 349/349/349 350/350/350 351/351/351
f 351/351/351 352/352/352 349/349/349
f 350/350/350 353/353/353 354/354/354
f 354/354/354 351/351/351 350/350/350
f 353/353/353 355/355/355 356/356/356
f 356/356/356 354/354/354 353/353/353
f 355/355/355 357/357/357 358/358/358
f 358/358/358 356/356/356 355/355/355
f 359/359/359 360/360/360 361/361/361
f 361/361/361 362/362/362 359/359/359
f 360/360/360 363/363/363 364/364/364
f 364/364/364 361/361/361 360/360/360
f 363/363/363 365/365/365 366/366/366
f 366/366/366 364/364/364 363/363/363
f 357/357/357 359/359/359 362/362/362
f 362/362/362 358/358/358 357/357/357
f 354/354/354 356/356/356 367/367/367
f 367/367/367 368/368/368 354/354/354
f 356/356/356 358/358/358 369/369/369
f 369/369/369 367/367/367 356/356/356
f 358/358/358 362/362/362 370/370/370
f 370/370/370 369/369/369 358/358/358
f 367/367/367 371/371/371 372/372/372
f 372/372/372 368/368/368 367/367/367
f 369/369/369 373/373/373 371/371/371
f 371/371/371 367/367/367 369/369/369
f 370/370/370 374/374/374 373/373/373
f 373/373/373 369/369/369 370/370/370
f 370/370/370 362/362/362 361/361/361
f 361/361/361 364/364/364 370/370/370
f 374/374/374 370/370/370 364/364/364
f 364/364/364 366/366/366 374/374/374
f 354/354/354 368/368/368 352/352/352
f 352/352/352 351/351/351 354/354/354
f 368/368/368 372/372/372 375/375/375
f 375/375/375 352/352/352 368/368/368
f 376/376/376 377/377/377 378/378/378
f 378/378/378 379/379/379 376/376/376
f 380/380/380 376/376/376 379/379/379
f 379/379/379 381/381/381 380/380/380
f 152/152/152 155/155/155 382/382/382
f 382/382/382 383/383/383 152/152/152
f 156/156/156 159/159/159 384/384/384
f 384/384/384 385/385/385 156/156/156
f 378/378/378 386/386/386 387/387/387
f 387/387/387 379/379/379 378/378/378
f 379/379/379 387/387/387 388/388/388
f 388/388/388 381/381/381 379/379/379
f 382/382/382 389/389/389 390/390/390
f 390/390/390 383/383/383 382/382/382
f 384/384/384 391/391/391 392/392/392
f 392/392/392 385/385/385 384/384/384
f 105/105/105 377/377/377 376/376/376
f 376/376/376 106/106/106 105/105/105
f 106/106/106 376/376/376 380/380/380
f 380/380/380 151/151/151 106/106/106
f 153/153/153 147/147/147 150/150/150
f 150/150/150 154/154/154 153/153/153
f 157/157/157 160/160/160 163/163/163
f 163/163/163 158/158/158 157/157/157
f 393/393/393 394/394/394 395/395/395
f 395/395/395 396/396/396 393/393/393
f 394/394/394 175/175/175 397/397/397
f 397/397/397 395/395/395 394/394/394
f 398/398/398 393/393/393 396/396/396
f 396/396/396 399/399/399 398/398/398
f 400/400/400 399/399/399 401/401/401
f 401/401/401 402/402/402 400/400/400
f 403/403/403 404/404/404 405/405/405
f 405/405/405 406/406/406 403/403/403
f 404/404/404 407/407/407 408/408/408
f 408/408/408 405/405/405 404/404/404
f 409/409/409 403/403/403 406/406/406
f 406/406/406 410/410/410 409/409/409
f 411/411/411 409/409/409 410/410/410
f 410/410/410 412/412/412 411/411/411
f 406/406/406 405/405/405 413/413/413
f 413/413/413 414/414/414 406/406/406
f 405/405/405 408/408/408 415/415/415
f 415/415/415 413/413/413 405/405/405
f 410/410/410 406/406/406 414/414/414
f 414/414/414 416/416/416 410/410/410
f 412/412/412 410/410/410 416/416/416
f 416/416/416 417/417/417 412/412/412
f 397/397/397 175/175/175 176/176/176
f 176/176/176 418/418/418 397/397/397
f 176/176/176 177/177/177 270/270/270
f 270/270/270 418/418/418 176/176/176
f 270/270/270 348/348/348 419/419/419
f 419/419/419 418/418/418 270/270/270
f 343/343/343 345/345/345 420/420/420
f 420/420/420 421/421/421 343/343/343
f 345/345/345 347/347/347 263/263/263
f 263/263/263 420/420/420 345/345/345
f 348/348/348 343/343/343 421/421/421
f 421/421/421 419/419/419 348/348/348
f 418/418/418 419/419/419 422/422/422
f 422/422/422 397/397/397 418/418/418
f 421/421/421 420/420/420 423/423/423
f 423/423/423 424/424/424 421/421/421
f 420/420/420 263/263/263 425/425/425
f 425/425/425 423/423/423 420/420/420
f 419/419/419 421/421/421 424/424/424
f 424/424/424 422/422/422 419/419/419
f 407/407/407 426/426/426 427/427/427
f 427/427/427 408/408/408 407/407/407
f 428/428/428 429/429/429 430/430/430
f 430/430/430 431/431/431 428/428/428
f 432/432/432 433/433/433 434/434/434
f 434/434/434 430/430/430 432/432/432
f 426/426/426 428/428/428 435/435/435
f 435/435/435 427/427/427 426/426/426
f 408/408/408 427/427/427 436/436/436
f 436/436/436 415/415/415 408/408/408
f 435/435/435 437/437/437 438/438/438
f 438/438/438 439/439/439 435/435/435
f 437/437/437 440/440/440 441/441/441
f 441/441/441 438/438/438 437/437/437
f 427/427/427 435/435/435 439/439/439
f 439/439/439 436/436/436 427/427/427
f 442/442/442 440/440/440 437/437/437
f 437/437/437 443/443/443 442/442/442
f 433/433/433 442/442/442 443/443/443
f 443/443/443 434/434/434 433/433/433
f 430/430/430 429/429/429 444/444/444
f 444/444/444 432/432/432 430/430/430
f 445/445/445 446/446/446 260/260/260
f 260/260/260 265/265/265 445/445/445
f 447/447/447 425/425/425 263/263/263
f 263/263/263 262/262/262 447/447/447
f 448/448/448 447/447/447 262/262/262
f 262/262/262 261/261/261 448/448/448
f 446/446/446 448/448/448 261/261/261
f 261/261/261 260/260/260 446/446/446
f 443/443/443 437/437/437 435/435/435
f 435/435/435 449/449/449 443/443/443
f 449/449/449 435/435/435 428/428/428
f 428/428/428 431/431/431 449/449/449
f 431/431/431 430/430/430 434/434/434
f 431/431/431 434/434/434 443/443/443
f 431/431/431 443/443/443 449/449/449
f 450/450/450 451/451/451 452/452/452
f 452/452/452 453/453/453 450/450/450
f 451/451/451 454/454/454 455/455/455
f 455/455/455 452/452/452 451/451/451
f 454/454/454 456/456/456 457/457/457
f 457/457/457 455/455/455 454/454/454
f 458/458/458 459/459/459 460/460/460
f 460/460/460 461/461/461 458/458/458
f 456/456/456 458/458/458 461/461/461
f 461/461/461 457/457/457 456/456/456
f 459/459/459 462/462/462 463/463/463
f 463/463/463 460/460/460 459/459/459
f 464/464/464 465/465/465 466/466/466
f 466/466/466 467/467/467 464/464/464
f 468/468/468 469/469/469 470/470/470
f 470/470/470 471/471/471 468/468/468
f 472/472/472 473/473/473 474/474/474
f 474/474/474 475/475/475 472/472/472
f 473/473/473 476/476/476 477/477/477
f 477/477/477 474/474/474 473/473/473
f 476/476/476 478/478/478 479/479/479
f 479/479/479 477/477/477 476/476/476
f 480/480/480 481/481/481 482/482/482
f 482/482/482 483/483/483 480/480/480
f 481/481/481 484/484/484 485/485/485
f 485/485/485 482/482/482 481/481/481
f 486/486/486 487/487/487 463/463/463
f 463/463/463 462/462/462 486/486/486
f 487/487/487 488/488/488 489/489/489
f 489/489/489 463/463/463 487/487/487
f 490/490/490 117/117/117 491/491/491
f 491/491/491 492/492/492 490/490/490
f 493/493/493 123/123/123 494/494/494
f 494/494/494 495/495/495 493/493/493
f 122/122/122 125/125/125 496/496/496
f 496/496/496 497/497/497 122/122/122
f 125/125/125 126/126/126 498/498/498
f 498/498/498 496/496/496 125/125/125
f 499/499/499 169/169/169 500/500/500
f 500/500/500 501/501/501 499/499/499
f 129/129/129 128/128/128 502/502/502
f 502/502/502 503/503/503 129/129/129
f 504/504/504 402/402/402 505/505/505
f 505/505/505 506/506/506 504/504/504
f 486/486/486 462/462/462 507/507/507
f 507/507/507 508/508/508 486/486/486
f 462/462/462 459/459/459 482/482/482
f 482/482/482 507/507/507 462/462/462
f 459/459/459 458/458/458 483/483/483
f 483/483/483 482/482/482 459/459/459
f 458/458/458 456/456/456 477/477/477
f 477/477/477 483/483/483 458/458/458
f 456/456/456 454/454/454 474/474/474
f 474/474/474 477/477/477 456/456/456
f 454/454/454 451/451/451 475/475/475
f 475/475/475 474/474/474 454/454/454
f 451/451/451 450/450/450 471/471/471
f 471/471/471 475/475/475 451/451/451
f 450/450/450 453/453/453 467/467/467
f 467/467/467 471/471/471 450/450/450
f 453/453/453 509/509/509 510/510/510
f 510/510/510 467/467/467 453/453/453
f 511/511/511 120/120/120 512/512/512
f 512/512/512 513/513/513 511/511/511
f 452/452/452 514/514/514 509/509/509
f 509/509/509 453/453/453 452/452/452
f 455/455/455 515/515/515 514/514/514
f 514/514/514 452/452/452 455/455/455
f 457/457/457 516/516/516 515/515/515
f 515/515/515 455/455/455 457/457/457
f 460/460/460 517/517/517 518/518/518
f 518/518/518 461/461/461 460/460/460
f 461/461/461 518/518/518 516/516/516
f 516/516/516 457/457/457 461/461/461
f 463/463/463 489/489/489 517/517/517
f 517/517/517 460/460/460 463/463/463
f 117/117/117 116/116/116 519/519/519
f 519/519/519 491/491/491 117/117/117
f 492/492/492 520/520/520 119/119/119
f 119/119/119 490/490/490 492/492/492
f 123/123/123 122/122/122 497/497/497
f 497/497/497 494/494/494 123/123/123
f 495/495/495 519/519/519 116/116/116
f 116/116/116 493/493/493 495/495/495
f 169/169/169 129/129/129 503/503/503
f 503/503/503 500/500/500 169/169/169
f 501/501/501 498/498/498 126/126/126
f 126/126/126 499/499/499 501/501/501
f 402/402/402 401/401/401 521/521/521
f 521/521/521 505/505/505 402/402/402
f 506/506/506 522/522/522 523/523/523
f 523/523/523 504/504/504 506/506/506
f 120/120/120 119/119/119 520/520/520
f 520/520/520 512/512/512 120/120/120
f 513/513/513 524/524/524 525/525/525
f 525/525/525 511/511/511 513/513/513
f 511/511/511 525/525/525 111/111/111
f 111/111/111 526/526/526 511/511/511
f 120/120/120 511/511/511 526/526/526
f 526/526/526 121/121/121 120/120/120
f 490/490/490 119/119/119 110/110/110
f 110/110/110 527/527/527 490/490/490
f 117/117/117 490/490/490 527/527/527
f 527/527/527 118/118/118 117/117/117
f 504/504/504 523/523/523 398/398/398
f 398/398/398 528/528/528 504/504/504
f 402/402/402 504/504/504 528/528/528
f 528/528/528 400/400/400 402/402/402
f 169/169/169 499/499/499 529/529/529
f 529/529/529 170/170/170 169/169/169
f 499/499/499 126/126/126 114/114/114
f 114/114/114 529/529/529 499/499/499
f 123/123/123 493/493/493 530/530/530
f 530/530/530 124/124/124 123/123/123
f 493/493/493 116/116/116 109/109/109
f 109/109/109 530/530/530 493/493/493
f 530/530/530 109/109/109 112/112/112
f 112/112/112 124/124/124 530/530/530
f 526/526/526 111/111/111 110/110/110
f 110/110/110 121/121/121 526/526/526
f 527/527/527 110/110/110 109/109/109
f 109/109/109 118/118/118 527/527/527
f 529/529/529 114/114/114 115/115/115
f 115/115/115 170/170/170 529/529/529
f 528/528/528 398/398/398 399/399/399
f 399/399/399 400/400/400 528/528/528
f 531/531/531 464/464/464 467/467/467
f 467/467/467 532/532/532 531/531/531
f 533/533/533 531/531/531 532/532/532
f 532/532/532 534/534/534 533/533/533
f 535/535/535 468/468/468 471/471/471
f 471/471/471 536/536/536 535/535/535
f 465/465/465 535/535/535 536/536/536
f 536/536/536 466/466/466 465/465/465
f 537/537/537 538/538/538 472/472/472
f 472/472/472 475/475/475 537/537/537
f 469/469/469 538/538/538 537/537/537
f 537/537/537 470/470/470 469/469/469
f 478/478/478 539/539/539 540/540/540
f 540/540/540 479/479/479 478/478/478
f 540/540/540 539/539/539 480/480/480
f 480/480/480 483/483/483 540/540/540
f 484/484/484 541/541/541 542/542/542
f 542/542/542 485/485/485 484/484/484
f 542/542/542 541/541/541 508/508/508
f 508/508/508 507/507/507 542/542/542
f 542/542/542 507/507/507 482/482/482
f 482/482/482 485/485/485 542/542/542
f 540/540/540 483/483/483 477/477/477
f 477/477/477 479/479/479 540/540/540
f 537/537/537 475/475/475 471/471/471
f 471/471/471 470/470/470 537/537/537
f 532/532/532 467/467/467 510/510/510
f 532/532/532 510/510/510 543/543/543
f 532/532/532 543/543/543 534/534/534
f 536/536/536 471/471/471 467/467/467
f 467/467/467 466/466/466 536/536/536
f 544/544/544 350/350/350 349/349/349
f 349/349/349 545/545/545 544/544/544
f 546/546/546 353/353/353 350/350/350
f 350/350/350 544/544/544 546/546/546
f 547/547/547 355/355/355 353/353/353
f 353/353/353 546/546/546 547/547/547
f 548/548/548 357/357/357 355/355/355
f 355/355/355 547/547/547 548/548/548
f 549/549/549 360/360/360 359/359/359
f 359/359/359 550/550/550 549/549/549
f 551/551/551 363/363/363 360/360/360
f 360/360/360 549/549/549 551/551/551
f 550/550/550 359/359/359 357/357/357
f 357/357/357 548/548/548 550/550/550
f 545/545/545 349/349/349 552/552/552
f 552/552/552 553/553/553 545/545/545
f 552/552/552 349/349/349 352/352/352
f 352/352/352 375/375/375 552/552/552
f 554/554/554 445/445/445 265/265/265
f 265/265/265 264/264/264 554/554/554
f 555/555/555 533/533/533 534/534/534
f 534/534/534 543/543/543 555/555/555
f 365/365/365 363/363/363 551/551/551
f 551/551/551 556/556/556 365/365/365
f 557/557/557 558/558/558 559/559/559
f 559/559/559 560/560/560 557/557/557
f 557/557/557 561/561/561 562/562/562
f 562/562/562 558/558/558 557/557/557
f 561/561/561 563/563/563 564/564/564
f 564/564/564 562/562/562 561/561/561
f 563/563/563 565/565/565 566/566/566
f 566/566/566 564/564/564 563/563/563
f 565/565/565 567/567/567 568/568/568
f 568/568/568 566/566/566 565/565/565
f 567/567/567 569/569/569 570/570/570
f 570/570/570 568/568/568 567/567/567
f 569/569/569 571/571/571 572/572/572
f 572/572/572 570/570/570 569/569/569
f 571/571/571 573/573/573 574/574/574
f 574/574/574 572/572/572 571/571/571
f 573/573/573 575/575/575 576/576/576
f 576/576/576 574/574/574 573/573/573
f 575/575/575 577/577/577 578/578/578
f 578/578/578 576/576/576 575/575/575
f 579/579/579 580/580/580 581/581/581
f 581/581/581 582/582/582 579/579/579
f 580/580/580 583/583/583 584/584/584
f 584/584/584 581/581/581 580/580/580
f 585/585/585 586/586/586 587/587/587
f 587/587/587 588/588/588 585/585/585
f 588/588/588 587/587/587 589/589/589
f 589/589/589 590/590/590 588/588/588
f 35/35/35 37/37/37 591/591/591
f 591/591/591 589/589/589 35/35/35
f 592/592/592 593/593/593 594/594/594
f 594/594/594 595/595/595 592/592/592
f 593/593/593 596/596/596 597/597/597
f 597/597/597 594/594/594 593/593/593
f 596/596/596 598/598/598 599/599/599
f 599/599/599 597/597/597 596/596/596
f 598/598/598 600/600/600 601/601/601
f 601/601/601 599/599/599 598/598/598
f 602/602/602 603/603/603 604/604/604
f 604/604/604 605/605/605 602/602/602
f 603/603/603 53/53/53 52/52/52
f 52/52/52 604/604/604 603/603/603
f 606/606/606 601/601/601 605/605/605
f 605/605/605 607/607/607 606/606/606
f 585/585/585 608/608/608 609/609/609
f 609/609/609 586/586/586 585/585/585
f 595/595/595 591/591/591 610/610/610
f 610/610/610 592/592/592 595/595/595
f 595/595/595 594/594/594 611/611/611
f 611/611/611 590/590/590 595/595/595
f 594/594/594 597/597/597 612/612/612
f 612/612/612 611/611/611 594/594/594
f 597/597/597 599/599/599 613/613/613
f 613/613/613 612/612/612 597/597/597
f 599/599/599 601/601/601 606/606/606
f 606/606/606 613/613/613 599/599/599
f 605/605/605 604/604/604 614/614/614
f 614/614/614 607/607/607 605/605/605
f 604/604/604 52/52/52 63/63/63
f 63/63/63 614/614/614 604/604/604
f 605/605/605 601/601/601 600/600/600
f 600/600/600 602/602/602 605/605/605
f 587/587/587 586/586/586 65/65/65
f 65/65/65 64/64/64 587/587/587
f 589/589/589 587/587/587 64/64/64
f 64/64/64 35/35/35 589/589/589
f 589/589/589 591/591/591 595/595/595
f 595/595/595 590/590/590 589/589/589
f 586/586/586 609/609/609 66/66/66
f 66/66/66 65/65/65 586/586/586
f 610/610/610 591/591/591 37/37/37
f 37/37/37 67/67/67 610/610/610
f 560/560/560 559/559/559 615/615/615
f 615/615/615 616/616/616 560/560/560
f 559/559/559 558/558/558 590/590/590
f 590/590/590 611/611/611 559/559/559
f 558/558/558 562/562/562 588/588/588
f 588/588/588 590/590/590 558/558/558
f 562/562/562 564/564/564 585/585/585
f 585/585/585 588/588/588 562/562/562
f 564/564/564 566/566/566 608/608/608
f 608/608/608 585/585/585 564/564/564
f 566/566/566 568/568/568 617/617/617
f 617/617/617 608/608/608 566/566/566
f 568/568/568 570/570/570 618/618/618
f 618/618/618 617/617/617 568/568/568
f 570/570/570 572/572/572 619/619/619
f 619/619/619 618/618/618 570/570/570
f 572/572/572 574/574/574 620/620/620
f 620/620/620 619/619/619 572/572/572
f 574/574/574 576/576/576 621/621/621
f 621/621/621 620/620/620 574/574/574
f 576/576/576 578/578/578 622/622/622
f 622/622/622 621/621/621 576/576/576
f 582/582/582 581/581/581 623/623/623
f 623/623/623 624/624/624 582/582/582
f 581/581/581 584/584/584 625/625/625
f 625/625/625 623/623/623 581/581/581
f 615/615/615 559/559/559 611/611/611
f 611/611/611 612/612/612 615/615/615
f 584/584/584 583/583/583 616/616/616
f 616/616/616 615/615/615 584/584/584
f 625/625/625 584/584/584 615/615/615
f 615/615/615 612/612/612 625/625/625
f 613/613/613 626/626/626 625/625/625
f 625/625/625 612/612/612 613/613/613
f 626/626/626 627/627/627 623/623/623
f 623/623/623 625/625/625 626/626/626
f 627/627/627 628/628/628 629/629/629
f 629/629/629 623/623/623 627/627/627
f 624/624/624 630/630/630 631/631/631
f 631/631/631 622/622/622 624/624/624
f 624/624/624 623/623/623 629/629/629
f 629/629/629 630/630/630 624/624/624
f 578/578/578 577/577/577 579/579/579
f 579/579/579 582/582/582 578/578/578
f 622/622/622 578/578/578 582/582/582
f 582/582/582 624/624/624 622/622/622
f 622/622/622 631/631/631 632/632/632
f 632/632/632 621/621/621 622/622/622
f 628/628/628 633/633/633 630/630/630
f 630/630/630 629/629/629 628/628/628
f 633/633/633 634/634/634 631/631/631
f 631/631/631 630/630/630 633/633/633
f 634/634/634 635/635/635 632/632/632
f 632/632/632 631/631/631 634/634/634
f 628/628/628 636/636/636 637/637/637
f 637/637/637 633/633/633 628/628/628
f 633/633/633 637/637/637 638/638/638
f 638/638/638 634/634/634 633/633/633
f 634/634/634 638/638/638 639/639/639
f 639/639/639 635/635/635 634/634/634
f 636/636/636 640/640/640 641/641/641
f 641/641/641 637/637/637 636/636/636
f 637/637/637 641/641/641 642/642/642
f 642/642/642 638/638/638 637/637/637
f 638/638/638 642/642/642 643/643/643
f 643/643/643 639/639/639 638/638/638
f 613/613/613 606/606/606 644/644/644
f 644/644/644 626/626/626 613/613/613
f 626/626/626 644/644/644 645/645/645
f 645/645/645 627/627/627 626/626/626
f 627/627/627 645/645/645 646/646/646
f 646/646/646 628/628/628 627/627/627
f 606/606/606 607/607/607 647/647/647
f 647/647/647 644/644/644 606/606/606
f 644/644/644 647/647/647 648/648/648
f 648/648/648 645/645/645 644/644/644
f 645/645/645 648/648/648 649/649/649
f 649/649/649 646/646/646 645/645/645
f 642/642/642 650/650/650 651/651/651
f 651/651/651 643/643/643 642/642/642
f 650/650/650 652/652/652 653/653/653
f 653/653/653 651/651/651 650/650/650
f 649/649/649 654/654/654 655/655/655
f 655/655/655 646/646/646 649/649/649
f 646/646/646 655/655/655 636/636/636
f 636/636/636 628/628/628 646/646/646
f 614/614/614 656/656/656 657/657/657
f 657/657/657 607/607/607 614/614/614
f 63/63/63 111/111/111 656/656/656
f 656/656/656 614/614/614 63/63/63
f 607/607/607 657/657/657 658/658/658
f 658/658/658 647/647/647 607/607/607
f 647/647/647 658/658/658 659/659/659
f 659/659/659 648/648/648 647/647/647
f 648/648/648 659/659/659 660/660/660
f 660/660/660 649/649/649 648/648/648
f 649/649/649 660/660/660 661/661/661
f 661/661/661 654/654/654 649/649/649
f 657/657/657 662/662/662 663/663/663
f 663/663/663 664/664/664 657/657/657
f 656/656/656 665/665/665 666/666/666
f 666/666/666 667/667/667 656/656/656
f 658/658/658 668/668/668 669/669/669
f 669/669/669 670/670/670 658/658/658
f 659/659/659 658/658/658 670/670/670
f 670/670/670 671/671/671 659/659/659
f 660/660/660 659/659/659 671/671/671
f 671/671/671 672/672/672 660/660/660
f 673/673/673 661/661/661 674/674/674
f 674/674/674 675/675/675 673/673/673
f 676/676/676 677/677/677 678/678/678
f 678/678/678 679/679/679 676/676/676
f 679/679/679 678/678/678 680/680/680
f 680/680/680 681/681/681 679/679/679
f 677/677/677 682/682/682 683/683/683
f 683/683/683 678/678/678 677/677/677
f 678/678/678 683/683/683 684/684/684
f 684/684/684 680/680/680 678/678/678
f 685/685/685 686/686/686 687/687/687
f 687/687/687 688/688/688 685/685/685
f 688/688/688 687/687/687 689/689/689
f 689/689/689 690/690/690 688/688/688
f 642/642/642 691/691/691 692/692/692
f 692/692/692 650/650/650 642/642/642
f 693/693/693 694/694/694 695/695/695
f 695/695/695 696/696/696 693/693/693
f 650/650/650 692/692/692 697/697/697
f 697/697/697 652/652/652 650/650/650
f 698/698/698 699/699/699 700/700/700
f 700/700/700 701/701/701 698/698/698
f 702/702/702 703/703/703 704/704/704
f 704/704/704 705/705/705 702/702/702
f 706/706/706 707/707/707 708/708/708
f 708/708/708 709/709/709 706/706/706
f 691/691/691 642/642/642 641/641/641
f 641/641/641 640/640/640 691/691/691
f 709/709/709 708/708/708 710/710/710
f 690/690/690 689/689/689 711/711/711
f 711/711/711 710/710/710 690/690/690
f 711/711/711 712/712/712 709/709/709
f 709/709/709 710/710/710 711/711/711
f 655/655/655 654/654/654 713/713/713
f 713/713/713 714/714/714 655/655/655
f 636/636/636 655/655/655 714/714/714
f 714/714/714 640/640/640 636/636/636
f 654/654/654 661/661/661 673/673/673
f 673/673/673 713/713/713 654/654/654
f 674/674/674 661/661/661 715/715/715
f 715/715/715 716/716/716 674/674/674
f 717/717/717 718/718/718 719/719/719
f 719/719/719 720/720/720 717/717/717
f 721/721/721 722/722/722 718/718/718
f 718/718/718 717/717/717 721/721/721
f 723/723/723 724/724/724 725/725/725
f 725/725/725 726/726/726 723/723/723
f 727/727/727 719/719/719 728/728/728
f 728/728/728 729/729/729 727/727/727
f 718/718/718 722/722/722 723/723/723
f 718/718/718 723/723/723 726/726/726
f 718/718/718 726/726/726 730/730/730
f 731/731/731 732/732/732 733/733/733
f 733/733/733 729/729/729 731/731/731
f 734/734/734 735/735/735 736/736/736
f 736/736/736 737/737/737 734/734/734
f 738/738/738 739/739/739 735/735/735
f 735/735/735 734/734/734 738/738/738
f 740/740/740 741/741/741 739/739/739
f 739/739/739 738/738/738 740/740/740
f 742/742/742 743/743/743 744/744/744
f 744/744/744 745/745/745 742/742/742
f 737/737/737 736/736/736 743/743/743
f 743/743/743 742/742/742 737/737/737
f 746/746/746 747/747/747 748/748/748
f 748/748/748 749/749/749 746/746/746
f 750/750/750 751/751/751 747/747/747
f 747/747/747 746/746/746 750/750/750
f 752/752/752 753/753/753 751/751/751
f 751/751/751 750/750/750 752/752/752
f 754/754/754 755/755/755 756/756/756
f 756/756/756 757/757/757 754/754/754
f 749/749/749 748/748/748 755/755/755
f 755/755/755 754/754/754 749/749/749
f 758/758/758 759/759/759 760/760/760
f 760/760/760 761/761/761 758/758/758
f 762/762/762 763/763/763 759/759/759
f 759/759/759 758/758/758 762/762/762
f 764/764/764 765/765/765 763/763/763
f 763/763/763 762/762/762 764/764/764
f 766/766/766 767/767/767 768/768/768
f 768/768/768 769/769/769 766/766/766
f 761/761/761 760/760/760 767/767/767
f 767/767/767 766/766/766 761/761/761
f 759/759/759 770/770/770 771/771/771
f 771/771/771 760/760/760 759/759/759
f 763/763/763 772/772/772 770/770/770
f 770/770/770 759/759/759 763/763/763
f 765/765/765 773/773/773 772/772/772
f 772/772/772 763/763/763 765/765/765
f 767/767/767 774/774/774 775/775/775
f 775/775/775 768/768/768 767/767/767
f 760/760/760 771/771/771 774/774/774
f 774/774/774 767/767/767 760/760/760
f 776/776/776 777/777/777 778/778/778
f 778/778/778 779/779/779 776/776/776
f 780/780/780 781/781/781 777/777/777
f 777/777/777 776/776/776 780/780/780
f 782/782/782 783/783/783 781/781/781
f 781/781/781 780/780/780 782/782/782
f 784/784/784 785/785/785 786/786/786
f 786/786/786 787/787/787 784/784/784
f 779/779/779 778/778/778 785/785/785
f 785/785/785 784/784/784 779/779/779
f 777/777/777 788/788/788 789/789/789
f 789/789/789 778/778/778 777/777/777
f 781/781/781 790/790/790 788/788/788
f 788/788/788 777/777/777 781/781/781
f 783/783/783 791/791/791 790/790/790
f 790/790/790 781/781/781 783/783/783
f 785/785/785 792/792/792 793/793/793
f 793/793/793 786/786/786 785/785/785
f 778/778/778 789/789/789 792/792/792
f 792/792/792 785/785/785 778/778/778
f 788/788/788 794/794/794 795/795/795
f 795/795/795 789/789/789 788/788/788
f 790/790/790 796/796/796 794/794/794
f 794/794/794 788/788/788 790/790/790
f 791/791/791 797/797/797 796/796/796
f 796/796/796 790/790/790 791/791/791
f 792/792/792 798/798/798 799/799/799
f 799/799/799 793/793/793 792/792/792
f 789/789/789 795/795/795 798/798/798
f 798/798/798 792/792/792 789/789/789
f 794/794/794 800/800/800 801/801/801
f 801/801/801 795/795/795 794/794/794
f 796/796/796 802/802/802 800/800/800
f 800/800/800 794/794/794 796/796/796
f 797/797/797 803/803/803 802/802/802
f 802/802/802 796/796/796 797/797/797
f 798/798/798 804/804/804 805/805/805
f 805/805/805 799/799/799 798/798/798
f 795/795/795 801/801/801 804/804/804
f 804/804/804 798/798/798 795/795/795
f 800/800/800 806/806/806 807/807/807
f 807/807/807 801/801/801 800/800/800
f 802/802/802 808/808/808 806/806/806
f 806/806/806 800/800/800 802/802/802
f 803/803/803 809/809/809 808/808/808
f 808/808/808 802/802/802 803/803/803
f 804/804/804 810/810/810 811/811/811
f 811/811/811 805/805/805 804/804/804
f 801/801/801 807/807/807 810/810/810
f 810/810/810 804/804/804 801/801/801
f 720/720/720 719/719/719 727/727/727
f 727/727/727 812/812/812 720/720/720
f 728/728/728 719/719/719 718/718/718
f 718/718/718 730/730/730 728/728/728
f 812/812/812 813/813/813 814/814/814
f 814/814/814 720/720/720 812/812/812
f 720/720/720 814/814/814 721/721/721
f 721/721/721 717/717/717 720/720/720
f 723/723/723 815/815/815 816/816/816
f 816/816/816 724/724/724 723/723/723
f 817/817/817 818/818/818 819/819/819
f 819/819/819 820/820/820 817/817/817
f 821/821/821 822/822/822 823/823/823
f 823/823/823 824/824/824 821/821/821
f 822/822/822 825/825/825 826/826/826
f 826/826/826 823/823/823 822/822/822
f 825/825/825 827/827/827 828/828/828
f 828/828/828 826/826/826 825/825/825
f 826/826/826 828/828/828 829/829/829
f 829/829/829 823/823/823 826/826/826
f 823/823/823 829/829/829 830/830/830
f 830/830/830 824/824/824 823/823/823
f 820/820/820 831/831/831 753/753/753
f 753/753/753 752/752/752 820/820/820
f 824/824/824 830/830/830 832/832/832
f 832/832/832 819/819/819 824/824/824
f 748/748/748 747/747/747 758/758/758
f 758/758/758 761/761/761 748/748/748
f 747/747/747 751/751/751 762/762/762
f 762/762/762 758/758/758 747/747/747
f 751/751/751 753/753/753 764/764/764
f 764/764/764 762/762/762 751/751/751
f 756/756/756 755/755/755 766/766/766
f 766/766/766 769/769/769 756/756/756
f 755/755/755 748/748/748 761/761/761
f 761/761/761 766/766/766 755/755/755
f 828/828/828 827/827/827 797/797/797
f 797/797/797 791/791/791 828/828/828
f 829/829/829 828/828/828 791/791/791
f 791/791/791 783/783/783 829/829/829
f 830/830/830 829/829/829 783/783/783
f 783/783/783 782/782/782 830/830/830
f 753/753/753 831/831/831 765/765/765
f 765/765/765 764/764/764 753/753/753
f 831/831/831 832/832/832 773/773/773
f 773/773/773 765/765/765 831/831/831
f 736/736/736 735/735/735 746/746/746
f 746/746/746 749/749/749 736/736/736
f 735/735/735 739/739/739 750/750/750
f 750/750/750 746/746/746 735/735/735
f 739/739/739 741/741/741 752/752/752
f 752/752/752 750/750/750 739/739/739
f 744/744/744 743/743/743 754/754/754
f 754/754/754 757/757/757 744/744/744
f 743/743/743 736/736/736 749/749/749
f 749/749/749 754/754/754 743/743/743
f 732/732/732 731/731/731 741/741/741
f 741/741/741 740/740/740 732/732/732
f 820/820/820 752/752/752 741/741/741
f 741/741/741 817/817/817 820/820/820
f 741/741/741 731/731/731 724/724/724
f 724/724/724 817/817/817 741/741/741
f 728/728/728 833/833/833 731/731/731
f 731/731/731 729/729/729 728/728/728
f 726/726/726 725/725/725 833/833/833
f 726/726/726 833/833/833 728/728/728
f 726/726/726 728/728/728 730/730/730
f 833/833/833 725/725/725 724/724/724
f 724/724/724 731/731/731 833/833/833
f 817/817/817 724/724/724 816/816/816
f 816/816/816 818/818/818 817/817/817
f 834/834/834 835/835/835 836/836/836
f 836/836/836 837/837/837 834/834/834
f 837/837/837 836/836/836 838/838/838
f 838/838/838 839/839/839 837/837/837
f 839/839/839 838/838/838 840/840/840
f 840/840/840 841/841/841 839/839/839
f 841/841/841 840/840/840 842/842/842
f 842/842/842 843/843/843 841/841/841
f 843/843/843 842/842/842 844/844/844
f 844/844/844 845/845/845 843/843/843
f 845/845/845 844/844/844 846/846/846
f 846/846/846 847/847/847 845/845/845
f 847/847/847 846/846/846 848/848/848
f 848/848/848 849/849/849 847/847/847
f 849/849/849 848/848/848 850/850/850
f 850/850/850 851/851/851 849/849/849
f 851/851/851 850/850/850 852/852/852
f 852/852/852 853/853/853 851/851/851
f 854/854/854 855/855/855 856/856/856
f 856/856/856 857/857/857 854/854/854
f 857/857/857 856/856/856 858/858/858
f 858/858/858 859/859/859 857/857/857
f 860/860/860 861/861/861 862/862/862
f 862/862/862 863/863/863 860/860/860
f 863/863/863 862/862/862 835/835/835
f 835/835/835 834/834/834 863/863/863
f 859/859/859 858/858/858 861/861/861
f 861/861/861 860/860/860 859/859/859
f 853/853/853 852/852/852 855/855/855
f 855/855/855 854/854/854 853/853/853
f 835/835/835 864/864/864 865/865/865
f 865/865/865 836/836/836 835/835/835
f 836/836/836 865/865/865 866/866/866
f 866/866/866 838/838/838 836/836/836
f 838/838/838 866/866/866 867/867/867
f 867/867/867 840/840/840 838/838/838
f 840/840/840 867/867/867 868/868/868
f 868/868/868 842/842/842 840/840/840
f 842/842/842 868/868/868 869/869/869
f 869/869/869 844/844/844 842/842/842
f 844/844/844 869/869/869 870/870/870
f 870/870/870 846/846/846 844/844/844
f 846/846/846 870/870/870 871/871/871
f 871/871/871 848/848/848 846/846/846
f 848/848/848 871/871/871 872/872/872
f 872/872/872 850/850/850 848/848/848
f 850/850/850 872/872/872 873/873/873
f 873/873/873 852/852/852 850/850/850
f 855/855/855 874/874/874 875/875/875
f 875/875/875 856/856/856 855/855/855
f 856/856/856 875/875/875 876/876/876
f 876/876/876 858/858/858 856/856/856
f 861/861/861 877/877/877 878/878/878
f 878/878/878 862/862/862 861/861/861
f 862/862/862 878/878/878 864/864/864
f 864/864/864 835/835/835 862/862/862
f 858/858/858 876/876/876 877/877/877
f 877/877/877 861/861/861 858/858/858
f 852/852/852 873/873/873 874/874/874
f 874/874/874 855/855/855 852/852/852
f 879/879/879 880/880/880 881/881/881
f 881/881/881 882/882/882 879/879/879
f 883/883/883 884/884/884 885/885/885
f 885/885/885 886/886/886 883/883/883
f 884/884/884 879/879/879 882/882/882
f 882/882/882 885/885/885 884/884/884
f 882/882/882 881/881/881 871/871/871
f 871/871/871 870/870/870 882/882/882
f 880/880/880 879/879/879 876/876/876
f 876/876/876 875/875/875 880/880/880
f 886/886/886 885/885/885 869/869/869
f 869/869/869 868/868/868 886/886/886
f 884/884/884 883/883/883 878/878/878
f 878/878/878 877/877/877 884/884/884
f 885/885/885 882/882/882 870/870/870
f 870/870/870 869/869/869 885/885/885
f 879/879/879 884/884/884 877/877/877
f 877/877/877 876/876/876 879/879/879
f 880/880/880 874/874/874 873/873/873
f 873/873/873 881/881/881 880/880/880
f 881/881/881 873/873/873 872/872/872
f 872/872/872 871/871/871 881/881/881
f 868/868/868 867/867/867 866/866/866
f 866/866/866 886/886/886 868/868/868
f 886/886/886 866/866/866 865/865/865
f 865/865/865 883/883/883 886/886/886
f 865/865/865 864/864/864 878/878/878
f 878/878/878 883/883/883 865/865/865
f 880/880/880 875/875/875 874/874/874
f 887/887/887 888/888/888 822/822/822
f 822/822/822 821/821/821 887/887/887
f 889/889/889 890/890/890 891/891/891
f 891/891/891 888/888/888 889/889/889
f 888/888/888 891/891/891 825/825/825
f 825/825/825 822/822/822 888/888/888
f 890/890/890 892/892/892 893/893/893
f 893/893/893 891/891/891 890/890/890
f 891/891/891 893/893/893 827/827/827
f 827/827/827 825/825/825 891/891/891
f 893/893/893 803/803/803 797/797/797
f 797/797/797 827/827/827 893/893/893
f 892/892/892 809/809/809 803/803/803
f 803/803/803 893/893/893 892/892/892
f 771/771/771 770/770/770 776/776/776
f 776/776/776 779/779/779 771/771/771
f 770/770/770 772/772/772 780/780/780
f 780/780/780 776/776/776 770/770/770
f 772/772/772 773/773/773 782/782/782
f 782/782/782 780/780/780 772/772/772
f 775/775/775 774/774/774 784/784/784
f 784/784/784 787/787/787 775/775/775
f 774/774/774 771/771/771 779/779/779
f 779/779/779 784/784/784 774/774/774
f 816/816/816 815/815/815 894/894/894
f 894/894/894 887/887/887 816/816/816
f 819/819/819 818/818/818 821/821/821
f 821/821/821 824/824/824 819/819/819
f 819/819/819 832/832/832 831/831/831
f 831/831/831 820/820/820 819/819/819
f 773/773/773 832/832/832 830/830/830
f 830/830/830 782/782/782 773/773/773
f 818/818/818 816/816/816 887/887/887
f 887/887/887 821/821/821 818/818/818
f 895/895/895 896/896/896 897/897/897
f 897/897/897 898/898/898 895/895/895
f 898/898/898 897/897/897 899/899/899
f 899/899/899 900/900/900 898/898/898
f 900/900/900 899/899/899 901/901/901
f 901/901/901 902/902/902 900/900/900
f 902/902/902 901/901/901 903/903/903
f 903/903/903 904/904/904 902/902/902
f 905/905/905 906/906/906 907/907/907
f 907/907/907 908/908/908 905/905/905
f 908/908/908 907/907/907 909/909/909
f 909/909/909 910/910/910 908/908/908
f 910/910/910 909/909/909 366/366/366
f 366/366/366 365/365/365 910/910/910
f 904/904/904 903/903/903 906/906/906
f 906/906/906 905/905/905 904/904/904
f 899/899/899 911/911/911 912/912/912
f 912/912/912 901/901/901 899/899/899
f 901/901/901 912/912/912 913/913/913
f 913/913/913 903/903/903 901/901/901
f 903/903/903 913/913/913 914/914/914
f 914/914/914 906/906/906 903/903/903
f 912/912/912 911/911/911 372/372/372
f 372/372/372 371/371/371 912/912/912
f 913/913/913 912/912/912 371/371/371
f 371/371/371 373/373/373 913/913/913
f 914/914/914 913/913/913 373/373/373
f 373/373/373 374/374/374 914/914/914
f 914/914/914 909/909/909 907/907/907
f 907/907/907 906/906/906 914/914/914
f 374/374/374 366/366/366 909/909/909
f 909/909/909 914/914/914 374/374/374
f 899/899/899 897/897/897 896/896/896
f 896/896/896 911/911/911 899/899/899
f 911/911/911 896/896/896 375/375/375
f 375/375/375 372/372/372 911/911/911
f 915/915/915 916/916/916 917/917/917
f 917/917/917 918/918/918 915/915/915
f 919/919/919 920/920/920 916/916/916
f 916/916/916 915/915/915 919/919/919
f 698/698/698 921/921/921 922/922/922
f 922/922/922 699/699/699 698/698/698
f 702/702/702 923/923/923 924/924/924
f 924/924/924 703/703/703 702/702/702
f 917/917/917 916/916/916 925/925/925
f 925/925/925 926/926/926 917/917/917
f 916/916/916 920/920/920 927/927/927
f 927/927/927 925/925/925 916/916/916
f 922/922/922 921/921/921 928/928/928
f 928/928/928 929/929/929 922/922/922
f 924/924/924 923/923/923 930/930/930
f 930/930/930 931/931/931 924/924/924
f 653/653/653 652/652/652 915/915/915
f 915/915/915 918/918/918 653/653/653
f 652/652/652 697/697/697 919/919/919
f 919/919/919 915/915/915 652/652/652
f 701/701/701 700/700/700 694/694/694
f 694/694/694 693/693/693 701/701/701
f 705/705/705 704/704/704 707/707/707
f 707/707/707 706/706/706 705/705/705
f 932/932/932 933/933/933 934/934/934
f 934/934/934 935/935/935 932/932/932
f 935/935/935 934/934/934 936/936/936
f 936/936/936 721/721/721 935/935/935
f 937/937/937 938/938/938 933/933/933
f 933/933/933 932/932/932 937/937/937
f 939/939/939 940/940/940 941/941/941
f 941/941/941 938/938/938 939/939/939
f 942/942/942 943/943/943 944/944/944
f 944/944/944 945/945/945 942/942/942
f 945/945/945 944/944/944 946/946/946
f 946/946/946 947/947/947 945/945/945
f 948/948/948 949/949/949 943/943/943
f 943/943/943 942/942/942 948/948/948
f 950/950/950 951/951/951 949/949/949
f 949/949/949 948/948/948 950/950/950
f 943/943/943 414/414/414 413/413/413
f 413/413/413 944/944/944 943/943/943
f 944/944/944 413/413/413 415/415/415
f 415/415/415 946/946/946 944/944/944
f 949/949/949 416/416/416 414/414/414
f 414/414/414 943/943/943 949/949/949
f 951/951/951 417/417/417 416/416/416
f 416/416/416 949/949/949 951/951/951
f 936/936/936 952/952/952 722/722/722
f 722/722/722 721/721/721 936/936/936
f 722/722/722 952/952/952 815/815/815
f 815/815/815 723/723/723 722/722/722
f 815/815/815 952/952/952 953/953/953
f 953/953/953 894/894/894 815/815/815
f 889/889/889 954/954/954 955/955/955
f 955/955/955 890/890/890 889/889/889
f 890/890/890 955/955/955 809/809/809
f 809/809/809 892/892/892 890/890/890
f 894/894/894 953/953/953 954/954/954
f 954/954/954 889/889/889 894/894/894
f 952/952/952 936/936/936 956/956/956
f 956/956/956 953/953/953 952/952/952
f 954/954/954 957/957/957 958/958/958
f 958/958/958 955/955/955 954/954/954
f 955/955/955 958/958/958 959/959/959
f 959/959/959 809/809/809 955/955/955
f 953/953/953 956/956/956 957/957/957
f 957/957/957 954/954/954 953/953/953
f 947/947/947 946/946/946 960/960/960
f 960/960/960 961/961/961 947/947/947
f 962/962/962 963/963/963 964/964/964
f 964/964/964 965/965/965 962/962/962
f 966/966/966 964/964/964 967/967/967
f 967/967/967 968/968/968 966/966/966
f 961/961/961 960/960/960 969/969/969
f 969/969/969 962/962/962 961/961/961
f 946/946/946 415/415/415 436/436/436
f 436/436/436 960/960/960 946/946/946
f 969/969/969 439/439/439 438/438/438
f 438/438/438 970/970/970 969/969/969
f 970/970/970 438/438/438 441/441/441
f 441/441/441 971/971/971 970/970/970
f 960/960/960 436/436/436 439/439/439
f 439/439/439 969/969/969 960/960/960
f 972/972/972 973/973/973 970/970/970
f 970/970/970 971/971/971 972/972/972
f 968/968/968 967/967/967 973/973/973
f 973/973/973 972/972/972 968/968/968
f 964/964/964 966/966/966 974/974/974
f 974/974/974 965/965/965 964/964/964
f 975/975/975 810/810/810 807/807/807
f 807/807/807 976/976/976 975/975/975
f 977/977/977 808/808/808 809/809/809
f 809/809/809 959/959/959 977/977/977
f 978/978/978 806/806/806 808/808/808
f 808/808/808 977/977/977 978/978/978
f 976/976/976 807/807/807 806/806/806
f 806/806/806 978/978/978 976/976/976
f 973/973/973 979/979/979 969/969/969
f 969/969/969 970/970/970 973/973/973
f 979/979/979 963/963/963 962/962/962
f 962/962/962 969/969/969 979/979/979
f 963/963/963 979/979/979 973/973/973
f 963/963/963 973/973/973 967/967/967
f 963/963/963 967/967/967 964/964/964
f 980/980/980 981/981/981 982/982/982
f 982/982/982 983/983/983 980/980/980
f 983/983/983 982/982/982 984/984/984
f 984/984/984 985/985/985 983/983/983
f 985/985/985 984/984/984 986/986/986
f 986/986/986 987/987/987 985/985/985
f 988/988/988 989/989/989 990/990/990
f 990/990/990 991/991/991 988/988/988
f 987/987/987 986/986/986 989/989/989
f 989/989/989 988/988/988 987/987/987
f 991/991/991 990/990/990 992/992/992
f 992/992/992 993/993/993 991/991/991
f 994/994/994 995/995/995 996/996/996
f 996/996/996 997/997/997 994/994/994
f 998/998/998 999/999/999 1000/1000/1000
f 1000/1000/1000 1001/1001/1001 998/998/998
f 1002/1002/1002 1003/1003/1003 1004/1004/1004
f 1004/1004/1004 1005/1005/1005 1002/1002/1002
f 1005/1005/1005 1004/1004/1004 1006/1006/1006
f 1006/1006/1006 1007/1007/1007 1005/1005/1005
f 1007/1007/1007 1006/1006/1006 1008/1008/1008
f 1008/1008/1008 1009/1009/1009 1007/1007/1007
f 1010/1010/1010 1011/1011/1011 1012/1012/1012
f 1012/1012/1012 1013/1013/1013 1010/1010/1010
f 1013/1013/1013 1012/1012/1012 1014/1014/1014
f 1014/1014/1014 1015/1015/1015 1013/1013/1013
f 1016/1016/1016 993/993/993 992/992/992
f 992/992/992 1017/1017/1017 1016/1016/1016
f 1017/1017/1017 992/992/992 489/489/489
f 489/489/489 488/488/488 1017/1017/1017
f 1018/1018/1018 1019/1019/1019 1020/1020/1020
f 1020/1020/1020 663/663/663 1018/1018/1018
f 1021/1021/1021 1022/1022/1022 1023/1023/1023
f 1023/1023/1023 669/669/669 1021/1021/1021
f 670/670/670 1024/1024/1024 1025/1025/1025
f 1025/1025/1025 671/671/671 670/670/670
f 671/671/671 1025/1025/1025 1026/1026/1026
f 1026/1026/1026 672/672/672 671/671/671
f 1027/1027/1027 1028/1028/1028 1029/1029/1029
f 1029/1029/1029 716/716/716 1027/1027/1027
f 674/674/674 1030/1030/1030 1031/1031/1031
f 1031/1031/1031 675/675/675 674/674/674
f 1032/1032/1032 1033/1033/1033 1034/1034/1034
f 1034/1034/1034 940/940/940 1032/1032/1032
f 1016/1016/1016 1035/1035/1035 1036/1036/1036
f 1036/1036/1036 993/993/993 1016/1016/1016
f 993/993/993 1036/1036/1036 1012/1012/1012
f 1012/1012/1012 991/991/991 993/993/993
f 991/991/991 1012/1012/1012 1011/1011/1011
f 1011/1011/1011 988/988/988 991/991/991
f 988/988/988 1011/1011/1011 1006/1006/1006
f 1006/1006/1006 987/987/987 988/988/988
f 987/987/987 1006/1006/1006 1004/1004/1004
f 1004/1004/1004 985/985/985 987/987/987
f 985/985/985 1004/1004/1004 1003/1003/1003
f 1003/1003/1003 983/983/983 985/985/985
f 983/983/983 1003/1003/1003 999/999/999
f 999/999/999 980/980/980 983/983/983
f 980/980/980 999/999/999 995/995/995
f 995/995/995 981/981/981 980/980/980
f 981/981/981 995/995/995 510/510/510
f 510/510/510 509/509/509 981/981/981
f 1037/1037/1037 1038/1038/1038 1039/1039/1039
f 1039/1039/1039 666/666/666 1037/1037/1037
f 982/982/982 981/981/981 509/509/509
f 509/509/509 514/514/514 982/982/982
f 984/984/984 982/982/982 514/514/514
f 514/514/514 515/515/515 984/984/984
f 986/986/986 984/984/984 515/515/515
f 515/515/515 516/516/516 986/986/986
f 990/990/990 989/989/989 518/518/518
f 518/518/518 517/517/517 990/990/990
f 989/989/989 986/986/986 516/516/516
f 516/516/516 518/518/518 989/989/989
f 992/992/992 990/990/990 517/517/517
f 517/517/517 489/489/489 992/992/992
f 663/663/663 1020/1020/1020 1040/1040/1040
f 1040/1040/1040 664/664/664 663/663/663
f 1019/1019/1019 1018/1018/1018 667/667/667
f 667/667/667 1041/1041/1041 1019/1019/1019
f 669/669/669 1023/1023/1023 1024/1024/1024
f 1024/1024/1024 670/670/670 669/669/669
f 1022/1022/1022 1021/1021/1021 664/664/664
f 664/664/664 1040/1040/1040 1022/1022/1022
f 716/716/716 1029/1029/1029 1030/1030/1030
f 1030/1030/1030 674/674/674 716/716/716
f 1028/1028/1028 1027/1027/1027 672/672/672
f 672/672/672 1026/1026/1026 1028/1028/1028
f 940/940/940 1034/1034/1034 1042/1042/1042
f 1042/1042/1042 941/941/941 940/940/940
f 1033/1033/1033 1032/1032/1032 1043/1043/1043
f 1043/1043/1043 1044/1044/1044 1033/1033/1033
f 666/666/666 1039/1039/1039 1041/1041/1041
f 1041/1041/1041 667/667/667 666/666/666
f 1038/1038/1038 1037/1037/1037 525/525/525
f 525/525/525 524/524/524 1038/1038/1038
f 1037/1037/1037 1045/1045/1045 111/111/111
f 111/111/111 525/525/525 1037/1037/1037
f 666/666/666 665/665/665 1045/1045/1045
f 1045/1045/1045 1037/1037/1037 666/666/666
f 1018/1018/1018 1046/1046/1046 656/656/656
f 656/656/656 667/667/667 1018/1018/1018
f 663/663/663 662/662/662 1046/1046/1046
f 1046/1046/1046 1018/1018/1018 663/663/663
f 1032/1032/1032 1047/1047/1047 937/937/937
f 937/937/937 1043/1043/1043 1032/1032/1032
f 940/940/940 939/939/939 1047/1047/1047
f 1047/1047/1047 1032/1032/1032 940/940/940
f 716/716/716 715/715/715 1048/1048/1048
f 1048/1048/1048 1027/1027/1027 716/716/716
f 1027/1027/1027 1048/1048/1048 660/660/660
f 660/660/660 672/672/672 1027/1027/1027
f 669/669/669 668/668/668 1049/1049/1049
f 1049/1049/1049 1021/1021/1021 669/669/669
f 1021/1021/1021 1049/1049/1049 657/657/657
f 657/657/657 664/664/664 1021/1021/1021
f 1049/1049/1049 668/668/668 658/658/658
f 658/658/658 657/657/657 1049/1049/1049
f 1045/1045/1045 665/665/665 656/656/656
f 656/656/656 111/111/111 1045/1045/1045
f 1046/1046/1046 662/662/662 657/657/657
f 657/657/657 656/656/656 1046/1046/1046
f 1048/1048/1048 715/715/715 661/661/661
f 661/661/661 660/660/660 1048/1048/1048
f 1047/1047/1047 939/939/939 938/938/938
f 938/938/938 937/937/937 1047/1047/1047
f 1050/1050/1050 1051/1051/1051 995/995/995
f 995/995/995 994/994/994 1050/1050/1050
f 1052/1052/1052 1053/1053/1053 1051/1051/1051
f 1051/1051/1051 1050/1050/1050 1052/1052/1052
f 1054/1054/1054 1055/1055/1055 999/999/999
f 999/999/999 998/998/998 1054/1054/1054
f 997/997/997 996/996/996 1055/1055/1055
f 1055/1055/1055 1054/1054/1054 997/997/997
f 1056/1056/1056 1003/1003/1003 1002/1002/1002
f 1002/1002/1002 1057/1057/1057 1056/1056/1056
f 1001/1001/1001 1000/1000/1000 1056/1056/1056
f 1056/1056/1056 1057/1057/1057 1001/1001/1001
f 1009/1009/1009 1008/1008/1008 1058/1058/1058
f 1058/1058/1058 1059/1059/1059 1009/1009/1009
f 1058/1058/1058 1011/1011/1011 1010/1010/1010
f 1010/1010/1010 1059/1059/1059 1058/1058/1058
f 1015/1015/1015 1014/1014/1014 1060/1060/1060
f 1060/1060/1060 1061/1061/1061 1015/1015/1015
f 1060/1060/1060 1036/1036/1036 1035/1035/1035
f 1035/1035/1035 1061/1061/1061 1060/1060/1060
f 1060/1060/1060 1014/1014/1014 1012/1012/1012
f 1012/1012/1012 1036/1036/1036 1060/1060/1060
f 1058/1058/1058 1008/1008/1008 1006/1006/1006
f 1006/1006/1006 1011/1011/1011 1058/1058/1058
f 1056/1056/1056 1000/1000/1000 999/999/999
f 999/999/999 1003/1003/1003 1056/1056/1056
f 1051/1051/1051 1053/1053/1053 543/543/543
f 1051/1051/1051 543/543/543 510/510/510
f 1051/1051/1051 510/510/510 995/995/995
f 1055/1055/1055 996/996/996 995/995/995
f 995/995/995 999/999/999 1055/1055/1055
f 1062/1062/1062 1063/1063/1063 895/895/895
f 895/895/895 898/898/898 1062/1062/1062
f 1064/1064/1064 1062/1062/1062 898/898/898
f 898/898/898 900/900/900 1064/1064/1064
f 1065/1065/1065 1064/1064/1064 900/900/900
f 900/900/900 902/902/902 1065/1065/1065
f 1066/1066/1066 1065/1065/1065 902/902/902
f 902/902/902 904/904/904 1066/1066/1066
f 1067/1067/1067 1068/1068/1068 905/905/905
f 905/905/905 908/908/908 1067/1067/1067
f 1069/1069/1069 1067/1067/1067 908/908/908
f 908/908/908 910/910/910 1069/1069/1069
f 1068/1068/1068 1066/1066/1066 904/904/904
f 904/904/904 905/905/905 1068/1068/1068
f 1063/1063/1063 553/553/553 552/552/552
f 552/552/552 895/895/895 1063/1063/1063
f 552/552/552 375/375/375 896/896/896
f 896/896/896 895/895/895 552/552/552
f 1070/1070/1070 811/811/811 810/810/810
f 810/810/810 975/975/975 1070/1070/1070
f 555/555/555 543/543/543 1053/1053/1053
f 1053/1053/1053 1052/1052/1052 555/555/555
f 365/365/365 556/556/556 1069/1069/1069
f 1069/1069/1069 910/910/910 365/365/365
f 1071/1071/1071 1072/1072/1072 1073/1073/1073
f 1073/1073/1073 1074/1074/1074 1071/1071/1071
f 1072/1072/1072 1071/1071/1071 1075/1075/1075
f 1075/1075/1075 1076/1076/1076 1072/1072/1072
f 1076/1076/1076 1075/1075/1075 1077/1077/1077
f 1077/1077/1077 1078/1078/1078 1076/1076/1076
f 1078/1078/1078 1077/1077/1077 1079/1079/1079
f 1079/1079/1079 1080/1080/1080 1078/1078/1078
f 1080/1080/1080 1079/1079/1079 1081/1081/1081
f 1081/1081/1081 1082/1082/1082 1080/1080/1080
f 1081/1081/1081 1083/1083/1083 1084/1084/1084
f 1084/1084/1084 1082/1082/1082 1081/1081/1081
f 1085/1085/1085 1086/1086/1086 1087/1087/1087
f 1087/1087/1087 1088/1088/1088 1085/1085/1085
f 1088/1088/1088 1087/1087/1087 1089/1089/1089
f 1089/1089/1089 1090/1090/1090 1088/1088/1088
f 1090/1090/1090 1089/1089/1089 1091/1091/1091
f 1091/1091/1091 1092/1092/1092 1090/1090/1090
f 1083/1083/1083 1093/1093/1093 1094/1094/1094
f 1094/1094/1094 1086/1086/1086 1083/1083/1083
f 1087/1087/1087 1086/1086/1086 1094/1094/1094
f 1094/1094/1094 1095/1095/1095 1087/1087/1087
f 1089/1089/1089 1087/1087/1087 1095/1095/1095
f 1095/1095/1095 1096/1096/1096 1089/1089/1089
f 1097/1097/1097 1091/1091/1091 1098/1098/1098
f 1098/1098/1098 1099/1099/1099 1097/1097/1097
f 1100/1100/1100 1081/1081/1081 1079/1079/1079
f 1079/1079/1079 1077/1077/1077 1100/1100/1100
f 1071/1071/1071 1074/1074/1074 1101/1101/1101
f 1101/1101/1101 1102/1102/1102 1071/1071/1071
f 1075/1075/1075 1071/1071/1071 1102/1102/1102
f 1102/1102/1102 1103/1103/1103 1075/1075/1075
f 1077/1077/1077 1075/1075/1075 1103/1103/1103
f 1103/1103/1103 1100/1100/1100 1077/1077/1077
f 1104/1104/1104 1095/1095/1095 1105/1105/1105
f 1105/1105/1105 1106/1106/1106 1104/1104/1104
f 1107/1107/1107 1098/1098/1098 1108/1108/1108
f 1108/1108/1108 1109/1109/1109 1107/1107/1107
f 1083/1083/1083 1086/1086/1086 1085/1085/1085
f 1085/1085/1085 1084/1084/1084 1083/1083/1083
f 1081/1081/1081 1100/1100/1100 1093/1093/1093
f 1093/1093/1093 1083/1083/1083 1081/1081/1081
f 1100/1100/1100 1103/1103/1103 1110/1110/1110
f 1110/1110/1110 1093/1093/1093 1100/1100/1100
f 1102/1102/1102 1111/1111/1111 1112/1112/1112
f 1112/1112/1112 1113/1113/1113 1102/1102/1102
f 1103/1103/1103 1102/1102/1102 1113/1113/1113
f 1113/1113/1113 1110/1110/1110 1103/1103/1103
f 1074/1074/1074 1073/1073/1073 1114/1114/1114
f 1114/1114/1114 1115/1115/1115 1074/1074/1074
f 1112/1112/1112 1111/1111/1111 1116/1116/1116
f 1116/1116/1116 1117/1117/1117 1112/1112/1112
f 1118/1118/1118 1119/1119/1119 1120/1120/1120
f 1120/1120/1120 1121/1121/1121 1118/1118/1118
f 1122/1122/1122 1120/1120/1120 1119/1119/1119
f 1119/1119/1119 1123/1123/1123 1122/1122/1122
f 1124/1124/1124 1122/1122/1122 1123/1123/1123
f 1123/1123/1123 1125/1125/1125 1124/1124/1124
f 1126/1126/1126 1124/1124/1124 1125/1125/1125
f 1125/1125/1125 1127/1127/1127 1126/1126/1126
f 1128/1128/1128 1126/1126/1126 1127/1127/1127
f 1127/1127/1127 1129/1129/1129 1128/1128/1128
f 1130/1130/1130 1131/1131/1131 1128/1128/1128
f 1128/1128/1128 1129/1129/1129 1130/1130/1130
f 1132/1132/1132 1133/1133/1133 1134/1134/1134
f 1134/1134/1134 1135/1135/1135 1132/1132/1132
f 1136/1136/1136 1132/1132/1132 1135/1135/1135
f 1135/1135/1135 1137/1137/1137 1136/1136/1136
f 1138/1138/1138 1139/1139/1139 1131/1131/1131
f 1131/1131/1131 1133/1133/1133 1138/1138/1138
f 1138/1138/1138 1133/1133/1133 1132/1132/1132
f 1132/1132/1132 1140/1140/1140 1138/1138/1138
f 1140/1140/1140 1132/1132/1132 1136/1136/1136
f 1136/1136/1136 1141/1141/1141 1140/1140/1140
f 1141/1141/1141 1136/1136/1136 1142/1142/1142
f 1142/1142/1142 1143/1143/1143 1141/1141/1141
f 1126/1126/1126 1128/1128/1128 1144/1144/1144
f 1144/1144/1144 1124/1124/1124 1126/1126/1126
f 1145/1145/1145 1146/1146/1146 1120/1120/1120
f 1120/1120/1120 1147/1147/1147 1145/1145/1145
f 1147/1147/1147 1120/1120/1120 1122/1122/1122
f 1122/1122/1122 1148/1148/1148 1147/1147/1147
f 1148/1148/1148 1122/1122/1122 1124/1124/1124
f 1124/1124/1124 1144/1144/1144 1148/1148/1148
f 1149/1149/1149 1141/1141/1141 1150/1150/1150
f 1150/1150/1150 1151/1151/1151 1149/1149/1149
f 1152/1152/1152 1143/1143/1143 1153/1153/1153
f 1153/1153/1153 1154/1154/1154 1152/1152/1152
f 1134/1134/1134 1133/1133/1133 1131/1131/1131
f 1131/1131/1131 1130/1130/1130 1134/1134/1134
f 1139/1139/1139 1144/1144/1144 1128/1128/1128
f 1128/1128/1128 1131/1131/1131 1139/1139/1139
f 1155/1155/1155 1148/1148/1148 1144/1144/1144
f 1144/1144/1144 1139/1139/1139 1155/1155/1155
f 1156/1156/1156 1145/1145/1145 1147/1147/1147
f 1147/1147/1147 1157/1157/1157 1156/1156/1156
f 1157/1157/1157 1147/1147/1147 1148/1148/1148
f 1148/1148/1148 1155/1155/1155 1157/1157/1157
f 1158/1158/1158 1159/1159/1159 1160/1160/1160
f 1160/1160/1160 1161/1161/1161 1158/1158/1158
f 1162/1162/1162 1163/1163/1163 1164/1164/1164
f 1164/1164/1164 1165/1165/1165 1162/1162/1162
f 1166/1166/1166 1167/1167/1167 1119/1119/1119
f 1119/1119/1119 1118/1118/1118 1166/1166/1166
f 1167/1167/1167 1168/1168/1168 1123/1123/1123
f 1123/1123/1123 1119/1119/1119 1167/1167/1167
f 1168/1168/1168 1169/1169/1169 1125/1125/1125
f 1125/1125/1125 1123/1123/1123 1168/1168/1168
f 1169/1169/1169 1170/1170/1170 1127/1127/1127
f 1127/1127/1127 1125/1125/1125 1169/1169/1169
f 1170/1170/1170 1171/1171/1171 1129/1129/1129
f 1129/1129/1129 1127/1127/1127 1170/1170/1170
f 1171/1171/1171 1172/1172/1172 1130/1130/1130
f 1130/1130/1130 1129/1129/1129 1171/1171/1171
f 1173/1173/1173 1174/1174/1174 1135/1135/1135
f 1135/1135/1135 1134/1134/1134 1173/1173/1173
f 1174/1174/1174 1175/1175/1175 1137/1137/1137
f 1137/1137/1137 1135/1135/1135 1174/1174/1174
f 1175/1175/1175 1176/1176/1176 1177/1177/1177
f 1177/1177/1177 1137/1137/1137 1175/1175/1175
f 1178/1178/1178 1179/1179/1179 1139/1139/1139
f 1139/1139/1139 1138/1138/1138 1178/1178/1178
f 1180/1180/1180 1178/1178/1178 1138/1138/1138
f 1138/1138/1138 1140/1140/1140 1180/1180/1180
f 1181/1181/1181 1146/1146/1146 1145/1145/1145
f 1145/1145/1145 1182/1182/1182 1181/1181/1181
f 1183/1183/1183 1180/1180/1180 1140/1140/1140
f 1140/1140/1140 1184/1184/1184 1183/1183/1183
f 1185/1185/1185 1186/1186/1186 1187/1187/1187
f 1187/1187/1187 1151/1151/1151 1185/1185/1185
f 1188/1188/1188 1189/1189/1189 1190/1190/1190
f 1190/1190/1190 1191/1191/1191 1188/1188/1188
f 1172/1172/1172 1173/1173/1173 1134/1134/1134
f 1134/1134/1134 1130/1130/1130 1172/1172/1172
f 1179/1179/1179 1192/1192/1192 1155/1155/1155
f 1155/1155/1155 1139/1139/1139 1179/1179/1179
f 1193/1193/1193 1194/1194/1194 1156/1156/1156
f 1156/1156/1156 1157/1157/1157 1193/1193/1193
f 1192/1192/1192 1193/1193/1193 1157/1157/1157
f 1157/1157/1157 1155/1155/1155 1192/1192/1192
f 1195/1195/1195 1196/1196/1196 1197/1197/1197
f 1197/1197/1197 1159/1159/1159 1195/1195/1195
f 1198/1198/1198 1199/1199/1199 1158/1158/1158
f 1158/1158/1158 1161/1161/1161 1198/1198/1198
f 1200/1200/1200 1201/1201/1201 1202/1202/1202
f 1202/1202/1202 1121/1121/1121 1200/1200/1200
f 1203/1203/1203 1204/1204/1204 1205/1205/1205
f 1205/1205/1205 1163/1163/1163 1203/1203/1203
f 1206/1206/1206 1207/1207/1207 1162/1162/1162
f 1162/1162/1162 1165/1165/1165 1206/1206/1206
f 1194/1194/1194 1208/1208/1208 1209/1209/1209
f 1209/1209/1209 1156/1156/1156 1194/1194/1194
f 1114/1114/1114 1210/1210/1210 1211/1211/1211
f 1211/1211/1211 1115/1115/1115 1114/1114/1114
f 1116/1116/1116 1212/1212/1212 1213/1213/1213
f 1213/1213/1213 1117/1117/1117 1116/1116/1116
f 1197/1197/1197 1118/1118/1118 1121/1121/1121
f 1121/1121/1121 1202/1202/1202 1197/1197/1197
f 1205/1205/1205 1145/1145/1145 1156/1156/1156
f 1156/1156/1156 1209/1209/1209 1205/1205/1205
f 1196/1196/1196 1166/1166/1166 1118/1118/1118
f 1118/1118/1118 1197/1197/1197 1196/1196/1196
f 1201/1201/1201 1214/1214/1214 1160/1160/1160
f 1160/1160/1160 1202/1202/1202 1201/1201/1201
f 1204/1204/1204 1182/1182/1182 1145/1145/1145
f 1145/1145/1145 1205/1205/1205 1204/1204/1204
f 1208/1208/1208 1215/1215/1215 1164/1164/1164
f 1164/1164/1164 1209/1209/1209 1208/1208/1208
f 1091/1091/1091 1097/1097/1097 1216/1216/1216
f 1216/1216/1216 1092/1092/1092 1091/1091/1091
f 1091/1091/1091 1089/1089/1089 1096/1096/1096
f 1096/1096/1096 1098/1098/1098 1091/1091/1091
f 1217/1217/1217 1096/1096/1096 1218/1218/1218
f 1218/1218/1218 1219/1219/1219 1217/1217/1217
f 1142/1142/1142 1136/1136/1136 1137/1137/1137
f 1137/1137/1137 1177/1177/1177 1142/1142/1142
f 1142/1142/1142 1220/1220/1220 1221/1221/1221
f 1221/1221/1221 1143/1143/1143 1142/1142/1142
f 1222/1222/1222 1223/1223/1223 1224/1224/1224
f 1224/1224/1224 1191/1191/1191 1222/1222/1222
f 1176/1176/1176 1225/1225/1225 1226/1226/1226
f 1226/1226/1226 1177/1177/1177 1176/1176/1176
f 1227/1227/1227 1228/1228/1228 1229/1229/1229
f 1229/1229/1229 1154/1154/1154 1227/1227/1227
f 1159/1159/1159 1158/1158/1158 1199/1199/1199
f 1199/1199/1199 1195/1195/1195 1159/1159/1159
f 1161/1161/1161 1160/1160/1160 1214/1214/1214
f 1214/1214/1214 1198/1198/1198 1161/1161/1161
f 1163/1163/1163 1162/1162/1162 1207/1207/1207
f 1207/1207/1207 1203/1203/1203 1163/1163/1163
f 1165/1165/1165 1164/1164/1164 1215/1215/1215
f 1215/1215/1215 1206/1206/1206 1165/1165/1165
f 1159/1159/1159 1197/1197/1197 1202/1202/1202
f 1202/1202/1202 1160/1160/1160 1159/1159/1159
f 1210/1210/1210 1230/1230/1230 1231/1231/1231
f 1231/1231/1231 1211/1211/1211 1210/1210/1210
f 1163/1163/1163 1205/1205/1205 1209/1209/1209
f 1209/1209/1209 1164/1164/1164 1163/1163/1163
f 1212/1212/1212 1232/1232/1232 1233/1233/1233
f 1233/1233/1233 1213/1213/1213 1212/1212/1212
f 1186/1186/1186 1183/1183/1183 1184/1184/1184
f 1184/1184/1184 1187/1187/1187 1186/1186/1186
f 1151/1151/1151 1150/1150/1150 1234/1234/1234
f 1234/1234/1234 1185/1185/1185 1151/1151/1151
f 1189/1189/1189 1235/1235/1235 1153/1153/1153
f 1153/1153/1153 1190/1190/1190 1189/1189/1189
f 1191/1191/1191 1224/1224/1224 1236/1236/1236
f 1236/1236/1236 1188/1188/1188 1191/1191/1191
f 1228/1228/1228 1234/1234/1234 1150/1150/1150
f 1150/1150/1150 1229/1229/1229 1228/1228/1228
f 1154/1154/1154 1153/1153/1153 1235/1235/1235
f 1235/1235/1235 1227/1227/1227 1154/1154/1154
f 1237/1237/1237 1238/1238/1238 1099/1099/1099
f 1099/1099/1099 1239/1239/1239 1237/1237/1237
f 1109/1109/1109 1237/1237/1237 1239/1239/1239
f 1239/1239/1239 1107/1107/1107 1109/1109/1109
f 1240/1240/1240 1108/1108/1108 1098/1098/1098
f 1098/1098/1098 1241/1241/1241 1240/1240/1240
f 1219/1219/1219 1240/1240/1240 1241/1241/1241
f 1241/1241/1241 1217/1217/1217 1219/1219/1219
f 1242/1242/1242 1218/1218/1218 1096/1096/1096
f 1096/1096/1096 1243/1243/1243 1242/1242/1242
f 1106/1106/1106 1242/1242/1242 1243/1243/1243
f 1243/1243/1243 1104/1104/1104 1106/1106/1106
f 1190/1190/1190 1153/1153/1153 1143/1143/1143
f 1143/1143/1143 1244/1244/1244 1190/1190/1190
f 1191/1191/1191 1190/1190/1190 1244/1244/1244
f 1244/1244/1244 1222/1222/1222 1191/1191/1191
f 1154/1154/1154 1229/1229/1229 1245/1245/1245
f 1245/1245/1245 1152/1152/1152 1154/1154/1154
f 1229/1229/1229 1150/1150/1150 1141/1141/1141
f 1141/1141/1141 1245/1245/1245 1229/1229/1229
f 1151/1151/1151 1187/1187/1187 1246/1246/1246
f 1246/1246/1246 1149/1149/1149 1151/1151/1151
f 1187/1187/1187 1184/1184/1184 1140/1140/1140
f 1140/1140/1140 1246/1246/1246 1187/1187/1187
f 1243/1243/1243 1096/1096/1096 1095/1095/1095
f 1095/1095/1095 1104/1104/1104 1243/1243/1243
f 1246/1246/1246 1140/1140/1140 1141/1141/1141
f 1141/1141/1141 1149/1149/1149 1246/1246/1246
f 1241/1241/1241 1098/1098/1098 1096/1096/1096
f 1096/1096/1096 1217/1217/1217 1241/1241/1241
f 1245/1245/1245 1141/1141/1141 1143/1143/1143
f 1143/1143/1143 1152/1152/1152 1245/1245/1245
f 1239/1239/1239 1099/1099/1099 1098/1098/1098
f 1098/1098/1098 1107/1107/1107 1239/1239/1239
f 1244/1244/1244 1143/1143/1143 1221/1221/1221
f 1244/1244/1244 1221/1221/1221 1223/1223/1223
f 1244/1244/1244 1223/1223/1223 1222/1222/1222
f 1220/1220/1220 1142/1142/1142 1177/1177/1177
f 1177/1177/1177 1226/1226/1226 1220/1220/1220
f 1247/1247/1247 1248/1248/1248 1249/1249/1249
f 1249/1249/1249 1250/1250/1250 1247/1247/1247
f 1250/1250/1250 1251/1251/1251 1252/1252/1252
f 1252/1252/1252 1247/1247/1247 1250/1250/1250
f 1251/1251/1251 1253/1253/1253 1254/1254/1254
f 1254/1254/1254 1252/1252/1252 1251/1251/1251
f 1253/1253/1253 1255/1255/1255 1256/1256/1256
f 1256/1256/1256 1254/1254/1254 1253/1253/1253
f 1255/1255/1255 1257/1257/1257 1258/1258/1258
f 1258/1258/1258 1256/1256/1256 1255/1255/1255
f 1258/1258/1258 1257/1257/1257 1259/1259/1259
f 1259/1259/1259 1260/1260/1260 1258/1258/1258
f 1261/1261/1261 1262/1262/1262 1263/1263/1263
f 1263/1263/1263 1264/1264/1264 1261/1261/1261
f 1262/1262/1262 1265/1265/1265 1266/1266/1266
f 1266/1266/1266 1263/1263/1263 1262/1262/1262
f 1265/1265/1265 1267/1267/1267 1268/1268/1268
f 1268/1268/1268 1266/1266/1266 1265/1265/1265
f 1260/1260/1260 1264/1264/1264 1269/1269/1269
f 1269/1269/1269 1270/1270/1270 1260/1260/1260
f 1263/1263/1263 1271/1271/1271 1269/1269/1269
f 1269/1269/1269 1264/1264/1264 1263/1263/1263
f 1266/1266/1266 1272/1272/1272 1271/1271/1271
f 1271/1271/1271 1263/1263/1263 1266/1266/1266
f 1097/1097/1097 1099/1099/1099 1273/1273/1273
f 1273/1273/1273 1268/1268/1268 1097/1097/1097
f 1274/1274/1274 1254/1254/1254 1256/1256/1256
f 1256/1256/1256 1258/1258/1258 1274/1274/1274
f 1247/1247/1247 1275/1275/1275 1248/1248/1248
f 1252/1252/1252 1276/1276/1276 1277/1277/1277
f 1277/1277/1277 1247/1247/1247 1252/1252/1252
f 1254/1254/1254 1274/1274/1274 1276/1276/1276
f 1276/1276/1276 1252/1252/1252 1254/1254/1254
f 1278/1278/1278 1279/1279/1279 1280/1280/1280
f 1280/1280/1280 1271/1271/1271 1278/1278/1278
f 1281/1281/1281 1282/1282/1282 1283/1283/1283
f 1283/1283/1283 1273/1273/1273 1281/1281/1281
f 1260/1260/1260 1259/1259/1259 1261/1261/1261
f 1261/1261/1261 1264/1264/1264 1260/1260/1260
f 1258/1258/1258 1260/1260/1260 1270/1270/1270
f 1270/1270/1270 1274/1274/1274 1258/1258/1258
f 1274/1274/1274 1270/1270/1270 1284/1284/1284
f 1284/1284/1284 1276/1276/1276 1274/1274/1274
f 1277/1277/1277 1285/1285/1285 1286/1286/1286
f 1286/1286/1286 1287/1287/1287 1277/1277/1277
f 1276/1276/1276 1284/1284/1284 1285/1285/1285
f 1285/1285/1285 1277/1277/1277 1276/1276/1276
f 1248/1248/1248 1288/1288/1288 1289/1289/1289
f 1289/1289/1289 1249/1249/1249 1248/1248/1248
f 1286/1286/1286 1290/1290/1290 1291/1291/1291
f 1291/1291/1291 1287/1287/1287 1286/1286/1286
f 1292/1292/1292 1293/1293/1293 1294/1294/1294
f 1294/1294/1294 1295/1295/1295 1292/1292/1292
f 1296/1296/1296 1297/1297/1297 1295/1295/1295
f 1295/1295/1295 1294/1294/1294 1296/1296/1296
f 1298/1298/1298 1299/1299/1299 1297/1297/1297
f 1297/1297/1297 1296/1296/1296 1298/1298/1298
f 1300/1300/1300 1301/1301/1301 1299/1299/1299
f 1299/1299/1299 1298/1298/1298 1300/1300/1300
f 1302/1302/1302 1303/1303/1303 1301/1301/1301
f 1301/1301/1301 1300/1300/1300 1302/1302/1302
f 1304/1304/1304 1303/1303/1303 1302/1302/1302
f 1302/1302/1302 1305/1305/1305 1304/1304/1304
f 1306/1306/1306 1307/1307/1307 1308/1308/1308
f 1308/1308/1308 1309/1309/1309 1306/1306/1306
f 1310/1310/1310 1311/1311/1311 1307/1307/1307
f 1307/1307/1307 1306/1306/1306 1310/1310/1310
f 1312/1312/1312 1309/1309/1309 1305/1305/1305
f 1305/1305/1305 1313/1313/1313 1312/1312/1312
f 1312/1312/1312 1314/1314/1314 1306/1306/1306
f 1306/1306/1306 1309/1309/1309 1312/1312/1312
f 1314/1314/1314 1315/1315/1315 1310/1310/1310
f 1310/1310/1310 1306/1306/1306 1314/1314/1314
f 1315/1315/1315 1316/1316/1316 1317/1317/1317
f 1317/1317/1317 1310/1310/1310 1315/1315/1315
f 1300/1300/1300 1298/1298/1298 1318/1318/1318
f 1318/1318/1318 1302/1302/1302 1300/1300/1300
f 1319/1319/1319 1320/1320/1320 1321/1321/1321
f 1320/1320/1320 1322/1322/1322 1296/1296/1296
f 1296/1296/1296 1294/1294/1294 1320/1320/1320
f 1322/1322/1322 1318/1318/1318 1298/1298/1298
f 1298/1298/1298 1296/1296/1296 1322/1322/1322
f 1323/1323/1323 1324/1324/1324 1325/1325/1325
f 1325/1325/1325 1315/1315/1315 1323/1323/1323
f 1326/1326/1326 1327/1327/1327 1328/1328/1328
f 1328/1328/1328 1316/1316/1316 1326/1326/1326
f 1308/1308/1308 1304/1304/1304 1305/1305/1305
f 1305/1305/1305 1309/1309/1309 1308/1308/1308
f 1313/1313/1313 1305/1305/1305 1302/1302/1302
f 1302/1302/1302 1318/1318/1318 1313/1313/1313
f 1329/1329/1329 1313/1313/1313 1318/1318/1318
f 1318/1318/1318 1322/1322/1322 1329/1329/1329
f 1330/1330/1330 1331/1331/1331 1320/1320/1320
f 1320/1320/1320 1319/1319/1319 1330/1330/1330
f 1331/1331/1331 1329/1329/1329 1322/1322/1322
f 1322/1322/1322 1320/1320/1320 1331/1331/1331
f 1332/1332/1332 1333/1333/1333 1334/1334/1334
f 1334/1334/1334 1335/1335/1335 1332/1332/1332
f 1336/1336/1336 1337/1337/1337 1338/1338/1338
f 1338/1338/1338 1339/1339/1339 1336/1336/1336
f 1340/1340/1340 1292/1292/1292 1295/1295/1295
f 1295/1295/1295 1341/1341/1341 1340/1340/1340
f 1341/1341/1341 1295/1295/1295 1297/1297/1297
f 1297/1297/1297 1342/1342/1342 1341/1341/1341
f 1342/1342/1342 1297/1297/1297 1299/1299/1299
f 1299/1299/1299 1343/1343/1343 1342/1342/1342
f 1343/1343/1343 1299/1299/1299 1301/1301/1301
f 1301/1301/1301 1344/1344/1344 1343/1343/1343
f 1344/1344/1344 1301/1301/1301 1303/1303/1303
f 1303/1303/1303 1345/1345/1345 1344/1344/1344
f 1345/1345/1345 1303/1303/1303 1304/1304/1304
f 1304/1304/1304 1346/1346/1346 1345/1345/1345
f 1347/1347/1347 1308/1308/1308 1307/1307/1307
f 1307/1307/1307 1348/1348/1348 1347/1347/1347
f 1348/1348/1348 1307/1307/1307 1311/1311/1311
f 1311/1311/1311 1349/1349/1349 1348/1348/1348
f 1349/1349/1349 1311/1311/1311 1350/1350/1350
f 1350/1350/1350 1351/1351/1351 1349/1349/1349
f 1352/1352/1352 1312/1312/1312 1313/1313/1313
f 1313/1313/1313 1353/1353/1353 1352/1352/1352
f 1354/1354/1354 1314/1314/1314 1312/1312/1312
f 1312/1312/1312 1352/1352/1352 1354/1354/1354
f 1319/1319/1319 1321/1321/1321 1355/1355/1355
f 1355/1355/1355 1356/1356/1356 1319/1319/1319
f 1357/1357/1357 1358/1358/1358 1314/1314/1314
f 1314/1314/1314 1354/1354/1354 1357/1357/1357
f 1359/1359/1359 1324/1324/1324 1360/1360/1360
f 1360/1360/1360 1361/1361/1361 1359/1359/1359
f 1362/1362/1362 1363/1363/1363 1364/1364/1364
f 1364/1364/1364 1365/1365/1365 1362/1362/1362
f 1346/1346/1346 1304/1304/1304 1308/1308/1308
f 1308/1308/1308 1347/1347/1347 1346/1346/1346
f 1353/1353/1353 1313/1313/1313 1329/1329/1329
f 1329/1329/1329 1366/1366/1366 1353/1353/1353
f 1367/1367/1367 1331/1331/1331 1330/1330/1330
f 1330/1330/1330 1368/1368/1368 1367/1367/1367
f 1366/1366/1366 1329/1329/1329 1331/1331/1331
f 1331/1331/1331 1367/1367/1367 1366/1366/1366
f 1369/1369/1369 1335/1335/1335 1370/1370/1370
f 1370/1370/1370 1371/1371/1371 1369/1369/1369
f 1372/1372/1372 1333/1333/1333 1332/1332/1332
f 1332/1332/1332 1373/1373/1373 1372/1372/1372
f 1374/1374/1374 1293/1293/1293 1375/1375/1375
f 1375/1375/1375 1376/1376/1376 1374/1374/1374
f 1377/1377/1377 1339/1339/1339 1378/1378/1378
f 1378/1378/1378 1379/1379/1379 1377/1377/1377
f 1380/1380/1380 1337/1337/1337 1336/1336/1336
f 1336/1336/1336 1381/1381/1381 1380/1380/1380
f 1368/1368/1368 1330/1330/1330 1382/1382/1382
f 1382/1382/1382 1383/1383/1383 1368/1368/1368
f 1289/1289/1289 1288/1288/1288 1384/1384/1384
f 1384/1384/1384 1385/1385/1385 1289/1289/1289
f 1291/1291/1291 1290/1290/1290 1386/1386/1386
f 1386/1386/1386 1387/1387/1387 1291/1291/1291
f 1370/1370/1370 1375/1375/1375 1293/1293/1293
f 1293/1293/1293 1292/1292/1292 1370/1370/1370
f 1378/1378/1378 1382/1382/1382 1330/1330/1330
f 1330/1330/1330 1319/1319/1319 1378/1378/1378
f 1371/1371/1371 1370/1370/1370 1292/1292/1292
f 1292/1292/1292 1340/1340/1340 1371/1371/1371
f 1376/1376/1376 1375/1375/1375 1334/1334/1334
f 1334/1334/1334 1388/1388/1388 1376/1376/1376
f 1379/1379/1379 1378/1378/1378 1319/1319/1319
f 1319/1319/1319 1356/1356/1356 1379/1379/1379
f 1383/1383/1383 1382/1382/1382 1338/1338/1338
f 1338/1338/1338 1389/1389/1389 1383/1383/1383
f 1268/1268/1268 1267/1267/1267 1216/1216/1216
f 1216/1216/1216 1097/1097/1097 1268/1268/1268
f 1268/1268/1268 1273/1273/1273 1272/1272/1272
f 1272/1272/1272 1266/1266/1266 1268/1268/1268
f 1390/1390/1390 1391/1391/1391 1392/1392/1392
f 1392/1392/1392 1272/1272/1272 1390/1390/1390
f 1317/1317/1317 1350/1350/1350 1311/1311/1311
f 1311/1311/1311 1310/1310/1310 1317/1317/1317
f 1317/1317/1317 1316/1316/1316 1221/1221/1221
f 1221/1221/1221 1220/1220/1220 1317/1317/1317
f 1393/1393/1393 1363/1363/1363 1224/1224/1224
f 1224/1224/1224 1223/1223/1223 1393/1393/1393
f 1351/1351/1351 1350/1350/1350 1226/1226/1226
f 1226/1226/1226 1225/1225/1225 1351/1351/1351
f 1394/1394/1394 1327/1327/1327 1395/1395/1395
f 1395/1395/1395 1396/1396/1396 1394/1394/1394
f 1335/1335/1335 1369/1369/1369 1373/1373/1373
f 1373/1373/1373 1332/1332/1332 1335/1335/1335
f 1333/1333/1333 1372/1372/1372 1388/1388/1388
f 1388/1388/1388 1334/1334/1334 1333/1333/1333
f 1339/1339/1339 1377/1377/1377 1381/1381/1381
f 1381/1381/1381 1336/1336/1336 1339/1339/1339
f 1337/1337/1337 1380/1380/1380 1389/1389/1389
f 1389/1389/1389 1338/1338/1338 1337/1337/1337
f 1335/1335/1335 1334/1334/1334 1375/1375/1375
f 1375/1375/1375 1370/1370/1370 1335/1335/1335
f 1385/1385/1385 1384/1384/1384 1397/1397/1397
f 1397/1397/1397 1398/1398/1398 1385/1385/1385
f 1339/1339/1339 1338/1338/1338 1382/1382/1382
f 1382/1382/1382 1378/1378/1378 1339/1339/1339
f 1387/1387/1387 1386/1386/1386 1399/1399/1399
f 1399/1399/1399 1400/1400/1400 1387/1387/1387
f 1361/1361/1361 1360/1360/1360 1358/1358/1358
f 1358/1358/1358 1357/1357/1357 1361/1361/1361
f 1324/1324/1324 1359/1359/1359 1401/1401/1401
f 1401/1401/1401 1325/1325/1325 1324/1324/1324
f 1365/1365/1365 1364/1364/1364 1328/1328/1328
f 1328/1328/1328 1402/1402/1402 1365/1365/1365
f 1363/1363/1363 1362/1362/1362 1236/1236/1236
f 1236/1236/1236 1224/1224/1224 1363/1363/1363
f 1396/1396/1396 1395/1395/1395 1325/1325/1325
f 1325/1325/1325 1401/1401/1401 1396/1396/1396
f 1327/1327/1327 1394/1394/1394 1402/1402/1402
f 1402/1402/1402 1328/1328/1328 1327/1327/1327
f 1403/1403/1403 1404/1404/1404 1099/1099/1099
f 1099/1099/1099 1238/1238/1238 1403/1403/1403
f 1282/1282/1282 1281/1281/1281 1404/1404/1404
f 1404/1404/1404 1403/1403/1403 1282/1282/1282
f 1405/1405/1405 1406/1406/1406 1273/1273/1273
f 1273/1273/1273 1283/1283/1283 1405/1405/1405
f 1391/1391/1391 1390/1390/1390 1406/1406/1406
f 1406/1406/1406 1405/1405/1405 1391/1391/1391
f 1407/1407/1407 1408/1408/1408 1272/1272/1272
f 1272/1272/1272 1392/1392/1392 1407/1407/1407
f 1279/1279/1279 1278/1278/1278 1408/1408/1408
f 1408/1408/1408 1407/1407/1407 1279/1279/1279
f 1364/1364/1364 1409/1409/1409 1316/1316/1316
f 1316/1316/1316 1328/1328/1328 1364/1364/1364
f 1363/1363/1363 1393/1393/1393 1409/1409/1409
f 1409/1409/1409 1364/1364/1364 1363/1363/1363
f 1327/1327/1327 1326/1326/1326 1410/1410/1410
f 1410/1410/1410 1395/1395/1395 1327/1327/1327
f 1395/1395/1395 1410/1410/1410 1315/1315/1315
f 1315/1315/1315 1325/1325/1325 1395/1395/1395
f 1324/1324/1324 1323/1323/1323 1411/1411/1411
f 1411/1411/1411 1360/1360/1360 1324/1324/1324
f 1360/1360/1360 1411/1411/1411 1314/1314/1314
f 1314/1314/1314 1358/1358/1358 1360/1360/1360
f 1408/1408/1408 1278/1278/1278 1271/1271/1271
f 1271/1271/1271 1272/1272/1272 1408/1408/1408
f 1411/1411/1411 1323/1323/1323 1315/1315/1315
f 1315/1315/1315 1314/1314/1314 1411/1411/1411
f 1406/1406/1406 1390/1390/1390 1272/1272/1272
f 1272/1272/1272 1273/1273/1273 1406/1406/1406
f 1410/1410/1410 1326/1326/1326 1316/1316/1316
f 1316/1316/1316 1315/1315/1315 1410/1410/1410
f 1404/1404/1404 1281/1281/1281 1273/1273/1273
f 1273/1273/1273 1099/1099/1099 1404/1404/1404
f 1409/1409/1409 1393/1393/1393 1223/1223/1223
f 1409/1409/1409 1223/1223/1223 1221/1221/1221
f 1409/1409/1409 1221/1221/1221 1316/1316/1316
f 1220/1220/1220 1226/1226/1226 1350/1350/1350
f 1350/1350/1350 1317/1317/1317 1220/1220/1220
f 1200/1200/1200 1121/1121/1121 1146/1146/1146
f 1146/1146/1146 1181/1181/1181 1200/1200/1200
f 1321/1321/1321 1293/1293/1293 1374/1374/1374
f 1374/1374/1374 1355/1355/1355 1321/1321/1321
f 1247/1247/1247 1277/1277/1277 1287/1287/1287
f 1287/1287/1287 1275/1275/1275 1247/1247/1247
f 1294/1294/1294 1293/1293/1293 1321/1321/1321
f 1321/1321/1321 1320/1320/1320 1294/1294/1294
f 1101/1101/1101 1111/1111/1111 1102/1102/1102
f 1146/1146/1146 1121/1121/1121 1120/1120/1120
f 1412/1412/1412 1413/1413/1413 1414/1414/1414
f 1414/1414/1414 1415/1415/1415 1412/1412/1412
f 1416/1416/1416 1417/1417/1417 1418/1418/1418
f 1418/1418/1418 1419/1419/1419 1416/1416/1416
f 1420/1420/1420 1421/1421/1421 1422/1422/1422
f 1422/1422/1422 1423/1423/1423 1420/1420/1420
f 1424/1424/1424 1425/1425/1425 1426/1426/1426
f 1426/1426/1426 1427/1427/1427 1424/1424/1424
f 1428/1428/1428 1429/1429/1429 1430/1430/1430
f 1430/1430/1430 1431/1431/1431 1428/1428/1428
f 1432/1432/1432 1433/1433/1433 1434/1434/1434
f 1434/1434/1434 1435/1435/1435 1432/1432/1432
f 1413/1413/1413 1436/1436/1436 1437/1437/1437
f 1437/1437/1437 1414/1414/1414 1413/1413/1413
f 1438/1438/1438 1439/1439/1439 1440/1440/1440
f 1440/1440/1440 1415/1415/1415 1438/1438/1438
f 1417/1417/1417 1441/1441/1441 1442/1442/1442
f 1442/1442/1442 1418/1418/1418 1417/1417/1417
f 1443/1443/1443 1444/1444/1444 1445/1445/1445
f 1445/1445/1445 1419/1419/1419 1443/1443/1443
f 1425/1425/1425 1446/1446/1446 1447/1447/1447
f 1447/1447/1447 1426/1426/1426 1425/1425/1425
f 1448/1448/1448 1449/1449/1449 1450/1450/1450
f 1450/1450/1450 1427/1427/1427 1448/1448/1448
f 1433/1433/1433 1451/1451/1451 1452/1452/1452
f 1452/1452/1452 1434/1434/1434 1433/1433/1433
f 1453/1453/1453 1454/1454/1454 1455/1455/1455
f 1455/1455/1455 1435/1435/1435 1453/1453/1453
f 1456/1456/1456 1457/1457/1457 1458/1458/1458
f 1458/1458/1458 1422/1422/1422 1456/1456/1456
f 1426/1426/1426 1459/1459/1459 1448/1448/1448
f 1448/1448/1448 1427/1427/1427 1426/1426/1426
f 1460/1460/1460 1461/1461/1461 1462/1462/1462
f 1462/1462/1462 1430/1430/1430 1460/1460/1460
f 1434/1434/1434 1463/1463/1463 1453/1453/1453
f 1453/1453/1453 1435/1435/1435 1434/1434/1434
f 1447/1447/1447 1464/1464/1464 1459/1459/1459
f 1459/1459/1459 1426/1426/1426 1447/1447/1447
f 1450/1450/1450 1465/1465/1465 1424/1424/1424
f 1424/1424/1424 1427/1427/1427 1450/1450/1450
f 1452/1452/1452 1466/1466/1466 1463/1463/1463
f 1463/1463/1463 1434/1434/1434 1452/1452/1452
f 1455/1455/1455 1467/1467/1467 1432/1432/1432
f 1432/1432/1432 1435/1435/1435 1455/1455/1455
f 1414/1414/1414 1468/1468/1468 1438/1438/1438
f 1438/1438/1438 1415/1415/1415 1414/1414/1414
f 1418/1418/1418 1469/1469/1469 1443/1443/1443
f 1443/1443/1443 1419/1419/1419 1418/1418/1418
f 1421/1421/1421 1470/1470/1470 1456/1456/1456
f 1456/1456/1456 1422/1422/1422 1421/1421/1421
f 1429/1429/1429 1471/1471/1471 1460/1460/1460
f 1460/1460/1460 1430/1430/1430 1429/1429/1429
f 1437/1437/1437 1472/1472/1472 1468/1468/1468
f 1468/1468/1468 1414/1414/1414 1437/1437/1437
f 1440/1440/1440 1473/1473/1473 1412/1412/1412
f 1412/1412/1412 1415/1415/1415 1440/1440/1440
f 1442/1442/1442 1474/1474/1474 1469/1469/1469
f 1469/1469/1469 1418/1418/1418 1442/1442/1442
f 1445/1445/1445 1475/1475/1475 1416/1416/1416
f 1416/1416/1416 1419/1419/1419 1445/1445/1445
f 1458/1458/1458 1476/1476/1476 1423/1423/1423
f 1423/1423/1423 1422/1422/1422 1458/1458/1458
f 1462/1462/1462 1477/1477/1477 1431/1431/1431
f 1431/1431/1431 1430/1430/1430 1462/1462/1462
f 1478/1478/1478 1479/1479/1479 1480/1480/1480
f 1480/1480/1480 1481/1481/1481 1478/1478/1478
f 1482/1482/1482 1483/1483/1483 1484/1484/1484
f 1484/1484/1484 1485/1485/1485 1482/1482/1482
f 1486/1486/1486 1487/1487/1487 1488/1488/1488
f 1488/1488/1488 1489/1489/1489 1486/1486/1486
f 1490/1490/1490 1491/1491/1491 1492/1492/1492
f 1492/1492/1492 1493/1493/1493 1490/1490/1490
f 1494/1494/1494 1495/1495/1495 1496/1496/1496
f 1496/1496/1496 1497/1497/1497 1494/1494/1494
f 1498/1498/1498 1499/1499/1499 1500/1500/1500
f 1500/1500/1500 1501/1501/1501 1498/1498/1498
f 1479/1479/1479 1502/1502/1502 1503/1503/1503
f 1503/1503/1503 1480/1480/1480 1479/1479/1479
f 1504/1504/1504 1505/1505/1505 1506/1506/1506
f 1506/1506/1506 1481/1481/1481 1504/1504/1504
f 1483/1483/1483 1507/1507/1507 1508/1508/1508
f 1508/1508/1508 1484/1484/1484 1483/1483/1483
f 1509/1509/1509 1510/1510/1510 1511/1511/1511
f 1511/1511/1511 1485/1485/1485 1509/1509/1509
f 1491/1491/1491 1512/1512/1512 1513/1513/1513
f 1513/1513/1513 1492/1492/1492 1491/1491/1491
f 1514/1514/1514 1515/1515/1515 1516/1516/1516
f 1516/1516/1516 1493/1493/1493 1514/1514/1514
f 1499/1499/1499 1517/1517/1517 1518/1518/1518
f 1518/1518/1518 1500/1500/1500 1499/1499/1499
f 1519/1519/1519 1520/1520/1520 1521/1521/1521
f 1521/1521/1521 1501/1501/1501 1519/1519/1519
f 1522/1522/1522 1523/1523/1523 1524/1524/1524
f 1524/1524/1524 1488/1488/1488 1522/1522/1522
f 1492/1492/1492 1525/1525/1525 1514/1514/1514
f 1514/1514/1514 1493/1493/1493 1492/1492/1492
f 1526/1526/1526 1527/1527/1527 1528/1528/1528
f 1528/1528/1528 1496/1496/1496 1526/1526/1526
f 1500/1500/1500 1529/1529/1529 1519/1519/1519
f 1519/1519/1519 1501/1501/1501 1500/1500/1500
f 1513/1513/1513 1530/1530/1530 1525/1525/1525
f 1525/1525/1525 1492/1492/1492 1513/1513/1513
f 1516/1516/1516 1531/1531/1531 1490/1490/1490
f 1490/1490/1490 1493/1493/1493 1516/1516/1516
f 1518/1518/1518 1532/1532/1532 1529/1529/1529
f 1529/1529/1529 1500/1500/1500 1518/1518/1518
f 1521/1521/1521 1533/1533/1533 1498/1498/1498
f 1498/1498/1498 1501/1501/1501 1521/1521/1521
f 1480/1480/1480 1534/1534/1534 1504/1504/1504
f 1504/1504/1504 1481/1481/1481 1480/1480/1480
f 1484/1484/1484 1535/1535/1535 1509/1509/1509
f 1509/1509/1509 1485/1485/1485 1484/1484/1484
f 1487/1487/1487 1536/1536/1536 1522/1522/1522
f 1522/1522/1522 1488/1488/1488 1487/1487/1487
f 1495/1495/1495 1537/1537/1537 1526/1526/1526
f 1526/1526/1526 1496/1496/1496 1495/1495/1495
f 1503/1503/1503 1538/1538/1538 1534/1534/1534
f 1534/1534/1534 1480/1480/1480 1503/1503/1503
f 1506/1506/1506 1539/1539/1539 1478/1478/1478
f 1478/1478/1478 1481/1481/1481 1506/1506/1506
f 1508/1508/1508 1540/1540/1540 1535/1535/1535
f 1535/1535/1535 1484/1484/1484 1508/1508/1508
f 1511/1511/1511 1541/1541/1541 1482/1482/1482
f 1482/1482/1482 1485/1485/1485 1511/1511/1511
f 1524/1524/1524 1542/1542/1542 1489/1489/1489
f 1489/1489/1489 1488/1488/1488 1524/1524/1524
f 1528/1528/1528 1543/1543/1543 1497/1497/1497
f 1497/1497/1497 1496/1496/1496 1528/1528/1528
f 1544/1544/1544 1545/1545/1545 1546/1546/1546
f 1546/1546/1546 1547/1547/1547 1544/1544/1544
f 1548/1548/1548 1549/1549/1549 1550/1550/1550
f 1550/1550/1550 1551/1551/1551 1548/1548/1548
f 1552/1552/1552 1553/1553/1553 1554/1554/1554
f 1554/1554/1554 1555/1555/1555 1552/1552/1552
f 1556/1556/1556 1557/1557/1557 1558/1558/1558
f 1558/1558/1558 1559/1559/1559 1556/1556/1556
f 1560/1560/1560 1561/1561/1561 1562/1562/1562
f 1562/1562/1562 1563/1563/1563 1560/1560/1560
f 1564/1564/1564 1565/1565/1565 1566/1566/1566
f 1566/1566/1566 1567/1567/1567 1564/1564/1564
f 1545/1545/1545 1568/1568/1568 1569/1569/1569
f 1569/1569/1569 1546/1546/1546 1545/1545/1545
f 1570/1570/1570 1571/1571/1571 1572/1572/1572
f 1572/1572/1572 1547/1547/1547 1570/1570/1570
f 1549/1549/1549 1573/1573/1573 1574/1574/1574
f 1574/1574/1574 1550/1550/1550 1549/1549/1549
f 1575/1575/1575 1576/1576/1576 1577/1577/1577
f 1577/1577/1577 1551/1551/1551 1575/1575/1575
f 1557/1557/1557 1578/1578/1578 1579/1579/1579
f 1579/1579/1579 1558/1558/1558 1557/1557/1557
f 1580/1580/1580 1581/1581/1581 1582/1582/1582
f 1582/1582/1582 1559/1559/1559 1580/1580/1580
f 1565/1565/1565 1583/1583/1583 1584/1584/1584
f 1584/1584/1584 1566/1566/1566 1565/1565/1565
f 1585/1585/1585 1586/1586/1586 1587/1587/1587
f 1587/1587/1587 1567/1567/1567 1585/1585/1585
f 1588/1588/1588 1589/1589/1589 1590/1590/1590
f 1590/1590/1590 1554/1554/1554 1588/1588/1588
f 1558/1558/1558 1591/1591/1591 1580/1580/1580
f 1580/1580/1580 1559/1559/1559 1558/1558/1558
f 1592/1592/1592 1593/1593/1593 1594/1594/1594
f 1594/1594/1594 1562/1562/1562 1592/1592/1592
f 1566/1566/1566 1595/1595/1595 1585/1585/1585
f 1585/1585/1585 1567/1567/1567 1566/1566/1566
f 1579/1579/1579 1596/1596/1596 1591/1591/1591
f 1591/1591/1591 1558/1558/1558 1579/1579/1579
f 1582/1582/1582 1597/1597/1597 1556/1556/1556
f 1556/1556/1556 1559/1559/1559 1582/1582/1582
f 1584/1584/1584 1598/1598/1598 1595/1595/1595
f 1595/1595/1595 1566/1566/1566 1584/1584/1584
f 1587/1587/1587 1599/1599/1599 1564/1564/1564
f 1564/1564/1564 1567/1567/1567 1587/1587/1587
f 1546/1546/1546 1600/1600/1600 1570/1570/1570
f 1570/1570/1570 1547/1547/1547 1546/1546/1546
f 1550/1550/1550 1601/1601/1601 1575/1575/1575
f 1575/1575/1575 1551/1551/1551 1550/1550/1550
f 1553/1553/1553 1602/1602/1602 1588/1588/1588
f 1588/1588/1588 1554/1554/1554 1553/1553/1553
f 1561/1561/1561 1603/1603/1603 1592/1592/1592
f 1592/1592/1592 1562/1562/1562 1561/1561/1561
f 1569/1569/1569 1604/1604/1604 1600/1600/1600
f 1600/1600/1600 1546/1546/1546 1569/1569/1569
f 1572/1572/1572 1605/1605/1605 1544/1544/1544
f 1544/1544/1544 1547/1547/1547 1572/1572/1572
f 1574/1574/1574 1606/1606/1606 1601/1601/1601
f 1601/1601/1601 1550/1550/1550 1574/1574/1574
f 1577/1577/1577 1607/1607/1607 1548/1548/1548
f 1548/1548/1548 1551/1551/1551 1577/1577/1577
f 1590/1590/1590 1608/1608/1608 1555/1555/1555
f 1555/1555/1555 1554/1554/1554 1590/1590/1590
f 1594/1594/1594 1609/1609/1609 1563/1563/1563
f 1563/1563/1563 1562/1562/1562 1594/1594/1594
f 1610/1610/1610 1611/1611/1611 1612/1612/1612
f 1612/1612/1612 1613/1613/1613 1610/1610/1610
f 1614/1614/1614 1615/1615/1615 1616/1616/1616
f 1616/1616/1616 1617/1617/1617 1614/1614/1614
f 1618/1618/1618 1619/1619/1619 1620/1620/1620
f 1620/1620/1620 1621/1621/1621 1618/1618/1618
f 1622/1622/1622 1623/1623/1623 1624/1624/1624
f 1624/1624/1624 1625/1625/1625 1622/1622/1622
f 1626/1626/1626 1627/1627/1627 1628/1628/1628
f 1628/1628/1628 1629/1629/1629 1626/1626/1626
f 1630/1630/1630 1631/1631/1631 1632/1632/1632
f 1632/1632/1632 1633/1633/1633 1630/1630/1630
f 1611/1611/1611 1634/1634/1634 1635/1635/1635
f 1635/1635/1635 1612/1612/1612 1611/1611/1611
f 1636/1636/1636 1637/1637/1637 1638/1638/1638
f 1638/1638/1638 1613/1613/1613 1636/1636/1636
f 1615/1615/1615 1639/1639/1639 1640/1640/1640
f 1640/1640/1640 1616/1616/1616 1615/1615/1615
f 1641/1641/1641 1642/1642/1642 1643/1643/1643
f 1643/1643/1643 1617/1617/1617 1641/1641/1641
f 1623/1623/1623 1644/1644/1644 1645/1645/1645
f 1645/1645/1645 1624/1624/1624 1623/1623/1623
f 1646/1646/1646 1647/1647/1647 1648/1648/1648
f 1648/1648/1648 1625/1625/1625 1646/1646/1646
f 1631/1631/1631 1649/1649/1649 1650/1650/1650
f 1650/1650/1650 1632/1632/1632 1631/1631/1631
f 1651/1651/1651 1652/1652/1652 1653/1653/1653
f 1653/1653/1653 1633/1633/1633 1651/1651/1651
f 1654/1654/1654 1655/1655/1655 1656/1656/1656
f 1656/1656/1656 1620/1620/1620 1654/1654/1654
f 1624/1624/1624 1657/1657/1657 1646/1646/1646
f 1646/1646/1646 1625/1625/1625 1624/1624/1624
f 1658/1658/1658 1659/1659/1659 1660/1660/1660
f 1660/1660/1660 1628/1628/1628 1658/1658/1658
f 1632/1632/1632 1661/1661/1661 1651/1651/1651
f 1651/1651/1651 1633/1633/1633 1632/1632/1632
f 1645/1645/1645 1662/1662/1662 1657/1657/1657
f 1657/1657/1657 1624/1624/1624 1645/1645/1645
f 1648/1648/1648 1663/1663/1663 1622/1622/1622
f 1622/1622/1622 1625/1625/1625 1648/1648/1648
f 1650/1650/1650 1664/1664/1664 1661/1661/1661
f 1661/1661/1661 1632/1632/1632 1650/1650/1650
f 1653/1653/1653 1665/1665/1665 1630/1630/1630
f 1630/1630/1630 1633/1633/1633 1653/1653/1653
f 1612/1612/1612 1666/1666/1666 1636/1636/1636
f 1636/1636/1636 1613/1613/1613 1612/1612/1612
f 1616/1616/1616 1667/1667/1667 1641/1641/1641
f 1641/1641/1641 1617/1617/1617 1616/1616/1616
f 1619/1619/1619 1668/1668/1668 1654/1654/1654
f 1654/1654/1654 1620/1620/1620 1619/1619/1619
f 1627/1627/1627 1669/1669/1669 1658/1658/1658
f 1658/1658/1658 1628/1628/1628 1627/1627/1627
f 1635/1635/1635 1670/1670/1670 1666/1666/1666
f 1666/1666/1666 1612/1612/1612 1635/1635/1635
f 1671/1671/1671 1649/1649/1649 1631/1631/1631
f 1631/1631/1631 1672/1672/1672 1671/1671/1671
f 1640/1640/1640 1673/1673/1673 1667/1667/1667
f 1667/1667/1667 1616/1616/1616 1640/1640/1640
f 1643/1643/1643 1674/1674/1674 1614/1614/1614
f 1614/1614/1614 1617/1617/1617 1643/1643/1643
f 1656/1656/1656 1675/1675/1675 1621/1621/1621
f 1621/1621/1621 1620/1620/1620 1656/1656/1656
f 1660/1660/1660 1676/1676/1676 1629/1629/1629
f 1629/1629/1629 1628/1628/1628 1660/1660/1660
f 1677/1677/1677 1678/1678/1678 1679/1679/1679
f 1679/1679/1679 1680/1680/1680 1677/1677/1677
f 1681/1681/1681 1682/1682/1682 1683/1683/1683
f 1683/1683/1683 1684/1684/1684 1681/1681/1681
f 1685/1685/1685 1686/1686/1686 1687/1687/1687
f 1687/1687/1687 1688/1688/1688 1685/1685/1685
f 1689/1689/1689 1690/1690/1690 1691/1691/1691
f 1691/1691/1691 1692/1692/1692 1689/1689/1689
f 1693/1693/1693 1694/1694/1694 1695/1695/1695
f 1695/1695/1695 1696/1696/1696 1693/1693/1693
f 1697/1697/1697 1698/1698/1698 1699/1699/1699
f 1699/1699/1699 1700/1700/1700 1697/1697/1697
f 1678/1678/1678 1701/1701/1701 1702/1702/1702
f 1702/1702/1702 1679/1679/1679 1678/1678/1678
f 1703/1703/1703 1704/1704/1704 1705/1705/1705
f 1705/1705/1705 1680/1680/1680 1703/1703/1703
f 1682/1682/1682 1706/1706/1706 1707/1707/1707
f 1707/1707/1707 1683/1683/1683 1682/1682/1682
f 1708/1708/1708 1709/1709/1709 1710/1710/1710
f 1710/1710/1710 1684/1684/1684 1708/1708/1708
f 1690/1690/1690 1711/1711/1711 1712/1712/1712
f 1712/1712/1712 1691/1691/1691 1690/1690/1690
f 1713/1713/1713 1714/1714/1714 1715/1715/1715
f 1715/1715/1715 1692/1692/1692 1713/1713/1713
f 1698/1698/1698 1716/1716/1716 1717/1717/1717
f 1717/1717/1717 1699/1699/1699 1698/1698/1698
f 1718/1718/1718 1719/1719/1719 1720/1720/1720
f 1720/1720/1720 1700/1700/1700 1718/1718/1718
f 1721/1721/1721 1722/1722/1722 1723/1723/1723
f 1723/1723/1723 1687/1687/1687 1721/1721/1721
f 1691/1691/1691 1724/1724/1724 1713/1713/1713
f 1713/1713/1713 1692/1692/1692 1691/1691/1691
f 1725/1725/1725 1726/1726/1726 1727/1727/1727
f 1727/1727/1727 1695/1695/1695 1725/1725/1725
f 1699/1699/1699 1728/1728/1728 1718/1718/1718
f 1718/1718/1718 1700/1700/1700 1699/1699/1699
f 1712/1712/1712 1729/1729/1729 1724/1724/1724
f 1724/1724/1724 1691/1691/1691 1712/1712/1712
f 1715/1715/1715 1730/1730/1730 1689/1689/1689
f 1689/1689/1689 1692/1692/1692 1715/1715/1715
f 1717/1717/1717 1731/1731/1731 1728/1728/1728
f 1728/1728/1728 1699/1699/1699 1717/1717/1717
f 1720/1720/1720 1732/1732/1732 1697/1697/1697
f 1697/1697/1697 1700/1700/1700 1720/1720/1720
f 1679/1679/1679 1733/1733/1733 1703/1703/1703
f 1703/1703/1703 1680/1680/1680 1679/1679/1679
f 1683/1683/1683 1734/1734/1734 1708/1708/1708
f 1708/1708/1708 1684/1684/1684 1683/1683/1683
f 1686/1686/1686 1735/1735/1735 1721/1721/1721
f 1721/1721/1721 1687/1687/1687 1686/1686/1686
f 1694/1694/1694 1736/1736/1736 1725/1725/1725
f 1725/1725/1725 1695/1695/1695 1694/1694/1694
f 1702/1702/1702 1737/1737/1737 1733/1733/1733
f 1733/1733/1733 1679/1679/1679 1702/1702/1702
f 1705/1705/1705 1738/1738/1738 1677/1677/1677
f 1677/1677/1677 1680/1680/1680 1705/1705/1705
f 1707/1707/1707 1739/1739/1739 1734/1734/1734
f 1734/1734/1734 1683/1683/1683 1707/1707/1707
f 1710/1710/1710 1740/1740/1740 1681/1681/1681
f 1681/1681/1681 1684/1684/1684 1710/1710/1710
f 1723/1723/1723 1741/1741/1741 1688/1688/1688
f 1688/1688/1688 1687/1687/1687 1723/1723/1723
f 1727/1727/1727 1742/1742/1742 1696/1696/1696
f 1696/1696/1696 1695/1695/1695 1727/1727/1727
f 1743/1743/1743 1744/1744/1744 1745/1745/1745
f 1745/1745/1745 1746/1746/1746 1743/1743/1743
f 1747/1747/1747 1748/1748/1748 1749/1749/1749
f 1749/1749/1749 1750/1750/1750 1747/1747/1747
f 1751/1751/1751 1752/1752/1752 1753/1753/1753
f 1753/1753/1753 1754/1754/1754 1751/1751/1751
f 1755/1755/1755 1756/1756/1756 1757/1757/1757
f 1757/1757/1757 1758/1758/1758 1755/1755/1755
f 1759/1759/1759 1760/1760/1760 1761/1761/1761
f 1761/1761/1761 1762/1762/1762 1759/1759/1759
f 1763/1763/1763 1764/1764/1764 1765/1765/1765
f 1765/1765/1765 1766/1766/1766 1763/1763/1763
f 1744/1744/1744 1767/1767/1767 1768/1768/1768
f 1768/1768/1768 1745/1745/1745 1744/1744/1744
f 1769/1769/1769 1770/1770/1770 1771/1771/1771
f 1771/1771/1771 1746/1746/1746 1769/1769/1769
f 1748/1748/1748 1772/1772/1772 1773/1773/1773
f 1773/1773/1773 1749/1749/1749 1748/1748/1748
f 1774/1774/1774 1775/1775/1775 1776/1776/1776
f 1776/1776/1776 1750/1750/1750 1774/1774/1774
f 1756/1756/1756 1777/1777/1777 1778/1778/1778
f 1778/1778/1778 1757/1757/1757 1756/1756/1756
f 1779/1779/1779 1780/1780/1780 1781/1781/1781
f 1781/1781/1781 1758/1758/1758 1779/1779/1779
f 1764/1764/1764 1782/1782/1782 1783/1783/1783
f 1783/1783/1783 1765/1765/1765 1764/1764/1764
f 1784/1784/1784 1785/1785/1785 1786/1786/1786
f 1786/1786/1786 1766/1766/1766 1784/1784/1784
f 1787/1787/1787 1788/1788/1788 1789/1789/1789
f 1789/1789/1789 1753/1753/1753 1787/1787/1787
f 1757/1757/1757 1790/1790/1790 1779/1779/1779
f 1779/1779/1779 1758/1758/1758 1757/1757/1757
f 1791/1791/1791 1792/1792/1792 1793/1793/1793
f 1793/1793/1793 1761/1761/1761 1791/1791/1791
f 1765/1765/1765 1794/1794/1794 1784/1784/1784
f 1784/1784/1784 1766/1766/1766 1765/1765/1765
f 1778/1778/1778 1795/1795/1795 1790/1790/1790
f 1790/1790/1790 1757/1757/1757 1778/1778/1778
f 1781/1781/1781 1796/1796/1796 1755/1755/1755
f 1755/1755/1755 1758/1758/1758 1781/1781/1781
f 1783/1783/1783 1797/1797/1797 1794/1794/1794
f 1794/1794/1794 1765/1765/1765 1783/1783/1783
f 1786/1786/1786 1798/1798/1798 1763/1763/1763
f 1763/1763/1763 1766/1766/1766 1786/1786/1786
f 1745/1745/1745 1799/1799/1799 1769/1769/1769
f 1769/1769/1769 1746/1746/1746 1745/1745/1745
f 1749/1749/1749 1800/1800/1800 1774/1774/1774
f 1774/1774/1774 1750/1750/1750 1749/1749/1749
f 1752/1752/1752 1801/1801/1801 1787/1787/1787
f 1787/1787/1787 1753/1753/1753 1752/1752/1752
f 1760/1760/1760 1802/1802/1802 1791/1791/1791
f 1791/1791/1791 1761/1761/1761 1760/1760/1760
f 1768/1768/1768 1803/1803/1803 1799/1799/1799
f 1799/1799/1799 1745/1745/1745 1768/1768/1768
f 1752/1752/1752 1751/1751/1751 1804/1804/1804
f 1804/1804/1804 1805/1805/1805 1752/1752/1752
f 1773/1773/1773 1806/1806/1806 1800/1800/1800
f 1800/1800/1800 1749/1749/1749 1773/1773/1773
f 1776/1776/1776 1807/1807/1807 1747/1747/1747
f 1747/1747/1747 1750/1750/1750 1776/1776/1776
f 1789/1789/1789 1808/1808/1808 1754/1754/1754
f 1754/1754/1754 1753/1753/1753 1789/1789/1789
f 1793/1793/1793 1809/1809/1809 1762/1762/1762
f 1762/1762/1762 1761/1761/1761 1793/1793/1793
f 1810/1810/1810 1811/1811/1811 1812/1812/1812
f 1812/1812/1812 1813/1813/1813 1810/1810/1810
f 1814/1814/1814 1815/1815/1815 1816/1816/1816
f 1816/1816/1816 1817/1817/1817 1814/1814/1814
f 1818/1818/1818 1819/1819/1819 1820/1820/1820
f 1820/1820/1820 1821/1821/1821 1818/1818/1818
f 1822/1822/1822 1823/1823/1823 1824/1824/1824
f 1824/1824/1824 1825/1825/1825 1822/1822/1822
f 1826/1826/1826 1827/1827/1827 1828/1828/1828
f 1828/1828/1828 1829/1829/1829 1826/1826/1826
f 1830/1830/1830 1831/1831/1831 1832/1832/1832
f 1832/1832/1832 1833/1833/1833 1830/1830/1830
f 1811/1811/1811 1834/1834/1834 1835/1835/1835
f 1835/1835/1835 1812/1812/1812 1811/1811/1811
f 1836/1836/1836 1837/1837/1837 1838/1838/1838
f 1838/1838/1838 1813/1813/1813 1836/1836/1836
f 1815/1815/1815 1839/1839/1839 1840/1840/1840
f 1840/1840/1840 1816/1816/1816 1815/1815/1815
f 1841/1841/1841 1842/1842/1842 1843/1843/1843
f 1843/1843/1843 1817/1817/1817 1841/1841/1841
f 1823/1823/1823 1844/1844/1844 1845/1845/1845
f 1845/1845/1845 1824/1824/1824 1823/1823/1823
f 1846/1846/1846 1847/1847/1847 1848/1848/1848
f 1848/1848/1848 1825/1825/1825 1846/1846/1846
f 1831/1831/1831 1849/1849/1849 1850/1850/1850
f 1850/1850/1850 1832/1832/1832 1831/1831/1831
f 1851/1851/1851 1852/1852/1852 1853/1853/1853
f 1853/1853/1853 1833/1833/1833 1851/1851/1851
f 1854/1854/1854 1855/1855/1855 1856/1856/1856
f 1856/1856/1856 1820/1820/1820 1854/1854/1854
f 1824/1824/1824 1857/1857/1857 1846/1846/1846
f 1846/1846/1846 1825/1825/1825 1824/1824/1824
f 1858/1858/1858 1859/1859/1859 1860/1860/1860
f 1860/1860/1860 1828/1828/1828 1858/1858/1858
f 1832/1832/1832 1861/1861/1861 1851/1851/1851
f 1851/1851/1851 1833/1833/1833 1832/1832/1832
f 1845/1845/1845 1862/1862/1862 1857/1857/1857
f 1857/1857/1857 1824/1824/1824 1845/1845/1845
f 1848/1848/1848 1863/1863/1863 1822/1822/1822
f 1822/1822/1822 1825/1825/1825 1848/1848/1848
f 1850/1850/1850 1864/1864/1864 1861/1861/1861
f 1861/1861/1861 1832/1832/1832 1850/1850/1850
f 1853/1853/1853 1865/1865/1865 1830/1830/1830
f 1830/1830/1830 1833/1833/1833 1853/1853/1853
f 1812/1812/1812 1866/1866/1866 1836/1836/1836
f 1836/1836/1836 1813/1813/1813 1812/1812/1812
f 1816/1816/1816 1867/1867/1867 1841/1841/1841
f 1841/1841/1841 1817/1817/1817 1816/1816/1816
f 1819/1819/1819 1868/1868/1868 1854/1854/1854
f 1854/1854/1854 1820/1820/1820 1819/1819/1819
f 1827/1827/1827 1869/1869/1869 1858/1858/1858
f 1858/1858/1858 1828/1828/1828 1827/1827/1827
f 1835/1835/1835 1870/1870/1870 1866/1866/1866
f 1866/1866/1866 1812/1812/1812 1835/1835/1835
f 1838/1838/1838 1871/1871/1871 1810/1810/1810
f 1810/1810/1810 1813/1813/1813 1838/1838/1838
f 1840/1840/1840 1872/1872/1872 1867/1867/1867
f 1867/1867/1867 1816/1816/1816 1840/1840/1840
f 1843/1843/1843 1873/1873/1873 1814/1814/1814
f 1814/1814/1814 1817/1817/1817 1843/1843/1843
f 1856/1856/1856 1874/1874/1874 1821/1821/1821
f 1821/1821/1821 1820/1820/1820 1856/1856/1856
f 1860/1860/1860 1875/1875/1875 1829/1829/1829
f 1829/1829/1829 1828/1828/1828 1860/1860/1860
f 1876/1876/1876 1877/1877/1877 1878/1878/1878
f 1878/1878/1878 1879/1879/1879 1876/1876/1876
f 1880/1880/1880 1881/1881/1881 1882/1882/1882
f 1882/1882/1882 1883/1883/1883 1880/1880/1880
f 1884/1884/1884 1885/1885/1885 1886/1886/1886
f 1886/1886/1886 1887/1887/1887 1884/1884/1884
f 1888/1888/1888 1889/1889/1889 1890/1890/1890
f 1890/1890/1890 1891/1891/1891 1888/1888/1888
f 1892/1892/1892 1893/1893/1893 1894/1894/1894
f 1894/1894/1894 1895/1895/1895 1892/1892/1892
f 1896/1896/1896 1897/1897/1897 1898/1898/1898
f 1898/1898/1898 1899/1899/1899 1896/1896/1896
f 1877/1877/1877 1900/1900/1900 1901/1901/1901
f 1901/1901/1901 1878/1878/1878 1877/1877/1877
f 1902/1902/1902 1903/1903/1903 1904/1904/1904
f 1904/1904/1904 1879/1879/1879 1902/1902/1902
f 1881/1881/1881 1905/1905/1905 1906/1906/1906
f 1906/1906/1906 1882/1882/1882 1881/1881/1881
f 1907/1907/1907 1908/1908/1908 1909/1909/1909
f 1909/1909/1909 1883/1883/1883 1907/1907/1907
f 1889/1889/1889 1910/1910/1910 1911/1911/1911
f 1911/1911/1911 1890/1890/1890 1889/1889/1889
f 1912/1912/1912 1913/1913/1913 1914/1914/1914
f 1914/1914/1914 1891/1891/1891 1912/1912/1912
f 1897/1897/1897 1915/1915/1915 1916/1916/1916
f 1916/1916/1916 1898/1898/1898 1897/1897/1897
f 1917/1917/1917 1918/1918/1918 1919/1919/1919
f 1919/1919/1919 1899/1899/1899 1917/1917/1917
f 1920/1920/1920 1921/1921/1921 1922/1922/1922
f 1922/1922/1922 1886/1886/1886 1920/1920/1920
f 1890/1890/1890 1923/1923/1923 1912/1912/1912
f 1912/1912/1912 1891/1891/1891 1890/1890/1890
f 1924/1924/1924 1925/1925/1925 1926/1926/1926
f 1926/1926/1926 1894/1894/1894 1924/1924/1924
f 1898/1898/1898 1927/1927/1927 1917/1917/1917
f 1917/1917/1917 1899/1899/1899 1898/1898/1898
f 1911/1911/1911 1928/1928/1928 1923/1923/1923
f 1923/1923/1923 1890/1890/1890 1911/1911/1911
f 1914/1914/1914 1929/1929/1929 1888/1888/1888
f 1888/1888/1888 1891/1891/1891 1914/1914/1914
f 1916/1916/1916 1930/1930/1930 1927/1927/1927
f 1927/1927/1927 1898/1898/1898 1916/1916/1916
f 1919/1919/1919 1931/1931/1931 1896/1896/1896
f 1896/1896/1896 1899/1899/1899 1919/1919/1919
f 1878/1878/1878 1932/1932/1932 1902/1902/1902
f 1902/1902/1902 1879/1879/1879 1878/1878/1878
f 1882/1882/1882 1933/1933/1933 1907/1907/1907
f 1907/1907/1907 1883/1883/1883 1882/1882/1882
f 1885/1885/1885 1934/1934/1934 1920/1920/1920
f 1920/1920/1920 1886/1886/1886 1885/1885/1885
f 1893/1893/1893 1935/1935/1935 1924/1924/1924
f 1924/1924/1924 1894/1894/1894 1893/1893/1893
f 1901/1901/1901 1936/1936/1936 1932/1932/1932
f 1932/1932/1932 1878/1878/1878 1901/1901/1901
f 1904/1904/1904 1937/1937/1937 1876/1876/1876
f 1876/1876/1876 1879/1879/1879 1904/1904/1904
f 1906/1906/1906 1938/1938/1938 1933/1933/1933
f 1933/1933/1933 1882/1882/1882 1906/1906/1906
f 1909/1909/1909 1939/1939/1939 1880/1880/1880
f 1880/1880/1880 1883/1883/1883 1909/1909/1909
f 1922/1922/1922 1940/1940/1940 1887/1887/1887
f 1887/1887/1887 1886/1886/1886 1922/1922/1922
f 1926/1926/1926 1941/1941/1941 1895/1895/1895
f 1895/1895/1895 1894/1894/1894 1926/1926/1926
f 1942/1942/1942 1943/1943/1943 1944/1944/1944
f 1944/1944/1944 1945/1945/1945 1942/1942/1942
f 1946/1946/1946 1947/1947/1947 1948/1948/1948
f 1948/1948/1948 1949/1949/1949 1946/1946/1946
f 1950/1950/1950 1951/1951/1951 1952/1952/1952
f 1952/1952/1952 1953/1953/1953 1950/1950/1950
f 1954/1954/1954 1955/1955/1955 1956/1956/1956
f 1956/1956/1956 1957/1957/1957 1954/1954/1954
f 1958/1958/1958 1959/1959/1959 1960/1960/1960
f 1960/1960/1960 1961/1961/1961 1958/1958/1958
f 1962/1962/1962 1963/1963/1963 1964/1964/1964
f 1964/1964/1964 1965/1965/1965 1962/1962/1962
f 1943/1943/1943 1966/1966/1966 1967/1967/1967
f 1967/1967/1967 1944/1944/1944 1943/1943/1943
f 1968/1968/1968 1969/1969/1969 1970/1970/1970
f 1970/1970/1970 1945/1945/1945 1968/1968/1968
f 1947/1947/1947 1971/1971/1971 1972/1972/1972
f 1972/1972/1972 1948/1948/1948 1947/1947/1947
f 1973/1973/1973 1974/1974/1974 1975/1975/1975
f 1975/1975/1975 1949/1949/1949 1973/1973/1973
f 1955/1955/1955 1976/1976/1976 1977/1977/1977
f 1977/1977/1977 1956/1956/1956 1955/1955/1955
f 1978/1978/1978 1979/1979/1979 1980/1980/1980
f 1980/1980/1980 1957/1957/1957 1978/1978/1978
f 1963/1963/1963 1981/1981/1981 1982/1982/1982
f 1982/1982/1982 1964/1964/1964 1963/1963/1963
f 1983/1983/1983 1984/1984/1984 1985/1985/1985
f 1985/1985/1985 1965/1965/1965 1983/1983/1983
f 1986/1986/1986 1987/1987/1987 1988/1988/1988
f 1988/1988/1988 1952/1952/1952 1986/1986/1986
f 1956/1956/1956 1989/1989/1989 1978/1978/1978
f 1978/1978/1978 1957/1957/1957 1956/1956/1956
f 1990/1990/1990 1991/1991/1991 1992/1992/1992
f 1992/1992/1992 1960/1960/1960 1990/1990/1990
f 1964/1964/1964 1993/1993/1993 1983/1983/1983
f 1983/1983/1983 1965/1965/1965 1964/1964/1964
f 1977/1977/1977 1994/1994/1994 1989/1989/1989
f 1989/1989/1989 1956/1956/1956 1977/1977/1977
f 1980/1980/1980 1995/1995/1995 1954/1954/1954
f 1954/1954/1954 1957/1957/1957 1980/1980/1980
f 1982/1982/1982 1996/1996/1996 1993/1993/1993
f 1993/1993/1993 1964/1964/1964 1982/1982/1982
f 1985/1985/1985 1997/1997/1997 1962/1962/1962
f 1962/1962/1962 1965/1965/1965 1985/1985/1985
f 1944/1944/1944 1998/1998/1998 1968/1968/1968
f 1968/1968/1968 1945/1945/1945 1944/1944/1944
f 1948/1948/1948 1999/1999/1999 1973/1973/1973
f 1973/1973/1973 1949/1949/1949 1948/1948/1948
f 1951/1951/1951 2000/2000/2000 1986/1986/1986
f 1986/1986/1986 1952/1952/1952 1951/1951/1951
f 1959/1959/1959 2001/2001/2001 1990/1990/1990
f 1990/1990/1990 1960/1960/1960 1959/1959/1959
f 1967/1967/1967 2002/2002/2002 1998/1998/1998
f 1998/1998/1998 1944/1944/1944 1967/1967/1967
f 1951/1951/1951 1950/1950/1950 2003/2003/2003
f 2003/2003/2003 2004/2004/2004 1951/1951/1951
f 1972/1972/1972 2005/2005/2005 1999/1999/1999
f 1999/1999/1999 1948/1948/1948 1972/1972/1972
f 1975/1975/1975 2006/2006/2006 1946/1946/1946
f 1946/1946/1946 1949/1949/1949 1975/1975/1975
f 1988/1988/1988 2007/2007/2007 1953/1953/1953
f 1953/1953/1953 1952/1952/1952 1988/1988/1988
f 1992/1992/1992 2008/2008/2008 1961/1961/1961
f 1961/1961/1961 1960/1960/1960 1992/1992/1992
f 2009/2009/2009 2010/2010/2010 2011/2011/2011
f 2011/2011/2011 2012/2012/2012 2009/2009/2009
f 2013/2013/2013 2014/2014/2014 2015/2015/2015
f 2015/2015/2015 2016/2016/2016 2013/2013/2013
f 2017/2017/2017 2018/2018/2018 2019/2019/2019
f 2019/2019/2019 2020/2020/2020 2017/2017/2017
f 2021/2021/2021 2022/2022/2022 2023/2023/2023
f 2023/2023/2023 2024/2024/2024 2021/2021/2021
f 2025/2025/2025 2026/2026/2026 2027/2027/2027
f 2027/2027/2027 2028/2028/2028 2025/2025/2025
f 2029/2029/2029 2030/2030/2030 2031/2031/2031
f 2031/2031/2031 2032/2032/2032 2029/2029/2029
f 2010/2010/2010 2033/2033/2033 2034/2034/2034
f 2034/2034/2034 2011/2011/2011 2010/2010/2010
f 2035/2035/2035 2036/2036/2036 2037/2037/2037
f 2037/2037/2037 2012/2012/2012 2035/2035/2035
f 2014/2014/2014 2038/2038/2038 2039/2039/2039
f 2039/2039/2039 2015/2015/2015 2014/2014/2014
f 2040/2040/2040 2041/2041/2041 2042/2042/2042
f 2042/2042/2042 2016/2016/2016 2040/2040/2040
f 2022/2022/2022 2043/2043/2043 2044/2044/2044
f 2044/2044/2044 2023/2023/2023 2022/2022/2022
f 2045/2045/2045 2046/2046/2046 2047/2047/2047
f 2047/2047/2047 2024/2024/2024 2045/2045/2045
f 2030/2030/2030 2048/2048/2048 2049/2049/2049
f 2049/2049/2049 2031/2031/2031 2030/2030/2030
f 2050/2050/2050 2051/2051/2051 2052/2052/2052
f 2052/2052/2052 2032/2032/2032 2050/2050/2050
f 2053/2053/2053 2054/2054/2054 2055/2055/2055
f 2055/2055/2055 2019/2019/2019 2053/2053/2053
f 2023/2023/2023 2056/2056/2056 2045/2045/2045
f 2045/2045/2045 2024/2024/2024 2023/2023/2023
f 2057/2057/2057 2058/2058/2058 2059/2059/2059
f 2059/2059/2059 2027/2027/2027 2057/2057/2057
f 2031/2031/2031 2060/2060/2060 2050/2050/2050
f 2050/2050/2050 2032/2032/2032 2031/2031/2031
f 2044/2044/2044 2061/2061/2061 2056/2056/2056
f 2056/2056/2056 2023/2023/2023 2044/2044/2044
f 2047/2047/2047 2062/2062/2062 2021/2021/2021
f 2021/2021/2021 2024/2024/2024 2047/2047/2047
f 2049/2049/2049 2063/2063/2063 2060/2060/2060
f 2060/2060/2060 2031/2031/2031 2049/2049/2049
f 2052/2052/2052 2064/2064/2064 2029/2029/2029
f 2029/2029/2029 2032/2032/2032 2052/2052/2052
f 2011/2011/2011 2065/2065/2065 2035/2035/2035
f 2035/2035/2035 2012/2012/2012 2011/2011/2011
f 2015/2015/2015 2066/2066/2066 2040/2040/2040
f 2040/2040/2040 2016/2016/2016 2015/2015/2015
f 2018/2018/2018 2067/2067/2067 2053/2053/2053
f 2053/2053/2053 2019/2019/2019 2018/2018/2018
f 2026/2026/2026 2068/2068/2068 2057/2057/2057
f 2057/2057/2057 2027/2027/2027 2026/2026/2026
f 2034/2034/2034 2069/2069/2069 2065/2065/2065
f 2065/2065/2065 2011/2011/2011 2034/2034/2034
f 2037/2037/2037 2070/2070/2070 2009/2009/2009
f 2009/2009/2009 2012/2012/2012 2037/2037/2037
f 2039/2039/2039 2071/2071/2071 2066/2066/2066
f 2066/2066/2066 2015/2015/2015 2039/2039/2039
f 2042/2042/2042 2072/2072/2072 2013/2013/2013
f 2013/2013/2013 2016/2016/2016 2042/2042/2042
f 2055/2055/2055 2073/2073/2073 2020/2020/2020
f 2020/2020/2020 2019/2019/2019 2055/2055/2055
f 2059/2059/2059 2074/2074/2074 2028/2028/2028
f 2028/2028/2028 2027/2027/2027 2059/2059/2059
f 2075/2075/2075 2076/2076/2076 2077/2077/2077
f 2077/2077/2077 2078/2078/2078 2075/2075/2075
f 2079/2079/2079 2080/2080/2080 2081/2081/2081
f 2081/2081/2081 2082/2082/2082 2079/2079/2079
f 2083/2083/2083 2084/2084/2084 2085/2085/2085
f 2085/2085/2085 2086/2086/2086 2083/2083/2083
f 2087/2087/2087 2088/2088/2088 2089/2089/2089
f 2089/2089/2089 2090/2090/2090 2087/2087/2087
f 2091/2091/2091 2092/2092/2092 2093/2093/2093
f 2093/2093/2093 2094/2094/2094 2091/2091/2091
f 2095/2095/2095 2096/2096/2096 2097/2097/2097
f 2097/2097/2097 2098/2098/2098 2095/2095/2095
f 2076/2076/2076 2099/2099/2099 2100/2100/2100
f 2100/2100/2100 2077/2077/2077 2076/2076/2076
f 2101/2101/2101 2102/2102/2102 2103/2103/2103
f 2103/2103/2103 2078/2078/2078 2101/2101/2101
f 2080/2080/2080 2104/2104/2104 2105/2105/2105
f 2105/2105/2105 2081/2081/2081 2080/2080/2080
f 2106/2106/2106 2107/2107/2107 2108/2108/2108
f 2108/2108/2108 2082/2082/2082 2106/2106/2106
f 2088/2088/2088 2109/2109/2109 2110/2110/2110
f 2110/2110/2110 2089/2089/2089 2088/2088/2088
f 2111/2111/2111 2112/2112/2112 2113/2113/2113
f 2113/2113/2113 2090/2090/2090 2111/2111/2111
f 2096/2096/2096 2114/2114/2114 2115/2115/2115
f 2115/2115/2115 2097/2097/2097 2096/2096/2096
f 2116/2116/2116 2117/2117/2117 2118/2118/2118
f 2118/2118/2118 2098/2098/2098 2116/2116/2116
f 2119/2119/2119 2120/2120/2120 2121/2121/2121
f 2121/2121/2121 2085/2085/2085 2119/2119/2119
f 2089/2089/2089 2122/2122/2122 2111/2111/2111
f 2111/2111/2111 2090/2090/2090 2089/2089/2089
f 2123/2123/2123 2124/2124/2124 2125/2125/2125
f 2125/2125/2125 2093/2093/2093 2123/2123/2123
f 2097/2097/2097 2126/2126/2126 2116/2116/2116
f 2116/2116/2116 2098/2098/2098 2097/2097/2097
f 2110/2110/2110 2127/2127/2127 2122/2122/2122
f 2122/2122/2122 2089/2089/2089 2110/2110/2110
f 2113/2113/2113 2128/2128/2128 2087/2087/2087
f 2087/2087/2087 2090/2090/2090 2113/2113/2113
f 2115/2115/2115 2129/2129/2129 2126/2126/2126
f 2126/2126/2126 2097/2097/2097 2115/2115/2115
f 2118/2118/2118 2130/2130/2130 2095/2095/2095
f 2095/2095/2095 2098/2098/2098 2118/2118/2118
f 2077/2077/2077 2131/2131/2131 2101/2101/2101
f 2101/2101/2101 2078/2078/2078 2077/2077/2077
f 2081/2081/2081 2132/2132/2132 2106/2106/2106
f 2106/2106/2106 2082/2082/2082 2081/2081/2081
f 2084/2084/2084 2133/2133/2133 2119/2119/2119
f 2119/2119/2119 2085/2085/2085 2084/2084/2084
f 2092/2092/2092 2134/2134/2134 2123/2123/2123
f 2123/2123/2123 2093/2093/2093 2092/2092/2092
f 2100/2100/2100 2135/2135/2135 2131/2131/2131
f 2131/2131/2131 2077/2077/2077 2100/2100/2100
f 2103/2103/2103 2136/2136/2136 2075/2075/2075
f 2075/2075/2075 2078/2078/2078 2103/2103/2103
f 2105/2105/2105 2137/2137/2137 2132/2132/2132
f 2132/2132/2132 2081/2081/2081 2105/2105/2105
f 2108/2108/2108 2138/2138/2138 2079/2079/2079
f 2079/2079/2079 2082/2082/2082 2108/2108/2108
f 2121/2121/2121 2139/2139/2139 2086/2086/2086
f 2086/2086/2086 2085/2085/2085 2121/2121/2121
f 2125/2125/2125 2140/2140/2140 2094/2094/2094
f 2094/2094/2094 2093/2093/2093 2125/2125/2125
f 2141/2141/2141 2142/2142/2142 2143/2143/2143
f 2143/2143/2143 2144/2144/2144 2141/2141/2141
f 2145/2145/2145 2146/2146/2146 2147/2147/2147
f 2147/2147/2147 2148/2148/2148 2145/2145/2145
f 2149/2149/2149 2150/2150/2150 2151/2151/2151
f 2151/2151/2151 2152/2152/2152 2149/2149/2149
f 2153/2153/2153 2154/2154/2154 2155/2155/2155
f 2155/2155/2155 2156/2156/2156 2153/2153/2153
f 2157/2157/2157 2158/2158/2158 2159/2159/2159
f 2159/2159/2159 2160/2160/2160 2157/2157/2157
f 2161/2161/2161 2162/2162/2162 2163/2163/2163
f 2163/2163/2163 2164/2164/2164 2161/2161/2161
f 2142/2142/2142 2165/2165/2165 2166/2166/2166
f 2166/2166/2166 2143/2143/2143 2142/2142/2142
f 2167/2167/2167 2168/2168/2168 2169/2169/2169
f 2169/2169/2169 2144/2144/2144 2167/2167/2167
f 2146/2146/2146 2170/2170/2170 2171/2171/2171
f 2171/2171/2171 2147/2147/2147 2146/2146/2146
f 2172/2172/2172 2173/2173/2173 2174/2174/2174
f 2174/2174/2174 2148/2148/2148 2172/2172/2172
f 2154/2154/2154 2175/2175/2175 2176/2176/2176
f 2176/2176/2176 2155/2155/2155 2154/2154/2154
f 2177/2177/2177 2178/2178/2178 2179/2179/2179
f 2179/2179/2179 2156/2156/2156 2177/2177/2177
f 2162/2162/2162 2180/2180/2180 2181/2181/2181
f 2181/2181/2181 2163/2163/2163 2162/2162/2162
f 2182/2182/2182 2183/2183/2183 2184/2184/2184
f 2184/2184/2184 2164/2164/2164 2182/2182/2182
f 2185/2185/2185 2186/2186/2186 2187/2187/2187
f 2187/2187/2187 2151/2151/2151 2185/2185/2185
f 2155/2155/2155 2188/2188/2188 2177/2177/2177
f 2177/2177/2177 2156/2156/2156 2155/2155/2155
f 2189/2189/2189 2190/2190/2190 2191/2191/2191
f 2191/2191/2191 2159/2159/2159 2189/2189/2189
f 2163/2163/2163 2192/2192/2192 2182/2182/2182
f 2182/2182/2182 2164/2164/2164 2163/2163/2163
f 2176/2176/2176 2193/2193/2193 2188/2188/2188
f 2188/2188/2188 2155/2155/2155 2176/2176/2176
f 2179/2179/2179 2194/2194/2194 2153/2153/2153
f 2153/2153/2153 2156/2156/2156 2179/2179/2179
f 2181/2181/2181 2195/2195/2195 2192/2192/2192
f 2192/2192/2192 2163/2163/2163 2181/2181/2181
f 2184/2184/2184 2196/2196/2196 2161/2161/2161
f 2161/2161/2161 2164/2164/2164 2184/2184/2184
f 2143/2143/2143 2197/2197/2197 2167/2167/2167
f 2167/2167/2167 2144/2144/2144 2143/2143/2143
f 2147/2147/2147 2198/2198/2198 2172/2172/2172
f 2172/2172/2172 2148/2148/2148 2147/2147/2147
f 2150/2150/2150 2199/2199/2199 2185/2185/2185
f 2185/2185/2185 2151/2151/2151 2150/2150/2150
f 2158/2158/2158 2200/2200/2200 2189/2189/2189
f 2189/2189/2189 2159/2159/2159 2158/2158/2158
f 2166/2166/2166 2201/2201/2201 2197/2197/2197
f 2197/2197/2197 2143/2143/2143 2166/2166/2166
f 2169/2169/2169 2202/2202/2202 2141/2141/2141
f 2141/2141/2141 2144/2144/2144 2169/2169/2169
f 2171/2171/2171 2203/2203/2203 2198/2198/2198
f 2198/2198/2198 2147/2147/2147 2171/2171/2171
f 2174/2174/2174 2204/2204/2204 2145/2145/2145
f 2145/2145/2145 2148/2148/2148 2174/2174/2174
f 2187/2187/2187 2205/2205/2205 2152/2152/2152
f 2152/2152/2152 2151/2151/2151 2187/2187/2187
f 2191/2191/2191 2206/2206/2206 2160/2160/2160
f 2160/2160/2160 2159/2159/2159 2191/2191/2191
f 2207/2207/2207 2208/2208/2208 2209/2209/2209
f 2209/2209/2209 2210/2210/2210 2207/2207/2207
f 2211/2211/2211 2212/2212/2212 2213/2213/2213
f 2213/2213/2213 2214/2214/2214 2211/2211/2211
f 2215/2215/2215 2216/2216/2216 2217/2217/2217
f 2217/2217/2217 2218/2218/2218 2215/2215/2215
f 2219/2219/2219 2220/2220/2220 2221/2221/2221
f 2221/2221/2221 2222/2222/2222 2219/2219/2219
f 2223/2223/2223 2224/2224/2224 2225/2225/2225
f 2225/2225/2225 2226/2226/2226 2223/2223/2223
f 2227/2227/2227 2228/2228/2228 2229/2229/2229
f 2229/2229/2229 2230/2230/2230 2227/2227/2227
f 2208/2208/2208 2231/2231/2231 2232/2232/2232
f 2232/2232/2232 2209/2209/2209 2208/2208/2208
f 2233/2233/2233 2234/2234/2234 2235/2235/2235
f 2235/2235/2235 2210/2210/2210 2233/2233/2233
f 2212/2212/2212 2236/2236/2236 2237/2237/2237
f 2237/2237/2237 2213/2213/2213 2212/2212/2212
f 2238/2238/2238 2239/2239/2239 2240/2240/2240
f 2240/2240/2240 2214/2214/2214 2238/2238/2238
f 2220/2220/2220 2241/2241/2241 2242/2242/2242
f 2242/2242/2242 2221/2221/2221 2220/2220/2220
f 2243/2243/2243 2244/2244/2244 2245/2245/2245
f 2245/2245/2245 2222/2222/2222 2243/2243/2243
f 2228/2228/2228 2246/2246/2246 2247/2247/2247
f 2247/2247/2247 2229/2229/2229 2228/2228/2228
f 2248/2248/2248 2249/2249/2249 2250/2250/2250
f 2250/2250/2250 2230/2230/2230 2248/2248/2248
f 2251/2251/2251 2252/2252/2252 2253/2253/2253
f 2253/2253/2253 2217/2217/2217 2251/2251/2251
f 2221/2221/2221 2254/2254/2254 2243/2243/2243
f 2243/2243/2243 2222/2222/2222 2221/2221/2221
f 2255/2255/2255 2256/2256/2256 2257/2257/2257
f 2257/2257/2257 2225/2225/2225 2255/2255/2255
f 2229/2229/2229 2258/2258/2258 2248/2248/2248
f 2248/2248/2248 2230/2230/2230 2229/2229/2229
f 2242/2242/2242 2259/2259/2259 2254/2254/2254
f 2254/2254/2254 2221/2221/2221 2242/2242/2242
f 2245/2245/2245 2260/2260/2260 2219/2219/2219
f 2219/2219/2219 2222/2222/2222 2245/2245/2245
f 2247/2247/2247 2261/2261/2261 2258/2258/2258
f 2258/2258/2258 2229/2229/2229 2247/2247/2247
f 2250/2250/2250 2262/2262/2262 2227/2227/2227
f 2227/2227/2227 2230/2230/2230 2250/2250/2250
f 2209/2209/2209 2263/2263/2263 2233/2233/2233
f 2233/2233/2233 2210/2210/2210 2209/2209/2209
f 2213/2213/2213 2264/2264/2264 2238/2238/2238
f 2238/2238/2238 2214/2214/2214 2213/2213/2213
f 2216/2216/2216 2265/2265/2265 2251/2251/2251
f 2251/2251/2251 2217/2217/2217 2216/2216/2216
f 2224/2224/2224 2266/2266/2266 2255/2255/2255
f 2255/2255/2255 2225/2225/2225 2224/2224/2224
f 2232/2232/2232 2267/2267/2267 2263/2263/2263
f 2263/2263/2263 2209/2209/2209 2232/2232/2232
f 2235/2235/2235 2268/2268/2268 2207/2207/2207
f 2207/2207/2207 2210/2210/2210 2235/2235/2235
f 2237/2237/2237 2269/2269/2269 2264/2264/2264
f 2264/2264/2264 2213/2213/2213 2237/2237/2237
f 2240/2240/2240 2270/2270/2270 2211/2211/2211
f 2211/2211/2211 2214/2214/2214 2240/2240/2240
f 2253/2253/2253 2271/2271/2271 2218/2218/2218
f 2218/2218/2218 2217/2217/2217 2253/2253/2253
f 2257/2257/2257 2272/2272/2272 2226/2226/2226
f 2226/2226/2226 2225/2225/2225 2257/2257/2257
f 2273/2273/2273 2274/2274/2274 2275/2275/2275
f 2275/2275/2275 2276/2276/2276 2273/2273/2273
f 2277/2277/2277 2278/2278/2278 2279/2279/2279
f 2279/2279/2279 2280/2280/2280 2277/2277/2277
f 2281/2281/2281 2282/2282/2282 2283/2283/2283
f 2283/2283/2283 2284/2284/2284 2281/2281/2281
f 2285/2285/2285 2286/2286/2286 2287/2287/2287
f 2287/2287/2287 2288/2288/2288 2285/2285/2285
f 2289/2289/2289 2290/2290/2290 2291/2291/2291
f 2291/2291/2291 2292/2292/2292 2289/2289/2289
f 2293/2293/2293 2294/2294/2294 2295/2295/2295
f 2295/2295/2295 2296/2296/2296 2293/2293/2293
f 2274/2274/2274 2297/2297/2297 2290/2290/2290
f 2290/2290/2290 2275/2275/2275 2274/2274/2274
f 2298/2298/2298 2299/2299/2299 2300/2300/2300
f 2300/2300/2300 2276/2276/2276 2298/2298/2298
f 2278/2278/2278 2301/2301/2301 2302/2302/2302
f 2302/2302/2302 2279/2279/2279 2278/2278/2278
f 2303/2303/2303 2304/2304/2304 2305/2305/2305
f 2305/2305/2305 2280/2280/2280 2303/2303/2303
f 2286/2286/2286 2306/2306/2306 2307/2307/2307
f 2307/2307/2307 2287/2287/2287 2286/2286/2286
f 2308/2308/2308 2309/2309/2309 2310/2310/2310
f 2310/2310/2310 2288/2288/2288 2308/2308/2308
f 2294/2294/2294 2311/2311/2311 2312/2312/2312
f 2312/2312/2312 2295/2295/2295 2294/2294/2294
f 2313/2313/2313 2314/2314/2314 2315/2315/2315
f 2315/2315/2315 2296/2296/2296 2313/2313/2313
f 2316/2316/2316 2317/2317/2317 2318/2318/2318
f 2318/2318/2318 2283/2283/2283 2316/2316/2316
f 2287/2287/2287 2319/2319/2319 2308/2308/2308
f 2308/2308/2308 2288/2288/2288 2287/2287/2287
f 2320/2320/2320 2321/2321/2321 2322/2322/2322
f 2322/2322/2322 2323/2323/2323 2320/2320/2320
f 2295/2295/2295 2324/2324/2324 2313/2313/2313
f 2313/2313/2313 2296/2296/2296 2295/2295/2295
f 2307/2307/2307 2325/2325/2325 2319/2319/2319
f 2319/2319/2319 2287/2287/2287 2307/2307/2307
f 2310/2310/2310 2326/2326/2326 2285/2285/2285
f 2285/2285/2285 2288/2288/2288 2310/2310/2310
f 2312/2312/2312 2327/2327/2327 2324/2324/2324
f 2324/2324/2324 2295/2295/2295 2312/2312/2312
f 2315/2315/2315 2328/2328/2328 2293/2293/2293
f 2293/2293/2293 2296/2296/2296 2315/2315/2315
f 2275/2275/2275 2329/2329/2329 2298/2298/2298
f 2298/2298/2298 2276/2276/2276 2275/2275/2275
f 2279/2279/2279 2330/2330/2330 2303/2303/2303
f 2303/2303/2303 2280/2280/2280 2279/2279/2279
f 2282/2282/2282 2331/2331/2331 2316/2316/2316
f 2316/2316/2316 2283/2283/2283 2282/2282/2282
f 2290/2290/2290 2297/2297/2297 2332/2332/2332
f 2332/2332/2332 2291/2291/2291 2290/2290/2290
f 2290/2290/2290 2289/2289/2289 2329/2329/2329
f 2329/2329/2329 2275/2275/2275 2290/2290/2290
f 2300/2300/2300 2333/2333/2333 2273/2273/2273
f 2273/2273/2273 2276/2276/2276 2300/2300/2300
f 2302/2302/2302 2334/2334/2334 2330/2330/2330
f 2330/2330/2330 2279/2279/2279 2302/2302/2302
f 2305/2305/2305 2335/2335/2335 2277/2277/2277
f 2277/2277/2277 2280/2280/2280 2305/2305/2305
f 2318/2318/2318 2336/2336/2336 2284/2284/2284
f 2284/2284/2284 2283/2283/2283 2318/2318/2318
f 2322/2322/2322 2337/2337/2337 2338/2338/2338
f 2338/2338/2338 2323/2323/2323 2322/2322/2322
f 2339/2339/2339 2340/2340/2340 2341/2341/2341
f 2341/2341/2341 2342/2342/2342 2339/2339/2339
f 2343/2343/2343 2344/2344/2344 2345/2345/2345
f 2345/2345/2345 2346/2346/2346 2343/2343/2343
f 2347/2347/2347 2348/2348/2348 2349/2349/2349
f 2349/2349/2349 2350/2350/2350 2347/2347/2347
f 2351/2351/2351 2352/2352/2352 2353/2353/2353
f 2353/2353/2353 2354/2354/2354 2351/2351/2351
f 2355/2355/2355 2356/2356/2356 2357/2357/2357
f 2357/2357/2357 2358/2358/2358 2355/2355/2355
f 2359/2359/2359 2360/2360/2360 2361/2361/2361
f 2361/2361/2361 2362/2362/2362 2359/2359/2359
f 2340/2340/2340 2363/2363/2363 2356/2356/2356
f 2356/2356/2356 2341/2341/2341 2340/2340/2340
f 2364/2364/2364 2365/2365/2365 2366/2366/2366
f 2366/2366/2366 2342/2342/2342 2364/2364/2364
f 2344/2344/2344 2367/2367/2367 2368/2368/2368
f 2368/2368/2368 2345/2345/2345 2344/2344/2344
f 2369/2369/2369 2370/2370/2370 2371/2371/2371
f 2371/2371/2371 2346/2346/2346 2369/2369/2369
f 2352/2352/2352 2372/2372/2372 2373/2373/2373
f 2373/2373/2373 2353/2353/2353 2352/2352/2352
f 2374/2374/2374 2375/2375/2375 2376/2376/2376
f 2376/2376/2376 2354/2354/2354 2374/2374/2374
f 2360/2360/2360 2347/2347/2347 2350/2350/2350
f 2350/2350/2350 2361/2361/2361 2360/2360/2360
f 2377/2377/2377 2378/2378/2378 2379/2379/2379
f 2379/2379/2379 2362/2362/2362 2377/2377/2377
f 2380/2380/2380 2381/2381/2381 2382/2382/2382
f 2382/2382/2382 2383/2383/2383 2380/2380/2380
f 2353/2353/2353 2384/2384/2384 2374/2374/2374
f 2374/2374/2374 2354/2354/2354 2353/2353/2353
f 2385/2385/2385 2386/2386/2386 2387/2387/2387
f 2387/2387/2387 2388/2388/2388 2385/2385/2385
f 2361/2361/2361 2389/2389/2389 2377/2377/2377
f 2377/2377/2377 2362/2362/2362 2361/2361/2361
f 2373/2373/2373 2390/2390/2390 2384/2384/2384
f 2384/2384/2384 2353/2353/2353 2373/2373/2373
f 2376/2376/2376 2391/2391/2391 2351/2351/2351
f 2351/2351/2351 2354/2354/2354 2376/2376/2376
f 2350/2350/2350 2392/2392/2392 2389/2389/2389
f 2389/2389/2389 2361/2361/2361 2350/2350/2350
f 2379/2379/2379 2393/2393/2393 2359/2359/2359
f 2359/2359/2359 2362/2362/2362 2379/2379/2379
f 2341/2341/2341 2394/2394/2394 2364/2364/2364
f 2364/2364/2364 2342/2342/2342 2341/2341/2341
f 2345/2345/2345 2395/2395/2395 2369/2369/2369
f 2369/2369/2369 2346/2346/2346 2345/2345/2345
f 2396/2396/2396 2397/2397/2397 2380/2380/2380
f 2380/2380/2380 2383/2383/2383 2396/2396/2396
f 2356/2356/2356 2363/2363/2363 2398/2398/2398
f 2398/2398/2398 2357/2357/2357 2356/2356/2356
f 2356/2356/2356 2355/2355/2355 2394/2394/2394
f 2394/2394/2394 2341/2341/2341 2356/2356/2356
f 2366/2366/2366 2399/2399/2399 2339/2339/2339
f 2339/2339/2339 2342/2342/2342 2366/2366/2366
f 2368/2368/2368 2400/2400/2400 2395/2395/2395
f 2395/2395/2395 2345/2345/2345 2368/2368/2368
f 2371/2371/2371 2401/2401/2401 2343/2343/2343
f 2343/2343/2343 2346/2346/2346 2371/2371/2371
f 2402/2402/2402 2392/2392/2392 2350/2350/2350
f 2350/2350/2350 2349/2349/2349 2402/2402/2402
f 2387/2387/2387 2403/2403/2403 2404/2404/2404
f 2404/2404/2404 2388/2388/2388 2387/2387/2387
f 2405/2405/2405 2406/2406/2406 2407/2407/2407
f 2407/2407/2407 2408/2408/2408 2405/2405/2405
f 2409/2409/2409 2410/2410/2410 2411/2411/2411
f 2411/2411/2411 2412/2412/2412 2409/2409/2409
f 2413/2413/2413 2414/2414/2414 2415/2415/2415
f 2415/2415/2415 2416/2416/2416 2413/2413/2413
f 2417/2417/2417 2418/2418/2418 2419/2419/2419
f 2419/2419/2419 2420/2420/2420 2417/2417/2417
f 2421/2421/2421 2422/2422/2422 2423/2423/2423
f 2423/2423/2423 2424/2424/2424 2421/2421/2421
f 2425/2425/2425 2426/2426/2426 2427/2427/2427
f 2427/2427/2427 2428/2428/2428 2425/2425/2425
f 2406/2406/2406 2429/2429/2429 2430/2430/2430
f 2430/2430/2430 2407/2407/2407 2406/2406/2406
f 2431/2431/2431 2432/2432/2432 2433/2433/2433
f 2433/2433/2433 2408/2408/2408 2431/2431/2431
f 2410/2410/2410 2434/2434/2434 2435/2435/2435
f 2435/2435/2435 2411/2411/2411 2410/2410/2410
f 2436/2436/2436 2437/2437/2437 2438/2438/2438
f 2438/2438/2438 2412/2412/2412 2436/2436/2436
f 2418/2418/2418 2439/2439/2439 2440/2440/2440
f 2440/2440/2440 2419/2419/2419 2418/2418/2418
f 2441/2441/2441 2442/2442/2442 2443/2443/2443
f 2443/2443/2443 2420/2420/2420 2441/2441/2441
f 2426/2426/2426 2444/2444/2444 2445/2445/2445
f 2445/2445/2445 2427/2427/2427 2426/2426/2426
f 2446/2446/2446 2447/2447/2447 2448/2448/2448
f 2448/2448/2448 2428/2428/2428 2446/2446/2446
f 2449/2449/2449 2450/2450/2450 2451/2451/2451
f 2451/2451/2451 2415/2415/2415 2449/2449/2449
f 2419/2419/2419 2452/2452/2452 2441/2441/2441
f 2441/2441/2441 2420/2420/2420 2419/2419/2419
f 2453/2453/2453 2454/2454/2454 2455/2455/2455
f 2455/2455/2455 2423/2423/2423 2453/2453/2453
f 2427/2427/2427 2456/2456/2456 2446/2446/2446
f 2446/2446/2446 2428/2428/2428 2427/2427/2427
f 2440/2440/2440 2457/2457/2457 2452/2452/2452
f 2452/2452/2452 2419/2419/2419 2440/2440/2440
f 2443/2443/2443 2458/2458/2458 2417/2417/2417
f 2417/2417/2417 2420/2420/2420 2443/2443/2443
f 2445/2445/2445 2459/2459/2459 2456/2456/2456
f 2456/2456/2456 2427/2427/2427 2445/2445/2445
f 2448/2448/2448 2460/2460/2460 2425/2425/2425
f 2425/2425/2425 2428/2428/2428 2448/2448/2448
f 2407/2407/2407 2461/2461/2461 2431/2431/2431
f 2431/2431/2431 2408/2408/2408 2407/2407/2407
f 2411/2411/2411 2462/2462/2462 2436/2436/2436
f 2436/2436/2436 2412/2412/2412 2411/2411/2411
f 2414/2414/2414 2463/2463/2463 2449/2449/2449
f 2449/2449/2449 2415/2415/2415 2414/2414/2414
f 2422/2422/2422 2464/2464/2464 2453/2453/2453
f 2453/2453/2453 2423/2423/2423 2422/2422/2422
f 2430/2430/2430 2465/2465/2465 2461/2461/2461
f 2461/2461/2461 2407/2407/2407 2430/2430/2430
f 2433/2433/2433 2466/2466/2466 2405/2405/2405
f 2405/2405/2405 2408/2408/2408 2433/2433/2433
f 2435/2435/2435 2467/2467/2467 2462/2462/2462
f 2462/2462/2462 2411/2411/2411 2435/2435/2435
f 2438/2438/2438 2468/2468/2468 2409/2409/2409
f 2409/2409/2409 2412/2412/2412 2438/2438/2438
f 2451/2451/2451 2469/2469/2469 2416/2416/2416
f 2416/2416/2416 2415/2415/2415 2451/2451/2451
f 2455/2455/2455 2470/2470/2470 2424/2424/2424
f 2424/2424/2424 2423/2423/2423 2455/2455/2455
f 2471/2471/2471 2472/2472/2472 2473/2473/2473
f 2473/2473/2473 2474/2474/2474 2471/2471/2471
f 2475/2475/2475 2476/2476/2476 2477/2477/2477
f 2477/2477/2477 2478/2478/2478 2475/2475/2475
f 2479/2479/2479 2480/2480/2480 2481/2481/2481
f 2481/2481/2481 2482/2482/2482 2479/2479/2479
f 2483/2483/2483 2484/2484/2484 2485/2485/2485
f 2485/2485/2485 2486/2486/2486 2483/2483/2483
f 2487/2487/2487 2488/2488/2488 2489/2489/2489
f 2489/2489/2489 2490/2490/2490 2487/2487/2487
f 2491/2491/2491 2492/2492/2492 2493/2493/2493
f 2493/2493/2493 2494/2494/2494 2491/2491/2491
f 2472/2472/2472 2495/2495/2495 2496/2496/2496
f 2496/2496/2496 2473/2473/2473 2472/2472/2472
f 2497/2497/2497 2498/2498/2498 2499/2499/2499
f 2499/2499/2499 2474/2474/2474 2497/2497/2497
f 2476/2476/2476 2500/2500/2500 2501/2501/2501
f 2501/2501/2501 2477/2477/2477 2476/2476/2476
f 2502/2502/2502 2503/2503/2503 2504/2504/2504
f 2504/2504/2504 2478/2478/2478 2502/2502/2502
f 2484/2484/2484 2505/2505/2505 2506/2506/2506
f 2506/2506/2506 2485/2485/2485 2484/2484/2484
f 2507/2507/2507 2508/2508/2508 2509/2509/2509
f 2509/2509/2509 2486/2486/2486 2507/2507/2507
f 2492/2492/2492 2510/2510/2510 2511/2511/2511
f 2511/2511/2511 2493/2493/2493 2492/2492/2492
f 2512/2512/2512 2513/2513/2513 2514/2514/2514
f 2514/2514/2514 2494/2494/2494 2512/2512/2512
f 2515/2515/2515 2516/2516/2516 2517/2517/2517
f 2517/2517/2517 2481/2481/2481 2515/2515/2515
f 2485/2485/2485 2518/2518/2518 2507/2507/2507
f 2507/2507/2507 2486/2486/2486 2485/2485/2485
f 2519/2519/2519 2520/2520/2520 2521/2521/2521
f 2521/2521/2521 2489/2489/2489 2519/2519/2519
f 2493/2493/2493 2522/2522/2522 2512/2512/2512
f 2512/2512/2512 2494/2494/2494 2493/2493/2493
f 2506/2506/2506 2523/2523/2523 2518/2518/2518
f 2518/2518/2518 2485/2485/2485 2506/2506/2506
f 2509/2509/2509 2524/2524/2524 2483/2483/2483
f 2483/2483/2483 2486/2486/2486 2509/2509/2509
f 2511/2511/2511 2525/2525/2525 2522/2522/2522
f 2522/2522/2522 2493/2493/2493 2511/2511/2511
f 2514/2514/2514 2526/2526/2526 2491/2491/2491
f 2491/2491/2491 2494/2494/2494 2514/2514/2514
f 2473/2473/2473 2527/2527/2527 2497/2497/2497
f 2497/2497/2497 2474/2474/2474 2473/2473/2473
f 2477/2477/2477 2528/2528/2528 2502/2502/2502
f 2502/2502/2502 2478/2478/2478 2477/2477/2477
f 2480/2480/2480 2529/2529/2529 2515/2515/2515
f 2515/2515/2515 2481/2481/2481 2480/2480/2480
f 2488/2488/2488 2530/2530/2530 2519/2519/2519
f 2519/2519/2519 2489/2489/2489 2488/2488/2488
f 2496/2496/2496 2531/2531/2531 2527/2527/2527
f 2527/2527/2527 2473/2473/2473 2496/2496/2496
f 2499/2499/2499 2532/2532/2532 2471/2471/2471
f 2471/2471/2471 2474/2474/2474 2499/2499/2499
f 2501/2501/2501 2533/2533/2533 2528/2528/2528
f 2528/2528/2528 2477/2477/2477 2501/2501/2501
f 2504/2504/2504 2534/2534/2534 2475/2475/2475
f 2475/2475/2475 2478/2478/2478 2504/2504/2504
f 2517/2517/2517 2535/2535/2535 2482/2482/2482
f 2482/2482/2482 2481/2481/2481 2517/2517/2517
f 2521/2521/2521 2536/2536/2536 2490/2490/2490
f 2490/2490/2490 2489/2489/2489 2521/2521/2521
f 2537/2537/2537 2538/2538/2538 2539/2539/2539
f 2539/2539/2539 2540/2540/2540 2537/2537/2537
f 2541/2541/2541 2542/2542/2542 2543/2543/2543
f 2543/2543/2543 2544/2544/2544 2541/2541/2541
f 2545/2545/2545 2546/2546/2546 2547/2547/2547
f 2547/2547/2547 2548/2548/2548 2545/2545/2545
f 2549/2549/2549 2550/2550/2550 2551/2551/2551
f 2551/2551/2551 2552/2552/2552 2549/2549/2549
f 2553/2553/2553 2554/2554/2554 2555/2555/2555
f 2555/2555/2555 2556/2556/2556 2553/2553/2553
f 2557/2557/2557 2558/2558/2558 2559/2559/2559
f 2559/2559/2559 2560/2560/2560 2557/2557/2557
f 2538/2538/2538 2561/2561/2561 2562/2562/2562
f 2562/2562/2562 2539/2539/2539 2538/2538/2538
f 2563/2563/2563 2564/2564/2564 2565/2565/2565
f 2565/2565/2565 2540/2540/2540 2563/2563/2563
f 2542/2542/2542 2566/2566/2566 2567/2567/2567
f 2567/2567/2567 2543/2543/2543 2542/2542/2542
f 2568/2568/2568 2569/2569/2569 2570/2570/2570
f 2570/2570/2570 2544/2544/2544 2568/2568/2568
f 2550/2550/2550 2571/2571/2571 2572/2572/2572
f 2572/2572/2572 2551/2551/2551 2550/2550/2550
f 2573/2573/2573 2574/2574/2574 2575/2575/2575
f 2575/2575/2575 2552/2552/2552 2573/2573/2573
f 2558/2558/2558 2576/2576/2576 2577/2577/2577
f 2577/2577/2577 2559/2559/2559 2558/2558/2558
f 2578/2578/2578 2579/2579/2579 2580/2580/2580
f 2580/2580/2580 2560/2560/2560 2578/2578/2578
f 2581/2581/2581 2582/2582/2582 2583/2583/2583
f 2583/2583/2583 2547/2547/2547 2581/2581/2581
f 2551/2551/2551 2584/2584/2584 2573/2573/2573
f 2573/2573/2573 2552/2552/2552 2551/2551/2551
f 2585/2585/2585 2586/2586/2586 2587/2587/2587
f 2587/2587/2587 2555/2555/2555 2585/2585/2585
f 2559/2559/2559 2588/2588/2588 2578/2578/2578
f 2578/2578/2578 2560/2560/2560 2559/2559/2559
f 2572/2572/2572 2589/2589/2589 2584/2584/2584
f 2584/2584/2584 2551/2551/2551 2572/2572/2572
f 2575/2575/2575 2590/2590/2590 2549/2549/2549
f 2549/2549/2549 2552/2552/2552 2575/2575/2575
f 2577/2577/2577 2591/2591/2591 2588/2588/2588
f 2588/2588/2588 2559/2559/2559 2577/2577/2577
f 2580/2580/2580 2592/2592/2592 2557/2557/2557
f 2557/2557/2557 2560/2560/2560 2580/2580/2580
f 2539/2539/2539 2593/2593/2593 2563/2563/2563
f 2563/2563/2563 2540/2540/2540 2539/2539/2539
f 2543/2543/2543 2594/2594/2594 2568/2568/2568
f 2568/2568/2568 2544/2544/2544 2543/2543/2543
f 2546/2546/2546 2595/2595/2595 2581/2581/2581
f 2581/2581/2581 2547/2547/2547 2546/2546/2546
f 2554/2554/2554 2596/2596/2596 2585/2585/2585
f 2585/2585/2585 2555/2555/2555 2554/2554/2554
f 2562/2562/2562 2597/2597/2597 2593/2593/2593
f 2593/2593/2593 2539/2539/2539 2562/2562/2562
f 2565/2565/2565 2598/2598/2598 2537/2537/2537
f 2537/2537/2537 2540/2540/2540 2565/2565/2565
f 2567/2567/2567 2599/2599/2599 2594/2594/2594
f 2594/2594/2594 2543/2543/2543 2567/2567/2567
f 2570/2570/2570 2600/2600/2600 2541/2541/2541
f 2541/2541/2541 2544/2544/2544 2570/2570/2570
f 2583/2583/2583 2601/2601/2601 2548/2548/2548
f 2548/2548/2548 2547/2547/2547 2583/2583/2583
f 2587/2587/2587 2602/2602/2602 2556/2556/2556
f 2556/2556/2556 2555/2555/2555 2587/2587/2587
f 2603/2603/2603 2604/2604/2604 2605/2605/2605
f 2605/2605/2605 2606/2606/2606 2603/2603/2603
f 2607/2607/2607 2608/2608/2608 2609/2609/2609
f 2609/2609/2609 2610/2610/2610 2607/2607/2607
f 2611/2611/2611 2612/2612/2612 2613/2613/2613
f 2613/2613/2613 2614/2614/2614 2611/2611/2611
f 2615/2615/2615 2616/2616/2616 2617/2617/2617
f 2617/2617/2617 2618/2618/2618 2615/2615/2615
f 2619/2619/2619 2620/2620/2620 2621/2621/2621
f 2621/2621/2621 2622/2622/2622 2619/2619/2619
f 2623/2623/2623 2624/2624/2624 2625/2625/2625
f 2625/2625/2625 2626/2626/2626 2623/2623/2623
f 2604/2604/2604 2627/2627/2627 2628/2628/2628
f 2628/2628/2628 2605/2605/2605 2604/2604/2604
f 2629/2629/2629 2630/2630/2630 2631/2631/2631
f 2631/2631/2631 2606/2606/2606 2629/2629/2629
f 2608/2608/2608 2632/2632/2632 2633/2633/2633
f 2633/2633/2633 2609/2609/2609 2608/2608/2608
f 2634/2634/2634 2635/2635/2635 2636/2636/2636
f 2636/2636/2636 2610/2610/2610 2634/2634/2634
f 2616/2616/2616 2637/2637/2637 2638/2638/2638
f 2638/2638/2638 2617/2617/2617 2616/2616/2616
f 2639/2639/2639 2640/2640/2640 2641/2641/2641
f 2641/2641/2641 2618/2618/2618 2639/2639/2639
f 2624/2624/2624 2642/2642/2642 2643/2643/2643
f 2643/2643/2643 2625/2625/2625 2624/2624/2624
f 2644/2644/2644 2645/2645/2645 2646/2646/2646
f 2646/2646/2646 2626/2626/2626 2644/2644/2644
f 2647/2647/2647 2648/2648/2648 2649/2649/2649
f 2649/2649/2649 2613/2613/2613 2647/2647/2647
f 2617/2617/2617 2650/2650/2650 2639/2639/2639
f 2639/2639/2639 2618/2618/2618 2617/2617/2617
f 2651/2651/2651 2652/2652/2652 2653/2653/2653
f 2653/2653/2653 2621/2621/2621 2651/2651/2651
f 2625/2625/2625 2654/2654/2654 2644/2644/2644
f 2644/2644/2644 2626/2626/2626 2625/2625/2625
f 2638/2638/2638 2655/2655/2655 2650/2650/2650
f 2650/2650/2650 2617/2617/2617 2638/2638/2638
f 2641/2641/2641 2656/2656/2656 2615/2615/2615
f 2615/2615/2615 2618/2618/2618 2641/2641/2641
f 2643/2643/2643 2657/2657/2657 2654/2654/2654
f 2654/2654/2654 2625/2625/2625 2643/2643/2643
f 2646/2646/2646 2658/2658/2658 2623/2623/2623
f 2623/2623/2623 2626/2626/2626 2646/2646/2646
f 2605/2605/2605 2659/2659/2659 2629/2629/2629
f 2629/2629/2629 2606/2606/2606 2605/2605/2605
f 2609/2609/2609 2660/2660/2660 2634/2634/2634
f 2634/2634/2634 2610/2610/2610 2609/2609/2609
f 2612/2612/2612 2661/2661/2661 2647/2647/2647
f 2647/2647/2647 2613/2613/2613 2612/2612/2612
f 2620/2620/2620 2662/2662/2662 2651/2651/2651
f 2651/2651/2651 2621/2621/2621 2620/2620/2620
f 2628/2628/2628 2663/2663/2663 2659/2659/2659
f 2659/2659/2659 2605/2605/2605 2628/2628/2628
f 2631/2631/2631 2664/2664/2664 2603/2603/2603
f 2603/2603/2603 2606/2606/2606 2631/2631/2631
f 2633/2633/2633 2665/2665/2665 2660/2660/2660
f 2660/2660/2660 2609/2609/2609 2633/2633/2633
f 2636/2636/2636 2666/2666/2666 2607/2607/2607
f 2607/2607/2607 2610/2610/2610 2636/2636/2636
f 2649/2649/2649 2667/2667/2667 2614/2614/2614
f 2614/2614/2614 2613/2613/2613 2649/2649/2649
f 2653/2653/2653 2668/2668/2668 2622/2622/2622
f 2622/2622/2622 2621/2621/2621 2653/2653/2653
