# Converted from GLB: tree_branch (1).glb
o Mesh_pCylinder4_blinn1_0
g Prim_0_0
v -40.426491 0.777310 -4.852103
v -40.420776 0.814787 -4.849325
v -40.421974 0.843010 -4.872596
v -40.428497 0.803812 -4.878051
v -40.393139 0.872454 -4.843603
v -40.396179 0.876011 -4.859831
v -40.382896 0.879734 -4.867361
v -40.402439 0.867995 -4.883685
v -40.408207 0.851258 -4.899802
v -40.414906 0.829568 -4.917104
v -40.433758 0.764265 -4.877466
v -40.422005 0.805567 -4.934876
v -40.438347 0.724815 -4.873884
v -40.430637 0.682050 -4.811278
v -40.429157 0.728861 -4.833926
v -40.437817 0.755457 -4.976565
v -40.450344 0.723158 -5.014235
v -40.461128 0.660649 -4.938977
v -40.449692 0.660272 -4.885754
v -40.462021 0.670125 -5.034883
v -40.465992 0.609560 -4.929302
v -40.435322 0.503404 -4.720370
v -40.474735 0.620608 -5.062503
v -40.478874 0.586015 -4.974105
v -40.483257 0.563218 -5.065775
v -40.479809 0.540000 -4.949402
v -40.493248 0.507028 -5.076689
v -40.492355 0.503354 -4.984430
v -40.497772 0.450926 -5.062274
v -40.489258 0.466936 -4.947125
v -40.504139 0.393596 -5.055452
v -40.500282 0.420799 -4.968974
v -40.504284 0.344282 -5.024784
v -40.493492 0.397546 -4.922730
v -40.506371 0.291387 -5.000860
v -40.501907 0.346413 -4.929243
v -40.502010 0.253642 -4.956893
v -40.492012 0.338569 -4.878556
v -40.499477 0.210343 -4.918191
v -40.496887 0.287431 -4.869078
v -40.491005 0.187878 -4.865242
v -40.484856 0.295779 -4.818923
v -40.484241 0.158451 -4.815587
v -40.485802 0.249665 -4.794404
v -40.472672 0.153497 -4.758873
v -40.472923 0.273409 -4.749712
v -40.462399 0.140827 -4.703131
v -40.469902 0.236838 -4.712560
v -40.448795 0.153851 -4.648185
v -40.457386 0.273639 -4.677691
v -40.435879 0.159153 -4.591784
v -40.450600 0.250176 -4.631524
v -40.421478 0.188864 -4.543971
v -40.439613 0.296421 -4.609883
v -40.407253 0.211622 -4.492446
v -40.429771 0.288361 -4.559228
v -40.393551 0.255124 -4.456458
v -40.421440 0.339534 -4.552940
v -40.379341 0.293119 -4.414837
v -40.409454 0.347674 -4.502745
v -40.367619 0.346164 -4.394192
v -40.404572 0.398771 -4.512427
v -40.354954 0.395692 -4.366594
v -40.391701 0.422325 -4.467635
v -40.346748 0.447508 -4.361115
v -40.388985 0.468574 -4.484128
v -40.337543 0.486953 -4.343509
v -40.370956 0.505916 -4.424419
v -40.315540 0.514364 -4.325828
v -40.331314 0.534538 -4.344998
v -40.330555 0.571676 -4.364993
v -40.379475 0.541625 -4.486409
v -40.325516 0.622690 -4.373668
v -40.370277 0.587530 -4.472783
v -40.325485 0.672013 -4.404331
v -40.377151 0.610790 -4.519024
v -40.323509 0.724920 -4.428263
v -40.368820 0.661932 -4.512516
v -40.327927 0.762665 -4.472235
v -40.378738 0.669773 -4.563206
v -40.330399 0.805946 -4.510922
v -40.373840 0.720901 -4.572675
v -40.338760 0.828390 -4.563857
v -40.385788 0.712538 -4.622822
v -40.345436 0.857808 -4.613514
v -40.384781 0.758645 -4.647338
v -40.356976 0.862762 -4.670238
v -40.397640 0.734903 -4.692040
v -40.367279 0.875437 -4.725992
v -40.400677 0.771476 -4.729198
v -40.378525 0.863633 -4.770566
v -40.412544 0.728069 -4.756717
v -35.599369 1.758731 -3.364663
v -35.596050 1.762986 -3.352000
v -34.840096 1.901187 -3.114783
v -34.843319 1.897052 -3.127090
v -35.592960 1.766945 -3.340217
v -34.837097 1.905035 -3.103331
v -34.227200 2.082852 -2.897057
v -34.211323 2.083667 -2.916918
v -34.194534 2.082613 -2.935651
v -34.166668 2.069911 -2.975989
v -34.169624 2.053100 -3.003571
v -34.857445 1.871752 -3.176455
v -34.851524 1.884737 -3.157257
v -34.178379 2.034135 -3.030999
v -34.864002 1.856197 -3.196995
v -35.620647 1.716696 -3.436586
v -35.613899 1.732700 -3.415453
v -35.607807 1.746061 -3.395701
v -34.193062 1.995797 -3.074370
v -34.205273 1.954451 -3.104820
v -34.888954 1.783176 -3.266396
v -34.878307 1.818817 -3.239598
v -34.218990 1.901678 -3.135046
v -34.900467 1.738883 -3.291765
v -35.658157 1.595995 -3.534095
v -35.646313 1.641567 -3.507991
v -35.635353 1.678238 -3.480418
v -34.231422 1.844500 -3.156564
v -34.910900 1.690892 -3.309826
v -34.242279 1.784371 -3.168951
v -34.920013 1.640424 -3.320222
v -35.678272 1.494688 -3.563374
v -35.668896 1.546616 -3.552677
v -34.251282 1.722746 -3.171786
v -34.927570 1.588701 -3.322601
v -34.258224 1.661152 -3.165118
v -34.933395 1.537004 -3.317004
v -35.692039 1.388278 -3.560061
v -35.686047 1.441469 -3.565820
v -34.262905 1.601115 -3.149000
v -34.937325 1.486615 -3.303476
v -34.265251 1.544083 -3.123939
v -34.939297 1.438748 -3.282443
v -35.698124 1.287186 -3.524507
v -35.696091 1.336434 -3.546145
v -34.265190 1.491505 -3.090444
v -34.939255 1.394619 -3.254331
v -34.262730 1.444614 -3.049438
v -34.937187 1.355262 -3.219914
v -35.695961 1.201288 -3.460170
v -35.698082 1.241783 -3.495583
v -34.257862 1.404642 -3.001840
v -34.933098 1.321712 -3.179964
v -34.250767 1.372483 -2.948899
v -34.927139 1.294720 -3.135528
v -35.685600 1.138990 -3.373340
v -35.691746 1.166765 -3.419062
v -34.241619 1.349033 -2.891861
v -34.919453 1.275037 -3.087656
v -34.230652 1.334757 -2.832173
v -34.910248 1.263055 -3.037559
v -35.668224 1.106409 -3.272537
v -35.677692 1.118737 -3.324082
v -34.218117 1.330123 -2.771280
v -34.899727 1.259166 -2.986450
v -34.204342 1.335127 -2.710685
v -34.888172 1.263366 -2.935592
v -35.645527 1.106732 -3.167626
v -35.657406 1.102409 -3.219953
v -34.189663 1.349764 -2.651895
v -34.875854 1.275651 -2.886248
v -34.189663 1.349764 -2.651895
v -34.174435 1.373557 -2.596326
v -34.863075 1.295621 -2.839609
v -34.875854 1.275651 -2.886248
v -35.619694 1.139918 -3.068868
v -35.632843 1.119372 -3.116856
v -35.632843 1.119372 -3.116856
v -34.159012 1.406030 -2.545397
v -34.850132 1.322876 -2.796863
v -34.143780 1.446282 -2.500293
v -34.837345 1.356659 -2.759007
v -35.593224 1.202720 -2.985935
v -35.606373 1.167960 -3.024886
v -34.129120 1.493412 -2.462201
v -34.825043 1.396217 -2.727035
v -34.120605 1.542339 -2.432408
v -34.813522 1.440510 -2.701663
v -35.568695 1.288995 -2.926933
v -35.580555 1.243420 -2.953037
v -34.123791 1.587979 -2.412199
v -34.803097 1.488502 -2.683609
v -34.133717 1.626310 -2.401024
v -34.794796 1.532769 -2.673026
v -35.549438 1.383924 -2.897473
v -35.557980 1.338375 -2.908359
v -34.145405 1.653310 -2.398332
v -34.789650 1.565888 -2.670069
v -34.158146 1.675351 -2.400778
v -34.786160 1.592749 -2.670904
v -35.540546 1.445637 -2.895293
v -35.544140 1.418001 -2.894433
v -34.184078 1.729981 -2.413471
v -34.196228 1.775207 -2.428581
v -34.776669 1.692778 -2.689960
v -34.779697 1.649275 -2.676648
v -34.206860 1.826065 -2.450971
v -34.774712 1.740646 -2.710992
v -35.528767 1.597805 -2.936533
v -35.530773 1.548555 -2.914896
v -35.533890 1.503796 -2.901203
v -34.215149 1.874141 -2.481272
v -34.774788 1.784777 -2.739105
v -34.222538 1.918350 -2.518657
v -34.776875 1.824135 -2.773523
v -35.531002 1.683709 -3.000873
v -35.528851 1.643212 -2.965458
v -34.230450 1.957609 -2.562294
v -34.780937 1.857686 -2.813472
v -34.238670 1.991519 -2.610381
v -34.786865 1.884676 -2.857907
v -35.541286 1.745999 -3.087698
v -35.535187 1.718229 -3.041978
v -34.246964 2.019683 -2.661114
v -34.794510 1.904356 -2.905783
v -34.254723 2.041278 -2.713695
v -34.803684 1.916334 -2.955884
v -35.558582 1.778572 -3.188508
v -35.549141 1.766247 -3.136959
v -34.261337 2.055477 -2.767328
v -34.814194 1.920222 -3.006990
v -34.264385 2.064925 -2.811734
v -34.823303 1.919178 -3.048453
v -35.578766 1.781498 -3.283753
v -35.569397 1.782572 -3.241092
v -32.651997 2.569811 -2.357991
v -32.579521 2.584578 -2.403192
v -30.974709 3.092701 -1.782991
v -30.840717 3.122625 -1.855746
v -30.698742 3.140767 -1.914968
v -32.502739 2.592725 -2.441320
v -32.376259 2.520983 -2.613679
v -32.383968 2.505104 -2.637828
v -34.185143 2.018696 -3.052181
v -30.465189 3.040214 -2.174033
v -30.512310 3.013414 -2.210202
v -30.482542 2.995064 -2.223134
v -32.392208 2.479404 -2.659769
v -30.491995 2.920708 -2.274106
v -32.409225 2.420597 -2.701437
v -30.519756 2.813893 -2.335284
v -32.429665 2.341954 -2.746479
v -30.544922 2.698163 -2.378834
v -32.448189 2.256748 -2.778543
v -30.566896 2.576462 -2.403905
v -32.464375 2.167145 -2.797002
v -30.585115 2.451731 -2.409647
v -32.477783 2.075312 -2.801229
v -30.599163 2.327059 -2.396156
v -32.488129 1.983523 -2.791295
v -30.608648 2.205534 -2.363529
v -32.495110 1.894051 -2.767274
v -30.613396 2.090093 -2.312800
v -32.498608 1.809059 -2.729925
v -30.613228 1.983670 -2.245000
v -32.498497 1.730706 -2.680009
v -30.608210 1.888760 -2.161996
v -32.494808 1.660829 -2.618899
v -30.598391 1.807857 -2.065657
v -32.487572 1.601264 -2.547969
v -30.584078 1.742769 -1.958503
v -32.477020 1.553342 -2.469077
v -30.565580 1.695305 -1.843057
v -32.463394 1.518396 -2.384079
v -30.543398 1.666411 -1.722244
v -32.447063 1.497123 -2.295131
v -30.518030 1.657032 -1.598990
v -32.428383 1.490218 -2.204386
v -30.490149 1.667160 -1.476342
v -32.407856 1.497674 -2.114087
v -30.460396 1.696785 -1.357347
v -32.385960 1.519486 -2.026477
v -30.460396 1.696785 -1.357347
v -30.429541 1.744944 -1.244871
v -32.363251 1.554943 -1.943667
v -32.385960 1.519486 -2.026477
v -30.398314 1.810672 -1.141782
v -32.340263 1.603335 -1.867769
v -30.367493 1.892146 -1.050487
v -32.317570 1.663320 -1.800554
v -30.337843 1.987544 -0.973392
v -32.295738 1.733555 -1.743792
v -30.347862 2.066434 -0.915368
v -32.296108 1.796813 -1.700486
v -30.436035 2.098389 -0.881282
v -32.340027 1.835864 -1.673639
v -30.559875 2.100518 -0.866174
v -32.404549 1.856818 -1.660586
v -30.676891 2.089930 -0.865081
v -32.466713 1.865785 -1.658662
v -30.791113 2.082378 -0.877628
v -32.528088 1.873628 -1.665948
v -31.019686 2.126358 -0.933954
v -31.126852 2.183307 -0.960598
v -32.708820 1.973935 -1.720175
v -32.651131 1.923118 -1.699547
v -31.216225 2.253918 -0.991943
v -32.757183 2.034228 -1.746844
v -31.275951 2.327644 -1.036559
v -32.790123 2.094568 -1.783987
v -31.316586 2.403075 -1.093256
v -32.813442 2.153714 -1.830604
v -31.348663 2.478796 -1.160847
v -32.832932 2.210425 -1.885695
v -31.371367 2.556610 -1.232756
v -32.848087 2.265357 -1.945169
v -31.383877 2.638318 -1.302407
v -32.858398 2.319168 -2.004938
v -31.382971 2.720367 -1.371605
v -32.862000 2.369725 -2.065450
v -31.365404 2.799204 -1.442154
v -32.857018 2.414897 -2.127157
v -31.330729 2.874308 -1.505889
v -32.841980 2.455809 -2.180799
v -32.590225 1.891211 -1.680523
v -34.171207 1.698802 -2.405014
v -30.906576 2.093618 -0.903442
v -35.537140 1.471863 -2.896109
v -34.782856 1.618238 -2.671697
v -32.422916 2.591826 -2.474426
v -34.177315 2.078888 -2.954345
v -30.550896 3.142933 -1.963755
v -30.445215 3.125372 -2.019630
v -32.366726 2.578741 -2.512464
v -35.603127 1.753914 -3.379000
v -34.846973 1.892370 -3.141025
v -40.418419 0.759046 -4.803364
v -40.419594 0.786770 -4.826223
v -40.387157 0.865428 -4.811554
v -40.390137 0.868922 -4.827495
v -35.589897 1.770875 -3.328521
v -34.834118 1.908855 -3.091963
v -35.586864 1.774764 -3.316947
v -34.831173 1.912634 -3.080714
v -34.253548 2.077582 -2.853797
v -34.241707 2.080968 -2.874977
v -32.775116 2.526006 -2.252583
v -32.718922 2.550850 -2.303664
v -31.202984 3.007027 -1.610014
v -31.098595 3.055189 -1.693605
v -35.627300 1.700911 -3.457429
v -34.870472 1.840855 -3.217254
v -40.442875 0.685905 -4.870352
v -40.432087 0.635882 -4.788941
v -40.429008 0.781895 -4.952404
v -40.384220 0.861981 -4.795833
v -40.417263 0.731702 -4.780817
v -34.261448 2.072264 -2.836637
v -34.828266 1.916363 -3.069619
v -35.583870 1.778600 -3.305532
v -31.278471 2.945158 -1.554642
v -32.815411 2.493585 -2.217118
v 4.831482 5.197434 -4.797465
v 4.812647 5.137242 -4.935616
v -1.272012 5.855332 -3.704245
v -1.283058 5.917952 -3.570577
v 4.796407 5.055835 -5.062637
v -1.257204 5.772457 -3.825509
v -6.784968 5.439146 -1.763270
v -6.834476 5.524019 -1.647533
v -6.881251 5.589426 -1.518815
v 4.783198 4.954966 -5.175246
v -1.238954 5.671133 -3.931211
v 4.773306 4.837342 -5.270862
v -1.217751 5.554061 -4.018956
v -6.682614 5.219312 -1.944475
v -6.733925 5.336669 -1.863000
v 4.767016 4.705669 -5.346906
v -1.194083 5.423947 -4.086345
v 4.764439 4.563342 -5.401757
v -1.168560 5.284137 -4.131979
v -6.584204 4.951441 -2.044691
v -6.632301 5.089796 -2.005453
v 4.765684 4.413756 -5.433792
v -1.141792 5.137973 -4.154460
v 4.770673 4.260658 -5.442508
v -1.114448 4.989110 -4.153519
v -6.499376 4.661754 -2.054110
v -6.539546 4.807564 -2.060949
v 4.779332 4.107800 -5.427399
v -1.087199 4.841201 -4.128890
v 4.791400 3.958919 -5.389128
v -1.060710 4.697856 -4.081464
v -6.436430 4.378607 -1.971809
v -6.464745 4.517600 -2.024056
v 4.806624 3.817751 -5.328353
v -1.035648 4.562684 -4.012136
v 4.824592 3.687659 -5.246840
v -1.012608 4.438890 -3.922870
v -6.401529 4.129719 -1.805844
v -6.415214 4.248286 -1.898386
v 4.844891 3.572001 -5.146350
v -0.992186 4.329683 -3.815629
v 4.866997 3.473432 -5.029574
v -0.974850 4.237557 -3.693257
v -6.398089 3.939451 -1.572460
v -6.395806 4.025988 -1.696238
v 4.890384 3.394605 -4.899204
v -0.961066 4.165008 -3.558602
v 4.914464 3.337209 -4.758597
v -0.951131 4.113568 -3.415106
v -6.426447 3.826427 -1.294504
v -6.408420 3.872463 -1.437401
v 4.938651 3.302929 -4.611109
v -0.945336 4.084776 -3.266217
v 4.962349 3.292323 -4.460434
v -0.943773 4.079058 -3.115642
v -6.483827 3.801713 -0.999184
v -6.451819 3.802742 -1.147213
v 4.984967 3.305945 -4.310266
v -0.946534 4.096842 -2.967093
v 5.005964 3.343168 -4.164271
v -0.953498 4.137405 -2.824179
v -6.564613 3.867725 -0.715407
v -6.521758 3.823646 -0.854077
v 5.024799 3.403360 -4.026122
v -0.964544 4.200025 -2.690511
v 5.024799 3.403360 -4.026122
v 5.041039 3.484768 -3.899100
v -0.979352 4.282898 -2.569247
v -0.964544 4.200025 -2.690511
v -6.660894 4.018005 -0.470953
v -6.611388 3.933132 -0.586690
v -6.611388 3.933132 -0.586690
v 5.054248 3.585637 -3.786491
v -0.997602 4.384224 -2.463545
v 5.064140 3.703260 -3.690875
v -1.018806 4.501297 -2.375801
v -6.763250 4.237839 -0.289748
v -6.711938 4.120482 -0.371223
v 5.070430 3.834933 -3.614831
v -1.042473 4.631409 -2.308411
v 5.073007 3.977259 -3.559981
v -1.067996 4.771219 -2.262777
v -6.861659 4.505710 -0.189532
v -6.813563 4.367355 -0.228770
v 5.071763 4.126846 -3.527945
v -1.094764 4.917384 -2.240297
v 5.066772 4.279943 -3.519229
v -1.122108 5.066248 -2.241238
v -6.946488 4.795397 -0.180114
v -6.906317 4.649588 -0.173274
v 5.058115 4.432802 -3.534338
v -1.149357 5.214155 -2.265868
v 5.046045 4.581684 -3.572610
v -1.175845 5.357499 -2.313293
v -7.009433 5.078543 -0.262415
v -6.981119 4.939552 -0.210167
v 5.030822 4.722850 -3.633384
v -1.200907 5.492672 -2.382621
v 5.012855 4.852942 -3.714897
v -1.223948 5.616466 -2.471888
v -7.044334 5.327430 -0.428380
v -7.030648 5.208863 -0.335838
v 4.992556 4.968600 -3.815387
v -1.244370 5.725672 -2.579129
v 4.970449 5.067170 -3.932163
v -1.261706 5.817798 -2.701499
v -7.047774 5.517699 -0.661763
v -7.050057 5.431161 -0.537986
v 4.947063 5.145997 -4.062533
v -1.275490 5.890349 -2.836155
v 4.922982 5.203393 -4.203139
v -1.285425 5.941789 -2.979650
v -7.019417 5.630723 -0.939719
v -7.037444 5.584687 -0.796822
v 4.898796 5.237672 -4.350627
v -1.291220 5.970581 -3.128540
v 4.875098 5.248279 -4.501302
v -1.292782 5.976297 -3.279114
v -6.962036 5.655437 -1.235039
v -6.994043 5.654408 -1.087010
v 4.852479 5.234656 -4.651471
v -1.290022 5.958514 -3.427663
v -6.924105 5.633503 -1.380146
v 18.160172 0.720981 -0.526434
v 18.160204 0.812011 -0.417508
v 18.175184 0.586692 -0.298934
v 18.175184 0.465328 -0.338080
v 18.160242 0.846632 -0.279840
v 18.175184 0.547025 -0.177739
v 18.175175 -0.000000 -0.000000
v 18.160112 0.525275 -0.722132
v 18.160139 0.645512 -0.646666
v 18.175184 0.465601 -0.465601
v 18.175184 0.338080 -0.465328
v 18.160074 0.278672 -0.847778
v 18.160089 0.416345 -0.813160
v 18.175184 0.298934 -0.586691
v 18.175184 0.177739 -0.547025
v 18.160063 0.005310 -0.891073
v 18.160065 0.146943 -0.900691
v 18.175184 0.103006 -0.650352
v 18.175184 0.000000 -0.575176
v 18.160076 -0.268052 -0.847778
v 18.160065 -0.136323 -0.900691
v 18.175184 -0.103006 -0.650352
v 18.175184 -0.177739 -0.547025
v 18.160112 -0.514655 -0.722132
v 18.160089 -0.405724 -0.813160
v 18.175184 -0.298934 -0.586691
v 18.175184 -0.338080 -0.465327
v 18.160170 -0.710360 -0.526434
v 18.160137 -0.634891 -0.646666
v 18.175184 -0.465601 -0.465601
v 18.175184 -0.465327 -0.338080
v 18.160244 -0.836011 -0.279839
v 18.160206 -0.801390 -0.417507
v 18.175184 -0.586691 -0.298934
v 18.175184 -0.547025 -0.177739
v 18.160324 -0.879307 -0.006488
v 18.160282 -0.888924 -0.148115
v 18.175184 -0.650352 -0.103006
v 18.175184 -0.575176 0.000000
v 18.160404 -0.836011 0.266864
v 18.160366 -0.888924 0.135140
v 18.175184 -0.650352 0.103006
v 18.175184 -0.547025 0.177739
v 18.160479 -0.710360 0.513459
v 18.160442 -0.801390 0.404532
v 18.175184 -0.586691 0.298934
v 18.175184 -0.465327 0.338080
v 18.160536 -0.514655 0.709157
v 18.160511 -0.634891 0.633691
v 18.175184 -0.465601 0.465601
v 18.175184 -0.338080 0.465327
v 18.160574 -0.268052 0.834803
v 18.160559 -0.405724 0.800184
v 18.175184 -0.298934 0.586691
v 18.175184 -0.177739 0.547025
v 18.160587 0.005310 0.878098
v 18.160583 -0.136323 0.887715
v 18.175184 -0.103006 0.650352
v 18.175184 -0.000000 0.575176
v 18.160574 0.278672 0.834803
v 18.160583 0.146943 0.887715
v 18.175184 0.103006 0.650352
v 18.175184 0.177739 0.547025
v 18.160538 0.525275 0.709157
v 18.160559 0.416345 0.800184
v 18.175184 0.298934 0.586691
v 18.175184 0.338080 0.465327
v 18.160479 0.720980 0.513458
v 18.160509 0.645511 0.633691
v 18.175184 0.465601 0.465601
v 18.175184 0.465327 0.338080
v 18.160404 0.846631 0.266864
v 18.160444 0.812011 0.404532
v 18.175184 0.586691 0.298934
v 18.175184 0.547025 0.177739
v 18.160324 0.889927 -0.006488
v 18.160364 0.899544 0.135140
v 18.175184 0.650352 0.103006
v 18.175184 0.575176 -0.000000
v 18.160284 0.899545 -0.148115
v 18.175184 0.650352 -0.103006
v 16.392691 1.572895 -1.077985
v 16.388151 1.513513 -1.220595
v 11.326657 3.307735 -3.407717
v 11.344056 3.367117 -3.266679
v 16.383961 1.432594 -1.352275
v 11.310592 3.226816 -3.537945
v 16.380224 1.331877 -1.469626
v 11.296274 3.126099 -3.654003
v 16.377029 1.214069 -1.569952
v 11.284034 3.008291 -3.753223
v 16.374464 1.081877 -1.650558
v 11.274199 2.876099 -3.832939
v 16.372580 0.938711 -1.709710
v 11.266982 2.732934 -3.891439
v 16.371435 0.787984 -1.745679
v 11.262594 2.582206 -3.927012
v 16.371046 0.633475 -1.757867
v 11.261108 2.427698 -3.939066
v 16.371435 0.478967 -1.745679
v 11.262594 2.273189 -3.927012
v 16.372580 0.328239 -1.709710
v 11.266982 2.122462 -3.891439
v 16.374464 0.185074 -1.650558
v 11.274199 1.979296 -3.832939
v 16.377029 0.052882 -1.569952
v 11.284035 1.847104 -3.753223
v 16.380224 -0.064926 -1.469626
v 11.296274 1.729296 -3.654002
v 16.383961 -0.165643 -1.352275
v 11.310592 1.628579 -3.537944
v 16.388151 -0.246562 -1.220595
v 11.326657 1.547661 -3.407717
v 16.392691 -0.305944 -1.077985
v 11.344056 1.488278 -3.266679
v 16.397472 -0.342053 -0.927842
v 11.362375 1.452169 -3.118192
v 16.402372 -0.354289 -0.773933
v 11.381153 1.439933 -2.965979
v 16.407270 -0.342053 -0.620023
v 11.399931 1.452169 -2.813766
v 16.412050 -0.305944 -0.469880
v 11.418249 1.488278 -2.665279
v 16.416590 -0.246562 -0.327270
v 11.435649 1.547661 -2.524241
v 16.416590 -0.246562 -0.327270
v 16.420782 -0.165643 -0.195591
v 11.451714 1.628579 -2.394014
v 11.435649 1.547661 -2.524241
v 16.424520 -0.064926 -0.078240
v 11.466031 1.729296 -2.277956
v 16.427713 0.052882 0.022087
v 11.478271 1.847104 -2.178736
v 16.430281 0.185074 0.102692
v 11.488106 1.979296 -2.099020
v 16.432161 0.328239 0.161844
v 11.495323 2.122462 -2.040519
v 16.433308 0.478967 0.197813
v 11.499712 2.273189 -2.004947
v 16.433697 0.633475 0.210001
v 11.501198 2.427698 -1.992893
v 16.433308 0.787984 0.197813
v 11.499712 2.582206 -2.004947
v 16.432161 0.938711 0.161844
v 11.495323 2.732934 -2.040519
v 16.430281 1.081877 0.102692
v 11.488106 2.876099 -2.099020
v 16.427713 1.214069 0.022087
v 11.478271 3.008291 -2.178736
v 16.424520 1.331877 -0.078240
v 11.466031 3.126099 -2.277956
v 16.420782 1.432593 -0.195591
v 11.451714 3.226816 -2.394014
v 16.416590 1.513512 -0.327270
v 11.435649 3.307734 -2.524241
v 16.412052 1.572895 -0.469880
v 11.418248 3.367117 -2.665279
v 16.407270 1.609004 -0.620023
v 11.399931 3.403226 -2.813766
v 16.402372 1.621240 -0.773933
v 11.381153 3.415462 -2.965979
v 16.397472 1.609004 -0.927842
v 11.362375 3.403226 -3.118192
v -11.908749 4.318328 -0.442294
v -11.972215 4.341614 -0.304700
v -11.844784 4.272611 -0.574977
v -15.992712 3.005576 -0.733813
v -16.052975 3.047571 -0.603169
v -16.117559 3.066478 -0.469819
v -12.033602 4.341617 -0.165545
v -12.091434 4.318619 -0.028253
v -16.184923 3.061545 -0.337032
v -16.253380 3.033183 -0.208051
v -12.144234 4.272904 0.103752
v -12.190770 4.205870 0.227303
v -16.321241 2.981803 -0.086119
v -16.386864 2.908945 0.025866
v -12.229815 4.118914 0.339236
v -12.260500 4.014408 0.436954
v -16.448587 2.816148 0.125007
v -16.504951 2.705927 0.209036
v -12.281968 3.894723 0.517858
v -12.293799 3.762974 0.580175
v -16.554495 2.580797 0.275682
v -16.596087 2.444003 0.323527
v -12.295589 3.622276 0.622131
v -12.287410 3.476182 0.642949
v -16.628599 2.298790 0.351155
v -16.651348 2.148814 0.358135
v -12.269342 3.328241 0.641850
v -12.241952 3.182099 0.619130
v -16.663643 1.997730 0.344039
v -16.665316 1.849249 0.309470
v -12.205799 3.041399 0.575084
v -12.161877 2.909518 0.511050
v -16.656195 1.707084 0.255030
v -16.636633 1.574636 0.182295
v -12.111178 2.789831 0.428368
v -12.055026 2.685119 0.329288
v -16.606989 1.455306 0.092841
v -16.568108 1.351855 -0.010939
v -11.994743 2.598160 0.216064
v -11.931856 2.530866 0.091637
v -11.994743 2.598160 0.216064
v -16.520840 1.267041 -0.126652
v -16.520840 1.267041 -0.126652
v -16.466440 1.202712 -0.251319
v -11.867889 2.485148 -0.041047
v -11.804422 2.461861 -0.178641
v -16.406178 1.160716 -0.381963
v -16.341589 1.141808 -0.515314
v -11.743034 2.461859 -0.317796
v -11.685202 2.484857 -0.455088
v -16.274227 1.146741 -0.648101
v -16.205770 1.175104 -0.777082
v -11.632403 2.530572 -0.587093
v -11.585866 2.597605 -0.710645
v -16.137907 1.226484 -0.899013
v -16.072287 1.299342 -1.010999
v -11.546822 2.684561 -0.822578
v -11.516135 2.789067 -0.920296
v -16.010561 1.392138 -1.110141
v -15.954197 1.502359 -1.194170
v -11.494669 2.908752 -1.001200
v -11.482837 3.040501 -1.063517
v -15.904655 1.627489 -1.260816
v -15.863064 1.764283 -1.308661
v -11.481050 3.181201 -1.105473
v -11.489229 3.327297 -1.126290
v -15.830553 1.909498 -1.336288
v -15.807808 2.059476 -1.343268
v -11.507296 3.475236 -1.125191
v -11.534687 3.621377 -1.102471
v -15.795508 2.210560 -1.329171
v -15.793835 2.359039 -1.294602
v -11.570839 3.762077 -1.058425
v -11.614761 3.893959 -0.994391
v -15.802955 2.501204 -1.240163
v -15.822515 2.633652 -1.167428
v -11.665461 4.013646 -0.911709
v -11.721614 4.118359 -0.812629
v -15.852163 2.752982 -1.077974
v -15.891045 2.856434 -0.974193
v -11.781897 4.205317 -0.699404
v -15.938314 2.941248 -0.858480
v -19.165806 2.855817 -1.851833
v -19.192322 2.861678 -1.712115
v -19.144091 2.826389 -1.990069
v -21.837437 3.156433 -3.086091
v -21.817173 3.173743 -2.938547
v -21.800436 3.166568 -2.790075
v -19.223034 2.843535 -1.574359
v -19.257145 2.802125 -1.441912
v -21.787682 3.135415 -2.644341
v -21.779171 3.081338 -2.504878
v -19.293848 2.738186 -1.318121
v -19.332216 2.653557 -1.205910
v -21.775173 3.005394 -2.375218
v -21.775724 2.909707 -2.258415
v -19.371317 2.550080 -1.108202
v -19.410187 2.430517 -1.027212
v -21.780867 2.796406 -2.157524
v -21.790428 2.668477 -2.074818
v -19.447859 2.297632 -0.965152
v -19.483429 2.154839 -0.923309
v -21.804216 2.528908 -2.012570
v -21.821846 2.381259 -1.972054
v -19.515984 2.005555 -0.902971
v -19.544765 1.853510 -0.904372
v -21.842930 2.229087 -1.954543
v -21.866903 2.076171 -1.960183
v -19.569016 1.702438 -0.927746
v -19.588196 1.556022 -0.972253
v -21.893217 1.926291 -1.989121
v -21.921190 1.783076 -2.040365
v -19.601768 1.417950 -1.037053
v -19.609467 1.291497 -1.120311
v -21.950155 1.650157 -2.112922
v -21.979387 1.530662 -2.204756
v -19.611034 1.179941 -1.220192
v -19.606503 1.085830 -1.334050
v -22.008173 1.427718 -2.313828
v -22.035809 1.343640 -2.437261
v -19.595907 1.011709 -1.459237
v -19.579586 0.959149 -1.592550
v -19.595907 1.011709 -1.459237
v -22.061592 1.280745 -2.572173
v -22.061592 1.280745 -2.572173
v -22.084919 1.240313 -2.715123
v -19.557867 0.929720 -1.730787
v -19.531351 0.923859 -1.870505
v -22.105183 1.223627 -2.862667
v -22.121922 1.230802 -3.011139
v -19.500639 0.942003 -2.008261
v -19.466528 0.983413 -2.140708
v -22.134674 1.261955 -3.156874
v -22.143183 1.316032 -3.296337
v -19.429825 1.047352 -2.264499
v -19.391457 1.131980 -2.376710
v -22.147182 1.391976 -3.425996
v -22.146633 1.487662 -3.542798
v -19.352356 1.235457 -2.474418
v -19.313484 1.355020 -2.555410
v -22.141489 1.600964 -3.643690
v -22.131927 1.728893 -3.726398
v -19.275812 1.487905 -2.617470
v -19.240244 1.630697 -2.659312
v -22.118139 1.868461 -3.788646
v -22.100510 2.016110 -3.829162
v -19.207691 1.779983 -2.679651
v -19.178909 1.932029 -2.678249
v -22.079426 2.168283 -3.846674
v -22.055450 2.321200 -3.841033
v -19.154659 2.083102 -2.654874
v -19.135477 2.229516 -2.610366
v -22.029140 2.471080 -3.812094
v -22.001167 2.614295 -3.760849
v -19.121904 2.367589 -2.545567
v -19.114206 2.494041 -2.462309
v -21.972198 2.747213 -3.688291
v -21.942963 2.866085 -3.596459
v -19.112638 2.605597 -2.362428
v -19.117172 2.699709 -2.248570
v -21.914181 2.967158 -3.487386
v -21.886545 3.049988 -3.363954
v -19.127768 2.773830 -2.123383
v -21.860760 3.114130 -3.229041
v -26.808933 3.604230 -1.633207
v -26.840088 3.615750 -1.784598
v -28.001156 3.710011 -1.359291
v -27.970001 3.698491 -1.207900
v -26.874340 3.598809 -1.935244
v -28.035408 3.692040 -1.509938
v -28.627274 3.787708 -1.216639
v -28.593517 3.805728 -1.068172
v -28.562811 3.794375 -0.918971
v -26.758974 3.510442 -1.343009
v -26.781689 3.568741 -1.484812
v -27.942757 3.663001 -1.059505
v -27.920038 3.604703 -0.917702
v -28.535963 3.759399 -0.772723
v -28.513577 3.701944 -0.632971
v -26.729349 3.331124 -1.093062
v -26.741402 3.430496 -1.211394
v -27.902470 3.524757 -0.786087
v -27.890417 3.425385 -0.667755
v -28.496265 3.623155 -0.503260
v -28.484386 3.525219 -0.386640
v -26.722965 3.083829 -0.907831
v -26.723175 3.214547 -0.991109
v -27.884243 3.308807 -0.565803
v -27.884029 3.178090 -0.482524
v -28.478298 3.410330 -0.286163
v -28.478092 3.281503 -0.204089
v -26.740444 2.792764 -0.805447
v -26.728794 2.942033 -0.845520
v -27.889860 3.036294 -0.420213
v -27.901510 2.887025 -0.380140
v -28.483833 3.141758 -0.142680
v -28.495316 2.994650 -0.103186
v -26.780073 2.486424 -0.795932
v -26.757700 2.639630 -0.788878
v -27.918766 2.733891 -0.363572
v -27.941141 2.580685 -0.370626
v -28.512325 2.843731 -0.086858
v -28.534372 2.692741 -0.093810
v -26.837978 2.194793 -0.880214
v -26.807072 2.336941 -0.826725
v -27.968140 2.431201 -0.401418
v -27.999046 2.289053 -0.454907
v -28.560984 2.545421 -0.124157
v -28.689087 2.354426 -0.226592
v -26.908489 1.946416 -1.050050
v -26.872074 2.063592 -0.955357
v -28.033144 2.157853 -0.530051
v -28.069553 2.040677 -0.624744
v -28.646994 2.174723 -0.423949
v -28.682783 2.059556 -0.517019
v -26.984701 1.765609 -1.288811
v -26.946344 1.846342 -1.162187
v -28.107414 1.940603 -0.736881
v -28.145767 1.859870 -0.863505
v -28.719990 1.961197 -0.627234
v -28.757690 1.881847 -0.751687
v -27.059158 1.670068 -1.573126
v -27.022610 1.706456 -1.426965
v -28.183681 1.800717 -1.001658
v -28.220222 1.764329 -1.147819
v -27.022610 1.706456 -1.426965
v -28.183681 1.800717 -1.001658
v -28.794949 1.823709 -0.887472
v -28.794949 1.823709 -0.887472
v -28.830866 1.787945 -1.031128
v -27.124565 1.669148 -1.875163
v -27.093410 1.657628 -1.723772
v -28.254478 1.751889 -1.298466
v -28.285631 1.763409 -1.449857
v -28.864532 1.775718 -1.179192
v -28.895157 1.787040 -1.327988
v -27.174528 1.762937 -2.165359
v -27.151810 1.704638 -2.023557
v -28.312878 1.798899 -1.598251
v -28.335590 1.857198 -1.740052
v -28.921930 1.821922 -1.473838
v -28.944258 1.879222 -1.613209
v -27.204151 1.942255 -2.415306
v -27.192095 1.842884 -2.296974
v -28.353161 1.937144 -1.871667
v -28.365215 2.036516 -1.990000
v -28.961525 1.957797 -1.742568
v -28.973373 2.055466 -1.858872
v -27.210533 2.189550 -2.600539
v -27.210321 2.058832 -2.517259
v -28.371389 2.153092 -2.091952
v -28.371601 2.283811 -2.175232
v -28.979443 2.170044 -1.959077
v -28.979647 2.298521 -2.040928
v -27.193056 2.480614 -2.702924
v -27.204704 2.331346 -2.662850
v -28.365772 2.425607 -2.237543
v -28.354120 2.574875 -2.277618
v -28.973923 2.437887 -2.102171
v -28.962471 2.584596 -2.141559
v -27.153423 2.786955 -2.712441
v -27.175795 2.633749 -2.719495
v -28.336864 2.728009 -2.294188
v -28.314489 2.881215 -2.287135
v -28.945507 2.735105 -2.157845
v -28.923515 2.885685 -2.150913
v -27.095518 3.078586 -2.628155
v -27.126425 2.936438 -2.681646
v -28.287493 3.030698 -2.256340
v -28.256588 3.172847 -2.202848
v -28.896982 3.032605 -2.120646
v -28.866608 3.172317 -2.068072
v -27.025007 3.322461 -2.458321
v -27.061419 3.209786 -2.553012
v -28.222488 3.304047 -2.127705
v -28.186073 3.415692 -2.033013
v -28.833094 3.301268 -1.994216
v -28.878933 3.413322 -1.889766
v -26.948793 3.480760 -2.219560
v -26.987150 3.409030 -2.346184
v -28.148216 3.499173 -1.920877
v -28.109861 3.568844 -1.794253
v -28.759930 3.492065 -1.790417
v -28.802290 3.617482 -1.553087
v -26.910885 3.548916 -2.081406
v -28.071953 3.639059 -1.656099
v -28.663288 3.734565 -1.360685
v -41.779812 12.566807 0.397976
v -41.799152 12.558869 0.313648
v -41.819328 12.425858 0.360091
v -41.809170 12.390789 0.429089
v -41.820686 12.514439 0.242163
v -41.835751 12.356732 0.327752
v -41.842167 12.046230 0.493644
v -41.841965 12.480403 0.165137
v -41.850471 12.368774 0.252054
v -41.862431 12.415361 0.111332
v -41.862904 12.292293 0.242662
v -41.883583 12.358553 0.049114
v -41.880749 12.280134 0.167652
v -41.901047 12.279251 0.018232
v -41.888016 12.203772 0.182113
v -41.920059 12.205204 -0.023065
v -41.907284 12.168577 0.115143
v -41.932816 12.119387 -0.027965
v -41.908676 12.099797 0.152068
v -41.947746 12.035358 -0.044278
v -41.927429 12.045021 0.099712
v -41.954514 11.951462 -0.022729
v -41.922794 11.990585 0.155472
v -41.964035 11.865733 -0.012523
v -41.939278 11.921623 0.122812
v -41.964256 11.791989 0.033328
v -41.929127 11.886866 0.191932
v -41.967369 11.712893 0.069108
v -41.941704 11.810437 0.182196
v -41.960857 11.656446 0.134852
v -41.926914 11.798713 0.257960
v -41.957062 11.591702 0.192735
v -41.934204 11.722275 0.272131
v -41.944397 11.558105 0.271914
v -41.916214 11.734755 0.347100
v -41.934277 11.514103 0.346168
v -41.917625 11.665825 0.383748
v -41.916977 11.506689 0.430973
v -41.898380 11.701316 0.450549
v -41.901608 11.487747 0.514330
v -41.893860 11.646651 0.506081
v -41.881268 11.507219 0.596495
v -41.875153 11.701658 0.558201
v -41.861954 11.515151 0.680835
v -41.865013 11.666587 0.627208
v -41.840431 11.559576 0.752339
v -41.848598 11.735711 0.659558
v -41.819157 11.593613 0.829386
v -41.833878 11.723665 0.735274
v -41.798668 11.658660 0.883208
v -41.821430 11.800154 0.744672
v -41.777409 11.715484 0.945440
v -41.803513 11.812323 0.819699
v -41.759892 11.794804 0.976315
v -41.796215 11.888699 0.805225
v -41.740932 11.868873 1.017579
v -41.776978 11.923906 0.872178
v -41.728249 11.954696 1.022441
v -41.775627 11.992685 0.835226
v -41.713203 12.038707 1.038741
v -41.756805 12.047455 0.887572
v -41.706364 12.122583 1.017194
v -41.761406 12.101876 0.831814
v -41.696918 12.208317 1.006998
v -41.744957 12.170841 0.864481
v -41.696877 12.282075 0.961151
v -41.755234 12.205608 0.795363
v -41.693932 12.361188 0.925359
v -41.742783 12.282051 0.805091
v -41.700523 12.417633 0.859610
v -41.757603 12.293771 0.729325
v -41.704235 12.482353 0.801753
v -41.750278 12.370193 0.715171
v -41.716740 12.515920 0.722598
v -41.768147 12.357695 0.640215
v -41.726715 12.559906 0.648339
v -41.766632 12.426611 0.603568
v -41.743961 12.567321 0.563514
v -41.785854 12.391125 0.536751
v -41.759373 12.586270 0.480145
v -41.790390 12.445791 0.481212
v -32.862282 5.605137 2.611784
v -32.882401 5.583362 2.531336
v -33.439255 5.874169 2.917153
v -33.420822 5.892513 2.990838
v -32.907410 5.551400 2.459508
v -33.458378 5.844349 2.847506
v -34.589394 6.754148 2.491055
v -34.569714 6.784831 2.562718
v -34.550743 6.803707 2.638534
v -32.940926 5.513411 2.402457
v -33.477722 5.803649 2.783675
v -32.977974 5.467469 2.357480
v -33.496815 5.753199 2.727148
v -34.628937 6.660362 2.367217
v -34.609299 6.712271 2.425379
v -33.013565 5.411645 2.321878
v -33.515182 5.694127 2.679410
v -33.047031 5.347887 2.296992
v -33.532375 5.627984 2.641523
v -34.665524 6.531526 2.279112
v -34.647831 6.599583 2.318096
v -33.077694 5.278141 2.284164
v -33.547955 5.556316 2.614552
v -33.103977 5.203643 2.280887
v -33.561565 5.480951 2.599027
v -34.695564 6.380235 2.235387
v -34.681557 6.457784 2.251361
v -33.124313 5.125633 2.284651
v -33.572845 5.403713 2.595475
v -33.139309 5.046495 2.297894
v -33.581554 5.326515 2.603832
v -34.716125 6.221325 2.240333
v -34.707169 6.300758 2.231733
v -33.149555 4.968617 2.323058
v -33.587418 5.251268 2.624032
v -33.154934 4.893819 2.358876
v -33.590366 5.179788 2.655442
v -34.725212 6.070357 2.293428
v -34.722172 6.143903 2.261114
v -33.155338 4.823923 2.404082
v -33.590302 5.113887 2.697424
v -33.151176 4.760784 2.457920
v -33.587215 5.055113 2.748821
v -34.721981 5.942075 2.389512
v -34.725151 6.002551 2.336624
v -33.142864 4.706254 2.519631
v -33.581108 5.005014 2.808479
v -33.130714 4.661077 2.586972
v -33.572201 4.964708 2.874834
v -34.706512 5.849044 2.519181
v -34.715683 5.890521 2.450901
v -33.115032 4.625990 2.657696
v -33.560722 4.935315 2.946325
v -33.094681 4.601675 2.730039
v -33.546978 4.917422 3.021137
v -34.680557 5.800388 2.669719
v -34.694695 5.818799 2.592742
v -33.068542 4.588806 2.802236
v -33.531269 4.911612 3.097456
v -33.038589 4.588485 2.873755
v -33.514008 4.917882 3.173401
v -34.646652 5.800866 2.826387
v -34.664402 5.794413 2.748245
v -33.006824 4.601814 2.944066
v -33.495621 4.936227 3.247089
v -32.974121 4.628147 3.010265
v -33.476536 4.966049 3.316741
v -34.608082 5.850426 2.973877
v -34.627724 5.819742 2.902209
v -32.941353 4.666840 3.069450
v -33.457211 5.006749 3.380573
v -32.908356 4.714959 3.120376
v -33.438118 5.057199 3.437103
v -34.568554 5.944212 3.097726
v -34.588196 5.892303 3.039558
v -32.874985 4.769571 3.161796
v -33.419739 5.116271 3.484847
v -32.845787 4.833280 3.195166
v -33.402538 5.182416 3.522734
v -34.531929 6.073056 3.185838
v -34.549633 6.004995 3.146853
v -32.845787 4.833280 3.195166
v -32.825314 4.908689 3.221938
v -33.386974 5.254084 3.549696
v -33.402538 5.182416 3.522734
v -32.810463 4.990972 3.238881
v -33.373375 5.329450 3.565213
v -34.501930 6.224351 3.229537
v -34.515915 6.146801 3.213576
v -34.531929 6.073056 3.185838
v -32.798134 5.075300 3.242762
v -33.362080 5.406690 3.568768
v -32.788624 5.159587 3.233645
v -33.353363 5.483890 3.560417
v -34.481316 6.383259 3.224597
v -34.490295 6.303826 3.233190
v -32.782219 5.241743 3.211591
v -33.347500 5.559137 3.540219
v -32.779030 5.319788 3.177298
v -33.344582 5.630619 3.508810
v -34.472294 6.534231 3.171506
v -34.475285 6.460683 3.203819
v -32.779152 5.391737 3.131460
v -33.344696 5.696519 3.466825
v -32.782547 5.455904 3.075343
v -33.347809 5.755293 3.415425
v -34.475632 6.662516 3.075416
v -34.472420 6.602039 3.128306
v -32.789181 5.510603 3.010212
v -33.353886 5.805395 3.355770
v -32.798840 5.554610 2.937768
v -33.362732 5.845701 3.289417
v -34.490986 6.755541 2.945757
v -34.481888 6.714067 3.014033
v -32.811314 5.586697 2.859710
v -33.374146 5.875091 3.217920
v -32.826279 5.606229 2.778024
v -33.387848 5.892980 3.143101
v -34.516815 6.804188 2.795204
v -34.502724 6.785781 2.872190
v -32.843422 5.612568 2.694698
v -33.403545 5.898786 3.066781
v -34.532970 6.810161 2.716675
v -30.029112 4.348057 0.008354
v -30.060209 4.304329 -0.116024
v -31.519005 4.958373 1.277580
v -31.493670 4.990587 1.378900
v -30.122652 4.258341 -0.202819
v -31.561821 4.919751 1.198664
v -30.023556 3.174425 0.925610
v -29.971886 3.274679 0.951664
v -31.447075 4.115061 2.147338
v -31.482388 4.027864 2.120921
v -29.948917 3.401885 0.977865
v -31.428368 4.218687 2.168679
v -29.929874 3.532258 0.983868
v -31.412848 4.324892 2.173569
v -29.915184 3.662569 0.969769
v -31.400877 4.431045 2.162085
v -29.905273 3.789589 0.935669
v -31.392807 4.534516 2.134308
v -29.900322 3.910252 0.882646
v -31.388779 4.632808 2.091116
v -29.900499 4.021487 0.811780
v -31.388927 4.723423 2.033386
v -29.905752 4.120690 0.725022
v -31.393206 4.804235 1.962712
v -29.916008 4.205254 0.624326
v -31.401562 4.873124 1.880684
v -29.930958 4.273286 0.512326
v -31.413736 4.928545 1.789447
v -29.950277 4.322895 0.391655
v -31.429462 4.968957 1.691143
v -29.973452 4.353095 0.265374
v -31.448326 4.993556 1.588270
v -29.999962 4.362897 0.136547
v -31.469917 5.001541 1.483326
v -30.256903 3.097367 0.917647
v -30.128685 3.124907 0.920052
v -31.547720 3.970943 2.100809
v -31.626226 3.929247 2.077983
v -30.023556 3.174425 0.925610
v -31.482388 4.027864 2.120921
v -30.495680 3.036284 0.870037
v -30.377840 3.063046 0.901053
v -31.701067 3.887721 2.043427
v -31.774317 3.854728 1.997683
v -30.731003 3.049392 0.774048
v -30.614607 3.031420 0.824367
v -31.848053 3.838629 1.941291
v -31.920090 3.840209 1.880533
v -30.933403 3.148603 0.681531
v -30.841232 3.091142 0.729086
v -31.988245 3.860251 1.821694
v -32.045803 3.894341 1.761265
v -31.037987 3.285201 0.556278
v -30.995594 3.213712 0.623432
v -32.086063 3.938064 1.695740
v -32.114452 3.990462 1.626752
v -31.093056 3.445134 0.405843
v -31.070747 3.361801 0.481555
v -32.136406 4.050575 1.555932
v -32.151375 4.118788 1.487588
v -31.100719 3.633060 0.269456
v -31.104074 3.536825 0.335724
v -32.158798 4.195487 1.426027
v -32.156994 4.277885 1.370818
v -31.041950 3.825818 0.148500
v -31.079906 3.730026 0.205299
v -32.144268 4.363198 1.321527
v -32.120834 4.449564 1.281317
v -30.909567 4.002773 0.054502
v -30.987169 3.918535 0.104310
v -32.086910 4.535126 1.253348
v -32.039322 4.616060 1.227667
v -30.677160 4.132032 -0.094995
v -30.803146 4.073129 -0.019150
v -31.974901 4.688547 1.194320
v -31.898874 4.753096 1.164928
v -30.396368 4.218299 -0.191431
v -30.540854 4.181913 -0.151381
v -31.816471 4.810215 1.151111
v -31.729057 4.856756 1.150681
v -30.245836 4.236721 -0.218266
v -31.638004 4.889573 1.161448
v -32.360840 2.550327 -2.565386
v -30.429733 3.084333 -2.100116
v 18.115263 0.901278 -0.474293
v 18.115416 0.960661 -0.331147
v 18.115122 0.820359 -0.606468
v 18.115263 0.901278 -0.474293
v 18.115122 0.820359 -0.606468
v 18.115416 0.960661 -0.331147
v 18.114998 0.719642 -0.724261
v 18.114889 0.601834 -0.824965
v 18.114998 0.719642 -0.724261
v 18.114889 0.601834 -0.824965
v 18.114803 0.469642 -0.905873
v 18.114740 0.326477 -0.965248
v 18.114803 0.469642 -0.905873
v 18.114740 0.326477 -0.965248
v 18.114704 0.175749 -1.001352
v 18.114689 0.021241 -1.013587
v 18.114704 0.175749 -1.001352
v 18.114689 0.021241 -1.013587
v 18.114702 -0.133268 -1.001352
v 18.114740 -0.283995 -0.965248
v 18.114702 -0.133268 -1.001352
v 18.114740 -0.283995 -0.965248
v 18.114805 -0.427161 -0.905873
v 18.114891 -0.559353 -0.824965
v 18.114805 -0.427161 -0.905873
v 18.114891 -0.559353 -0.824965
v 18.114998 -0.677161 -0.724261
v 18.115122 -0.777877 -0.606468
v 18.114998 -0.677161 -0.724261
v 18.115122 -0.777877 -0.606468
v 18.115263 -0.858796 -0.474293
v 18.115416 -0.918179 -0.331147
v 18.115263 -0.858796 -0.474293
v 18.115416 -0.918179 -0.331147
v 18.115576 -0.954288 -0.180439
v 18.115740 -0.966524 -0.025950
v 18.115576 -0.954288 -0.180439
v 18.115740 -0.966524 -0.025950
v 18.115906 -0.954288 0.128538
v 18.116064 -0.918179 0.279246
v 18.115906 -0.954288 0.128538
v 18.116064 -0.918179 0.279246
v 18.116217 -0.858796 0.422393
v 18.116356 -0.777877 0.554568
v 18.116217 -0.858796 0.422393
v 18.116217 -0.858796 0.422393
v 18.116356 -0.777877 0.554568
v 18.116217 -0.858796 0.422393
v 18.116484 -0.677161 0.672360
v 18.116589 -0.559353 0.773064
v 18.116484 -0.677161 0.672360
v 18.116589 -0.559353 0.773064
v 18.116676 -0.427160 0.853972
v 18.116737 -0.283995 0.913347
v 18.116676 -0.427160 0.853972
v 18.116737 -0.283995 0.913347
v 18.116777 -0.133268 0.949451
v 18.116791 0.021241 0.961685
v 18.116777 -0.133268 0.949451
v 18.116791 0.021241 0.961685
v 18.116777 0.175749 0.949451
v 18.116739 0.326477 0.913347
v 18.116777 0.175749 0.949451
v 18.116739 0.326477 0.913347
v 18.116676 0.469642 0.853972
v 18.116590 0.601834 0.773064
v 18.116676 0.469642 0.853972
v 18.116590 0.601834 0.773064
v 18.116482 0.719642 0.672360
v 18.116356 0.820359 0.554567
v 18.116482 0.719642 0.672360
v 18.116356 0.820359 0.554567
v 18.116217 0.901278 0.422393
v 18.116064 0.960660 0.279246
v 18.116217 0.901278 0.422393
v 18.116064 0.960660 0.279246
v 18.115906 0.996769 0.128538
v 18.115740 1.009005 -0.025950
v 18.115906 0.996769 0.128538
v 18.115740 1.009005 -0.025950
v 18.115576 0.996769 -0.180439
v 18.115576 0.996769 -0.180439
v -30.242264 3.260332 -0.871712
v -30.171747 3.356513 -0.928747
v -30.438974 3.191815 -1.192786
v -30.505255 3.102900 -1.137241
v -30.071356 3.441216 -0.997547
v -30.344259 3.269769 -1.259032
v -30.213545 3.330666 -1.360381
v -30.058544 3.378313 -1.468916
v -29.932953 3.507893 -1.102985
v -29.768890 3.560500 -1.215657
v -29.890957 3.416515 -1.556721
v -29.713369 3.440116 -1.627466
v -29.591515 3.602997 -1.306157
v -29.403549 3.629923 -1.378320
v -29.528368 3.443957 -1.684818
v -29.395657 3.423952 -1.750436
v -29.207714 3.635818 -1.435979
v -28.802290 3.617482 -1.553087
v -29.374931 3.376016 -1.845978
v -29.452719 3.315302 -1.941063
v -28.759930 3.492065 -1.790417
v -28.878933 3.413322 -1.889766
v -29.615534 3.256964 -2.005311
v -29.470840 3.268201 -1.991809
v -28.833094 3.301268 -1.994216
v -29.444773 3.193877 -2.040691
v -28.866608 3.172317 -2.068072
v -29.476532 3.071672 -2.110682
v -28.896982 3.032605 -2.120646
v -29.505320 2.939271 -2.160506
v -28.923515 2.885685 -2.150913
v -29.530468 2.800038 -2.189189
v -28.945507 2.735105 -2.157845
v -29.551304 2.657337 -2.195759
v -28.962471 2.584596 -2.141559
v -29.567381 2.514704 -2.180325
v -28.973923 2.437887 -2.102171
v -29.578232 2.375671 -2.142997
v -28.979647 2.298521 -2.040928
v -29.583660 2.243598 -2.084959
v -28.979443 2.170044 -1.959077
v -29.583466 2.121843 -2.007391
v -28.973373 2.055466 -1.858872
v -29.577719 2.013260 -1.912429
v -28.961525 1.957797 -1.742568
v -29.566486 1.920702 -1.802211
v -28.944258 1.879222 -1.613209
v -29.550121 1.846237 -1.679620
v -28.921930 1.821922 -1.473838
v -29.528961 1.791935 -1.547542
v -28.895157 1.787040 -1.327988
v -29.503586 1.758878 -1.409323
v -28.864532 1.775718 -1.179192
v -29.474567 1.748149 -1.268313
v -28.830866 1.787945 -1.031128
v -29.442659 1.759736 -1.127995
v -28.794949 1.823709 -0.887472
v -29.408623 1.793629 -0.991857
v -28.794949 1.823709 -0.887472
v -28.757690 1.881847 -0.751687
v -29.373314 1.848725 -0.863177
v -29.408623 1.793629 -0.991857
v -28.719990 1.961197 -0.627234
v -29.337589 1.923923 -0.745236
v -28.682783 2.059556 -0.517019
v -29.302328 2.017135 -0.640788
v -28.646994 2.174723 -0.423949
v -29.268412 2.126276 -0.552587
v -28.689087 2.354426 -0.226592
v -29.283697 2.213706 -0.486523
v -29.070194 2.382250 -0.150430
v -29.396044 2.241785 -0.448484
v -29.236084 2.368289 -0.135580
v -29.552286 2.233630 -0.432253
v -29.391962 2.341675 -0.136787
v -29.699259 2.212361 -0.431614
v -29.543621 2.321457 -0.154819
v -29.842346 2.196401 -0.447035
v -29.986940 2.204176 -0.478987
v -30.128571 2.237371 -0.515775
v -29.696840 2.326683 -0.190445
v -29.846903 2.358573 -0.230943
v -29.989084 2.418350 -0.263586
v -30.262760 2.297670 -0.545705
v -30.107496 2.494924 -0.299786
v -30.374523 2.373916 -0.579605
v -30.186266 2.577207 -0.350953
v -30.448891 2.454955 -0.628301
v -30.239220 2.663681 -0.415739
v -30.498983 2.539279 -0.690504
v -30.280195 2.752827 -0.492793
v -30.537933 2.625385 -0.764923
v -30.308153 2.847233 -0.573797
v -30.564756 2.715697 -0.843624
v -30.322065 2.949485 -0.650428
v -30.578472 2.812643 -0.918674
v -30.317757 3.055008 -0.725436
v -30.575102 2.911893 -0.992616
v -30.291046 3.159227 -0.801569
v -30.550661 3.009119 -1.067995
v -29.217175 3.926358 -0.921386
v -29.182747 3.976738 -0.783683
v -29.290960 3.876113 -1.012735
v -29.207714 3.635818 -1.435979
v -29.441303 3.859437 -1.015601
v -29.403549 3.629923 -1.378320
v -29.626207 3.849337 -0.967036
v -29.591515 3.602997 -1.306157
v -29.803673 3.818819 -0.904090
v -29.768890 3.560500 -1.215657
v -29.971128 3.773120 -0.823103
v -29.932953 3.507893 -1.102985
v -30.125992 3.717479 -0.720414
v -30.071356 3.441216 -0.997547
v -30.256687 3.648355 -0.623469
v -30.171747 3.356513 -0.928747
v -30.351631 3.562209 -0.559718
v -30.242264 3.260332 -0.871712
v -30.418459 3.465357 -0.506153
v -30.291046 3.159227 -0.801569
v -30.464813 3.364116 -0.439769
v -30.317757 3.055008 -0.725436
v -30.490305 3.260416 -0.367020
v -30.322065 2.949485 -0.650428
v -30.494547 3.156185 -0.294362
v -30.308153 2.847233 -0.573797
v -30.481445 3.055830 -0.219296
v -30.280195 2.752827 -0.492793
v -30.454906 2.963758 -0.139327
v -30.239220 2.663681 -0.415739
v -30.415903 2.877631 -0.062349
v -30.186266 2.577207 -0.350953
v -30.365416 2.795110 0.003746
v -30.107496 2.494924 -0.299786
v -30.290545 2.717642 0.057553
v -29.989084 2.418350 -0.263586
v -30.178379 2.646674 0.097668
v -29.846903 2.358573 -0.230943
v -30.043829 2.592381 0.134610
v -29.696840 2.326683 -0.190445
v -29.901798 2.564934 0.178897
v -29.543621 2.321457 -0.154819
v -29.756756 2.563306 0.218371
v -29.391962 2.341675 -0.136787
v -29.613148 2.586467 0.240875
v -29.236084 2.368289 -0.135580
v -29.465574 2.616624 0.247090
v -29.070194 2.382250 -0.150430
v -29.308624 2.635983 0.237694
v -28.689087 2.354426 -0.226592
v -29.180496 2.681223 0.234841
v -29.119377 2.789023 0.260685
v -29.180496 2.681223 0.234841
v -29.093943 2.929855 0.289694
v -29.072863 3.074196 0.296340
v -29.056602 3.218467 0.280731
v -29.045626 3.359097 0.242977
v -29.040138 3.492687 0.184273
v -29.040339 3.615839 0.105814
v -29.046152 3.725670 0.009762
v -29.057510 3.819292 -0.101722
v -29.074062 3.894612 -0.225721
v -29.095459 3.949536 -0.359318
v -29.121120 3.982971 -0.499126
v -29.150473 3.993824 -0.641756
v -24.647812 3.373216 -2.910384
v -24.611267 3.417089 -2.764223
v -24.685722 3.309073 -3.048539
v -24.724075 3.233330 -3.175162
v -24.761932 3.140742 -3.287299
v -24.798347 3.026061 -3.381990
v -24.832443 2.894860 -3.457133
v -24.863352 2.752712 -3.510624
v -24.890348 2.603229 -3.541419
v -24.912724 2.450022 -3.548473
v -24.929981 2.296888 -3.531903
v -24.941631 2.147619 -3.491829
v -24.947460 2.005824 -3.429518
v -24.947247 1.875106 -3.346238
v -24.941074 1.758529 -3.244285
v -24.929020 1.659157 -3.125952
v -24.911453 1.579211 -2.994337
v -24.888737 1.520912 -2.852535
v -24.861490 1.485422 -2.704141
v -24.830336 1.473902 -2.552751
v -24.796082 1.486341 -2.402105
v -24.759539 1.522730 -2.255943
v -24.721630 1.581883 -2.117789
v -24.759539 1.522730 -2.255943
v -24.683273 1.662616 -1.991165
v -24.645416 1.762690 -1.879028
v -24.609003 1.879866 -1.784336
v -24.574907 2.011066 -1.709193
v -24.543999 2.153214 -1.655703
v -24.517000 2.302698 -1.624911
v -24.494629 2.455904 -1.617857
v -24.477371 2.609038 -1.634426
v -24.465719 2.758307 -1.674500
v -24.459888 2.900103 -1.736810
v -24.460102 3.030821 -1.820088
v -24.466274 3.147397 -1.922041
v -24.478331 3.246769 -2.040373
v -24.495897 3.326715 -2.171989
v -24.518616 3.385014 -2.313791
v -24.545860 3.420504 -2.462185
v -24.577015 3.432024 -2.613576
v -37.580730 1.415967 -3.864579
v -37.569111 1.411669 -3.808059
v -37.590801 1.414810 -3.910433
v -39.591454 1.050197 -4.533567
v -39.580685 1.051435 -4.484539
v -39.568260 1.046841 -4.424105
v -37.558975 1.398422 -3.752651
v -37.550537 1.376658 -3.699703
v -39.557442 1.032677 -4.364860
v -39.548424 1.009406 -4.308244
v -37.543995 1.346811 -3.650561
v -37.539490 1.309708 -3.606379
v -39.541435 0.977494 -4.255701
v -39.536617 0.937824 -4.208458
v -37.537163 1.266180 -3.568310
v -37.537048 1.217374 -3.537219
v -39.534107 0.891280 -4.167751
v -39.533966 0.839096 -4.134506
v -37.539192 1.164443 -3.513971
v -37.542542 1.116340 -3.499263
v -39.536247 0.782504 -4.109658
v -39.539825 0.731076 -4.093940
v -39.543571 0.694382 -4.088090
v -37.546040 1.082020 -3.493790
v -39.547508 0.664246 -4.087147
v -37.549713 1.053833 -3.492911
v -37.553585 1.024131 -3.491984
v -37.559296 0.987503 -3.495248
v -39.551666 0.632489 -4.086154
v -39.557774 0.593325 -4.089640
v -37.568459 0.938542 -3.506939
v -37.579971 0.885461 -3.526896
v -39.567562 0.540970 -4.102133
v -39.579861 0.484210 -4.123464
v -37.592724 0.836475 -3.554955
v -37.606350 0.792729 -3.590317
v -39.593513 0.431831 -4.153466
v -39.608097 0.385058 -4.191279
v -37.620491 0.755370 -3.632183
v -37.634804 0.725233 -3.679456
v -39.623207 0.345115 -4.236044
v -39.638512 0.312893 -4.286589
v -37.648956 0.703151 -3.731036
v -37.662594 0.689566 -3.785606
v -37.648956 0.703151 -3.731036
v -39.653660 0.289285 -4.341742
v -39.653660 0.289285 -4.341742
v -39.668251 0.274760 -4.400089
v -37.675350 0.684917 -3.841845
v -37.686954 0.689212 -3.898360
v -39.681881 0.269786 -4.460218
v -39.694267 0.274376 -4.520642
v -37.697124 0.702461 -3.953761
v -37.705635 0.724231 -4.006706
v -39.705135 0.288541 -4.579876
v -39.714233 0.311820 -4.636488
v -37.712257 0.754091 -4.055856
v -37.716805 0.791204 -4.100046
v -39.721333 0.343753 -4.689047
v -39.726212 0.383440 -4.736302
v -37.719093 0.834731 -4.138112
v -37.719128 0.883530 -4.169198
v -39.728661 0.429983 -4.777006
v -39.728691 0.482157 -4.810243
v -37.716911 0.936455 -4.192449
v -37.712543 0.992172 -4.207400
v -39.726299 0.538739 -4.835096
v -39.721607 0.598307 -4.851077
v -37.706093 1.049343 -4.213590
v -37.697750 1.106548 -4.210963
v -39.714722 0.659437 -4.857695
v -39.705795 0.720604 -4.854889
v -37.687668 1.162364 -4.199468
v -37.676121 1.215439 -4.179496
v -39.695019 0.780287 -4.842599
v -39.682671 0.837036 -4.821244
v -37.663395 1.264418 -4.151437
v -37.651627 1.303828 -4.121799
v -39.669064 0.889403 -4.791242
v -39.656490 0.931538 -4.759552
v -39.647243 0.957591 -4.733133
v -37.642975 1.328197 -4.097091
v -39.639610 0.975729 -4.709186
v -37.635826 1.345161 -4.074691
v -37.628582 1.362362 -4.051979
v -37.622040 1.376721 -4.030751
v -39.631859 0.994119 -4.684904
v -39.624866 1.009471 -4.662209
v -39.619484 1.018495 -4.643019
v -37.617004 1.385161 -4.012803
v -39.615158 1.024032 -4.626544
v -37.612961 1.390339 -3.997393
v -39.611340 1.028922 -4.611992
v -37.609390 1.394913 -3.983783
v -39.607780 1.033472 -4.598452
v -37.606068 1.399168 -3.971120
v -39.604252 1.037989 -4.585012
v -37.602768 1.403392 -3.958549
v -39.600761 1.042458 -4.571712
v -37.599506 1.407573 -3.946109
v -37.596291 1.411695 -3.933840
v -39.597317 1.046867 -4.558594
v -37.614365 9.296661 1.761483
v -37.596973 9.290232 1.846041
v -37.633511 9.289710 1.677346
v -40.689499 11.754119 0.724507
v -40.668991 11.761564 0.814589
v -40.650379 11.754682 0.905122
v -37.581818 9.270411 1.928938
v -37.569195 9.237850 2.008154
v -40.634171 11.733461 0.993878
v -40.620667 11.698599 1.078694
v -37.559406 9.193196 2.081673
v -37.552670 9.137688 2.147771
v -40.610199 11.650790 1.157411
v -40.602978 11.591361 1.228183
v -37.549183 9.072566 2.204726
v -37.549019 8.999551 2.251242
v -40.599224 11.521633 1.289169
v -40.599014 11.443458 1.338972
v -37.552219 8.920362 2.286022
v -37.558712 8.837004 2.308382
v -40.602425 11.358678 1.376197
v -40.609379 11.269434 1.400125
v -37.568405 8.751480 2.317637
v -37.580956 8.665907 2.313715
v -40.619781 11.177874 1.410036
v -40.633240 11.086254 1.405847
v -37.596001 8.582397 2.296541
v -37.613232 8.502982 2.266684
v -40.649338 10.996838 1.387472
v -40.667767 10.911804 1.355513
v -37.632313 8.429695 2.224707
v -37.652702 8.364247 2.171805
v -37.613232 8.502982 2.266684
v -40.667767 10.911804 1.355513
v -40.688217 10.833334 1.310570
v -40.710064 10.763262 1.253926
v -37.673851 8.308355 2.109170
v -37.695263 8.263267 2.038446
v -40.732708 10.703422 1.186863
v -40.755630 10.655149 1.111140
v -37.716438 8.230231 1.961275
v -37.736835 8.209907 1.879633
v -40.778324 10.619783 1.028513
v -40.800182 10.598022 0.941102
v -37.755928 8.202952 1.795496
v -37.773289 8.209380 1.710946
v -40.820595 10.590572 0.851023
v -40.839153 10.597448 0.760502
v -37.788502 8.229203 1.628064
v -37.801231 8.261773 1.548854
v -40.855431 10.618670 0.671766
v -40.869072 10.653545 0.586956
v -37.811142 8.306444 1.475321
v -37.817944 8.361966 1.409207
v -40.879707 10.701384 0.508215
v -40.887020 10.760839 0.437418
v -37.821369 8.427087 1.352256
v -37.821419 8.500094 1.305748
v -40.890690 10.830564 0.376438
v -40.890728 10.908727 0.326648
v -37.818104 8.579274 1.270965
v -37.811565 8.662630 1.248599
v -40.887150 10.993492 0.289417
v -40.880116 11.082729 0.265479
v -37.801926 8.748163 1.239339
v -37.789436 8.833746 1.243268
v -40.869801 11.174309 0.255565
v -40.856438 11.265945 0.259767
v -37.774349 8.917251 1.260466
v -37.757080 8.996655 1.290348
v -40.840282 11.355357 0.278179
v -40.821781 11.440372 0.310172
v -37.738037 9.069931 1.332327
v -37.717705 9.135370 1.385219
v -40.801399 11.518823 0.355119
v -40.779640 11.588879 0.411751
v -37.696568 9.191258 1.447843
v -37.675144 9.236346 1.518555
v -40.757027 11.648713 0.478796
v -40.734089 11.696985 0.554501
v -37.653950 9.269384 1.595713
v -40.711395 11.732356 0.637107
v -41.718121 12.608149 0.489373
v -41.699093 12.601109 0.581959
v -41.739090 12.600533 0.397250
v -41.718121 12.608149 0.489373
v -41.739090 12.600533 0.397250
v -41.699093 12.601109 0.581959
v -41.682510 12.579408 0.672727
v -41.668709 12.543755 0.759467
v -41.682510 12.579408 0.672727
v -41.668709 12.543755 0.759467
v -41.658009 12.494864 0.839968
v -41.650620 12.434088 0.912346
v -41.658009 12.494864 0.839968
v -41.650620 12.434088 0.912346
v -41.646774 12.362778 0.974716
v -41.646549 12.282829 1.025648
v -41.646774 12.362778 0.974716
v -41.646549 12.282829 1.025648
v -41.650036 12.196127 1.063713
v -41.657143 12.104866 1.088180
v -41.650036 12.196127 1.063713
v -41.657143 12.104866 1.088180
v -41.667789 12.011230 1.098316
v -41.681553 11.917534 1.094035
v -41.667789 12.011230 1.098316
v -41.681553 11.917534 1.094035
v -41.698021 11.826087 1.075248
v -41.716866 11.739126 1.042567
v -41.698021 11.826087 1.075248
v -41.716866 11.739126 1.042567
v -41.737782 11.658875 0.996606
v -41.760132 11.587215 0.938676
v -41.716866 11.739126 1.042567
v -41.737782 11.658875 0.996606
v -41.716866 11.739126 1.042567
v -41.760132 11.587215 0.938676
v -41.783287 11.526019 0.870092
v -41.806728 11.476654 0.792652
v -41.783287 11.526019 0.870092
v -41.806728 11.476654 0.792652
v -41.829945 11.440486 0.708152
v -41.852303 11.418232 0.618759
v -41.829945 11.440486 0.708152
v -41.852303 11.418232 0.618759
v -41.873173 11.410612 0.526639
v -41.892139 11.417642 0.434067
v -41.873173 11.410612 0.526639
v -41.892139 11.417642 0.434067
v -41.908787 11.439344 0.343320
v -41.922733 11.475011 0.256587
v -41.908787 11.439344 0.343320
v -41.922733 11.475011 0.256587
v -41.933624 11.523937 0.176058
v -41.941105 11.584743 0.103652
v -41.933624 11.523937 0.176058
v -41.941105 11.584743 0.103652
v -41.944862 11.656051 0.041289
v -41.944897 11.735983 -0.009629
v -41.944862 11.656051 0.041289
v -41.944897 11.735983 -0.009629
v -41.941227 11.822667 -0.047700
v -41.934029 11.913925 -0.072178
v -41.941227 11.822667 -0.047700
v -41.934029 11.913925 -0.072178
v -41.923473 12.007581 -0.082317
v -41.909813 12.101297 -0.078021
v -41.923473 12.007581 -0.082317
v -41.909813 12.101297 -0.078021
v -41.893288 12.192736 -0.059193
v -41.874367 12.279677 -0.026474
v -41.893288 12.192736 -0.059193
v -41.874367 12.279677 -0.026474
v -41.853523 12.359906 0.019493
v -41.831280 12.431550 0.077408
v -41.853523 12.359906 0.019493
v -41.831280 12.431550 0.077408
v -41.808151 12.492738 0.145973
v -41.784702 12.542103 0.223392
v -41.808151 12.492738 0.145973
v -41.784702 12.542103 0.223392
v -41.761482 12.578278 0.307870
v -41.761482 12.578278 0.307870
v -40.322289 0.910821 -4.797265
v -40.325867 0.906247 -4.810875
v -40.322289 0.910821 -4.797265
v -40.325867 0.906247 -4.810875
v -40.329475 0.901625 -4.824630
v -40.329475 0.901625 -4.824630
v -40.318768 0.915332 -4.783842
v -40.312763 0.918741 -4.758230
v -40.318768 0.915332 -4.783842
v -40.312763 0.918741 -4.758230
v -40.301743 0.920008 -4.708057
v -40.289032 0.915307 -4.646212
v -40.301743 0.920008 -4.708057
v -40.289032 0.915307 -4.646212
v -40.277954 0.900812 -4.585584
v -40.268738 0.876998 -4.527647
v -40.277954 0.900812 -4.585584
v -40.268738 0.876998 -4.527647
v -40.261585 0.844341 -4.473876
v -40.256653 0.803746 -4.425532
v -40.261585 0.844341 -4.473876
v -40.256653 0.803746 -4.425532
v -40.254082 0.756115 -4.383872
v -40.253933 0.702712 -4.349851
v -40.254082 0.756115 -4.383872
v -40.253933 0.702712 -4.349851
v -40.256264 0.644800 -4.324425
v -40.259918 0.592173 -4.308343
v -40.256264 0.644800 -4.324425
v -40.259918 0.592173 -4.308343
v -40.267796 0.523785 -4.301393
v -40.263756 0.554624 -4.302357
v -40.267796 0.523785 -4.301393
v -40.263756 0.554624 -4.302357
v -40.272049 0.491287 -4.300375
v -40.278301 0.451209 -4.303941
v -40.272049 0.491287 -4.300375
v -40.278301 0.451209 -4.303941
v -40.288315 0.397630 -4.316723
v -40.300903 0.339544 -4.338550
v -40.288315 0.397630 -4.316723
v -40.300903 0.339544 -4.338550
v -40.314869 0.285942 -4.369252
v -40.329800 0.238078 -4.407948
v -40.314869 0.285942 -4.369252
v -40.329800 0.238078 -4.407948
v -40.345264 0.197203 -4.453759
v -40.360924 0.164229 -4.505484
v -40.345264 0.197203 -4.453759
v -40.360924 0.164229 -4.505484
v -40.376431 0.140071 -4.561924
v -40.391365 0.125207 -4.621633
v -40.376431 0.140071 -4.561924
v -40.376431 0.140071 -4.561924
v -40.391365 0.125207 -4.621633
v -40.376431 0.140071 -4.561924
v -40.405308 0.120116 -4.683165
v -40.417980 0.124812 -4.744998
v -40.405308 0.120116 -4.683165
v -40.417980 0.124812 -4.744998
v -40.429096 0.139307 -4.805614
v -40.438416 0.163130 -4.863548
v -40.429096 0.139307 -4.805614
v -40.438416 0.163130 -4.863548
v -40.445686 0.195810 -4.917336
v -40.450680 0.236426 -4.965697
v -40.445686 0.195810 -4.917336
v -40.450680 0.236426 -4.965697
v -40.453190 0.284056 -5.007351
v -40.453217 0.337447 -5.041363
v -40.453190 0.284056 -5.007351
v -40.453217 0.337447 -5.041363
v -40.450764 0.395348 -5.066795
v -40.445953 0.456304 -5.083147
v -40.450764 0.395348 -5.066795
v -40.445953 0.456304 -5.083147
v -40.438904 0.518860 -5.089919
v -40.429779 0.581457 -5.087049
v -40.438904 0.518860 -5.089919
v -40.429779 0.581457 -5.087049
v -40.418743 0.642533 -5.074472
v -40.406109 0.700607 -5.052619
v -40.418743 0.642533 -5.074472
v -40.406109 0.700607 -5.052619
v -40.392185 0.754196 -5.021915
v -40.379322 0.797313 -4.989486
v -40.392185 0.754196 -5.021915
v -40.379322 0.797313 -4.989486
v -40.362045 0.842535 -4.937945
v -40.369858 0.823974 -4.962451
v -40.362045 0.842535 -4.937945
v -40.369858 0.823974 -4.962451
v -40.354122 0.861354 -4.913097
v -40.346962 0.877064 -4.889873
v -40.354122 0.861354 -4.913097
v -40.346962 0.877064 -4.889873
v -40.337029 0.891964 -4.853376
v -40.341457 0.886298 -4.870235
v -40.337029 0.891964 -4.853376
v -40.341457 0.886298 -4.870235
v -40.333115 0.896968 -4.838485
v -40.333115 0.896968 -4.838485
vn -0.968783 0.132062 0.209806
vn -0.913483 0.263697 0.309860
vn -0.922883 0.379808 0.063508
vn -0.979077 0.202115 -0.023608
vn -0.725740 0.631046 0.274012
vn -0.683193 0.710971 0.166635
vn -0.282925 0.927683 -0.243636
vn -0.484241 0.773637 -0.408653
vn -0.601595 0.624822 -0.497675
vn -0.748531 0.530437 -0.397916
vn -0.983957 0.174029 0.039277
vn -0.850564 0.451182 -0.270141
vn -0.982799 0.160839 0.090753
vn -0.968841 0.131880 0.209654
vn -0.968815 0.132014 0.209691
vn -0.881993 0.453462 -0.128300
vn -0.853853 0.425048 -0.300448
vn -0.972878 0.192340 0.128503
vn -0.968956 0.158558 0.189693
vn -0.886335 0.349790 -0.303409
vn -0.972444 0.147349 0.180668
vn -0.968883 0.131938 0.209425
vn -0.867727 0.273941 -0.414736
vn -0.980510 0.159176 0.115165
vn -0.897388 0.192919 -0.396834
vn -0.974337 0.137385 0.178306
vn -0.876572 0.084996 -0.473706
vn -0.985415 0.129288 0.110642
vn -0.904119 0.004974 -0.427252
vn -0.975686 0.127596 0.178200
vn -0.881415 -0.114157 -0.458340
vn -0.988216 0.100290 0.115633
vn -0.906965 -0.183230 -0.379264
vn -0.976274 0.118111 0.181489
vn -0.882536 -0.294091 -0.366934
vn -0.988803 0.072973 0.130165
vn -0.906137 -0.336636 -0.256110
vn -0.976013 0.108973 0.188475
vn -0.879522 -0.425600 -0.212851
vn -0.986879 0.050625 0.153321
vn -0.901039 -0.425486 -0.084201
vn -0.974978 0.102675 0.197171
vn -0.872307 -0.488348 -0.024436
vn -0.983012 0.037736 0.179623
vn -0.892011 -0.440609 0.100898
vn -0.973419 0.100232 0.205934
vn -0.861589 -0.478609 0.169109
vn -0.977470 0.034086 0.208305
vn -0.879270 -0.392141 0.270388
vn -0.971198 0.100946 0.215836
vn -0.848025 -0.406269 0.340293
vn -0.970417 0.040103 0.238083
vn -0.864275 -0.300044 0.403736
vn -0.968690 0.104572 0.225178
vn -0.833609 -0.292290 0.468682
vn -0.963269 0.054420 0.262967
vn -0.849514 -0.183891 0.494480
vn -0.966242 0.110970 0.232510
vn -0.820142 -0.156696 0.550285
vn -0.956233 0.076501 0.282429
vn -0.836500 -0.059701 0.544705
vn -0.964206 0.118915 0.236993
vn -0.811638 -0.029529 0.583414
vn -0.952930 0.096859 0.287303
vn -0.840257 0.020201 0.541811
vn -0.964110 0.124787 0.234350
vn -0.807937 -0.002733 0.589263
vn -0.944280 0.129914 0.302421
vn -0.648781 0.103355 0.753923
vn -0.811222 0.237009 0.534551
vn -0.831869 0.224342 0.507607
vn -0.962270 0.140679 0.232908
vn -0.799289 0.251891 0.545608
vn -0.944726 0.162948 0.284501
vn -0.817391 0.283651 0.501412
vn -0.960934 0.145001 0.235756
vn -0.796018 0.349614 0.494090
vn -0.943166 0.182759 0.277557
vn -0.818496 0.375079 0.435179
vn -0.961060 0.152877 0.230199
vn -0.798842 0.442465 0.407525
vn -0.944832 0.203507 0.256665
vn -0.823252 0.449598 0.346582
vn -0.961990 0.158955 0.222057
vn -0.805081 0.513518 0.296891
vn -0.948421 0.217113 0.230997
vn -0.831495 0.501855 0.238237
vn -0.963161 0.163448 0.213557
vn -0.818376 0.547979 0.173146
vn -0.953739 0.226390 0.197811
vn -0.870574 0.478693 0.113816
vn -0.966746 0.157282 0.201657
vn -0.080184 0.951026 -0.298531
vn -0.080188 0.951022 -0.298541
vn -0.152207 0.954095 -0.257947
vn -0.137902 0.945227 -0.295855
vn -0.080181 0.951018 -0.298556
vn -0.163584 0.960642 -0.224515
vn -0.266544 0.960354 -0.081699
vn -0.237414 0.956320 -0.170547
vn -0.194336 0.936330 -0.292437
vn -0.121438 0.869789 -0.478246
vn -0.109585 0.854429 -0.507881
vn -0.025504 0.822727 -0.567864
vn -0.063046 0.871892 -0.485623
vn -0.097223 0.836420 -0.539397
vn -0.009947 0.802950 -0.595964
vn 0.048643 0.788706 -0.612843
vn 0.036618 0.809044 -0.586606
vn -0.005572 0.872009 -0.489458
vn 0.021423 0.610794 -0.791499
vn 0.060301 0.517844 -0.853347
vn 0.121927 0.517656 -0.846857
vn 0.075019 0.629673 -0.773230
vn 0.106156 0.389285 -0.914980
vn 0.168137 0.386583 -0.906798
vn 0.214774 0.384047 -0.897987
vn 0.172378 0.512866 -0.840984
vn 0.127141 0.629057 -0.766891
vn 0.152584 0.234247 -0.960129
vn 0.212523 0.231926 -0.949233
vn 0.190450 0.080734 -0.978372
vn 0.248222 0.079962 -0.965397
vn 0.290465 0.079708 -0.953560
vn 0.256923 0.230134 -0.938631
vn 0.219724 -0.066738 -0.973277
vn 0.275565 -0.065708 -0.959034
vn 0.240949 -0.206564 -0.948301
vn 0.295231 -0.203269 -0.933553
vn 0.334304 -0.200183 -0.920960
vn 0.316035 -0.064408 -0.946559
vn 0.254649 -0.337641 -0.906174
vn 0.307844 -0.332203 -0.891557
vn 0.261271 -0.460026 -0.848595
vn 0.313940 -0.452502 -0.834676
vn 0.351639 -0.446161 -0.822977
vn 0.346011 -0.327453 -0.879233
vn 0.261055 -0.573450 -0.776534
vn 0.313732 -0.564093 -0.763787
vn 0.253986 -0.677533 -0.690247
vn 0.307258 -0.666627 -0.679118
vn 0.345444 -0.657514 -0.669585
vn 0.351444 -0.556269 -0.753029
vn 0.239828 -0.771524 -0.589265
vn 0.294197 -0.759508 -0.580168
vn 0.218119 -0.853581 -0.473100
vn 0.274074 -0.841204 -0.466111
vn 0.314641 -0.830494 -0.459653
vn 0.333371 -0.749339 -0.572150
vn 0.188269 -0.920987 -0.341084
vn 0.246191 -0.908947 -0.336460
vn 0.149912 -0.969453 -0.194135
vn 0.209960 -0.958775 -0.191486
vn 0.254441 -0.948556 -0.188418
vn 0.288589 -0.898129 -0.331785
vn 0.102850 -0.994126 -0.033706
vn 0.164986 -0.985748 -0.032856
vn 0.047976 -0.989679 0.135030
vn 0.111667 -0.984492 0.135300
vn 0.160638 -0.977649 0.135643
vn 0.211798 -0.976806 -0.031504
vn -0.013109 -0.952073 0.305592
vn 0.051411 -0.950616 0.306083
vn -0.013109 -0.952073 0.305592
vn -0.077167 -0.880466 0.467787
vn -0.013107 -0.882437 0.470247
vn 0.051411 -0.950616 0.306083
vn 0.038639 -0.881281 0.471010
vn 0.102218 -0.946554 0.305919
vn 0.102218 -0.946554 0.305919
vn -0.140838 -0.777544 0.612854
vn -0.078292 -0.782346 0.617903
vn -0.200276 -0.650692 0.732454
vn -0.140398 -0.656736 0.740936
vn -0.089506 -0.660035 0.745883
vn -0.026435 -0.783934 0.620281
vn -0.244022 -0.536706 0.807713
vn -0.195026 -0.518574 0.832494
vn -0.258298 -0.504632 0.823789
vn -0.239718 -0.383990 0.891676
vn -0.197291 -0.367779 0.908744
vn -0.147091 -0.518551 0.842300
vn -0.260086 -0.521844 0.812425
vn -0.274309 -0.268594 0.923370
vn -0.274515 -0.511284 0.814390
vn -0.304837 -0.156474 0.939463
vn -0.262523 -0.113889 0.958181
vn -0.233671 -0.236832 0.943032
vn -0.314028 -0.425040 0.848957
vn -0.330739 -0.030224 0.943238
vn -0.367266 -0.251991 0.895330
vn -0.341833 0.036700 0.939044
vn -0.296641 0.068253 0.952547
vn -0.287357 0.013040 0.957735
vn -0.423332 0.039301 0.905122
vn -0.437728 0.148296 0.886793
vn -0.374536 0.322337 0.869380
vn -0.366843 0.226505 0.902287
vn -0.447033 0.293788 0.844897
vn -0.378416 0.426586 0.821478
vn -0.333083 0.450208 0.828474
vn -0.328569 0.349558 0.877412
vn -0.320645 0.253642 0.912607
vn -0.444620 0.443487 0.778224
vn -0.375467 0.539222 0.753833
vn -0.434649 0.557272 0.707480
vn -0.366381 0.640618 0.674814
vn -0.326909 0.659187 0.677202
vn -0.332906 0.558927 0.759456
vn -0.423062 0.640677 0.640743
vn -0.352038 0.730856 0.584738
vn -0.414131 0.699277 0.582672
vn -0.333090 0.809538 0.483424
vn -0.296169 0.831027 0.470828
vn -0.314822 0.750400 0.581194
vn -0.404413 0.755220 0.515842
vn -0.308534 0.877416 0.367352
vn -0.388229 0.818029 0.424390
vn -0.276627 0.931997 0.234221
vn -0.236511 0.949744 0.205057
vn -0.270262 0.898730 0.345315
vn -0.376336 0.857311 0.351267
vn -0.246648 0.961691 0.119647
vn -0.380785 0.861571 0.335706
vn -0.226498 0.973026 0.043812
vn -0.174956 0.984472 -0.014320
vn -0.202675 0.975977 0.079948
vn -0.279030 0.958697 -0.055164
vn -0.245723 0.956587 -0.156723
vn -0.280208 0.958416 -0.054066
vn -0.242487 0.955404 -0.168531
vn -0.184339 0.925413 -0.331104
vn -0.194600 0.933391 -0.301515
vn -0.116942 0.858183 -0.499846
vn -0.046461 0.740516 -0.670431
vn -0.039783 0.737499 -0.674176
vn -0.128858 0.873223 -0.469977
vn -0.052880 0.750557 -0.658687
vn 0.032235 0.573713 -0.818422
vn 0.023374 0.596022 -0.802628
vn 0.053881 0.520969 -0.851873
vn 0.055088 0.519935 -0.852428
vn 0.093979 0.410096 -0.907188
vn 0.098291 0.399732 -0.911347
vn 0.142356 0.252772 -0.956996
vn 0.145735 0.243545 -0.958878
vn 0.181962 0.096279 -0.978581
vn 0.184518 0.088517 -0.978835
vn 0.212792 -0.055095 -0.975543
vn 0.214615 -0.060948 -0.974795
vn 0.235159 -0.198695 -0.951431
vn 0.236449 -0.202719 -0.950261
vn 0.249637 -0.333548 -0.909081
vn 0.250565 -0.335741 -0.908017
vn 0.256628 -0.459222 -0.850445
vn 0.257385 -0.459821 -0.849892
vn 0.256405 -0.575559 -0.776523
vn 0.257166 -0.574748 -0.776872
vn 0.248930 -0.682112 -0.687574
vn 0.249878 -0.680114 -0.689207
vn 0.233980 -0.777815 -0.583316
vn 0.235297 -0.774995 -0.586531
vn 0.211065 -0.860771 -0.463169
vn 0.212944 -0.857513 -0.468322
vn 0.179714 -0.927766 -0.327036
vn 0.182299 -0.924704 -0.334199
vn 0.139500 -0.974533 -0.175572
vn 0.142969 -0.972291 -0.184957
vn 0.090636 -0.995816 -0.011613
vn 0.094964 -0.995221 -0.022732
vn 0.034039 -0.986558 0.159828
vn 0.039204 -0.988306 0.147358
vn -0.027984 -0.943391 0.330501
vn -0.022356 -0.947840 0.317962
vn -0.027984 -0.943391 0.330501
vn -0.092334 -0.866234 0.491033
vn -0.086534 -0.873384 0.479284
vn -0.022356 -0.947840 0.317962
vn -0.155139 -0.759397 0.631860
vn -0.149719 -0.768434 0.622168
vn -0.213191 -0.630256 0.746544
vn -0.208381 -0.640406 0.739228
vn -0.234395 -0.575058 0.783816
vn -0.240829 -0.556000 0.795528
vn -0.179034 -0.706596 0.684594
vn -0.211851 -0.635556 0.742420
vn -0.070134 -0.883606 0.462948
vn -0.147712 -0.775587 0.613715
vn 0.013504 -0.963010 0.269126
vn -0.112678 -0.842763 0.526360
vn 0.039929 -0.980722 0.191287
vn -0.134429 -0.828819 0.543128
vn -0.106510 -0.876296 0.469852
vn -0.276866 -0.578191 0.767490
vn -0.370557 -0.317564 0.872835
vn -0.405253 -0.183779 0.895542
vn -0.429223 -0.023609 0.902890
vn -0.403720 -0.155561 0.901560
vn -0.442875 0.035721 0.895871
vn -0.451146 0.168536 0.876392
vn -0.458808 0.278890 0.843632
vn -0.455601 0.359881 0.814195
vn -0.455199 0.433204 0.777900
vn -0.448643 0.489821 0.747526
vn -0.449289 0.517691 0.728104
vn -0.440781 0.570547 0.692956
vn -0.448654 0.549771 0.704600
vn -0.437844 0.612296 0.658321
vn -0.449983 0.575980 0.682469
vn -0.436039 0.651564 0.620753
vn -0.446614 0.633829 0.631503
vn -0.428801 0.711795 0.556306
vn -0.441560 0.687603 0.576391
vn -0.421537 0.759602 0.495290
vn -0.440957 0.710506 0.548395
vn -0.423833 0.769969 0.476983
vn -0.368424 -0.302712 0.878994
vn -0.402502 -0.088051 0.911175
vn -0.305031 -0.521021 0.797178
vn -0.306572 0.135318 0.942180
vn -0.353965 0.108900 0.928897
vn -0.141291 0.887846 -0.437912
vn -0.147084 0.897761 -0.415200
vn -0.134097 0.879219 -0.457156
vn -0.123205 0.867249 -0.482389
vn -0.123014 0.867553 -0.481892
vn -0.059613 0.933458 -0.353698
vn -0.110463 0.923353 -0.367718
vn -0.938664 0.212610 0.271491
vn -0.927316 0.236884 0.289778
vn -0.828297 0.494557 0.263321
vn -0.788223 0.553630 0.268697
vn -0.080177 0.951021 -0.298549
vn -0.171951 0.965238 -0.196847
vn -0.080176 0.951023 -0.298540
vn -0.178781 0.969628 -0.166910
vn -0.338732 0.929546 0.145620
vn -0.294161 0.955747 0.004234
vn -0.365324 0.904737 0.219067
vn -0.311210 0.949306 0.044336
vn -0.367280 0.903104 0.222503
vn -0.313176 0.948496 0.047717
vn 0.072518 0.745290 -0.662785
vn 0.020268 0.747194 -0.664297
vn -0.973362 0.161443 0.162795
vn -0.968848 0.132048 0.209516
vn -0.894380 0.415246 -0.166298
vn -0.868879 0.447115 0.212453
vn -0.960235 0.175585 0.217069
vn -0.379072 0.875994 0.298226
vn -0.203286 0.977522 -0.055913
vn -0.130996 0.979591 -0.152452
vn -0.425133 0.783842 0.452608
vn -0.416365 0.806228 0.420281
vn 0.193526 0.916367 -0.350455
vn 0.183819 0.851995 -0.490219
vn -0.113304 0.850596 -0.513467
vn -0.069331 0.927894 -0.366340
vn 0.169684 0.767150 -0.618617
vn -0.154502 0.747960 -0.645512
vn -0.294143 0.667830 -0.683727
vn -0.274191 0.778498 -0.564589
vn -0.246248 0.870615 -0.425900
vn 0.151553 0.663863 -0.732337
vn -0.191373 0.624279 -0.757399
vn 0.129612 0.544296 -0.828820
vn -0.222696 0.485089 -0.845633
vn -0.310343 0.410539 -0.857406
vn -0.306158 0.543495 -0.781589
vn 0.104495 0.411309 -0.905486
vn -0.247783 0.336101 -0.908647
vn 0.076579 0.267961 -0.960382
vn -0.266207 0.182940 -0.946397
vn -0.297347 0.132208 -0.945572
vn -0.307243 0.272392 -0.911814
vn 0.046628 0.117714 -0.991952
vn -0.278071 0.029899 -0.960095
vn 0.015266 -0.035654 -0.999248
vn -0.283463 -0.119259 -0.951539
vn -0.258991 -0.147347 -0.954574
vn -0.281106 -0.008280 -0.959641
vn -0.016715 -0.188445 -0.981942
vn -0.282759 -0.262304 -0.922629
vn -0.048468 -0.336534 -0.940423
vn -0.276174 -0.397153 -0.875213
vn -0.198147 -0.416271 -0.887387
vn -0.231198 -0.283861 -0.930575
vn -0.079294 -0.476470 -0.875608
vn -0.263979 -0.522728 -0.810599
vn -0.108233 -0.604346 -0.789336
vn -0.246337 -0.637549 -0.729965
vn -0.117261 -0.660925 -0.741235
vn -0.159970 -0.542814 -0.824477
vn -0.134760 -0.717360 -0.683546
vn -0.223326 -0.740487 -0.633880
vn -0.157954 -0.812371 -0.561341
vn -0.195103 -0.829639 -0.523100
vn -0.020927 -0.857853 -0.513469
vn -0.070533 -0.767298 -0.637400
vn -0.177469 -0.887460 -0.425347
vn -0.161712 -0.902962 -0.398131
vn -0.192585 -0.940639 -0.279480
vn -0.123551 -0.957597 -0.260277
vn 0.080944 -0.973357 -0.214530
vn 0.030186 -0.927999 -0.371358
vn -0.203096 -0.970924 -0.126724
vn -0.081011 -0.990480 -0.111291
vn -0.208599 -0.977580 0.028704
vn -0.035134 -0.998344 0.045545
vn 0.172913 -0.977546 0.120439
vn 0.129178 -0.990437 -0.048461
vn -0.209005 -0.960504 0.183712
vn 0.012890 -0.978490 0.205891
vn -0.204281 -0.920102 0.334187
vn 0.061176 -0.929445 0.363853
vn 0.240074 -0.866052 0.438542
vn 0.210198 -0.935251 0.284821
vn -0.194453 -0.857102 0.477038
vn 0.107779 -0.851611 0.512973
vn -0.194453 -0.857102 0.477038
vn -0.179847 -0.772928 0.608471
vn 0.150589 -0.747644 0.646801
vn 0.107779 -0.851611 0.512973
vn 0.275702 -0.664436 0.694632
vn 0.261801 -0.774276 0.576157
vn 0.261801 -0.774276 0.576157
vn -0.160642 -0.669209 0.725502
vn 0.187858 -0.622182 0.759999
vn -0.137474 -0.548373 0.824856
vn 0.218393 -0.481013 0.849077
vn 0.281841 -0.409535 0.867667
vn 0.282097 -0.541582 0.791903
vn -0.110739 -0.413103 0.903926
vn 0.241524 -0.330383 0.912422
vn -0.081290 -0.266787 0.960321
vn 0.257293 -0.175686 0.950229
vn 0.264018 -0.131716 0.955482
vn 0.275585 -0.272103 0.921961
vn -0.049780 -0.113152 0.992330
vn 0.265937 -0.021697 0.963746
vn -0.017145 0.043781 0.998894
vn 0.268094 0.128409 0.954797
vn 0.226861 0.148943 0.962471
vn 0.247680 0.009159 0.968799
vn 0.015745 0.199617 0.979748
vn 0.264264 0.271889 0.925333
vn 0.048037 0.350324 0.935396
vn 0.255040 0.407223 0.876997
vn 0.172749 0.418189 0.891782
vn 0.201892 0.285808 0.936778
vn 0.078764 0.491563 0.867273
vn 0.240806 0.532741 0.811295
vn 0.107291 0.619971 0.777255
vn 0.221872 0.647374 0.729163
vn 0.102507 0.661021 0.743332
vn 0.139645 0.544044 0.827355
vn 0.132716 0.732002 0.668252
vn 0.198458 0.749471 0.631591
vn 0.154686 0.825375 0.542980
vn 0.170645 0.837465 0.519165
vn 0.017506 0.855650 0.517259
vn 0.061687 0.766103 0.639751
vn 0.172509 0.897782 0.405250
vn 0.138645 0.909038 0.392972
vn 0.186069 0.948036 0.258080
vn 0.102565 0.961702 0.254183
vn -0.077125 0.971683 0.223345
vn -0.029162 0.925584 0.377418
vn 0.194967 0.975109 0.105598
vn 0.062929 0.992467 0.105119
vn 0.199218 0.978721 -0.049174
vn 0.020277 0.998483 -0.051194
vn -0.170065 0.979528 -0.107715
vn -0.124769 0.990398 0.059544
vn 0.198719 0.958975 -0.202182
vn -0.024227 0.977368 -0.210153
vn -0.211198 0.938874 -0.271867
vn 0.987478 0.127525 -0.092867
vn 0.983414 0.161868 -0.081830
vn 0.999491 0.028411 -0.014496
vn 0.999944 0.008569 -0.006286
vn 0.987324 0.150913 -0.049164
vn 0.999944 0.010040 -0.003350
vn 1.000000 -0.000000 -0.000000
vn 0.987447 0.092664 -0.127911
vn 0.983530 0.127747 -0.127867
vn 0.999488 0.022562 -0.022669
vn 0.999943 0.006261 -0.008637
vn 0.987234 0.049011 -0.151551
vn 0.983360 0.081846 -0.162184
vn 0.999485 0.014475 -0.028655
vn 0.999943 0.003339 -0.010166
vn 0.986848 -0.000220 -0.161653
vn 0.982916 0.027508 -0.181987
vn 0.999481 0.004907 -0.031848
vn 0.999943 0.000066 -0.010717
vn 0.986305 -0.051165 -0.156795
vn 0.982211 -0.031225 -0.185167
vn 0.999477 -0.005227 -0.031913
vn 0.999943 -0.003219 -0.010228
vn 0.985634 -0.099424 -0.136532
vn 0.981280 -0.089547 -0.170503
vn 0.999474 -0.014862 -0.028826
vn 0.999943 -0.006201 -0.008738
vn 0.984875 -0.140268 -0.101720
vn 0.980174 -0.142072 -0.138110
vn 0.999471 -0.023102 -0.022879
vn 0.999943 -0.008578 -0.006390
vn 0.984095 -0.168987 -0.054775
vn 0.978983 -0.183072 -0.089874
vn 0.999470 -0.029061 -0.014664
vn 0.999943 -0.010098 -0.003414
vn 0.983379 -0.181566 0.000070
vn 0.977833 -0.207253 -0.029811
vn 0.999470 -0.032164 -0.005002
vn 0.999944 -0.010618 -0.000111
vn 0.982824 -0.175509 0.057034
vn 0.976867 -0.210808 0.035920
vn 0.999471 -0.032109 0.005129
vn 0.999944 -0.010078 0.003189
vn 0.982524 -0.150638 0.109340
vn 0.976226 -0.192423 0.099784
vn 0.999474 -0.028912 0.014719
vn 0.999945 -0.008545 0.006150
vn 0.982533 -0.109525 0.150445
vn 0.976003 -0.153814 0.154143
vn 0.999477 -0.022922 0.022829
vn 0.999945 -0.006180 0.008484
vn 0.982859 -0.057215 0.175258
vn 0.976233 -0.099443 0.192564
vn 0.999480 -0.014740 0.028669
vn 0.999945 -0.003209 0.009960
vn 0.983447 -0.000293 0.181195
vn 0.976886 -0.035749 0.210752
vn 0.999484 -0.005171 0.031695
vn 0.999946 0.000067 0.010443
vn 0.984202 0.054440 0.168472
vn 0.977871 0.029730 0.207086
vn 0.999488 0.004839 0.031629
vn 0.999946 0.003322 0.009896
vn 0.985017 0.101179 0.139660
vn 0.979051 0.089554 0.182865
vn 0.999491 0.014330 0.028498
vn 0.999945 0.006235 0.008380
vn 0.985794 0.135792 0.098852
vn 0.980270 0.137630 0.141875
vn 0.999493 0.022400 0.022611
vn 0.999945 0.008535 0.006050
vn 0.986465 0.155932 0.050723
vn 0.981396 0.169906 0.089410
vn 0.999495 0.028268 0.014536
vn 0.999945 0.010018 0.003126
vn 0.986982 0.160830 -0.000035
vn 0.982330 0.184545 0.031170
vn 0.999495 0.031381 0.005051
vn 0.999945 0.010537 -0.000108
vn 0.983010 0.181480 -0.027484
vn 0.999494 0.031432 -0.004952
vn 0.431997 0.850922 -0.298848
vn 0.459854 0.780183 -0.424086
vn 0.394962 0.797155 -0.456672
vn 0.376703 0.866054 -0.328702
vn 0.477232 0.696419 -0.535957
vn 0.404594 0.713898 -0.571536
vn 0.485051 0.601622 -0.634647
vn 0.406222 0.618355 -0.672771
vn 0.483917 0.497135 -0.720195
vn 0.400187 0.511954 -0.760101
vn 0.474114 0.383671 -0.792472
vn 0.386769 0.395743 -0.832945
vn 0.455579 0.261572 -0.850898
vn 0.365863 0.270503 -0.890490
vn 0.427970 0.131320 -0.894202
vn 0.337399 0.137094 -0.931326
vn 0.390656 -0.006615 -0.920513
vn 0.301023 -0.003349 -0.953611
vn 0.343058 -0.150544 -0.927172
vn 0.256602 -0.148938 -0.954973
vn 0.284574 -0.298218 -0.911089
vn 0.204093 -0.296795 -0.932877
vn 0.215455 -0.444949 -0.869252
vn 0.143991 -0.442711 -0.885028
vn 0.136528 -0.585158 -0.799344
vn 0.077485 -0.581140 -0.810107
vn 0.050478 -0.710918 -0.701461
vn 0.006522 -0.705633 -0.708548
vn -0.039300 -0.815088 -0.578002
vn -0.065996 -0.809661 -0.583175
vn -0.127897 -0.891165 -0.435278
vn -0.136971 -0.887916 -0.439140
vn -0.211192 -0.936291 -0.280636
vn -0.203080 -0.937257 -0.283386
vn -0.285326 -0.950507 -0.122988
vn -0.261912 -0.957196 -0.123198
vn -0.348466 -0.936804 0.031146
vn -0.311650 -0.949563 0.034715
vn -0.399645 -0.899572 0.176222
vn -0.351652 -0.917593 0.185375
vn -0.439245 -0.843270 0.309774
vn -0.381802 -0.865086 0.325350
vn -0.467898 -0.771997 0.430224
vn -0.402507 -0.795550 0.452867
vn -0.467898 -0.771997 0.430224
vn -0.486528 -0.688659 0.537623
vn -0.414305 -0.711932 0.567013
vn -0.402507 -0.795550 0.452867
vn -0.495861 -0.595438 0.632119
vn -0.417647 -0.616369 0.667578
vn -0.496410 -0.493510 0.714160
vn -0.412945 -0.510361 0.754326
vn -0.488359 -0.383495 0.783860
vn -0.400242 -0.394828 0.826993
vn -0.471581 -0.265655 0.840856
vn -0.379574 -0.270443 0.884751
vn -0.445608 -0.139940 0.884223
vn -0.350590 -0.137803 0.926335
vn -0.409807 -0.006852 0.912147
vn -0.313078 0.002094 0.949725
vn -0.363306 0.133012 0.922126
vn -0.266720 0.147588 0.952406
vn -0.305598 0.277247 0.910903
vn -0.211646 0.295800 0.931509
vn -0.236387 0.422604 0.874944
vn -0.148497 0.442412 0.884432
vn -0.156827 0.562922 0.811495
vn -0.078774 0.581601 0.809651
vn -0.068958 0.691362 0.719211
vn -0.005038 0.706564 0.707631
vn 0.022996 0.799429 0.600320
vn 0.069543 0.810625 0.581421
vn 0.114502 0.880736 0.459559
vn 0.141242 0.888487 0.436625
vn 0.200239 0.930970 0.305285
vn 0.206979 0.937319 0.280346
vn 0.276598 0.949904 0.145519
vn 0.264220 0.956959 0.120070
vn 0.340941 0.940014 -0.011557
vn 0.311777 0.949401 -0.037840
vn 0.392688 0.905483 -0.160926
vn 0.349164 0.917914 -0.188463
vn -0.279997 0.901863 -0.329007
vn -0.277144 0.945057 -0.173375
vn -0.276007 0.838288 -0.470205
vn -0.109758 0.905456 -0.410003
vn -0.149472 0.952026 -0.267030
vn -0.186442 0.975786 -0.114371
vn -0.267110 0.963639 -0.007193
vn -0.249632 0.954249 0.164597
vn -0.219371 0.974646 0.044056
vn -0.247095 0.947232 0.204194
vn -0.225254 0.915046 0.334592
vn -0.194718 0.846500 0.495502
vn -0.268489 0.893361 0.360306
vn -0.282592 0.813997 0.507495
vn -0.159554 0.751755 0.639849
vn -0.121236 0.635672 0.762380
vn -0.288985 0.712006 0.639949
vn -0.287365 0.590825 0.753888
vn -0.081424 0.504426 0.859607
vn -0.041436 0.363838 0.930540
vn -0.278199 0.455502 0.845650
vn -0.261876 0.310375 0.913832
vn -0.002265 0.219234 0.975670
vn 0.035349 0.074585 0.996588
vn -0.239413 0.160586 0.957546
vn -0.211596 0.009780 0.977308
vn 0.071096 -0.067065 0.995212
vn 0.104633 -0.203669 0.973433
vn -0.179488 -0.138133 0.974014
vn -0.143968 -0.280623 0.948959
vn 0.135943 -0.333768 0.932801
vn 0.164776 -0.456157 0.874511
vn -0.105849 -0.415119 0.903588
vn -0.065946 -0.539814 0.839197
vn 0.191036 -0.569824 0.799253
vn 0.214319 -0.673371 0.707558
vn -0.024810 -0.652825 0.757102
vn 0.016772 -0.752418 0.658473
vn 0.234192 -0.765324 0.599528
vn 0.249941 -0.843363 0.475676
vn 0.234192 -0.765324 0.599528
vn 0.058332 -0.836727 0.544504
vn 0.058332 -0.836727 0.544504
vn 0.098985 -0.903644 0.416688
vn 0.260647 -0.904914 0.336444
vn 0.265279 -0.946516 0.183671
vn 0.138081 -0.950993 0.276669
vn 0.174517 -0.976415 0.127115
vn 0.262600 -0.964702 0.019814
vn 0.251727 -0.956069 -0.150216
vn 0.207316 -0.977841 -0.029103
vn 0.235230 -0.953688 -0.187473
vn 0.231930 -0.918404 -0.320536
vn 0.203508 -0.851519 -0.483218
vn 0.257111 -0.903219 -0.343641
vn 0.271992 -0.827202 -0.491688
vn 0.167310 -0.757625 -0.630881
vn 0.125251 -0.641584 -0.756758
vn 0.279083 -0.727443 -0.626849
vn 0.278247 -0.607739 -0.743796
vn 0.079467 -0.509482 -0.856804
vn 0.032254 -0.368011 -0.929262
vn 0.269506 -0.472169 -0.839299
vn 0.253629 -0.326205 -0.910639
vn -0.014441 -0.222788 -0.974760
vn -0.059205 -0.078342 -0.995167
vn 0.231320 -0.174335 -0.957130
vn 0.203701 -0.021463 -0.978798
vn -0.100961 0.062427 -0.992930
vn -0.139201 0.197625 -0.970344
vn 0.171667 0.129039 -0.976668
vn 0.136156 0.273821 -0.952094
vn -0.173430 0.326205 -0.929254
vn -0.203517 0.447483 -0.870827
vn 0.097982 0.410692 -0.906494
vn 0.057761 0.537428 -0.841329
vn -0.229119 0.560672 -0.795708
vn -0.250040 0.664815 -0.703918
vn 0.016267 0.652266 -0.757815
vn -0.026027 0.753261 -0.657207
vn -0.265829 0.758116 -0.595479
vn -0.068240 0.838392 -0.540780
vn 0.071392 0.988786 -0.131169
vn 0.002594 0.999638 0.026782
vn 0.136931 0.948436 -0.285864
vn 0.143163 0.960690 -0.237862
vn 0.123022 0.990009 -0.068901
vn 0.098426 0.990463 0.096414
vn -0.066710 0.980982 0.182275
vn -0.133853 0.934484 0.329884
vn 0.070803 0.964129 0.255818
vn 0.041567 0.912434 0.407108
vn -0.196293 0.863323 0.464912
vn -0.252171 0.771536 0.584074
vn 0.011542 0.837332 0.546573
vn -0.018149 0.741907 0.670257
vn -0.300125 0.663393 0.685445
vn -0.339474 0.542699 0.768267
vn -0.046760 0.629065 0.775945
vn -0.073565 0.502399 0.861501
vn -0.369816 0.412835 0.832348
vn -0.391085 0.276292 0.877904
vn -0.098001 0.364837 0.925899
vn -0.119732 0.219711 0.968190
vn -0.403280 0.135395 0.905005
vn -0.406448 -0.008230 0.913637
vn -0.138293 0.069799 0.987929
vn -0.153561 -0.081843 0.984744
vn -0.400671 -0.152509 0.903440
vn -0.385944 -0.295662 0.873860
vn -0.165110 -0.232280 0.958533
vn -0.172861 -0.378412 0.909353
vn -0.362428 -0.434963 0.824289
vn -0.330216 -0.567618 0.754167
vn -0.176475 -0.516799 0.837720
vn -0.175860 -0.644106 0.744447
vn -0.289793 -0.689706 0.663570
vn -0.241723 -0.797248 0.553142
vn -0.170895 -0.756461 0.631317
vn -0.161551 -0.850589 0.500400
vn -0.187162 -0.885655 0.424953
vn -0.127516 -0.950871 0.282105
vn -0.187162 -0.885655 0.424953
vn -0.148113 -0.922928 0.355340
vn -0.148113 -0.922928 0.355340
vn -0.130720 -0.971103 0.199679
vn -0.064714 -0.989492 0.129299
vn -0.000869 -0.999606 -0.028053
vn -0.110096 -0.993168 0.038692
vn -0.086573 -0.988593 -0.123248
vn 0.061843 -0.980988 -0.183952
vn 0.121400 -0.935136 -0.332842
vn -0.061115 -0.957898 -0.280528
vn -0.034163 -0.902550 -0.429228
vn 0.176232 -0.864917 -0.469957
vn 0.225124 -0.774051 -0.591747
vn -0.006656 -0.825151 -0.564874
vn 0.020915 -0.728374 -0.684860
vn 0.267435 -0.666458 -0.695926
vn 0.302761 -0.545987 -0.781175
vn 0.047805 -0.615741 -0.786497
vn 0.073520 -0.490165 -0.868523
vn 0.331041 -0.415893 -0.847021
vn 0.352228 -0.279140 -0.893318
vn 0.097555 -0.355071 -0.929735
vn 0.119416 -0.213118 -0.969701
vn 0.366345 -0.137932 -0.920199
vn 0.373304 0.005509 -0.927693
vn 0.138807 -0.067253 -0.988033
vn 0.155226 0.080034 -0.984632
vn 0.372897 0.149500 -0.915750
vn 0.364823 0.291854 -0.884152
vn 0.168458 0.226083 -0.959431
vn 0.178021 0.368166 -0.912558
vn 0.348563 0.430739 -0.832447
vn 0.323526 0.563548 -0.760095
vn 0.184158 0.504802 -0.843363
vn 0.186681 0.634655 -0.749909
vn 0.289396 0.686019 -0.667554
vn 0.246891 0.792790 -0.557251
vn 0.183034 0.748556 -0.637308
vn 0.172348 0.836717 -0.519808
vn 0.196079 0.881396 -0.429761
vn 0.158632 0.906355 -0.391608
vn 0.128016 0.983000 0.131618
vn 0.070105 0.997118 -0.029021
vn 0.090670 0.995093 -0.039605
vn 0.156186 0.979913 0.124005
vn 0.000692 0.977426 -0.211278
vn 0.008624 0.972885 -0.231128
vn 0.071825 0.963519 -0.257823
vn 0.195148 0.978319 -0.069348
vn 0.288392 0.953318 0.089523
vn 0.223777 0.881636 0.415502
vn 0.178126 0.944211 0.277012
vn 0.210794 0.939893 0.268639
vn 0.259792 0.876033 0.406294
vn 0.361074 0.904448 0.227157
vn 0.422209 0.833282 0.356905
vn 0.297035 0.692519 0.657410
vn 0.263742 0.796990 0.543367
vn 0.301888 0.790232 0.533289
vn 0.336055 0.684947 0.646463
vn 0.470792 0.742887 0.475892
vn 0.506289 0.636483 0.581860
vn 0.340542 0.435984 0.833036
vn 0.322824 0.571132 0.754714
vn 0.361490 0.563198 0.743057
vn 0.377710 0.428167 0.820980
vn 0.528508 0.517052 0.673302
vn 0.537551 0.387271 0.749040
vn 0.350542 0.138726 0.926216
vn 0.349824 0.290656 0.890585
vn 0.384424 0.283414 0.878575
vn 0.381618 0.132358 0.914794
vn 0.533473 0.249679 0.808125
vn 0.516465 0.106486 0.849661
vn 0.326742 -0.170079 0.929684
vn 0.342763 -0.016052 0.939285
vn 0.369442 -0.021354 0.929008
vn 0.348247 -0.174348 0.921047
vn 0.486659 -0.039781 0.872686
vn 0.444267 -0.186707 0.876224
vn 0.271805 -0.461735 0.844348
vn 0.302900 -0.319774 0.897773
vn 0.302935 -0.355886 0.884068
vn 0.243720 -0.512705 0.823246
vn 0.342996 -0.422969 0.838720
vn 0.150969 -0.655104 0.740302
vn 0.190834 -0.709625 0.678244
vn 0.234166 -0.592708 0.770626
vn 0.197298 -0.614171 0.764112
vn 0.161907 -0.706306 0.689143
vn 0.032558 -0.664426 0.746645
vn 0.003415 -0.684577 0.728933
vn 0.091086 -0.890388 0.445997
vn 0.142770 -0.809701 0.569210
vn 0.121908 -0.807185 0.577573
vn 0.078717 -0.888549 0.451978
vn 0.005639 -0.793140 0.609013
vn 0.006503 -0.880927 0.473207
vn -0.018243 -0.985513 0.168619
vn 0.036970 -0.949567 0.311378
vn 0.033281 -0.948474 0.315102
vn -0.013266 -0.985293 0.170358
vn 0.036970 -0.949567 0.311378
vn 0.033281 -0.948474 0.315102
vn 0.006113 -0.945641 0.325155
vn 0.006113 -0.945641 0.325155
vn 0.004329 -0.985496 0.169645
vn -0.126469 -0.983779 -0.127220
vn -0.073205 -0.997093 0.021139
vn -0.059879 -0.997985 0.020997
vn -0.105334 -0.986022 -0.129099
vn 0.001277 -0.999942 0.010696
vn -0.003089 -0.989130 -0.147010
vn -0.222465 -0.883877 -0.411425
vn -0.176676 -0.945733 -0.272716
vn -0.148565 -0.949489 -0.276404
vn -0.188387 -0.889193 -0.416950
vn -0.008660 -0.953918 -0.299943
vn -0.015369 -0.895758 -0.444276
vn -0.296197 -0.695708 -0.654414
vn -0.262661 -0.799765 -0.539800
vn -0.223823 -0.806460 -0.547289
vn -0.253884 -0.703441 -0.663862
vn -0.023126 -0.816266 -0.577214
vn -0.031765 -0.717513 -0.695820
vn -0.340227 -0.439231 -0.831458
vn -0.322261 -0.574430 -0.752448
vn -0.277816 -0.582659 -0.763759
vn -0.294972 -0.447353 -0.844315
vn -0.041183 -0.601523 -0.797793
vn -0.051138 -0.470745 -0.880786
vn -0.350597 -0.141152 -0.925828
vn -0.349725 -0.293555 -0.889673
vn -0.304931 -0.300952 -0.903574
vn -0.307465 -0.147312 -0.940088
vn -0.061452 -0.327748 -0.942764
vn -0.071822 -0.175552 -0.981847
vn -0.326878 0.169039 -0.929826
vn -0.342897 0.014302 -0.939264
vn -0.302535 0.009701 -0.953089
vn -0.290323 0.166143 -0.942395
vn -0.081968 -0.017633 -0.996479
vn -0.091549 0.142196 -0.985596
vn -0.271710 0.462111 -0.844173
vn -0.302955 0.319480 -0.897859
vn -0.271157 0.318141 -0.908438
vn -0.245557 0.462089 -0.852159
vn -0.100179 0.299424 -0.948846
vn -0.107575 0.449690 -0.886683
vn -0.179742 0.737266 -0.651254
vn -0.231948 0.599857 -0.765749
vn -0.211120 0.600517 -0.771238
vn -0.163723 0.748134 -0.643032
vn -0.118814 0.588344 -0.799834
vn -0.105681 0.755604 -0.646448
vn -0.093764 0.891701 -0.442806
vn -0.126792 0.841692 -0.524860
vn -0.117773 0.853510 -0.507593
vn -0.095653 0.887374 -0.451018
vn -0.115436 0.859915 -0.497213
vn -0.096662 0.874460 -0.475370
vn -0.059685 0.930696 -0.360893
vn -0.064533 0.918939 -0.389084
vn -0.045930 0.906536 -0.419622
vn -0.911422 0.381440 0.154319
vn -0.906904 0.410491 0.094985
vn -0.965537 0.172206 0.195149
vn -0.967412 0.145577 0.207174
vn -0.929321 0.361211 0.076742
vn -0.968495 0.144170 0.203055
vn -0.968884 0.131924 0.209427
vn -0.928559 0.370885 0.014935
vn -0.968910 0.166075 0.183393
vn -0.949681 0.312982 0.012225
vn -0.969666 0.141405 0.199381
vn -0.951128 0.305507 -0.044967
vn -0.972121 0.156656 0.174473
vn -0.969195 0.244635 -0.028531
vn -0.970647 0.137942 0.197021
vn -0.971810 0.222782 -0.077155
vn -0.974826 0.145196 0.169213
vn -0.985166 0.166614 -0.041085
vn -0.971446 0.133798 0.195935
vn -0.987978 0.133499 -0.077960
vn -0.976954 0.132044 0.167708
vn -0.995439 0.091592 -0.026676
vn -0.971961 0.129821 0.196055
vn -0.997418 0.051974 -0.049554
vn -0.978071 0.120161 0.170112
vn -0.999565 0.027957 0.009435
vn -0.972131 0.126189 0.197577
vn -0.999889 -0.014708 0.002188
vn -0.978260 0.108565 0.176696
vn -0.997884 -0.020687 0.061644
vn -0.971962 0.122089 0.200960
vn -0.995758 -0.061097 0.068804
vn -0.977342 0.098523 0.187340
vn -0.991378 -0.050351 0.120972
vn -0.971542 0.119309 0.204624
vn -0.986778 -0.084248 0.138463
vn -0.975773 0.093326 0.197881
vn -0.981660 -0.061096 0.180585
vn -0.971017 0.118476 0.207581
vn -0.974340 -0.086838 0.207654
vn -0.973517 0.091744 0.209398
vn -0.969319 -0.055094 0.239551
vn -0.970111 0.118713 0.211639
vn -0.959239 -0.070749 0.273596
vn -0.970396 0.094042 0.222460
vn -0.955463 -0.034093 0.293137
vn -0.969025 0.120074 0.215810
vn -0.943111 -0.038802 0.330208
vn -0.967303 0.099750 0.233183
vn -0.941077 0.000435 0.338192
vn -0.967939 0.122688 0.219183
vn -0.926399 0.007872 0.376462
vn -0.964073 0.109115 0.242193
vn -0.927010 0.045695 0.372243
vn -0.967030 0.125712 0.221472
vn -0.910626 0.065201 0.408056
vn -0.961608 0.119380 0.247101
vn -0.913969 0.100813 0.393062
vn -0.966243 0.129836 0.222523
vn -0.895793 0.133944 0.423809
vn -0.959289 0.133215 0.249034
vn -0.902751 0.161948 0.398514
vn -0.965626 0.134025 0.222720
vn -0.884021 0.205795 0.419708
vn -0.958137 0.144494 0.247175
vn -0.894744 0.224616 0.385982
vn -0.965436 0.137176 0.221624
vn -0.876117 0.279259 0.392980
vn -0.957872 0.155725 0.241310
vn -0.890663 0.286119 0.353349
vn -0.965535 0.140878 0.218852
vn -0.873607 0.346188 0.342001
vn -0.958612 0.165682 0.231545
vn -0.891695 0.338402 0.300608
vn -0.965991 0.144023 0.214752
vn -0.877847 0.395972 0.269426
vn -0.960328 0.172139 0.219405
vn -0.898580 0.372480 0.231975
vn -0.966628 0.145558 0.210815
vn -0.889224 0.418908 0.183839
vn -0.962596 0.174201 0.207517
vn 0.254077 0.941628 -0.220867
vn 0.124789 0.923311 -0.363214
vn 0.531978 0.755145 -0.383088
vn 0.558476 0.790937 -0.250047
vn 0.007424 0.879747 -0.475385
vn 0.497020 0.704001 -0.507301
vn 0.634085 0.594572 -0.494389
vn 0.649076 0.655461 -0.386097
vn 0.654020 0.708007 -0.266427
vn -0.106695 0.813479 -0.571723
vn 0.453250 0.637270 -0.623258
vn -0.233537 0.712991 -0.661139
vn 0.399923 0.555477 -0.729045
vn 0.577047 0.449643 -0.681790
vn 0.609990 0.525961 -0.592686
vn -0.357855 0.584456 -0.728253
vn 0.336686 0.459148 -0.822086
vn -0.466679 0.438584 -0.768021
vn 0.264070 0.348200 -0.899458
vn 0.482589 0.271176 -0.832809
vn 0.534903 0.365057 -0.761979
vn -0.549488 0.295800 -0.781387
vn 0.182201 0.224679 -0.957247
vn -0.602851 0.183152 -0.776547
vn 0.092318 0.093424 -0.991337
vn 0.342069 0.051955 -0.938238
vn 0.418874 0.167143 -0.892529
vn -0.647623 0.076375 -0.758123
vn -0.006240 -0.044131 -0.999006
vn -0.691843 -0.054667 -0.719976
vn -0.113094 -0.188195 -0.975599
vn 0.145300 -0.208643 -0.967138
vn 0.251086 -0.073860 -0.965143
vn -0.722816 -0.189284 -0.664611
vn -0.220471 -0.329779 -0.917953
vn -0.737869 -0.308124 -0.600508
vn -0.321117 -0.459333 -0.828189
vn -0.100057 -0.481466 -0.870735
vn 0.026810 -0.347066 -0.937458
vn -0.740545 -0.416527 -0.527350
vn -0.409258 -0.570311 -0.712217
vn -0.731332 -0.518218 -0.443401
vn -0.482228 -0.659729 -0.576379
vn -0.344370 -0.695877 -0.630210
vn -0.226674 -0.600726 -0.766647
vn -0.711319 -0.607168 -0.354079
vn -0.537166 -0.725112 -0.430890
vn -0.683771 -0.680268 -0.263996
vn -0.575366 -0.767603 -0.282382
vn -0.522875 -0.794687 -0.308339
vn -0.444410 -0.760552 -0.473351
vn -0.642224 -0.750217 -0.157233
vn -0.597490 -0.790432 -0.134990
vn -0.575242 -0.817669 -0.022657
vn -0.604463 -0.796563 0.010583
vn -0.615847 -0.787834 0.007058
vn -0.579181 -0.801957 -0.146335
vn -0.485052 -0.865822 0.122790
vn -0.597460 -0.787732 0.150068
vn -0.378242 -0.886704 0.265874
vn -0.578241 -0.765371 0.282568
vn -0.642119 -0.714787 0.277061
vn -0.635817 -0.757471 0.148240
vn -0.259278 -0.878157 0.402014
vn -0.548444 -0.730181 0.407487
vn -0.125478 -0.836982 0.532650
vn -0.508270 -0.681866 0.526042
vn -0.622267 -0.602354 0.499954
vn -0.637077 -0.662596 0.393826
vn 0.000624 -0.770882 0.636978
vn -0.459281 -0.620802 0.635347
vn 0.099646 -0.699423 0.707728
vn -0.402434 -0.547504 0.733680
vn -0.566202 -0.459850 0.684071
vn -0.598572 -0.534789 0.596416
vn 0.203954 -0.605301 0.769424
vn -0.336007 -0.460702 0.821494
vn 0.324876 -0.469251 0.821133
vn -0.258892 -0.359429 0.896541
vn -0.473737 -0.285600 0.833070
vn -0.524848 -0.377046 0.763132
vn 0.324876 -0.469251 0.821133
vn 0.428136 -0.321213 0.844702
vn -0.174322 -0.244349 0.953890
vn -0.258892 -0.359429 0.896541
vn 0.506947 -0.179878 0.843000
vn -0.083576 -0.117133 0.989593
vn -0.336545 -0.072236 0.938893
vn -0.411428 -0.184201 0.892635
vn -0.473737 -0.285600 0.833070
vn 0.568493 -0.042201 0.821605
vn 0.012497 0.019082 0.999740
vn 0.614200 0.091949 0.783775
vn 0.110906 0.159109 0.981012
vn -0.144461 0.181999 0.972629
vn -0.247586 0.050556 0.967546
vn 0.644823 0.220534 0.731825
vn 0.208317 0.297787 0.931626
vn 0.661099 0.342567 0.667529
vn 0.299690 0.427976 0.852656
vn 0.097727 0.452776 0.886252
vn -0.027806 0.318734 0.947436
vn 0.663593 0.457404 0.591967
vn 0.381782 0.544242 0.747023
vn 0.652380 0.564411 0.505808
vn 0.450523 0.641293 0.621106
vn 0.344145 0.673141 0.654557
vn 0.225084 0.574505 0.786944
vn 0.627167 0.662704 0.409249
vn 0.504859 0.717063 0.480560
vn 0.587353 0.750572 0.302752
vn 0.543516 0.770533 0.332970
vn 0.528385 0.780992 0.332957
vn 0.447082 0.742562 0.498718
vn 0.531942 0.826002 0.186439
vn 0.567406 0.802930 0.182632
vn 0.460279 0.885628 0.061692
vn 0.577209 0.815872 0.034382
vn 0.626006 0.779743 0.010830
vn 0.587465 0.791682 0.167702
vn 0.369232 0.926433 -0.073413
vn 0.573983 0.811377 -0.110504
vn 0.647191 0.750379 -0.134444
vn 0.170374 0.949482 -0.263548
vn 0.027148 0.915582 -0.401215
vn 0.056413 0.922003 -0.383051
vn 0.200459 0.949783 -0.240267
vn -0.056932 0.879305 -0.472845
vn -0.047518 0.879979 -0.472629
vn 0.341903 -0.516162 0.785289
vn 0.466053 -0.342724 0.815681
vn 0.463884 -0.333837 0.820588
vn 0.346791 -0.500885 0.793001
vn 0.547726 -0.194320 0.813779
vn 0.542970 -0.188583 0.818304
vn 0.606298 -0.056258 0.793245
vn 0.601292 -0.051454 0.797371
vn 0.648259 0.078157 0.757398
vn 0.643349 0.082097 0.761159
vn 0.674709 0.207671 0.708265
vn 0.670137 0.210609 0.711730
vn 0.686420 0.331482 0.647261
vn 0.682438 0.333316 0.650521
vn 0.683793 0.449127 0.575076
vn 0.680679 0.449754 0.578271
vn 0.666657 0.559983 0.491923
vn 0.664739 0.559324 0.495257
vn 0.634388 0.662818 0.397774
vn 0.634046 0.660932 0.401440
vn 0.585942 0.755695 0.292569
vn 0.587666 0.752666 0.296889
vn 0.520223 0.835539 0.176755
vn 0.524451 0.831797 0.181839
vn 0.436301 0.898326 0.051510
vn 0.443541 0.894406 0.057538
vn 0.324009 0.941469 -0.093024
vn 0.338727 0.937359 -0.081381
vn 0.133822 -0.723250 0.677497
vn 0.205665 -0.661372 0.721310
vn 0.215651 -0.643632 0.734325
vn 0.131774 -0.716592 0.684932
vn 0.341903 -0.516162 0.785289
vn 0.346791 -0.500885 0.793001
vn -0.061029 -0.839573 0.539807
vn 0.070487 -0.768102 0.636437
vn 0.048441 -0.775408 0.629600
vn -0.084677 -0.844859 0.528246
vn -0.346057 -0.898501 0.270074
vn -0.212746 -0.888350 0.406906
vn -0.230187 -0.888537 0.396884
vn -0.359985 -0.896008 0.259963
vn -0.590486 -0.805332 -0.052601
vn -0.474014 -0.872788 0.116413
vn -0.480866 -0.869730 0.111074
vn -0.586133 -0.808973 -0.044845
vn -0.708793 -0.643955 -0.287984
vn -0.671384 -0.713353 -0.200927
vn -0.660896 -0.727878 -0.182784
vn -0.701381 -0.656997 -0.276441
vn -0.754056 -0.499198 -0.426849
vn -0.731769 -0.584201 -0.351032
vn -0.727798 -0.589815 -0.349897
vn -0.750367 -0.502391 -0.429597
vn -0.769753 -0.287259 -0.570055
vn -0.767836 -0.396228 -0.503420
vn -0.763392 -0.400039 -0.507151
vn -0.764644 -0.292128 -0.574440
vn -0.726825 -0.010735 -0.686739
vn -0.758507 -0.163145 -0.630912
vn -0.753433 -0.172117 -0.634598
vn -0.724474 -0.030306 -0.688635
vn -0.652381 0.198789 -0.731356
vn -0.682063 0.126112 -0.720338
vn -0.682014 0.102778 -0.724081
vn -0.646020 0.191951 -0.738792
vn -0.533478 0.428914 -0.728995
vn -0.616676 0.278370 -0.736357
vn -0.605610 0.281884 -0.744163
vn -0.527721 0.423124 -0.736530
vn -0.270572 0.736889 -0.619504
vn -0.411288 0.595329 -0.690236
vn -0.413673 0.581003 -0.700935
vn -0.282061 0.718133 -0.636181
vn -0.139139 0.833516 -0.534688
vn -0.148190 0.821995 -0.549877
vn -0.123932 0.868463 -0.480013
vn -0.129199 0.874464 -0.467568
vn 0.487818 0.778164 -0.395594
vn 0.459688 0.845968 -0.270231
vn 0.505777 0.696825 -0.508552
vn 0.487818 0.778164 -0.395594
vn 0.505777 0.696825 -0.508552
vn 0.459688 0.845968 -0.270231
vn 0.514620 0.603156 -0.609400
vn 0.514449 0.498759 -0.697555
vn 0.514620 0.603156 -0.609400
vn 0.514449 0.498759 -0.697555
vn 0.505664 0.384292 -0.772414
vn 0.487820 0.260108 -0.833292
vn 0.505664 0.384292 -0.772414
vn 0.487820 0.260108 -0.833292
vn 0.460899 0.127497 -0.878246
vn 0.423836 -0.013492 -0.905638
vn 0.460899 0.127497 -0.878246
vn 0.423836 -0.013492 -0.905638
vn 0.376814 -0.159457 -0.912461
vn 0.318575 -0.309239 -0.896037
vn 0.376814 -0.159457 -0.912461
vn 0.318575 -0.309239 -0.896037
vn 0.250719 -0.455898 -0.853989
vn 0.172873 -0.595974 -0.784175
vn 0.250719 -0.455898 -0.853989
vn 0.172873 -0.595974 -0.784175
vn 0.089391 -0.719804 -0.688398
vn 0.001503 -0.823200 -0.567750
vn 0.089391 -0.719804 -0.688398
vn 0.001503 -0.823200 -0.567750
vn -0.084311 -0.898731 -0.430319
vn -0.166582 -0.945411 -0.280085
vn -0.084311 -0.898731 -0.430319
vn -0.166582 -0.945411 -0.280085
vn -0.239748 -0.962409 -0.127630
vn -0.303959 -0.952380 0.024106
vn -0.239748 -0.962409 -0.127630
vn -0.303959 -0.952380 0.024106
vn -0.356348 -0.919233 0.167413
vn -0.398402 -0.866053 0.302039
vn -0.356348 -0.919233 0.167413
vn -0.398402 -0.866053 0.302039
vn -0.429170 -0.797341 0.424336
vn -0.450214 -0.714763 0.535183
vn -0.429170 -0.797341 0.424336
vn -0.429170 -0.797341 0.424336
vn -0.450214 -0.714763 0.535183
vn -0.429170 -0.797341 0.424336
vn -0.461177 -0.621266 0.633518
vn -0.463059 -0.517460 0.719591
vn -0.461177 -0.621266 0.633518
vn -0.463059 -0.517460 0.719591
vn -0.455253 -0.404366 0.793242
vn -0.438230 -0.282718 0.853244
vn -0.455253 -0.404366 0.793242
vn -0.438230 -0.282718 0.853244
vn -0.410744 -0.152079 0.898978
vn -0.373188 -0.014747 0.927639
vn -0.410744 -0.152079 0.898978
vn -0.373188 -0.014747 0.927639
vn -0.323775 0.129876 0.937178
vn -0.263794 0.276418 0.924124
vn -0.323775 0.129876 0.937178
vn -0.263794 0.276418 0.924124
vn -0.191842 0.423554 0.885324
vn -0.111605 0.562102 0.819503
vn -0.191842 0.423554 0.885324
vn -0.111605 0.562102 0.819503
vn -0.023514 0.688124 0.725212
vn 0.065921 0.791733 0.607300
vn -0.023514 0.688124 0.725212
vn 0.065921 0.791733 0.607300
vn 0.154694 0.869736 0.468646
vn 0.236224 0.917696 0.319424
vn 0.154694 0.869736 0.468646
vn 0.236224 0.917696 0.319424
vn 0.309458 0.936634 0.164170
vn 0.370834 0.928619 0.012187
vn 0.309458 0.936634 0.164170
vn 0.370834 0.928619 0.012187
vn 0.421181 0.896980 -0.134287
vn 0.421181 0.896980 -0.134287
vn -0.876508 0.461321 -0.137537
vn -0.771364 0.582591 -0.256097
vn -0.506683 0.780766 0.365619
vn -0.535040 0.679966 0.501376
vn -0.652857 0.675001 -0.343731
vn -0.426334 0.895230 0.129623
vn -0.358893 0.933092 -0.023146
vn -0.316055 0.941241 -0.119055
vn -0.546933 0.744888 -0.382108
vn -0.444248 0.792548 -0.417746
vn -0.264951 0.935147 -0.235162
vn -0.190994 0.902905 -0.385077
vn -0.335226 0.822601 -0.459294
vn -0.212131 0.843587 -0.493318
vn -0.131041 0.865972 -0.482618
vn -0.119547 0.864020 -0.489057
vn -0.120352 0.854063 -0.506056
vn -0.096662 0.874460 -0.475370
vn -0.122473 0.869250 -0.478963
vn -0.114000 0.852708 -0.509798
vn -0.115436 0.859915 -0.497213
vn -0.105681 0.755604 -0.646448
vn -0.049458 0.743828 -0.666538
vn -0.006802 0.624371 -0.781099
vn -0.118814 0.588344 -0.799834
vn 0.011285 0.542119 -0.840226
vn -0.107575 0.449690 -0.886683
vn 0.051442 0.422143 -0.905069
vn -0.100179 0.299424 -0.948846
vn 0.093365 0.265508 -0.959577
vn -0.091549 0.142196 -0.985596
vn 0.128741 0.107585 -0.985825
vn -0.081968 -0.017633 -0.996479
vn 0.157172 -0.047059 -0.986449
vn -0.071822 -0.175552 -0.981847
vn 0.178557 -0.195028 -0.964407
vn -0.061452 -0.327748 -0.942764
vn 0.193080 -0.334650 -0.922350
vn -0.051138 -0.470745 -0.880786
vn 0.200981 -0.464793 -0.862307
vn -0.041183 -0.601523 -0.797793
vn 0.202371 -0.584746 -0.785569
vn -0.031765 -0.717513 -0.695820
vn 0.197306 -0.693644 -0.692769
vn -0.023126 -0.816266 -0.577214
vn 0.185639 -0.790086 -0.584211
vn -0.015369 -0.895758 -0.444276
vn 0.167163 -0.872088 -0.459912
vn -0.008660 -0.953918 -0.299943
vn 0.141705 -0.936562 -0.320581
vn -0.003089 -0.989130 -0.147010
vn 0.109145 -0.979825 -0.167426
vn 0.001277 -0.999942 0.010696
vn 0.069963 -0.997542 -0.003852
vn 0.004329 -0.985496 0.169645
vn 0.024907 -0.985902 0.165463
vn 0.006113 -0.945641 0.325155
vn -0.024109 -0.942628 0.332974
vn 0.006113 -0.945641 0.325155
vn 0.006503 -0.880927 0.473207
vn -0.075088 -0.867936 0.490967
vn -0.024109 -0.942628 0.332974
vn 0.005639 -0.793140 0.609013
vn -0.125179 -0.765542 0.631091
vn 0.003415 -0.684577 0.728933
vn -0.172330 -0.641195 0.747778
vn 0.032558 -0.664426 0.746645
vn -0.171143 -0.626420 0.760466
vn 0.150969 -0.655104 0.740302
vn -0.097088 -0.781249 0.616623
vn 0.078939 -0.836755 0.541858
vn -0.007160 -0.906506 0.422132
vn 0.122087 -0.863886 0.488666
vn 0.085983 -0.969600 0.229091
vn 0.114203 -0.872347 0.475361
vn 0.109497 -0.982271 0.152162
vn -0.009640 -0.880065 0.474756
vn -0.021123 -0.950364 0.310422
vn -0.255380 -0.729423 0.634605
vn -0.369939 -0.517091 0.771856
vn -0.200214 -0.851512 0.484604
vn -0.351689 -0.799802 0.486447
vn -0.482794 -0.739828 0.468576
vn -0.427173 -0.383289 0.818910
vn -0.650041 -0.632696 0.420883
vn -0.500092 -0.157117 0.851600
vn -0.828153 -0.446261 0.339137
vn -0.551293 0.133048 0.823635
vn -0.919336 -0.290727 0.265142
vn -0.562974 0.318403 0.762680
vn -0.959767 -0.174845 0.219722
vn -0.558842 0.420919 0.714509
vn -0.982290 -0.064847 0.175789
vn -0.556355 0.461964 0.690694
vn -0.992643 0.041704 0.113673
vn -0.556979 0.493794 0.667789
vn -0.983608 0.177589 0.031249
vn -0.552416 0.563461 0.614287
vn -0.944036 0.325691 -0.052166
vn -0.542811 0.633734 0.551124
vn -0.002465 0.908814 -0.417194
vn 0.140881 0.952119 -0.271334
vn -0.072654 0.872627 -0.482953
vn -0.120352 0.854063 -0.506056
vn -0.127494 0.845103 -0.519178
vn -0.212131 0.843587 -0.493318
vn -0.251700 0.771563 -0.584242
vn -0.335226 0.822601 -0.459294
vn -0.396882 0.653496 -0.644537
vn -0.444248 0.792548 -0.417746
vn -0.527198 0.512096 -0.678100
vn -0.546933 0.744888 -0.382108
vn -0.627525 0.362492 -0.689066
vn -0.652857 0.675001 -0.343731
vn -0.674368 0.269014 -0.687648
vn -0.771364 0.582591 -0.256097
vn -0.710419 0.201144 -0.674423
vn -0.876508 0.461321 -0.137537
vn -0.769499 0.063773 -0.635456
vn -0.944036 0.325691 -0.052166
vn -0.810897 -0.101824 -0.576262
vn -0.983608 0.177589 0.031249
vn -0.825460 -0.238231 -0.511724
vn -0.992643 0.041704 0.113673
vn -0.824609 -0.354735 -0.440663
vn -0.982290 -0.064847 0.175789
vn -0.809702 -0.461473 -0.362525
vn -0.959767 -0.174845 0.219722
vn -0.783694 -0.548905 -0.290735
vn -0.919336 -0.290727 0.265142
vn -0.758061 -0.608829 -0.233818
vn -0.828153 -0.446261 0.339137
vn -0.712919 -0.685891 -0.145947
vn -0.650041 -0.632696 0.420883
vn -0.611526 -0.791127 0.012430
vn -0.482794 -0.739828 0.468576
vn -0.475969 -0.860618 0.181082
vn -0.351689 -0.799802 0.486447
vn -0.340064 -0.885368 0.316988
vn -0.200214 -0.851512 0.484604
vn -0.201908 -0.878675 0.432623
vn -0.009640 -0.880065 0.474756
vn -0.040907 -0.835188 0.548442
vn 0.114203 -0.872347 0.475361
vn 0.087242 -0.776038 0.624623
vn 0.122087 -0.863886 0.488666
vn 0.130963 -0.749973 0.648374
vn 0.078939 -0.836755 0.541858
vn 0.175760 -0.712794 0.678995
vn 0.150969 -0.655104 0.740302
vn 0.278837 -0.604576 0.746149
vn 0.430752 -0.383347 0.817006
vn 0.278837 -0.604576 0.746149
vn 0.527633 -0.194233 0.826969
vn 0.584141 -0.054140 0.809844
vn 0.624706 0.082911 0.776446
vn 0.650101 0.215477 0.728655
vn 0.660877 0.342390 0.667841
vn 0.657257 0.462878 0.594774
vn 0.639077 0.575923 0.509797
vn 0.605766 0.679987 0.413117
vn 0.556504 0.772875 0.304906
vn 0.490565 0.851320 0.186013
vn 0.407517 0.911357 0.057958
vn 0.295582 0.950886 -0.091904
vn -0.003960 0.930857 -0.365363
vn 0.035036 0.975903 -0.215375
vn -0.029714 0.882015 -0.470284
vn -0.055153 0.816828 -0.574238
vn -0.090591 0.710687 -0.697652
vn -0.126113 0.579826 -0.804921
vn -0.155410 0.443607 -0.882644
vn -0.180015 0.300554 -0.936623
vn -0.200474 0.150333 -0.968096
vn -0.216316 -0.003522 -0.976317
vn -0.227129 -0.157459 -0.961051
vn -0.232585 -0.307923 -0.922544
vn -0.232453 -0.451244 -0.861594
vn -0.226597 -0.584053 -0.779446
vn -0.215045 -0.702869 -0.678034
vn -0.197920 -0.804788 -0.559592
vn -0.175578 -0.886964 -0.427163
vn -0.148450 -0.947315 -0.283824
vn -0.117240 -0.984094 -0.133470
vn -0.082677 -0.996369 0.020318
vn -0.045740 -0.983805 0.173311
vn -0.007363 -0.946753 0.321878
vn 0.031342 -0.886309 0.462033
vn -0.007363 -0.946753 0.321878
vn 0.069373 -0.803998 0.590572
vn 0.105662 -0.702080 0.704215
vn 0.139279 -0.582992 0.800451
vn 0.169327 -0.449786 0.876939
vn 0.195048 -0.305551 0.931984
vn 0.215799 -0.153815 0.964247
vn 0.231075 0.001877 0.972934
vn 0.240521 0.157786 0.957733
vn 0.243930 0.310099 0.918878
vn 0.241258 0.455097 0.857135
vn 0.232635 0.589006 0.773921
vn 0.218318 0.708482 0.671111
vn 0.198767 0.810252 0.551348
vn 0.174503 0.891768 0.417491
vn 0.146256 0.950776 0.273192
vn 0.114728 0.985882 0.121963
vn 0.078269 0.996119 -0.040264
vn -0.200686 0.976934 0.072980
vn -0.234031 0.952380 0.195452
vn -0.172790 0.984726 -0.021417
vn -0.170180 0.984958 -0.029944
vn -0.198447 0.977943 0.065164
vn -0.231328 0.955110 0.185075
vn -0.268633 0.901973 0.338055
vn -0.295179 0.834327 0.465583
vn -0.266858 0.905399 0.330213
vn -0.294107 0.837820 0.459955
vn -0.314331 0.753154 0.577889
vn -0.326730 0.661068 0.675453
vn -0.313796 0.756091 0.574333
vn -0.326536 0.663081 0.673571
vn -0.332886 0.559593 0.758974
vn -0.333065 0.449435 0.828900
vn -0.332863 0.560327 0.758443
vn -0.333046 0.448638 0.829340
vn -0.328459 0.347873 0.878123
vn -0.320334 0.250536 0.913574
vn -0.328340 0.346065 0.878881
vn -0.319991 0.247148 0.914617
vn -0.305383 0.126753 0.943756
vn -0.306007 0.131228 0.942942
vn -0.296685 0.068535 0.952513
vn -0.296664 0.068392 0.952530
vn -0.286463 0.007983 0.958058
vn -0.260878 -0.121504 0.957695
vn -0.285503 0.002598 0.958374
vn -0.259148 -0.129411 0.957129
vn -0.231701 -0.244515 0.941556
vn -0.193961 -0.378732 0.904954
vn -0.229586 -0.252683 0.939916
vn -0.190314 -0.390573 0.900685
vn -0.142861 -0.529991 0.835883
vn -0.084444 -0.671105 0.736537
vn -0.138224 -0.542323 0.828722
vn -0.078896 -0.683013 0.726133
vn -0.021002 -0.793223 0.608568
vn 0.044118 -0.888093 0.457541
vn -0.015055 -0.803156 0.595578
vn 0.050123 -0.895308 0.442619
vn 0.107166 -0.950323 0.292234
vn 0.164830 -0.978666 0.122657
vn 0.107166 -0.950323 0.292234
vn 0.112583 -0.954221 0.277106
vn 0.112583 -0.954221 0.277106
vn 0.169418 -0.979576 0.108301
vn 0.215000 -0.975683 -0.042636
vn 0.256769 -0.946059 -0.197591
vn 0.218510 -0.974286 -0.054962
vn 0.259334 -0.943169 -0.207793
vn 0.290118 -0.895036 -0.338736
vn 0.315572 -0.827332 -0.464690
vn 0.291808 -0.891515 -0.346480
vn 0.316597 -0.823761 -0.470302
vn 0.333835 -0.746679 -0.575347
vn 0.345612 -0.655695 -0.671280
vn 0.334345 -0.743692 -0.578910
vn 0.345797 -0.653651 -0.673175
vn 0.351464 -0.555613 -0.753504
vn 0.351655 -0.446871 -0.822585
vn 0.351486 -0.554873 -0.754039
vn 0.351673 -0.447659 -0.822148
vn 0.346165 -0.329654 -0.878350
vn 0.334743 -0.204060 -0.919949
vn 0.346334 -0.332137 -0.877347
vn 0.335227 -0.208419 -0.918795
vn 0.316909 -0.070051 -0.945866
vn 0.291971 0.072107 -0.953705
vn 0.317872 -0.076352 -0.945054
vn 0.293631 0.063623 -0.953799
vn 0.259189 0.220908 -0.940224
vn 0.217973 0.373378 -0.901708
vn 0.261681 0.210619 -0.941893
vn 0.221490 0.361486 -0.905688
vn 0.175489 0.504127 -0.845612
vn 0.131424 0.618874 -0.774418
vn 0.178832 0.494603 -0.850521
vn 0.135844 0.608203 -0.782071
vn 0.081289 0.728241 -0.680483
vn 0.076787 0.737068 -0.671442
vn 0.048652 0.788687 -0.612866
vn 0.048647 0.788696 -0.612856
vn 0.038431 0.806042 -0.590609
vn -0.000263 0.864800 -0.502116
vn 0.040380 0.802797 -0.594884
vn 0.005291 0.857033 -0.515235
vn -0.051771 0.925909 -0.374183
vn -0.055800 0.929855 -0.363672
vn -0.080174 0.951026 -0.298534
vn -0.080181 0.951021 -0.298548
vn -0.080182 0.951022 -0.298542
vn -0.080184 0.951027 -0.298525
vn -0.080188 0.951018 -0.298555
vn -0.080186 0.951017 -0.298558
vn -0.080184 0.951018 -0.298554
vn -0.080179 0.951022 -0.298543
vn -0.080181 0.951025 -0.298535
vn -0.080182 0.951020 -0.298550
vn -0.126285 0.977908 -0.166579
vn -0.120603 0.975602 -0.183454
vn 0.647915 0.748338 -0.142115
vn 0.627949 0.778254 0.000632
vn 0.654036 0.705895 -0.271935
vn 0.654025 0.703466 -0.278184
vn 0.648693 0.745956 -0.150821
vn 0.630062 0.776468 -0.010927
vn 0.591118 0.791499 0.155268
vn 0.534401 0.782956 0.318428
vn 0.595121 0.791128 0.141238
vn 0.540977 0.784931 0.302040
vn 0.455620 0.747427 0.483490
vn 0.355187 0.681398 0.639952
vn 0.464967 0.752563 0.466321
vn 0.367303 0.690256 0.623406
vn 0.237480 0.585514 0.775098
vn 0.110430 0.465593 0.878082
vn 0.251141 0.597466 0.761553
vn 0.124489 0.479603 0.868610
vn -0.016338 0.331540 0.943300
vn -0.134667 0.193943 0.971726
vn -0.003658 0.345581 0.938382
vn -0.123899 0.206979 0.970468
vn -0.239957 0.060654 0.968887
vn -0.330872 -0.064108 0.941496
vn -0.231592 0.071652 0.970171
vn -0.324650 -0.055233 0.944220
vn -0.407623 -0.178288 0.895576
vn -0.471327 -0.281507 0.835826
vn -0.403460 -0.171846 0.898715
vn -0.468715 -0.277090 0.838765
vn -0.523567 -0.374629 0.765200
vn -0.565733 -0.458844 0.685134
vn -0.471327 -0.281507 0.835826
vn -0.468715 -0.277090 0.838765
vn -0.522180 -0.372024 0.767415
vn -0.565224 -0.457759 0.686279
vn -0.598646 -0.534975 0.596175
vn -0.622601 -0.603453 0.498209
vn -0.598724 -0.535174 0.595918
vn -0.622957 -0.604640 0.496322
vn -0.637386 -0.664351 0.390354
vn -0.642094 -0.716996 0.271352
vn -0.637711 -0.666245 0.386579
vn -0.642039 -0.719370 0.265126
vn -0.635031 -0.759670 0.140131
vn -0.613786 -0.789464 -0.003685
vn -0.634127 -0.761995 0.131323
vn -0.611458 -0.791127 -0.015365
vn -0.575358 -0.802241 -0.159292
vn -0.516703 -0.792779 -0.323296
vn -0.571057 -0.802380 -0.173436
vn -0.509747 -0.790438 -0.339656
vn -0.435773 -0.755740 -0.488834
vn -0.333315 -0.687703 -0.644954
vn -0.426037 -0.750115 -0.505787
vn -0.320873 -0.678297 -0.661025
vn -0.214385 -0.589861 -0.778526
vn -0.087515 -0.468824 -0.878945
vn -0.200613 -0.577491 -0.791365
vn -0.073506 -0.454518 -0.887699
vn 0.038092 -0.334420 -0.941654
vn 0.154800 -0.197000 -0.968105
vn 0.050663 -0.320205 -0.945993
vn 0.165410 -0.183884 -0.968930
vn 0.258355 -0.064170 -0.963916
vn 0.347400 0.059657 -0.935817
vn 0.266499 -0.053236 -0.962364
vn 0.353403 0.068379 -0.932969
vn 0.422441 0.172736 -0.889779
vn 0.484842 0.275040 -0.830230
vn 0.426470 0.179089 -0.886595
vn 0.487401 0.279448 -0.827254
vn 0.536112 0.367353 -0.760024
vn 0.577508 0.450626 -0.680750
vn 0.537485 0.369959 -0.757787
vn 0.578031 0.451743 -0.679565
vn 0.609937 0.525816 -0.592870
vn 0.633765 0.593508 -0.496076
vn 0.609872 0.525649 -0.593085
vn 0.633394 0.592288 -0.498004
vn 0.648763 0.653744 -0.389518
vn 0.648398 0.651776 -0.393406
vn 0.623540 0.766575 -0.153494
vn 0.603864 0.796964 -0.014019
vn 0.630195 0.723124 -0.282749
vn 0.623540 0.766575 -0.153494
vn 0.630195 0.723124 -0.282749
vn 0.603864 0.796964 -0.014019
vn 0.566660 0.811918 0.140305
vn 0.511396 0.805341 0.299834
vn 0.566660 0.811918 0.140305
vn 0.511396 0.805341 0.299834
vn 0.432680 0.771994 0.465633
vn 0.334877 0.709178 0.620422
vn 0.432680 0.771994 0.465633
vn 0.334877 0.709178 0.620422
vn 0.216918 0.614283 0.758685
vn 0.091912 0.496240 0.863306
vn 0.216918 0.614283 0.758685
vn 0.091912 0.496240 0.863306
vn -0.036212 0.360131 0.932199
vn -0.153657 0.221965 0.962871
vn -0.036212 0.360131 0.932199
vn -0.153657 0.221965 0.962871
vn -0.259989 0.085648 0.961806
vn -0.350420 -0.040470 0.935718
vn -0.259989 0.085648 0.961806
vn -0.350420 -0.040470 0.935718
vn -0.427852 -0.157413 0.890036
vn -0.491335 -0.261993 0.830632
vn -0.427852 -0.157413 0.890036
vn -0.491335 -0.261993 0.830632
vn -0.543857 -0.356642 0.759623
vn -0.586059 -0.441768 0.679246
vn -0.491335 -0.261993 0.830632
vn -0.543857 -0.356642 0.759623
vn -0.491335 -0.261993 0.830632
vn -0.586059 -0.441768 0.679246
vn -0.619243 -0.518617 0.589555
vn -0.643436 -0.587493 0.490756
vn -0.619243 -0.518617 0.589555
vn -0.643436 -0.587493 0.490756
vn -0.658606 -0.648252 0.382110
vn -0.663710 -0.700921 0.261150
vn -0.658606 -0.648252 0.382110
vn -0.663710 -0.700921 0.261150
vn -0.657080 -0.742748 0.128735
vn -0.635880 -0.771584 -0.017751
vn -0.657080 -0.742748 0.128735
vn -0.635880 -0.771584 -0.017751
vn -0.597787 -0.782506 -0.174170
vn -0.538235 -0.770666 -0.341141
vn -0.597787 -0.782506 -0.174170
vn -0.538235 -0.770666 -0.341141
vn -0.457416 -0.731109 -0.506211
vn -0.352970 -0.659519 -0.663661
vn -0.457416 -0.731109 -0.506211
vn -0.352970 -0.659519 -0.663661
vn -0.234875 -0.560517 -0.794137
vn -0.106385 -0.437272 -0.893015
vn -0.234875 -0.560517 -0.794137
vn -0.106385 -0.437272 -0.893015
vn 0.017181 -0.304901 -0.952229
vn 0.134694 -0.167641 -0.976603
vn 0.017181 -0.304901 -0.952229
vn 0.134694 -0.167641 -0.976603
vn 0.236247 -0.038315 -0.970937
vn 0.325922 0.084498 -0.941613
vn 0.236247 -0.038315 -0.970937
vn 0.325922 0.084498 -0.941613
vn 0.399711 0.194674 -0.895731
vn 0.462665 0.296074 -0.835633
vn 0.399711 0.194674 -0.895731
vn 0.462665 0.296074 -0.835633
vn 0.513290 0.386763 -0.766125
vn 0.554895 0.469242 -0.686952
vn 0.513290 0.386763 -0.766125
vn 0.554895 0.469242 -0.686952
vn 0.586845 0.543851 -0.599866
vn 0.610566 0.610835 -0.504074
vn 0.586845 0.543851 -0.599866
vn 0.610566 0.610835 -0.504074
vn 0.625079 0.671339 -0.398222
vn 0.625079 0.671339 -0.398222
vn -0.139233 0.955333 -0.260679
vn -0.128108 0.956036 -0.263785
vn -0.139233 0.955333 -0.260679
vn -0.128108 0.956036 -0.263785
vn -0.116702 0.956634 -0.266895
vn -0.116702 0.956634 -0.266895
vn -0.182898 0.967842 -0.172715
vn -0.222213 0.974496 -0.031275
vn -0.182898 0.967842 -0.172715
vn -0.222213 0.974496 -0.031275
vn -0.242670 0.967665 0.068819
vn -0.268856 0.945924 0.181505
vn -0.242670 0.967665 0.068819
vn -0.268856 0.945924 0.181505
vn -0.303028 0.895120 0.327008
vn -0.328244 0.828501 0.453699
vn -0.303028 0.895120 0.327008
vn -0.328244 0.828501 0.453699
vn -0.346923 0.746665 0.567569
vn -0.358646 0.655119 0.664976
vn -0.346923 0.746665 0.567569
vn -0.358646 0.655119 0.664976
vn -0.364635 0.553203 0.749004
vn -0.364700 0.442873 0.819059
vn -0.364635 0.553203 0.749004
vn -0.364700 0.442873 0.819059
vn -0.361023 0.342503 0.867384
vn -0.353364 0.245846 0.902604
vn -0.361023 0.342503 0.867384
vn -0.353364 0.245846 0.902604
vn -0.314527 0.072191 0.946500
vn -0.334707 0.136892 0.932326
vn -0.314527 0.072191 0.946500
vn -0.334707 0.136892 0.932326
vn -0.307993 -0.008200 0.951353
vn -0.291728 -0.131847 0.947371
vn -0.307993 -0.008200 0.951353
vn -0.291728 -0.131847 0.947371
vn -0.267326 -0.248325 0.931060
vn -0.229701 -0.389175 0.892065
vn -0.267326 -0.248325 0.931060
vn -0.229701 -0.389175 0.892065
vn -0.180831 -0.537863 0.823410
vn -0.121942 -0.682161 0.720962
vn -0.180831 -0.537863 0.823410
vn -0.121942 -0.682161 0.720962
vn -0.060921 -0.801140 0.595368
vn 0.005631 -0.897831 0.440304
vn -0.060921 -0.801140 0.595368
vn 0.005631 -0.897831 0.440304
vn 0.066607 -0.957803 0.279601
vn 0.126197 -0.986284 0.106383
vn 0.066607 -0.957803 0.279601
vn 0.066607 -0.957803 0.279601
vn 0.126197 -0.986284 0.106383
vn 0.066607 -0.957803 0.279601
vn 0.175223 -0.983058 -0.053797
vn 0.219018 -0.952475 -0.211712
vn 0.175223 -0.983058 -0.053797
vn 0.219018 -0.952475 -0.211712
vn 0.252060 -0.902518 -0.349182
vn 0.279028 -0.833420 -0.477027
vn 0.252060 -0.902518 -0.349182
vn 0.279028 -0.833420 -0.477027
vn 0.297279 -0.754024 -0.585724
vn 0.309885 -0.662057 -0.682387
vn 0.297279 -0.754024 -0.585724
vn 0.309885 -0.662057 -0.682387
vn 0.315654 -0.562564 -0.764123
vn 0.316151 -0.453788 -0.833141
vn 0.315654 -0.562564 -0.764123
vn 0.316151 -0.453788 -0.833141
vn 0.310142 -0.336056 -0.889314
vn 0.298711 -0.211781 -0.930548
vn 0.310142 -0.336056 -0.889314
vn 0.298711 -0.211781 -0.930548
vn 0.279703 -0.076067 -0.957069
vn 0.254845 0.062964 -0.964930
vn 0.279703 -0.076067 -0.957069
vn 0.254845 0.062964 -0.964930
vn 0.220303 0.214424 -0.951572
vn 0.179759 0.362573 -0.914455
vn 0.220303 0.214424 -0.951572
vn 0.179759 0.362573 -0.914455
vn 0.134042 0.502851 -0.853916
vn 0.090114 0.614156 -0.784023
vn 0.134042 0.502851 -0.853916
vn 0.090114 0.614156 -0.784023
vn 0.007786 0.789388 -0.613846
vn 0.036752 0.726837 -0.685826
vn 0.007786 0.789388 -0.613846
vn 0.036752 0.726837 -0.685826
vn 0.014004 0.798517 -0.601810
vn -0.006339 0.846442 -0.532443
vn 0.014004 0.798517 -0.601810
vn -0.006339 0.846442 -0.532443
vn -0.088861 0.951637 -0.294095
vn -0.056130 0.919446 -0.389189
vn -0.088861 0.951637 -0.294095
vn -0.056130 0.919446 -0.389189
vn -0.102614 0.955680 -0.275946
vn -0.102614 0.955680 -0.275946
vt 0.429486 0.753067
vt 0.433122 0.752892
vt 0.435484 0.750304
vt 0.431644 0.750240
vt 0.439020 0.753099
vt 0.439121 0.751485
vt 0.439587 0.750973
vt 0.438000 0.749270
vt 0.436156 0.747907
vt 0.433820 0.746488
vt 0.427860 0.750766
vt 0.431255 0.745052
vt 0.424129 0.751580
vt 0.420953 0.758151
vt 0.425108 0.755402
vt 0.425833 0.741609
vt 0.422178 0.738344
vt 0.417013 0.746037
vt 0.417763 0.751196
vt 0.416787 0.736973
vt 0.412255 0.747580
vt 0.405162 0.769072
vt 0.411629 0.734885
vt 0.409335 0.743520
vt 0.406076 0.735248
vt 0.405287 0.746458
vt 0.400526 0.734858
vt 0.401254 0.743500
vt 0.395358 0.736919
vt 0.398313 0.747545
vt 0.389960 0.738258
vt 0.393564 0.745975
vt 0.385683 0.741812
vt 0.392017 0.750729
vt 0.380962 0.744755
vt 0.387016 0.750703
vt 0.377992 0.749461
vt 0.387013 0.755705
vt 0.374412 0.753723
vt 0.382249 0.757230
vt 0.373041 0.759119
vt 0.383792 0.761990
vt 0.370954 0.764278
vt 0.379732 0.764912
vt 0.371317 0.769829
vt 0.382670 0.768958
vt 0.370925 0.775377
vt 0.379711 0.772989
vt 0.372985 0.780543
vt 0.383756 0.775930
vt 0.374328 0.785942
vt 0.382188 0.780679
vt 0.377885 0.790221
vt 0.386943 0.782227
vt 0.380829 0.794941
vt 0.386919 0.787228
vt 0.385534 0.797911
vt 0.391920 0.787230
vt 0.389794 0.801492
vt 0.393444 0.791996
vt 0.395187 0.802864
vt 0.398202 0.790453
vt 0.400345 0.804948
vt 0.401123 0.794511
vt 0.405395 0.804864
vt 0.405314 0.792365
vt 0.409439 0.806102
vt 0.409779 0.797706
vt 0.412550 0.807752
vt 0.413982 0.805395
vt 0.417249 0.803019
vt 0.412288 0.791279
vt 0.422013 0.801573
vt 0.416892 0.792055
vt 0.426290 0.798018
vt 0.418439 0.787300
vt 0.431010 0.795072
vt 0.423440 0.787323
vt 0.433979 0.790365
vt 0.423442 0.782321
vt 0.437558 0.786105
vt 0.428206 0.780797
vt 0.438929 0.780713
vt 0.426663 0.776040
vt 0.441017 0.775556
vt 0.430723 0.773120
vt 0.440654 0.770004
vt 0.427785 0.769072
vt 0.441046 0.764455
vt 0.430744 0.765041
vt 0.439255 0.760278
vt 0.426174 0.762890
vt 0.228763 0.155654
vt 0.228564 0.155734
vt 0.225819 0.168337
vt 0.226020 0.168259
vt 0.228379 0.155808
vt 0.225633 0.168409
vt 0.222831 0.178866
vt 0.223159 0.179091
vt 0.223477 0.179324
vt 0.224193 0.179663
vt 0.224683 0.179531
vt 0.226876 0.167908
vt 0.226522 0.168057
vt 0.225172 0.179303
vt 0.227270 0.167741
vt 0.230011 0.155137
vt 0.229617 0.155301
vt 0.229263 0.155449
vt 0.226024 0.178911
vt 0.226778 0.178577
vt 0.228826 0.167112
vt 0.228139 0.167379
vt 0.227676 0.178202
vt 0.229618 0.166830
vt 0.232369 0.154263
vt 0.231572 0.154527
vt 0.230882 0.154781
vt 0.228587 0.177865
vt 0.230421 0.166586
vt 0.229514 0.177578
vt 0.231237 0.166390
vt 0.234001 0.153879
vt 0.233179 0.154044
vt 0.230458 0.177350
vt 0.232063 0.166251
vt 0.231414 0.177189
vt 0.232895 0.166172
vt 0.235669 0.153739
vt 0.234833 0.153775
vt 0.232381 0.177101
vt 0.233729 0.166161
vt 0.233352 0.177088
vt 0.234559 0.166216
vt 0.237333 0.153884
vt 0.236505 0.153775
vt 0.234322 0.177151
vt 0.235379 0.166339
vt 0.235285 0.177288
vt 0.236184 0.166527
vt 0.238944 0.154322
vt 0.238149 0.154067
vt 0.236237 0.177496
vt 0.236969 0.166779
vt 0.237172 0.177767
vt 0.237729 0.167088
vt 0.240451 0.155039
vt 0.239712 0.154648
vt 0.238089 0.178095
vt 0.238462 0.167448
vt 0.238986 0.178469
vt 0.239169 0.167849
vt 0.241825 0.155985
vt 0.241155 0.155487
vt 0.239866 0.178878
vt 0.239849 0.168284
vt 0.240731 0.179311
vt 0.240509 0.168743
vt 0.243068 0.157099
vt 0.242461 0.156525
vt 0.241589 0.179754
vt 0.241153 0.169215
vt 0.207306 0.172904
vt 0.207758 0.173754
vt 0.211986 0.163938
vt 0.211456 0.163335
vt 0.214261 0.151923
vt 0.213656 0.151342
vt 0.243651 0.157697
vt 0.208216 0.174600
vt 0.212509 0.164551
vt 0.208695 0.175435
vt 0.213037 0.165166
vt 0.215458 0.153101
vt 0.214859 0.152513
vt 0.209207 0.176252
vt 0.213581 0.165774
vt 0.208470 0.182480
vt 0.214148 0.166364
vt 0.216699 0.154234
vt 0.216069 0.153678
vt 0.209087 0.182953
vt 0.214749 0.166926
vt 0.209667 0.183226
vt 0.215306 0.167398
vt 0.217958 0.155195
vt 0.217356 0.154759
vt 0.210118 0.183327
vt 0.215735 0.167713
vt 0.210519 0.183342
vt 0.216096 0.167945
vt 0.218794 0.155695
vt 0.218414 0.155484
vt 0.211486 0.183405
vt 0.212242 0.183548
vt 0.217541 0.168700
vt 0.216879 0.168406
vt 0.213108 0.183722
vt 0.218324 0.168984
vt 0.221092 0.156619
vt 0.220292 0.156373
vt 0.219611 0.156112
vt 0.213992 0.183877
vt 0.219131 0.169194
vt 0.216197 0.178466
vt 0.219955 0.169329
vt 0.222738 0.156891
vt 0.221909 0.156792
vt 0.217122 0.178527
vt 0.220789 0.169388
vt 0.218052 0.178538
vt 0.221625 0.169372
vt 0.224405 0.156869
vt 0.223572 0.156916
vt 0.218970 0.178508
vt 0.222458 0.169286
vt 0.219866 0.178445
vt 0.223283 0.169136
vt 0.226050 0.156581
vt 0.225232 0.156755
vt 0.220737 0.178356
vt 0.224096 0.168929
vt 0.221448 0.178308
vt 0.224750 0.168735
vt 0.227502 0.156145
vt 0.226855 0.156353
vt 0.216064 0.205328
vt 0.216854 0.206432
vt 0.209164 0.233457
vt 0.210482 0.235514
vt 0.211632 0.237660
vt 0.217558 0.207582
vt 0.220765 0.209043
vt 0.221186 0.208840
vt 0.225557 0.179126
vt 0.216568 0.240521
vt 0.217117 0.239662
vt 0.217558 0.240047
vt 0.221677 0.208608
vt 0.218908 0.239616
vt 0.222725 0.208122
vt 0.220707 0.238806
vt 0.224050 0.207533
vt 0.222533 0.238061
vt 0.225395 0.206995
vt 0.224392 0.237402
vt 0.226764 0.206522
vt 0.226285 0.236852
vt 0.228158 0.206132
vt 0.228210 0.236424
vt 0.229575 0.205835
vt 0.230160 0.236132
vt 0.231010 0.205642
vt 0.232126 0.235984
vt 0.232455 0.205556
vt 0.234097 0.235985
vt 0.233904 0.205581
vt 0.236062 0.236132
vt 0.235347 0.205716
vt 0.238011 0.236423
vt 0.236776 0.205957
vt 0.239934 0.236846
vt 0.238185 0.206297
vt 0.241826 0.237390
vt 0.239569 0.206725
vt 0.243683 0.238036
vt 0.240927 0.207229
vt 0.245507 0.238768
vt 0.242259 0.207795
vt 0.247306 0.239558
vt 0.243570 0.208405
vt 0.249087 0.240383
vt 0.244869 0.209039
vt 0.174406 0.224611
vt 0.175152 0.226432
vt 0.192635 0.199488
vt 0.192044 0.198168
vt 0.175916 0.228246
vt 0.193238 0.200804
vt 0.176729 0.230040
vt 0.193877 0.202103
vt 0.177617 0.231799
vt 0.194570 0.203376
vt 0.178727 0.232863
vt 0.195387 0.204251
vt 0.180266 0.232602
vt 0.196393 0.204350
vt 0.181971 0.231643
vt 0.197410 0.203986
vt 0.183448 0.230540
vt 0.198237 0.203455
vt 0.184765 0.229301
vt 0.198981 0.202825
vt 0.187595 0.226809
vt 0.189340 0.225929
vt 0.201969 0.201293
vt 0.200774 0.201646
vt 0.191099 0.225327
vt 0.203233 0.201094
vt 0.192721 0.225026
vt 0.204454 0.201035
vt 0.194335 0.224928
vt 0.205687 0.201055
vt 0.196010 0.224911
vt 0.206960 0.201081
vt 0.197712 0.225022
vt 0.208246 0.201142
vt 0.199389 0.225306
vt 0.209508 0.201260
vt 0.201012 0.225773
vt 0.210727 0.201446
vt 0.202561 0.226439
vt 0.211893 0.201712
vt 0.203943 0.227328
vt 0.212898 0.202106
vt 0.199797 0.202187
vt 0.210944 0.183353
vt 0.186087 0.227984
vt 0.219154 0.155896
vt 0.216439 0.168165
vt 0.218238 0.208753
vt 0.223806 0.179555
vt 0.212717 0.239852
vt 0.213912 0.241327
vt 0.219003 0.209517
vt 0.228989 0.155563
vt 0.226246 0.168170
vt 0.428455 0.758005
vt 0.430776 0.755462
vt 0.438821 0.756286
vt 0.438920 0.754701
vt 0.228195 0.155882
vt 0.225448 0.168482
vt 0.228013 0.155955
vt 0.225265 0.168553
vt 0.222131 0.178488
vt 0.222472 0.178660
vt 0.214276 0.203400
vt 0.215143 0.204300
vt 0.206143 0.229844
vt 0.207605 0.231535
vt 0.230400 0.154974
vt 0.227658 0.167577
vt 0.420449 0.752384
vt 0.416855 0.760861
vt 0.428726 0.743635
vt 0.438723 0.757850
vt 0.426166 0.760513
vt 0.221852 0.178362
vt 0.225084 0.168623
vt 0.227833 0.156027
vt 0.205050 0.228458
vt 0.213620 0.202672
vt 0.163271 0.787237
vt 0.165287 0.786915
vt 0.157206 0.705323
vt 0.155237 0.704917
vt 0.167320 0.786685
vt 0.159166 0.705745
vt 0.148786 0.623266
vt 0.146720 0.622587
vt 0.144679 0.621860
vt 0.169367 0.786548
vt 0.161127 0.706166
vt 0.171424 0.786498
vt 0.163095 0.706568
vt 0.153016 0.624373
vt 0.150884 0.623869
vt 0.173486 0.786535
vt 0.165080 0.706935
vt 0.175550 0.786652
vt 0.167085 0.707253
vt 0.157374 0.624996
vt 0.155182 0.624753
vt 0.177610 0.786843
vt 0.169113 0.707506
vt 0.179665 0.787100
vt 0.171165 0.707681
vt 0.161809 0.625019
vt 0.159588 0.625086
vt 0.181710 0.787416
vt 0.173237 0.707767
vt 0.183744 0.787780
vt 0.175325 0.707754
vt 0.166219 0.624403
vt 0.164024 0.624790
vt 0.185766 0.788181
vt 0.177419 0.707637
vt 0.187778 0.788605
vt 0.179510 0.707414
vt 0.170509 0.623167
vt 0.168384 0.623859
vt 0.189781 0.789034
vt 0.181588 0.707082
vt 0.191780 0.789452
vt 0.183643 0.706644
vt 0.174610 0.621383
vt 0.172586 0.622337
vt 0.193783 0.789839
vt 0.185663 0.706107
vt 0.195790 0.790180
vt 0.187648 0.705476
vt 0.178495 0.619168
vt 0.176578 0.620321
vt 0.197806 0.790458
vt 0.189593 0.704759
vt 0.199832 0.790660
vt 0.191500 0.703969
vt 0.182199 0.616671
vt 0.180364 0.617943
vt 0.201869 0.790774
vt 0.193370 0.703119
vt 0.203917 0.790794
vt 0.195212 0.702223
vt 0.185819 0.614082
vt 0.184011 0.615375
vt 0.205974 0.790714
vt 0.197032 0.701296
vt 0.125613 0.798898
vt 0.127676 0.798709
vt 0.119285 0.710575
vt 0.117460 0.711486
vt 0.107633 0.623131
vt 0.105810 0.624360
vt 0.187640 0.612821
vt 0.129740 0.798421
vt 0.121110 0.709667
vt 0.131799 0.798039
vt 0.122949 0.708780
vt 0.111408 0.620935
vt 0.109496 0.621982
vt 0.133851 0.797567
vt 0.124810 0.707925
vt 0.135892 0.797014
vt 0.126702 0.707118
vt 0.115387 0.619207
vt 0.113372 0.620006
vt 0.137917 0.796386
vt 0.128630 0.706372
vt 0.139924 0.795694
vt 0.130596 0.705699
vt 0.119551 0.618037
vt 0.117449 0.618549
vt 0.141910 0.794949
vt 0.132600 0.705111
vt 0.143875 0.794162
vt 0.134638 0.704614
vt 0.123830 0.617463
vt 0.121682 0.617675
vt 0.145819 0.793348
vt 0.136707 0.704216
vt 0.147746 0.792520
vt 0.138795 0.703919
vt 0.128135 0.617482
vt 0.125984 0.617401
vt 0.149661 0.791695
vt 0.140894 0.703728
vt 0.151570 0.790889
vt 0.142995 0.703640
vt 0.132391 0.618042
vt 0.130273 0.617700
vt 0.153482 0.790118
vt 0.145088 0.703652
vt 0.155405 0.789396
vt 0.147162 0.703756
vt 0.136554 0.619052
vt 0.134485 0.618498
vt 0.157342 0.788737
vt 0.149216 0.703948
vt 0.159298 0.788152
vt 0.151246 0.704214
vt 0.140631 0.620383
vt 0.138601 0.619687
vt 0.161274 0.787650
vt 0.153252 0.704542
vt 0.142653 0.621116
vt 0.491035 0.666675
vt 0.497558 0.667119
vt 0.495877 0.655513
vt 0.491133 0.652051
vt 0.503625 0.664681
vt 0.499319 0.650754
vt 0.491133 0.625559
vt 0.478445 0.664681
vt 0.484512 0.667118
vt 0.486388 0.655513
vt 0.482947 0.650754
vt 0.467088 0.658894
vt 0.472105 0.663087
vt 0.477365 0.652581
vt 0.475562 0.646991
vt 0.458074 0.649880
vt 0.461550 0.655418
vt 0.469688 0.647004
vt 0.469701 0.641131
vt 0.452287 0.638522
vt 0.453882 0.644863
vt 0.464111 0.639328
vt 0.465938 0.633746
vt 0.450293 0.625933
vt 0.449850 0.632455
vt 0.461179 0.630304
vt 0.464642 0.625559
vt 0.452287 0.613342
vt 0.449850 0.619410
vt 0.461179 0.620815
vt 0.465938 0.617374
vt 0.458073 0.601985
vt 0.453881 0.607002
vt 0.464111 0.611792
vt 0.469701 0.609989
vt 0.467086 0.592971
vt 0.461549 0.596447
vt 0.469688 0.604115
vt 0.475562 0.604128
vt 0.478444 0.587185
vt 0.472103 0.588779
vt 0.477365 0.598538
vt 0.482947 0.600365
vt 0.491034 0.585191
vt 0.484511 0.584748
vt 0.486388 0.595607
vt 0.491133 0.599069
vt 0.503624 0.587185
vt 0.497557 0.584748
vt 0.495877 0.595607
vt 0.499319 0.600365
vt 0.514981 0.592972
vt 0.509964 0.588780
vt 0.504901 0.598538
vt 0.506703 0.604128
vt 0.523995 0.601986
vt 0.520519 0.596448
vt 0.512577 0.604115
vt 0.512564 0.609989
vt 0.529782 0.613344
vt 0.528188 0.607003
vt 0.518154 0.611792
vt 0.516327 0.617374
vt 0.531776 0.625934
vt 0.532219 0.619411
vt 0.521086 0.620815
vt 0.517623 0.625559
vt 0.529783 0.638524
vt 0.532220 0.632457
vt 0.521086 0.630304
vt 0.516327 0.633746
vt 0.523996 0.649881
vt 0.528188 0.644864
vt 0.518154 0.639328
vt 0.512564 0.641131
vt 0.514983 0.658895
vt 0.520520 0.655419
vt 0.512577 0.647004
vt 0.506703 0.646991
vt 0.509966 0.663087
vt 0.504901 0.652581
vt 0.177832 0.957737
vt 0.179863 0.957036
vt 0.173094 0.878675
vt 0.171099 0.879377
vt 0.181944 0.956481
vt 0.175139 0.878111
vt 0.184066 0.956084
vt 0.177225 0.877695
vt 0.186215 0.955849
vt 0.179340 0.877431
vt 0.188378 0.955776
vt 0.181473 0.877322
vt 0.190541 0.955864
vt 0.183610 0.877365
vt 0.192690 0.956108
vt 0.185738 0.877558
vt 0.194816 0.956498
vt 0.187846 0.877892
vt 0.196908 0.957022
vt 0.189925 0.878359
vt 0.198964 0.957664
vt 0.191970 0.878944
vt 0.200981 0.958404
vt 0.193977 0.879631
vt 0.202964 0.959222
vt 0.195950 0.880399
vt 0.204921 0.960092
vt 0.197895 0.881228
vt 0.206864 0.960988
vt 0.199823 0.882091
vt 0.208804 0.961884
vt 0.201745 0.882963
vt 0.210755 0.962752
vt 0.203676 0.883815
vt 0.212730 0.963564
vt 0.205628 0.884621
vt 0.214734 0.964296
vt 0.207610 0.885354
vt 0.216774 0.964923
vt 0.209628 0.885989
vt 0.218848 0.965424
vt 0.211682 0.886508
vt 0.220950 0.965782
vt 0.213769 0.886889
vt 0.141285 0.972889
vt 0.143407 0.973108
vt 0.136643 0.894218
vt 0.134531 0.893997
vt 0.145540 0.973159
vt 0.138769 0.894278
vt 0.147670 0.973039
vt 0.140899 0.894172
vt 0.149784 0.972745
vt 0.143017 0.893900
vt 0.151869 0.972283
vt 0.145109 0.893465
vt 0.153911 0.971657
vt 0.147165 0.892873
vt 0.155902 0.970884
vt 0.149174 0.892137
vt 0.157835 0.969975
vt 0.151130 0.891269
vt 0.159711 0.968953
vt 0.153030 0.890290
vt 0.161533 0.967837
vt 0.154875 0.889219
vt 0.163310 0.966653
vt 0.156673 0.888079
vt 0.165057 0.965424
vt 0.158435 0.886893
vt 0.166789 0.964179
vt 0.160175 0.885686
vt 0.168528 0.962942
vt 0.161912 0.884484
vt 0.170290 0.961740
vt 0.163664 0.883312
vt 0.172092 0.960596
vt 0.165449 0.882194
vt 0.173946 0.959534
vt 0.167278 0.881153
vt 0.175859 0.958576
vt 0.169160 0.880209
vt 0.132109 0.546479
vt 0.129979 0.545811
vt 0.134285 0.547062
vt 0.125876 0.478303
vt 0.123497 0.478140
vt 0.121149 0.477854
vt 0.127894 0.545084
vt 0.125848 0.544327
vt 0.118836 0.477455
vt 0.116560 0.476960
vt 0.123830 0.543569
vt 0.121827 0.542839
vt 0.114318 0.476382
vt 0.112102 0.475746
vt 0.119824 0.542163
vt 0.117808 0.541564
vt 0.109898 0.475075
vt 0.107695 0.474396
vt 0.115768 0.541062
vt 0.113697 0.540671
vt 0.105480 0.473734
vt 0.103243 0.473113
vt 0.111594 0.540408
vt 0.109459 0.540280
vt 0.100977 0.472555
vt 0.098680 0.472078
vt 0.107300 0.540299
vt 0.105123 0.540467
vt 0.096355 0.471699
vt 0.094006 0.471429
vt 0.102941 0.540788
vt 0.100768 0.541261
vt 0.091642 0.471280
vt 0.089274 0.471259
vt 0.098617 0.541881
vt 0.096503 0.542642
vt 0.086912 0.471372
vt 0.084565 0.471617
vt 0.176713 0.532398
vt 0.174689 0.533358
vt 0.094438 0.543537
vt 0.082247 0.472001
vt 0.172625 0.463825
vt 0.170309 0.464175
vt 0.172723 0.534423
vt 0.170814 0.535575
vt 0.168035 0.464659
vt 0.165808 0.465269
vt 0.168960 0.536793
vt 0.167148 0.538054
vt 0.163631 0.465998
vt 0.161503 0.466832
vt 0.165363 0.539332
vt 0.163586 0.540601
vt 0.159420 0.467758
vt 0.157369 0.468754
vt 0.161796 0.541836
vt 0.159974 0.543012
vt 0.155334 0.469801
vt 0.153296 0.470872
vt 0.158103 0.544106
vt 0.156172 0.545100
vt 0.151238 0.471943
vt 0.149145 0.472990
vt 0.154173 0.545975
vt 0.152106 0.546716
vt 0.147003 0.473988
vt 0.144807 0.474917
vt 0.149974 0.547309
vt 0.147788 0.547746
vt 0.142555 0.475760
vt 0.140251 0.476500
vt 0.145555 0.548021
vt 0.143294 0.548135
vt 0.137902 0.477125
vt 0.135519 0.477627
vt 0.141019 0.548086
vt 0.138751 0.547883
vt 0.133112 0.477996
vt 0.130695 0.478234
vt 0.136502 0.547536
vt 0.128278 0.478335
vt 0.118579 0.423020
vt 0.116422 0.423541
vt 0.120732 0.422441
vt 0.116199 0.377169
vt 0.114170 0.378028
vt 0.112133 0.378875
vt 0.114251 0.423992
vt 0.112057 0.424368
vt 0.110069 0.379691
vt 0.107964 0.380458
vt 0.109826 0.424664
vt 0.107560 0.424877
vt 0.105805 0.381163
vt 0.103586 0.381793
vt 0.105256 0.425005
vt 0.102918 0.425048
vt 0.101299 0.382342
vt 0.098955 0.382806
vt 0.100551 0.425008
vt 0.098162 0.424892
vt 0.096560 0.383180
vt 0.094126 0.383468
vt 0.095763 0.424703
vt 0.093365 0.424451
vt 0.091662 0.383671
vt 0.089185 0.383796
vt 0.090976 0.424143
vt 0.088605 0.423793
vt 0.086710 0.383844
vt 0.084251 0.383825
vt 0.086260 0.423410
vt 0.083944 0.423009
vt 0.081822 0.383742
vt 0.079432 0.383605
vt 0.081658 0.422602
vt 0.079402 0.422204
vt 0.077088 0.383421
vt 0.074794 0.383200
vt 0.168285 0.414946
vt 0.166068 0.414610
vt 0.077170 0.421826
vt 0.072546 0.382955
vt 0.162364 0.372317
vt 0.160135 0.371908
vt 0.163864 0.414340
vt 0.161660 0.414144
vt 0.157933 0.371514
vt 0.155747 0.371152
vt 0.159450 0.414032
vt 0.157226 0.414010
vt 0.153565 0.370837
vt 0.151376 0.370583
vt 0.154975 0.414079
vt 0.152701 0.414241
vt 0.149174 0.370401
vt 0.146953 0.370297
vt 0.150402 0.414496
vt 0.148082 0.414840
vt 0.144712 0.370279
vt 0.142446 0.370350
vt 0.145744 0.415267
vt 0.143396 0.415768
vt 0.140167 0.370510
vt 0.137882 0.370755
vt 0.141043 0.416335
vt 0.138696 0.416952
vt 0.135599 0.371087
vt 0.133324 0.371505
vt 0.136363 0.417613
vt 0.134048 0.418305
vt 0.131067 0.372002
vt 0.128835 0.372572
vt 0.131760 0.419016
vt 0.129500 0.419734
vt 0.126637 0.373213
vt 0.124483 0.373915
vt 0.127271 0.420447
vt 0.125070 0.421144
vt 0.122381 0.374675
vt 0.120307 0.375479
vt 0.122893 0.421812
vt 0.118243 0.376315
vt 0.097041 0.299121
vt 0.099463 0.298910
vt 0.095599 0.279958
vt 0.093123 0.280021
vt 0.101898 0.298681
vt 0.098088 0.279874
vt 0.095264 0.270002
vt 0.092913 0.269836
vt 0.090548 0.269697
vt 0.092222 0.299509
vt 0.094628 0.299318
vt 0.090653 0.280078
vt 0.088188 0.280150
vt 0.088163 0.269594
vt 0.085761 0.269548
vt 0.087435 0.299914
vt 0.089825 0.299705
vt 0.085727 0.280257
vt 0.083273 0.280413
vt 0.083349 0.269581
vt 0.080931 0.269705
vt 0.082675 0.300410
vt 0.085051 0.300146
vt 0.080827 0.280631
vt 0.078391 0.280920
vt 0.078519 0.269932
vt 0.076120 0.270266
vt 0.077941 0.301058
vt 0.080305 0.300712
vt 0.075967 0.281283
vt 0.073557 0.281720
vt 0.073739 0.270705
vt 0.071384 0.271245
vt 0.073231 0.301897
vt 0.075583 0.301452
vt 0.071156 0.282230
vt 0.068770 0.282801
vt 0.069070 0.271876
vt 0.066792 0.272582
vt 0.068549 0.302942
vt 0.070886 0.302393
vt 0.066399 0.283425
vt 0.064053 0.284093
vt 0.064546 0.273339
vt 0.060656 0.273596
vt 0.063901 0.304180
vt 0.066221 0.303539
vt 0.061717 0.284798
vt 0.059397 0.285525
vt 0.057598 0.276183
vt 0.055349 0.276835
vt 0.059288 0.305587
vt 0.061590 0.304865
vt 0.057092 0.286278
vt 0.054802 0.287062
vt 0.053098 0.277542
vt 0.050852 0.278302
vt 0.149571 0.287505
vt 0.151889 0.286808
vt 0.148355 0.267727
vt 0.146029 0.268407
vt 0.056993 0.306344
vt 0.052525 0.287881
vt 0.048618 0.279118
vt 0.145487 0.258574
vt 0.143194 0.259178
vt 0.144930 0.288930
vt 0.147252 0.288214
vt 0.143703 0.269110
vt 0.141374 0.269833
vt 0.140921 0.259820
vt 0.138665 0.260485
vt 0.140272 0.290369
vt 0.142604 0.289650
vt 0.139041 0.270568
vt 0.136702 0.271312
vt 0.136425 0.261181
vt 0.134197 0.261887
vt 0.135584 0.291786
vt 0.137933 0.291082
vt 0.134353 0.272060
vt 0.131995 0.272804
vt 0.131978 0.262599
vt 0.129765 0.263310
vt 0.130853 0.293145
vt 0.133224 0.292475
vt 0.129626 0.273539
vt 0.127245 0.274260
vt 0.127553 0.264015
vt 0.125338 0.264707
vt 0.126075 0.294415
vt 0.128470 0.293793
vt 0.124853 0.274960
vt 0.122449 0.275634
vt 0.123118 0.265384
vt 0.120890 0.266039
vt 0.121252 0.295566
vt 0.123669 0.295007
vt 0.120035 0.276279
vt 0.117611 0.276889
vt 0.118652 0.266670
vt 0.116404 0.267275
vt 0.116393 0.296579
vt 0.118826 0.296091
vt 0.115179 0.277460
vt 0.112738 0.277987
vt 0.114148 0.267851
vt 0.111887 0.268400
vt 0.111569 0.297438
vt 0.113956 0.297032
vt 0.110286 0.278466
vt 0.107899 0.278895
vt 0.109626 0.268925
vt 0.107366 0.268127
vt 0.106890 0.298125
vt 0.109260 0.297797
vt 0.105590 0.279244
vt 0.103203 0.279543
vt 0.105284 0.269855
vt 0.101485 0.269039
vt 0.104392 0.298423
vt 0.100651 0.279737
vt 0.097659 0.270160
vt 0.495559 0.700711
vt 0.490087 0.700339
vt 0.491284 0.709213
vt 0.495264 0.712118
vt 0.484997 0.702384
vt 0.488395 0.713206
vt 0.495263 0.734347
vt 0.479679 0.703720
vt 0.483712 0.711673
vt 0.475472 0.707237
vt 0.482200 0.716363
vt 0.470826 0.710151
vt 0.477272 0.716351
vt 0.467910 0.714796
vt 0.477282 0.721279
vt 0.464392 0.719005
vt 0.472591 0.722791
vt 0.463054 0.724325
vt 0.474124 0.727476
vt 0.461010 0.729415
vt 0.470131 0.730365
vt 0.461382 0.734888
vt 0.473036 0.734346
vt 0.461007 0.740358
vt 0.470129 0.738326
vt 0.463048 0.745446
vt 0.474120 0.741213
vt 0.464383 0.750765
vt 0.472585 0.745896
vt 0.467901 0.754975
vt 0.477276 0.747410
vt 0.470819 0.759623
vt 0.477267 0.752340
vt 0.475468 0.762540
vt 0.482198 0.752330
vt 0.479678 0.766058
vt 0.483712 0.757021
vt 0.484997 0.767396
vt 0.488395 0.755488
vt 0.490084 0.769440
vt 0.491282 0.759482
vt 0.495555 0.769068
vt 0.495262 0.756576
vt 0.501027 0.769440
vt 0.499243 0.759482
vt 0.506118 0.767396
vt 0.502131 0.755489
vt 0.511437 0.766060
vt 0.506815 0.757023
vt 0.515646 0.762544
vt 0.508328 0.752333
vt 0.520294 0.759628
vt 0.513258 0.752344
vt 0.523211 0.754982
vt 0.513248 0.747414
vt 0.526727 0.750771
vt 0.517938 0.745901
vt 0.528062 0.745451
vt 0.516403 0.741216
vt 0.530106 0.740360
vt 0.520396 0.738327
vt 0.529735 0.734889
vt 0.517491 0.734347
vt 0.530109 0.729418
vt 0.520398 0.730367
vt 0.528066 0.724331
vt 0.516406 0.727480
vt 0.526728 0.719012
vt 0.517938 0.722797
vt 0.523209 0.714802
vt 0.513247 0.721283
vt 0.520293 0.710156
vt 0.513257 0.716354
vt 0.515647 0.707240
vt 0.508329 0.716364
vt 0.511439 0.703722
vt 0.506817 0.711674
vt 0.506120 0.702384
vt 0.502133 0.713206
vt 0.501031 0.700339
vt 0.499245 0.709213
vt 0.067564 0.179373
vt 0.068850 0.179504
vt 0.063517 0.167431
vt 0.062279 0.167730
vt 0.070101 0.179590
vt 0.064803 0.167209
vt 0.057917 0.143741
vt 0.056803 0.144257
vt 0.055743 0.144877
vt 0.071270 0.179509
vt 0.066128 0.167058
vt 0.072403 0.179343
vt 0.067479 0.166965
vt 0.060273 0.143057
vt 0.059077 0.143339
vt 0.073553 0.179180
vt 0.068853 0.166925
vt 0.074720 0.179004
vt 0.070240 0.166931
vt 0.062724 0.142855
vt 0.061493 0.142896
vt 0.075900 0.178801
vt 0.071628 0.166977
vt 0.077110 0.178609
vt 0.073006 0.167056
vt 0.065178 0.143110
vt 0.063955 0.142929
vt 0.078357 0.178466
vt 0.074365 0.167162
vt 0.079618 0.178326
vt 0.075697 0.167288
vt 0.067572 0.143745
vt 0.066385 0.143388
vt 0.080884 0.178138
vt 0.076997 0.167424
vt 0.082148 0.177904
vt 0.078264 0.167556
vt 0.069887 0.144628
vt 0.068738 0.144166
vt 0.083400 0.177622
vt 0.079502 0.167669
vt 0.084628 0.177282
vt 0.080713 0.167743
vt 0.072164 0.145585
vt 0.071026 0.145109
vt 0.085821 0.176872
vt 0.081902 0.167760
vt 0.086963 0.176408
vt 0.083080 0.167702
vt 0.074469 0.146429
vt 0.073309 0.146033
vt 0.088052 0.175894
vt 0.084240 0.167558
vt 0.089097 0.175348
vt 0.085380 0.167322
vt 0.076850 0.146987
vt 0.075649 0.146752
vt 0.090114 0.174781
vt 0.086498 0.166991
vt 0.091098 0.174170
vt 0.087592 0.166573
vt 0.079299 0.147143
vt 0.078069 0.147120
vt 0.092047 0.173491
vt 0.088661 0.166074
vt 0.092962 0.172764
vt 0.089705 0.165509
vt 0.081761 0.146847
vt 0.080534 0.147052
vt 0.093845 0.172004
vt 0.090726 0.164891
vt 0.094721 0.171231
vt 0.091719 0.164234
vt 0.084155 0.146109
vt 0.082971 0.146531
vt 0.095595 0.170468
vt 0.092692 0.163546
vt 0.096451 0.169644
vt 0.093648 0.162840
vt 0.086393 0.144975
vt 0.085299 0.145587
vt 0.050544 0.185220
vt 0.051639 0.184564
vt 0.049673 0.175886
vt 0.048650 0.176494
vt 0.052757 0.183853
vt 0.050664 0.175246
vt 0.045942 0.155743
vt 0.044974 0.156524
vt 0.043944 0.157229
vt 0.053904 0.183167
vt 0.051621 0.174577
vt 0.055076 0.182511
vt 0.052545 0.173884
vt 0.047683 0.153998
vt 0.046844 0.154897
vt 0.056273 0.181893
vt 0.053439 0.173171
vt 0.057488 0.181320
vt 0.054314 0.172449
vt 0.049208 0.152084
vt 0.048466 0.153056
vt 0.058724 0.180802
vt 0.055180 0.171727
vt 0.059972 0.180347
vt 0.056055 0.171018
vt 0.050637 0.150104
vt 0.049924 0.151096
vt 0.061222 0.179965
vt 0.056963 0.170334
vt 0.062481 0.179668
vt 0.057912 0.169688
vt 0.052128 0.148167
vt 0.051365 0.149124
vt 0.063745 0.179460
vt 0.058913 0.169095
vt 0.065015 0.179344
vt 0.059973 0.168566
vt 0.053811 0.146387
vt 0.052940 0.147250
vt 0.066288 0.179317
vt 0.061096 0.168110
vt 0.054745 0.145591
vt 0.086414 0.241147
vt 0.088437 0.241693
vt 0.078480 0.209777
vt 0.076855 0.209337
vt 0.090239 0.241557
vt 0.079978 0.209853
vt 0.059158 0.244954
vt 0.060881 0.244416
vt 0.056161 0.212586
vt 0.054763 0.213192
vt 0.062652 0.243380
vt 0.057596 0.211724
vt 0.064481 0.242450
vt 0.059078 0.210939
vt 0.066365 0.241641
vt 0.060605 0.210240
vt 0.068299 0.240965
vt 0.062173 0.209641
vt 0.070275 0.240432
vt 0.063774 0.209147
vt 0.072283 0.240048
vt 0.065400 0.208770
vt 0.074311 0.239815
vt 0.067043 0.208512
vt 0.076348 0.239731
vt 0.068694 0.208377
vt 0.078384 0.239788
vt 0.070345 0.208362
vt 0.080412 0.239976
vt 0.071989 0.208463
vt 0.082426 0.240277
vt 0.073623 0.208668
vt 0.084426 0.240669
vt 0.075244 0.208962
vt 0.123755 0.219779
vt 0.125795 0.219874
vt 0.109164 0.193618
vt 0.107790 0.194016
vt 0.127591 0.219625
vt 0.110423 0.193034
vt 0.119848 0.220186
vt 0.121781 0.219931
vt 0.106451 0.194543
vt 0.105131 0.195119
vt 0.115871 0.220590
vt 0.117869 0.220435
vt 0.103777 0.195680
vt 0.102399 0.196177
vt 0.112039 0.220562
vt 0.113896 0.220554
vt 0.101016 0.196554
vt 0.099670 0.196936
vt 0.108803 0.221384
vt 0.110387 0.220855
vt 0.098403 0.197450
vt 0.097142 0.198063
vt 0.105584 0.222843
vt 0.107199 0.222073
vt 0.095838 0.198731
vt 0.094502 0.199406
vt 0.102345 0.224473
vt 0.103954 0.223622
vt 0.093134 0.200045
vt 0.091759 0.200682
vt 0.099308 0.226530
vt 0.100794 0.225460
vt 0.090400 0.201352
vt 0.089066 0.202026
vt 0.096551 0.229068
vt 0.097873 0.227638
vt 0.087753 0.202681
vt 0.086501 0.203477
vt 0.094454 0.233364
vt 0.095440 0.231085
vt 0.085368 0.204567
vt 0.084309 0.205771
vt 0.092462 0.237804
vt 0.093456 0.235594
vt 0.083248 0.206920
vt 0.082197 0.208037
vt 0.091493 0.240023
vt 0.081166 0.209143
vt 0.219942 0.209441
vt 0.215348 0.241313
vt 0.497814 0.671835
vt 0.504725 0.670107
vt 0.490745 0.672298
vt 0.182342 0.984168
vt 0.184429 0.983647
vt 0.180301 0.984834
vt 0.483650 0.671827
vt 0.476765 0.670075
vt 0.186553 0.983282
vt 0.188700 0.983076
vt 0.470164 0.667451
vt 0.464142 0.663664
vt 0.190858 0.983031
vt 0.193013 0.983142
vt 0.458691 0.659136
vt 0.454108 0.653676
vt 0.195154 0.983405
vt 0.197270 0.983809
vt 0.450313 0.647684
vt 0.447630 0.641068
vt 0.199356 0.984341
vt 0.201407 0.984984
vt 0.445862 0.634194
vt 0.445351 0.627061
vt 0.203424 0.985719
vt 0.205412 0.986522
vt 0.445784 0.619968
vt 0.447510 0.613015
vt 0.207381 0.987369
vt 0.209340 0.988235
vt 0.450104 0.606389
vt 0.453913 0.600305
vt 0.211302 0.989092
vt 0.213278 0.989913
vt 0.458423 0.594788
vt 0.463946 0.590190
vt 0.215279 0.990672
vt 0.217309 0.991346
vt 0.469938 0.586321
vt 0.476580 0.583699
vt 0.219373 0.991910
vt 0.221466 0.992347
vt 0.483243 0.581906
vt 0.490796 0.581456
vt 0.483950 0.581678
vt 0.143510 0.999813
vt 0.145642 0.999988
vt 0.223585 0.992639
vt 0.497888 0.581804
vt 0.504844 0.583642
vt 0.147781 1.000000
vt 0.149914 0.999847
vt 0.511557 0.586253
vt 0.517557 0.590146
vt 0.152029 0.999527
vt 0.154113 0.999046
vt 0.523118 0.594718
vt 0.527622 0.600264
vt 0.156155 0.998412
vt 0.158148 0.997636
vt 0.531469 0.606340
vt 0.534048 0.612991
vt 0.160086 0.996735
vt 0.161970 0.995726
vt 0.535802 0.619956
vt 0.536215 0.627065
vt 0.163804 0.994630
vt 0.165599 0.993471
vt 0.535714 0.634217
vt 0.533927 0.641099
vt 0.167366 0.992272
vt 0.169124 0.991059
vt 0.531237 0.647730
vt 0.527427 0.653722
vt 0.170889 0.989857
vt 0.172678 0.988690
vt 0.522827 0.659187
vt 0.517364 0.663712
vt 0.174505 0.987584
vt 0.176381 0.986559
vt 0.511312 0.667487
vt 0.178313 0.985637
vt 0.196080 0.246584
vt 0.197188 0.248075
vt 0.200453 0.242561
vt 0.199127 0.241091
vt 0.198357 0.249843
vt 0.201799 0.244324
vt 0.203607 0.246444
vt 0.205519 0.248848
vt 0.200040 0.251958
vt 0.201853 0.254395
vt 0.207117 0.251424
vt 0.208495 0.254110
vt 0.203363 0.257044
vt 0.204671 0.259829
vt 0.209783 0.256854
vt 0.211192 0.258713
vt 0.205899 0.262694
vt 0.208610 0.268625
vt 0.212885 0.258736
vt 0.214396 0.257214
vt 0.212810 0.268565
vt 0.214410 0.266370
vt 0.215207 0.254446
vt 0.215417 0.256724
vt 0.216826 0.266628
vt 0.216864 0.256846
vt 0.218946 0.265666
vt 0.218935 0.255928
vt 0.221075 0.264770
vt 0.221043 0.255081
vt 0.223223 0.263971
vt 0.223193 0.254330
vt 0.225399 0.263295
vt 0.225388 0.253699
vt 0.227605 0.262764
vt 0.227621 0.253206
vt 0.229839 0.262393
vt 0.229886 0.252867
vt 0.232096 0.262191
vt 0.232171 0.252689
vt 0.234369 0.262159
vt 0.234463 0.252676
vt 0.236647 0.262326
vt 0.236751 0.252817
vt 0.238922 0.262654
vt 0.239019 0.253119
vt 0.241187 0.263131
vt 0.241259 0.253568
vt 0.243439 0.263740
vt 0.243462 0.254148
vt 0.245677 0.264458
vt 0.245625 0.254840
vt 0.247904 0.265256
vt 0.247750 0.255619
vt 0.250123 0.266101
vt 0.249844 0.256457
vt 0.252341 0.266959
vt 0.251916 0.257327
vt 0.157662 0.245823
vt 0.158546 0.248031
vt 0.165269 0.240943
vt 0.164446 0.238848
vt 0.159442 0.250234
vt 0.166108 0.243032
vt 0.160369 0.252420
vt 0.166993 0.245102
vt 0.161342 0.254582
vt 0.167951 0.247142
vt 0.164340 0.257527
vt 0.169205 0.248330
vt 0.169889 0.255059
vt 0.171062 0.247897
vt 0.172066 0.253651
vt 0.173188 0.246646
vt 0.173966 0.252105
vt 0.175058 0.245258
vt 0.175682 0.250448
vt 0.176725 0.243712
vt 0.178355 0.242041
vt 0.180176 0.240532
vt 0.177377 0.248695
vt 0.179166 0.247041
vt 0.181133 0.245750
vt 0.182254 0.239381
vt 0.183019 0.244809
vt 0.184323 0.238576
vt 0.184663 0.244193
vt 0.186196 0.238132
vt 0.186276 0.243820
vt 0.188047 0.237938
vt 0.187962 0.243584
vt 0.189972 0.237860
vt 0.189701 0.243586
vt 0.191930 0.237977
vt 0.191433 0.243901
vt 0.193862 0.238359
vt 0.193114 0.244481
vt 0.195729 0.239008
vt 0.194683 0.245394
vt 0.197518 0.239907
vt 0.094208 0.259788
vt 0.091946 0.259317
vt 0.096157 0.259431
vt 0.102503 0.263382
vt 0.097408 0.257424
vt 0.103150 0.260633
vt 0.098309 0.254604
vt 0.103877 0.257858
vt 0.099250 0.251808
vt 0.104602 0.255041
vt 0.100204 0.248998
vt 0.105267 0.252169
vt 0.101148 0.246135
vt 0.106114 0.249657
vt 0.102265 0.243610
vt 0.107300 0.247946
vt 0.103661 0.241845
vt 0.108637 0.246677
vt 0.105204 0.240507
vt 0.110013 0.245460
vt 0.106814 0.239233
vt 0.111480 0.244369
vt 0.108514 0.238084
vt 0.113053 0.243483
vt 0.110297 0.237129
vt 0.114685 0.242714
vt 0.112119 0.236290
vt 0.116327 0.241976
vt 0.113935 0.235483
vt 0.117999 0.241374
vt 0.115756 0.234805
vt 0.119704 0.241075
vt 0.117570 0.234344
vt 0.121534 0.241089
vt 0.119487 0.234193
vt 0.123684 0.241461
vt 0.121683 0.234404
vt 0.126045 0.241874
vt 0.124037 0.234677
vt 0.128473 0.242021
vt 0.126420 0.234716
vt 0.130905 0.242042
vt 0.128777 0.234643
vt 0.133301 0.242070
vt 0.131081 0.234573
vt 0.135761 0.242254
vt 0.133437 0.234641
vt 0.138323 0.242766
vt 0.135881 0.235018
vt 0.143976 0.245033
vt 0.138003 0.234965
vt 0.063357 0.262649
vt 0.061434 0.263022
vt 0.065365 0.261647
vt 0.067432 0.260754
vt 0.069555 0.259980
vt 0.071728 0.259335
vt 0.073942 0.258826
vt 0.076188 0.258459
vt 0.078453 0.258231
vt 0.080725 0.258141
vt 0.082996 0.258177
vt 0.085256 0.258330
vt 0.087502 0.258580
vt 0.089730 0.258909
vt 0.111588 0.334474
vt 0.109234 0.334974
vt 0.113943 0.333964
vt 0.116229 0.333452
vt 0.118484 0.332942
vt 0.120785 0.332432
vt 0.123118 0.331923
vt 0.125452 0.331418
vt 0.127789 0.330922
vt 0.130127 0.330437
vt 0.132466 0.329964
vt 0.134807 0.329506
vt 0.137149 0.329064
vt 0.139492 0.328640
vt 0.141845 0.328230
vt 0.144200 0.327839
vt 0.146559 0.327467
vt 0.148921 0.327116
vt 0.151288 0.326783
vt 0.153660 0.326469
vt 0.156038 0.326172
vt 0.158422 0.325889
vt 0.066773 0.342355
vt 0.064406 0.342819
vt 0.069145 0.341921
vt 0.071522 0.341512
vt 0.073903 0.341122
vt 0.076286 0.340748
vt 0.078670 0.340384
vt 0.081051 0.340025
vt 0.083430 0.339667
vt 0.085806 0.339306
vt 0.088176 0.338937
vt 0.090539 0.338558
vt 0.092894 0.338164
vt 0.095240 0.337755
vt 0.097585 0.337328
vt 0.099922 0.336884
vt 0.102254 0.336426
vt 0.104582 0.335953
vt 0.106906 0.335467
vt 0.233757 0.123594
vt 0.232888 0.123836
vt 0.234456 0.123374
vt 0.241446 0.090897
vt 0.240697 0.091130
vt 0.239766 0.091386
vt 0.232005 0.124023
vt 0.231112 0.124147
vt 0.238820 0.091583
vt 0.237863 0.091714
vt 0.230211 0.124201
vt 0.229309 0.124182
vt 0.236898 0.091771
vt 0.235932 0.091748
vt 0.228413 0.124084
vt 0.227527 0.123910
vt 0.234971 0.091643
vt 0.234024 0.091456
vt 0.226661 0.123658
vt 0.225922 0.123389
vt 0.233096 0.091186
vt 0.232305 0.090898
vt 0.231774 0.090657
vt 0.225425 0.123164
vt 0.231356 0.090432
vt 0.225034 0.122955
vt 0.224621 0.122734
vt 0.224126 0.122431
vt 0.230915 0.090195
vt 0.230385 0.089870
vt 0.223472 0.121971
vt 0.222758 0.121417
vt 0.229686 0.089378
vt 0.228924 0.088784
vt 0.222074 0.120826
vt 0.221413 0.120209
vt 0.228194 0.088150
vt 0.227489 0.087488
vt 0.220766 0.119578
vt 0.220123 0.118942
vt 0.226799 0.086811
vt 0.226114 0.086129
vt 0.251844 0.125310
vt 0.251224 0.124653
vt 0.219474 0.118313
vt 0.225421 0.085454
vt 0.260053 0.093001
vt 0.259390 0.092298
vt 0.250577 0.124023
vt 0.249897 0.123429
vt 0.258699 0.091623
vt 0.257972 0.090986
vt 0.249179 0.122880
vt 0.248424 0.122385
vt 0.257205 0.090398
vt 0.256398 0.089867
vt 0.247631 0.121951
vt 0.246804 0.121586
vt 0.255550 0.089402
vt 0.254666 0.089011
vt 0.245948 0.121298
vt 0.245070 0.121087
vt 0.253750 0.088701
vt 0.252811 0.088474
vt 0.244177 0.120956
vt 0.243276 0.120903
vt 0.251856 0.088333
vt 0.250891 0.088276
vt 0.242373 0.120929
vt 0.241476 0.121026
vt 0.249925 0.088301
vt 0.248964 0.088404
vt 0.240588 0.121191
vt 0.239713 0.121414
vt 0.248014 0.088578
vt 0.247077 0.088814
vt 0.238851 0.121684
vt 0.238105 0.121948
vt 0.246154 0.089102
vt 0.245355 0.089381
vt 0.244798 0.089594
vt 0.237585 0.122148
vt 0.244348 0.089774
vt 0.237165 0.122317
vt 0.236739 0.122488
vt 0.236357 0.122644
vt 0.243892 0.089956
vt 0.243482 0.090121
vt 0.243165 0.090247
vt 0.236061 0.122763
vt 0.242904 0.090348
vt 0.235817 0.122858
vt 0.242674 0.090437
vt 0.235602 0.122942
vt 0.242460 0.090521
vt 0.235402 0.123020
vt 0.242247 0.090603
vt 0.235204 0.123098
vt 0.242036 0.090685
vt 0.235007 0.123175
vt 0.234813 0.123250
vt 0.241829 0.090765
vt 0.036529 0.084720
vt 0.035525 0.085620
vt 0.037608 0.083910
vt 0.019768 0.023364
vt 0.018607 0.024231
vt 0.017527 0.025195
vt 0.034595 0.086598
vt 0.033733 0.087636
vt 0.016526 0.026241
vt 0.015599 0.027354
vt 0.032930 0.088721
vt 0.032168 0.089834
vt 0.014734 0.028516
vt 0.013915 0.029710
vt 0.031428 0.090962
vt 0.030685 0.092088
vt 0.013119 0.030920
vt 0.012323 0.032129
vt 0.029919 0.093198
vt 0.029107 0.094275
vt 0.011500 0.033320
vt 0.010630 0.034477
vt 0.028234 0.095304
vt 0.027292 0.096270
vt 0.009694 0.035582
vt 0.008685 0.036620
vt 0.026276 0.097160
vt 0.025185 0.097958
vt 0.007596 0.037576
vt 0.006429 0.038433
vt 0.069784 0.085519
vt 0.068531 0.086030
vt 0.070982 0.084893
vt 0.055603 0.024446
vt 0.054320 0.025117
vt 0.052978 0.025662
vt 0.067235 0.086415
vt 0.065909 0.086671
vt 0.051589 0.026072
vt 0.050167 0.026343
vt 0.064564 0.086796
vt 0.063215 0.086792
vt 0.048724 0.026471
vt 0.047276 0.026461
vt 0.061873 0.086664
vt 0.060547 0.086422
vt 0.045836 0.026320
vt 0.044413 0.026056
vt 0.059244 0.086076
vt 0.057967 0.085645
vt 0.043014 0.025683
vt 0.041642 0.025218
vt 0.056714 0.085147
vt 0.055478 0.084605
vt 0.040296 0.024683
vt 0.038969 0.024101
vt 0.054250 0.084046
vt 0.053020 0.083493
vt 0.037651 0.023502
vt 0.036329 0.022911
vt 0.051776 0.082972
vt 0.050511 0.082504
vt 0.034993 0.022355
vt 0.033634 0.021856
vt 0.049221 0.082113
vt 0.047905 0.081816
vt 0.032248 0.021438
vt 0.030834 0.021121
vt 0.046570 0.081629
vt 0.045223 0.081563
vt 0.029400 0.020922
vt 0.027953 0.020853
vt 0.043877 0.081628
vt 0.042544 0.081824
vt 0.026506 0.020922
vt 0.025074 0.021132
vt 0.041237 0.082156
vt 0.039971 0.082618
vt 0.023670 0.021487
vt 0.022309 0.021981
vt 0.038758 0.083206
vt 0.021005 0.022611
vt 0.012464 0.003453
vt 0.011358 0.004439
vt 0.013651 0.002567
vt 0.502556 0.698285
vt 0.496448 0.697938
vt 0.508335 0.699947
vt 0.010334 0.005509
vt 0.009385 0.006646
vt 0.513982 0.702233
vt 0.518964 0.705545
vt 0.008500 0.007834
vt 0.007661 0.009055
vt 0.523570 0.709486
vt 0.527298 0.714128
vt 0.006847 0.010293
vt 0.006031 0.011529
vt 0.530425 0.719280
vt 0.532553 0.724811
vt 0.005189 0.012747
vt 0.004298 0.013930
vt 0.533926 0.730635
vt 0.534257 0.736523
vt 0.003341 0.015060
vt 0.002308 0.016121
vt 0.533780 0.742445
vt 0.532297 0.748081
vt 0.001194 0.017098
vt 0.000000 0.017974
vt 0.530170 0.753391
vt 0.527590 0.758048
vt 0.048995 0.004357
vt 0.047623 0.004915
vt 0.050308 0.003670
vt 0.522892 0.763341
vt 0.526539 0.759264
vt 0.518456 0.766975
vt 0.046203 0.005334
vt 0.044748 0.005611
vt 0.513515 0.770104
vt 0.508039 0.772268
vt 0.043272 0.005743
vt 0.041791 0.005733
vt 0.502350 0.773729
vt 0.496439 0.774150
vt 0.040318 0.005588
vt 0.038862 0.005319
vt 0.490563 0.773797
vt 0.484795 0.772392
vt 0.037430 0.004938
vt 0.036027 0.004463
vt 0.479308 0.770250
vt 0.474217 0.767142
vt 0.034650 0.003915
vt 0.033292 0.003321
vt 0.469633 0.763406
vt 0.465716 0.758861
vt 0.031943 0.002709
vt 0.030591 0.002105
vt 0.462484 0.753884
vt 0.460154 0.748321
vt 0.029224 0.001535
vt 0.027834 0.001026
vt 0.458588 0.742576
vt 0.458118 0.736531
vt 0.026416 0.000599
vt 0.024970 0.000274
vt 0.458361 0.730550
vt 0.459844 0.724634
vt 0.023503 0.000071
vt 0.022023 0.000000
vt 0.461892 0.718972
vt 0.465217 0.713832
vt 0.020543 0.000071
vt 0.019078 0.000286
vt 0.468907 0.709039
vt 0.473729 0.705245
vt 0.017642 0.000648
vt 0.016250 0.001153
vt 0.478752 0.701799
vt 0.484497 0.699764
vt 0.014916 0.001797
vt 0.490406 0.698109
vt 0.443766 0.758558
vt 0.443385 0.757229
vt 0.244586 0.078973
vt 0.244802 0.078889
vt 0.245020 0.078805
vt 0.443035 0.755843
vt 0.244374 0.079055
vt 0.243982 0.079190
vt 0.444186 0.759828
vt 0.444786 0.762179
vt 0.243215 0.079428
vt 0.242261 0.079690
vt 0.445419 0.766968
vt 0.445603 0.772792
vt 0.241292 0.079892
vt 0.240312 0.080026
vt 0.444923 0.778635
vt 0.443351 0.784171
vt 0.239325 0.080083
vt 0.238336 0.080060
vt 0.441048 0.789509
vt 0.437913 0.794291
vt 0.237352 0.079953
vt 0.236382 0.079762
vt 0.434231 0.798738
vt 0.429753 0.802368
vt 0.235433 0.079485
vt 0.234624 0.079190
vt 0.424978 0.805504
vt 0.420442 0.807720
vt 0.414442 0.810010
vt 0.417229 0.809030
vt 0.233652 0.078714
vt 0.234080 0.078944
vt 0.233201 0.078471
vt 0.232659 0.078138
vt 0.411257 0.810526
vt 0.407429 0.810336
vt 0.231945 0.077635
vt 0.231165 0.077026
vt 0.402359 0.809682
vt 0.396617 0.808394
vt 0.230419 0.076377
vt 0.229698 0.075700
vt 0.391162 0.806377
vt 0.385904 0.803560
vt 0.228993 0.075006
vt 0.228292 0.074308
vt 0.381303 0.799993
vt 0.377216 0.795915
vt 0.263027 0.081354
vt 0.262349 0.080634
vt 0.227585 0.073617
vt 0.374110 0.791939
vt 0.370255 0.783721
vt 0.370334 0.787708
vt 0.261642 0.079943
vt 0.260899 0.079291
vt 0.368715 0.778625
vt 0.367835 0.772522
vt 0.260115 0.078688
vt 0.259289 0.078144
vt 0.367921 0.766303
vt 0.369233 0.759890
vt 0.258421 0.077668
vt 0.257517 0.077267
vt 0.371291 0.753820
vt 0.374828 0.748178
vt 0.256580 0.076949
vt 0.255619 0.076716
vt 0.378749 0.742939
vt 0.383957 0.739018
vt 0.254641 0.076571
vt 0.253654 0.076512
vt 0.389523 0.735370
vt 0.395638 0.733320
vt 0.252665 0.076538
vt 0.251681 0.076642
vt 0.402091 0.731881
vt 0.408451 0.731830
vt 0.250708 0.076820
vt 0.249749 0.077061
vt 0.414905 0.732701
vt 0.420858 0.734560
vt 0.248804 0.077355
vt 0.247986 0.077640
vt 0.426494 0.737459
vt 0.430852 0.740373
vt 0.436362 0.744321
vt 0.433895 0.742459
vt 0.246954 0.078042
vt 0.247415 0.077858
vt 0.246487 0.078228
vt 0.246067 0.078396
vt 0.438832 0.746449
vt 0.440761 0.748761
vt 0.442336 0.752792
vt 0.441786 0.750907
vt 0.245475 0.078629
vt 0.245743 0.078526
vt 0.442704 0.754398
vt 0.245239 0.078720
f 1/1/1 2/2/2 3/3/3
f 1/1/1 3/3/3 4/4/4
f 2/2/2 5/5/5 6/6/6
f 2/2/2 6/6/6 3/3/3
f 3/3/3 6/6/6 7/7/7
f 3/3/3 7/7/7 8/8/8
f 4/4/4 3/3/3 8/8/8
f 4/4/4 8/8/8 9/9/9
f 9/9/9 10/10/10 11/11/11
f 9/9/9 11/11/11 4/4/4
f 10/10/10 12/12/12 13/13/13
f 10/10/10 13/13/13 11/11/11
f 11/11/11 13/13/13 14/14/14
f 11/11/11 14/14/14 15/15/15
f 4/4/4 11/11/11 15/15/15
f 4/4/4 15/15/15 1/1/1
f 16/16/16 17/17/17 18/18/18
f 16/16/16 18/18/18 19/19/19
f 20/20/20 21/21/21 18/18/18
f 20/20/20 18/18/18 17/17/17
f 22/22/22 19/19/19 18/18/18
f 22/22/22 18/18/18 21/21/21
f 20/20/20 23/23/23 24/24/24
f 20/20/20 24/24/24 21/21/21
f 25/25/25 26/26/26 24/24/24
f 25/25/25 24/24/24 23/23/23
f 22/22/22 21/21/21 24/24/24
f 22/22/22 24/24/24 26/26/26
f 25/25/25 27/27/27 28/28/28
f 25/25/25 28/28/28 26/26/26
f 29/29/29 30/30/30 28/28/28
f 29/29/29 28/28/28 27/27/27
f 22/22/22 26/26/26 28/28/28
f 22/22/22 28/28/28 30/30/30
f 29/29/29 31/31/31 32/32/32
f 29/29/29 32/32/32 30/30/30
f 33/33/33 34/34/34 32/32/32
f 33/33/33 32/32/32 31/31/31
f 22/22/22 30/30/30 32/32/32
f 22/22/22 32/32/32 34/34/34
f 33/33/33 35/35/35 36/36/36
f 33/33/33 36/36/36 34/34/34
f 37/37/37 38/38/38 36/36/36
f 37/37/37 36/36/36 35/35/35
f 22/22/22 34/34/34 36/36/36
f 22/22/22 36/36/36 38/38/38
f 37/37/37 39/39/39 40/40/40
f 37/37/37 40/40/40 38/38/38
f 41/41/41 42/42/42 40/40/40
f 41/41/41 40/40/40 39/39/39
f 22/22/22 38/38/38 40/40/40
f 22/22/22 40/40/40 42/42/42
f 41/41/41 43/43/43 44/44/44
f 41/41/41 44/44/44 42/42/42
f 45/45/45 46/46/46 44/44/44
f 45/45/45 44/44/44 43/43/43
f 22/22/22 42/42/42 44/44/44
f 22/22/22 44/44/44 46/46/46
f 45/45/45 47/47/47 48/48/48
f 45/45/45 48/48/48 46/46/46
f 49/49/49 50/50/50 48/48/48
f 49/49/49 48/48/48 47/47/47
f 22/22/22 46/46/46 48/48/48
f 22/22/22 48/48/48 50/50/50
f 49/49/49 51/51/51 52/52/52
f 49/49/49 52/52/52 50/50/50
f 53/53/53 54/54/54 52/52/52
f 53/53/53 52/52/52 51/51/51
f 22/22/22 50/50/50 52/52/52
f 22/22/22 52/52/52 54/54/54
f 53/53/53 55/55/55 56/56/56
f 53/53/53 56/56/56 54/54/54
f 57/57/57 58/58/58 56/56/56
f 57/57/57 56/56/56 55/55/55
f 22/22/22 54/54/54 56/56/56
f 22/22/22 56/56/56 58/58/58
f 57/57/57 59/59/59 60/60/60
f 57/57/57 60/60/60 58/58/58
f 61/61/61 62/62/62 60/60/60
f 61/61/61 60/60/60 59/59/59
f 22/22/22 58/58/58 60/60/60
f 22/22/22 60/60/60 62/62/62
f 61/61/61 63/63/63 64/64/64
f 61/61/61 64/64/64 62/62/62
f 65/65/65 66/66/66 64/64/64
f 65/65/65 64/64/64 63/63/63
f 22/22/22 62/62/62 64/64/64
f 22/22/22 64/64/64 66/66/66
f 65/65/65 67/67/67 68/68/68
f 65/65/65 68/68/68 66/66/66
f 67/67/67 69/69/69 70/70/70
f 67/67/67 70/70/70 68/68/68
f 68/68/68 70/70/70 71/71/71
f 68/68/68 71/71/71 72/72/72
f 66/66/66 68/68/68 72/72/72
f 66/66/66 72/72/72 22/22/22
f 71/71/71 73/73/73 74/74/74
f 71/71/71 74/74/74 72/72/72
f 75/75/75 76/76/76 74/74/74
f 75/75/75 74/74/74 73/73/73
f 22/22/22 72/72/72 74/74/74
f 22/22/22 74/74/74 76/76/76
f 75/75/75 77/77/77 78/78/78
f 75/75/75 78/78/78 76/76/76
f 79/79/79 80/80/80 78/78/78
f 79/79/79 78/78/78 77/77/77
f 22/22/22 76/76/76 78/78/78
f 22/22/22 78/78/78 80/80/80
f 79/79/79 81/81/81 82/82/82
f 79/79/79 82/82/82 80/80/80
f 83/83/83 84/84/84 82/82/82
f 83/83/83 82/82/82 81/81/81
f 22/22/22 80/80/80 82/82/82
f 22/22/22 82/82/82 84/84/84
f 83/83/83 85/85/85 86/86/86
f 83/83/83 86/86/86 84/84/84
f 87/87/87 88/88/88 86/86/86
f 87/87/87 86/86/86 85/85/85
f 22/22/22 84/84/84 86/86/86
f 22/22/22 86/86/86 88/88/88
f 87/87/87 89/89/89 90/90/90
f 87/87/87 90/90/90 88/88/88
f 91/91/91 92/92/92 90/90/90
f 91/91/91 90/90/90 89/89/89
f 22/22/22 88/88/88 90/90/90
f 22/22/22 90/90/90 92/92/92
f 93/93/93 94/94/94 95/95/95
f 93/93/93 95/95/95 96/96/96
f 94/94/94 97/97/97 98/98/98
f 94/94/94 98/98/98 95/95/95
f 95/95/95 98/98/98 99/99/99
f 95/95/95 99/99/99 100/100/100
f 96/96/96 95/95/95 100/100/100
f 96/96/96 100/100/100 101/101/101
f 102/102/102 103/103/103 104/104/104
f 102/102/102 104/104/104 105/105/105
f 103/103/103 106/106/106 107/107/107
f 103/103/103 107/107/107 104/104/104
f 104/104/104 107/107/107 108/108/108
f 104/104/104 108/108/108 109/109/109
f 105/105/105 104/104/104 109/109/109
f 105/105/105 109/109/109 110/110/110
f 111/111/111 112/112/112 113/113/113
f 111/111/111 113/113/113 114/114/114
f 112/112/112 115/115/115 116/116/116
f 112/112/112 116/116/116 113/113/113
f 113/113/113 116/116/116 117/117/117
f 113/113/113 117/117/117 118/118/118
f 114/114/114 113/113/113 118/118/118
f 114/114/114 118/118/118 119/119/119
f 115/115/115 120/120/120 121/121/121
f 115/115/115 121/121/121 116/116/116
f 120/120/120 122/122/122 123/123/123
f 120/120/120 123/123/123 121/121/121
f 121/121/121 123/123/123 124/124/124
f 121/121/121 124/124/124 125/125/125
f 116/116/116 121/121/121 125/125/125
f 116/116/116 125/125/125 117/117/117
f 122/122/122 126/126/126 127/127/127
f 122/122/122 127/127/127 123/123/123
f 126/126/126 128/128/128 129/129/129
f 126/126/126 129/129/129 127/127/127
f 127/127/127 129/129/129 130/130/130
f 127/127/127 130/130/130 131/131/131
f 123/123/123 127/127/127 131/131/131
f 123/123/123 131/131/131 124/124/124
f 128/128/128 132/132/132 133/133/133
f 128/128/128 133/133/133 129/129/129
f 132/132/132 134/134/134 135/135/135
f 132/132/132 135/135/135 133/133/133
f 133/133/133 135/135/135 136/136/136
f 133/133/133 136/136/136 137/137/137
f 129/129/129 133/133/133 137/137/137
f 129/129/129 137/137/137 130/130/130
f 134/134/134 138/138/138 139/139/139
f 134/134/134 139/139/139 135/135/135
f 138/138/138 140/140/140 141/141/141
f 138/138/138 141/141/141 139/139/139
f 139/139/139 141/141/141 142/142/142
f 139/139/139 142/142/142 143/143/143
f 135/135/135 139/139/139 143/143/143
f 135/135/135 143/143/143 136/136/136
f 140/140/140 144/144/144 145/145/145
f 140/140/140 145/145/145 141/141/141
f 144/144/144 146/146/146 147/147/147
f 144/144/144 147/147/147 145/145/145
f 145/145/145 147/147/147 148/148/148
f 145/145/145 148/148/148 149/149/149
f 141/141/141 145/145/145 149/149/149
f 141/141/141 149/149/149 142/142/142
f 146/146/146 150/150/150 151/151/151
f 146/146/146 151/151/151 147/147/147
f 150/150/150 152/152/152 153/153/153
f 150/150/150 153/153/153 151/151/151
f 151/151/151 153/153/153 154/154/154
f 151/151/151 154/154/154 155/155/155
f 147/147/147 151/151/151 155/155/155
f 147/147/147 155/155/155 148/148/148
f 152/152/152 156/156/156 157/157/157
f 152/152/152 157/157/157 153/153/153
f 156/156/156 158/158/158 159/159/159
f 156/156/156 159/159/159 157/157/157
f 157/157/157 159/159/159 160/160/160
f 157/157/157 160/160/160 161/161/161
f 153/153/153 157/157/157 161/161/161
f 153/153/153 161/161/161 154/154/154
f 158/158/158 162/162/162 163/163/163
f 158/158/158 163/163/163 159/159/159
f 164/164/164 165/165/165 166/166/166
f 164/164/164 166/166/166 167/167/167
f 167/167/167 166/166/166 168/168/168
f 167/167/167 168/168/168 169/169/169
f 159/159/159 163/163/163 170/170/170
f 159/159/159 170/170/170 160/160/160
f 165/165/165 171/171/171 172/172/172
f 165/165/165 172/172/172 166/166/166
f 171/171/171 173/173/173 174/174/174
f 171/171/171 174/174/174 172/172/172
f 172/172/172 174/174/174 175/175/175
f 172/172/172 175/175/175 176/176/176
f 166/166/166 172/172/172 176/176/176
f 166/166/166 176/176/176 168/168/168
f 173/173/173 177/177/177 178/178/178
f 173/173/173 178/178/178 174/174/174
f 177/177/177 179/179/179 180/180/180
f 177/177/177 180/180/180 178/178/178
f 178/178/178 180/180/180 181/181/181
f 178/178/178 181/181/181 182/182/182
f 174/174/174 178/178/178 182/182/182
f 174/174/174 182/182/182 175/175/175
f 179/179/179 183/183/183 184/184/184
f 179/179/179 184/184/184 180/180/180
f 183/183/183 185/185/185 186/186/186
f 183/183/183 186/186/186 184/184/184
f 184/184/184 186/186/186 187/187/187
f 184/184/184 187/187/187 188/188/188
f 180/180/180 184/184/184 188/188/188
f 180/180/180 188/188/188 181/181/181
f 185/185/185 189/189/189 190/190/190
f 185/185/185 190/190/190 186/186/186
f 189/189/189 191/191/191 192/192/192
f 189/189/189 192/192/192 190/190/190
f 190/190/190 192/192/192 193/193/193
f 190/190/190 193/193/193 194/194/194
f 186/186/186 190/190/190 194/194/194
f 186/186/186 194/194/194 187/187/187
f 195/195/195 196/196/196 197/197/197
f 195/195/195 197/197/197 198/198/198
f 196/196/196 199/199/199 200/200/200
f 196/196/196 200/200/200 197/197/197
f 197/197/197 200/200/200 201/201/201
f 197/197/197 201/201/201 202/202/202
f 198/198/198 197/197/197 202/202/202
f 198/198/198 202/202/202 203/203/203
f 199/199/199 204/204/204 205/205/205
f 199/199/199 205/205/205 200/200/200
f 204/204/204 206/206/206 207/207/207
f 204/204/204 207/207/207 205/205/205
f 205/205/205 207/207/207 208/208/208
f 205/205/205 208/208/208 209/209/209
f 200/200/200 205/205/205 209/209/209
f 200/200/200 209/209/209 201/201/201
f 206/206/206 210/210/210 211/211/211
f 206/206/206 211/211/211 207/207/207
f 210/210/210 212/212/212 213/213/213
f 210/210/210 213/213/213 211/211/211
f 211/211/211 213/213/213 214/214/214
f 211/211/211 214/214/214 215/215/215
f 207/207/207 211/211/211 215/215/215
f 207/207/207 215/215/215 208/208/208
f 212/212/212 216/216/216 217/217/217
f 212/212/212 217/217/217 213/213/213
f 216/216/216 218/218/218 219/219/219
f 216/216/216 219/219/219 217/217/217
f 217/217/217 219/219/219 220/220/220
f 217/217/217 220/220/220 221/221/221
f 213/213/213 217/217/217 221/221/221
f 213/213/213 221/221/221 214/214/214
f 218/218/218 222/222/222 223/223/223
f 218/218/218 223/223/223 219/219/219
f 222/222/222 224/224/224 225/225/225
f 222/222/222 225/225/225 223/223/223
f 223/223/223 225/225/225 226/226/226
f 223/223/223 226/226/226 227/227/227
f 219/219/219 223/223/223 227/227/227
f 219/219/219 227/227/227 220/220/220
f 99/99/99 228/228/228 229/229/229
f 99/99/99 229/229/229 100/100/100
f 228/228/228 230/230/230 231/231/231
f 228/228/228 231/231/231 229/229/229
f 229/229/229 231/231/231 232/232/232
f 229/229/229 232/232/232 233/233/233
f 100/100/100 229/229/229 233/233/233
f 100/100/100 233/233/233 101/101/101
f 106/106/106 234/234/234 235/235/235
f 106/106/106 235/235/235 236/236/236
f 234/234/234 237/237/237 238/238/238
f 234/234/234 238/238/238 235/235/235
f 235/235/235 238/238/238 239/239/239
f 235/235/235 239/239/239 240/240/240
f 236/236/236 235/235/235 240/240/240
f 236/236/236 240/240/240 111/111/111
f 239/239/239 241/241/241 242/242/242
f 239/239/239 242/242/242 240/240/240
f 241/241/241 243/243/243 244/244/244
f 241/241/241 244/244/244 242/242/242
f 242/242/242 244/244/244 115/115/115
f 242/242/242 115/115/115 112/112/112
f 240/240/240 242/242/242 112/112/112
f 240/240/240 112/112/112 111/111/111
f 243/243/243 245/245/245 246/246/246
f 243/243/243 246/246/246 244/244/244
f 245/245/245 247/247/247 248/248/248
f 245/245/245 248/248/248 246/246/246
f 246/246/246 248/248/248 122/122/122
f 246/246/246 122/122/122 120/120/120
f 244/244/244 246/246/246 120/120/120
f 244/244/244 120/120/120 115/115/115
f 247/247/247 249/249/249 250/250/250
f 247/247/247 250/250/250 248/248/248
f 249/249/249 251/251/251 252/252/252
f 249/249/249 252/252/252 250/250/250
f 250/250/250 252/252/252 128/128/128
f 250/250/250 128/128/128 126/126/126
f 248/248/248 250/250/250 126/126/126
f 248/248/248 126/126/126 122/122/122
f 251/251/251 253/253/253 254/254/254
f 251/251/251 254/254/254 252/252/252
f 253/253/253 255/255/255 256/256/256
f 253/253/253 256/256/256 254/254/254
f 254/254/254 256/256/256 134/134/134
f 254/254/254 134/134/134 132/132/132
f 252/252/252 254/254/254 132/132/132
f 252/252/252 132/132/132 128/128/128
f 255/255/255 257/257/257 258/258/258
f 255/255/255 258/258/258 256/256/256
f 257/257/257 259/259/259 260/260/260
f 257/257/257 260/260/260 258/258/258
f 258/258/258 260/260/260 140/140/140
f 258/258/258 140/140/140 138/138/138
f 256/256/256 258/258/258 138/138/138
f 256/256/256 138/138/138 134/134/134
f 259/259/259 261/261/261 262/262/262
f 259/259/259 262/262/262 260/260/260
f 261/261/261 263/263/263 264/264/264
f 261/261/261 264/264/264 262/262/262
f 262/262/262 264/264/264 146/146/146
f 262/262/262 146/146/146 144/144/144
f 260/260/260 262/262/262 144/144/144
f 260/260/260 144/144/144 140/140/140
f 263/263/263 265/265/265 266/266/266
f 263/263/263 266/266/266 264/264/264
f 265/265/265 267/267/267 268/268/268
f 265/265/265 268/268/268 266/266/266
f 266/266/266 268/268/268 152/152/152
f 266/266/266 152/152/152 150/150/150
f 264/264/264 266/266/266 150/150/150
f 264/264/264 150/150/150 146/146/146
f 267/267/267 269/269/269 270/270/270
f 267/267/267 270/270/270 268/268/268
f 269/269/269 271/271/271 272/272/272
f 269/269/269 272/272/272 270/270/270
f 270/270/270 272/272/272 158/158/158
f 270/270/270 158/158/158 156/156/156
f 268/268/268 270/270/270 156/156/156
f 268/268/268 156/156/156 152/152/152
f 271/271/271 273/273/273 274/274/274
f 271/271/271 274/274/274 272/272/272
f 275/275/275 276/276/276 277/277/277
f 275/275/275 277/277/277 278/278/278
f 278/278/278 277/277/277 165/165/165
f 278/278/278 165/165/165 164/164/164
f 272/272/272 274/274/274 162/162/162
f 272/272/272 162/162/162 158/158/158
f 276/276/276 279/279/279 280/280/280
f 276/276/276 280/280/280 277/277/277
f 279/279/279 281/281/281 282/282/282
f 279/279/279 282/282/282 280/280/280
f 280/280/280 282/282/282 173/173/173
f 280/280/280 173/173/173 171/171/171
f 277/277/277 280/280/280 171/171/171
f 277/277/277 171/171/171 165/165/165
f 281/281/281 283/283/283 284/284/284
f 281/281/281 284/284/284 282/282/282
f 283/283/283 285/285/285 286/286/286
f 283/283/283 286/286/286 284/284/284
f 284/284/284 286/286/286 179/179/179
f 284/284/284 179/179/179 177/177/177
f 282/282/282 284/284/284 177/177/177
f 282/282/282 177/177/177 173/173/173
f 285/285/285 287/287/287 288/288/288
f 285/285/285 288/288/288 286/286/286
f 287/287/287 289/289/289 290/290/290
f 287/287/287 290/290/290 288/288/288
f 288/288/288 290/290/290 185/185/185
f 288/288/288 185/185/185 183/183/183
f 286/286/286 288/288/288 183/183/183
f 286/286/286 183/183/183 179/179/179
f 289/289/289 291/291/291 292/292/292
f 289/289/289 292/292/292 290/290/290
f 291/291/291 293/293/293 294/294/294
f 291/291/291 294/294/294 292/292/292
f 292/292/292 294/294/294 191/191/191
f 292/292/292 191/191/191 189/189/189
f 290/290/290 292/292/292 189/189/189
f 290/290/290 189/189/189 185/185/185
f 295/295/295 296/296/296 297/297/297
f 295/295/295 297/297/297 298/298/298
f 296/296/296 299/299/299 300/300/300
f 296/296/296 300/300/300 297/297/297
f 297/297/297 300/300/300 199/199/199
f 297/297/297 199/199/199 196/196/196
f 298/298/298 297/297/297 196/196/196
f 298/298/298 196/196/196 195/195/195
f 299/299/299 301/301/301 302/302/302
f 299/299/299 302/302/302 300/300/300
f 301/301/301 303/303/303 304/304/304
f 301/301/301 304/304/304 302/302/302
f 302/302/302 304/304/304 206/206/206
f 302/302/302 206/206/206 204/204/204
f 300/300/300 302/302/302 204/204/204
f 300/300/300 204/204/204 199/199/199
f 303/303/303 305/305/305 306/306/306
f 303/303/303 306/306/306 304/304/304
f 305/305/305 307/307/307 308/308/308
f 305/305/305 308/308/308 306/306/306
f 306/306/306 308/308/308 212/212/212
f 306/306/306 212/212/212 210/210/210
f 304/304/304 306/306/306 210/210/210
f 304/304/304 210/210/210 206/206/206
f 307/307/307 309/309/309 310/310/310
f 307/307/307 310/310/310 308/308/308
f 309/309/309 311/311/311 312/312/312
f 309/309/309 312/312/312 310/310/310
f 310/310/310 312/312/312 218/218/218
f 310/310/310 218/218/218 216/216/216
f 308/308/308 310/310/310 216/216/216
f 308/308/308 216/216/216 212/212/212
f 311/311/311 313/313/313 314/314/314
f 311/311/311 314/314/314 312/312/312
f 313/313/313 315/315/315 316/316/316
f 313/313/313 316/316/316 314/314/314
f 314/314/314 316/316/316 224/224/224
f 314/314/314 224/224/224 222/222/222
f 312/312/312 314/314/314 222/222/222
f 312/312/312 222/222/222 218/218/218
f 191/191/191 294/294/294 317/317/317
f 191/191/191 317/317/317 318/318/318
f 294/294/294 293/293/293 319/319/319
f 294/294/294 319/319/319 317/317/317
f 317/317/317 319/319/319 295/295/295
f 317/317/317 295/295/295 298/298/298
f 318/318/318 317/317/317 298/298/298
f 318/318/318 298/298/298 195/195/195
f 203/203/203 320/320/320 321/321/321
f 203/203/203 321/321/321 198/198/198
f 320/320/320 193/193/193 192/192/192
f 320/320/320 192/192/192 321/321/321
f 321/321/321 192/192/192 191/191/191
f 321/321/321 191/191/191 318/318/318
f 198/198/198 321/321/321 318/318/318
f 198/198/198 318/318/318 195/195/195
f 101/101/101 233/233/233 322/322/322
f 101/101/101 322/322/322 323/323/323
f 233/233/233 232/232/232 324/324/324
f 233/233/233 324/324/324 322/322/322
f 322/322/322 324/324/324 325/325/325
f 322/322/322 325/325/325 326/326/326
f 323/323/323 322/322/322 326/326/326
f 323/323/323 326/326/326 102/102/102
f 110/110/110 327/327/327 328/328/328
f 110/110/110 328/328/328 105/105/105
f 327/327/327 93/93/93 96/96/96
f 327/327/327 96/96/96 328/328/328
f 328/328/328 96/96/96 101/101/101
f 328/328/328 101/101/101 323/323/323
f 105/105/105 328/328/328 323/323/323
f 105/105/105 323/323/323 102/102/102
f 14/14/14 329/329/329 330/330/330
f 14/14/14 330/330/330 15/15/15
f 329/329/329 331/331/331 332/332/332
f 329/329/329 332/332/332 330/330/330
f 330/330/330 332/332/332 5/5/5
f 330/330/330 5/5/5 2/2/2
f 15/15/15 330/330/330 2/2/2
f 15/15/15 2/2/2 1/1/1
f 97/97/97 333/333/333 334/334/334
f 97/97/97 334/334/334 98/98/98
f 333/333/333 335/335/335 336/336/336
f 333/333/333 336/336/336 334/334/334
f 334/334/334 336/336/336 337/337/337
f 334/334/334 337/337/337 338/338/338
f 98/98/98 334/334/334 338/338/338
f 98/98/98 338/338/338 99/99/99
f 337/337/337 339/339/339 340/340/340
f 337/337/337 340/340/340 338/338/338
f 339/339/339 341/341/341 342/342/342
f 339/339/339 342/342/342 340/340/340
f 340/340/340 342/342/342 230/230/230
f 340/340/340 230/230/230 228/228/228
f 338/338/338 340/340/340 228/228/228
f 338/338/338 228/228/228 99/99/99
f 119/119/119 343/343/343 344/344/344
f 119/119/119 344/344/344 114/114/114
f 343/343/343 108/108/108 107/107/107
f 343/343/343 107/107/107 344/344/344
f 344/344/344 107/107/107 106/106/106
f 344/344/344 106/106/106 236/236/236
f 114/114/114 344/344/344 236/236/236
f 114/114/114 236/236/236 111/111/111
f 14/14/14 13/13/13 345/345/345
f 14/14/14 345/345/345 346/346/346
f 13/13/13 12/12/12 347/347/347
f 13/13/13 347/347/347 345/345/345
f 345/345/345 347/347/347 16/16/16
f 345/345/345 16/16/16 19/19/19
f 346/346/346 345/345/345 19/19/19
f 346/346/346 19/19/19 22/22/22
f 91/91/91 348/348/348 349/349/349
f 91/91/91 349/349/349 92/92/92
f 348/348/348 331/331/331 329/329/329
f 348/348/348 329/329/329 349/349/349
f 349/349/349 329/329/329 14/14/14
f 349/349/349 14/14/14 346/346/346
f 92/92/92 349/349/349 346/346/346
f 92/92/92 346/346/346 22/22/22
f 224/224/224 350/350/350 351/351/351
f 224/224/224 351/351/351 225/225/225
f 350/350/350 337/337/337 336/336/336
f 350/350/350 336/336/336 351/351/351
f 351/351/351 336/336/336 335/335/335
f 351/351/351 335/335/335 352/352/352
f 225/225/225 351/351/351 352/352/352
f 225/225/225 352/352/352 226/226/226
f 315/315/315 353/353/353 354/354/354
f 315/315/315 354/354/354 316/316/316
f 353/353/353 341/341/341 339/339/339
f 353/353/353 339/339/339 354/354/354
f 354/354/354 339/339/339 337/337/337
f 354/354/354 337/337/337 350/350/350
f 316/316/316 354/354/354 350/350/350
f 316/316/316 350/350/350 224/224/224
f 355/355/355 356/356/356 357/357/357
f 355/355/355 357/357/357 358/358/358
f 356/356/356 359/359/359 360/360/360
f 356/356/356 360/360/360 357/357/357
f 357/357/357 360/360/360 361/361/361
f 357/357/357 361/361/361 362/362/362
f 358/358/358 357/357/357 362/362/362
f 358/358/358 362/362/362 363/363/363
f 359/359/359 364/364/364 365/365/365
f 359/359/359 365/365/365 360/360/360
f 364/364/364 366/366/366 367/367/367
f 364/364/364 367/367/367 365/365/365
f 365/365/365 367/367/367 368/368/368
f 365/365/365 368/368/368 369/369/369
f 360/360/360 365/365/365 369/369/369
f 360/360/360 369/369/369 361/361/361
f 366/366/366 370/370/370 371/371/371
f 366/366/366 371/371/371 367/367/367
f 370/370/370 372/372/372 373/373/373
f 370/370/370 373/373/373 371/371/371
f 371/371/371 373/373/373 374/374/374
f 371/371/371 374/374/374 375/375/375
f 367/367/367 371/371/371 375/375/375
f 367/367/367 375/375/375 368/368/368
f 372/372/372 376/376/376 377/377/377
f 372/372/372 377/377/377 373/373/373
f 376/376/376 378/378/378 379/379/379
f 376/376/376 379/379/379 377/377/377
f 377/377/377 379/379/379 380/380/380
f 377/377/377 380/380/380 381/381/381
f 373/373/373 377/377/377 381/381/381
f 373/373/373 381/381/381 374/374/374
f 378/378/378 382/382/382 383/383/383
f 378/378/378 383/383/383 379/379/379
f 382/382/382 384/384/384 385/385/385
f 382/382/382 385/385/385 383/383/383
f 383/383/383 385/385/385 386/386/386
f 383/383/383 386/386/386 387/387/387
f 379/379/379 383/383/383 387/387/387
f 379/379/379 387/387/387 380/380/380
f 384/384/384 388/388/388 389/389/389
f 384/384/384 389/389/389 385/385/385
f 388/388/388 390/390/390 391/391/391
f 388/388/388 391/391/391 389/389/389
f 389/389/389 391/391/391 392/392/392
f 389/389/389 392/392/392 393/393/393
f 385/385/385 389/389/389 393/393/393
f 385/385/385 393/393/393 386/386/386
f 390/390/390 394/394/394 395/395/395
f 390/390/390 395/395/395 391/391/391
f 394/394/394 396/396/396 397/397/397
f 394/394/394 397/397/397 395/395/395
f 395/395/395 397/397/397 398/398/398
f 395/395/395 398/398/398 399/399/399
f 391/391/391 395/395/395 399/399/399
f 391/391/391 399/399/399 392/392/392
f 396/396/396 400/400/400 401/401/401
f 396/396/396 401/401/401 397/397/397
f 400/400/400 402/402/402 403/403/403
f 400/400/400 403/403/403 401/401/401
f 401/401/401 403/403/403 404/404/404
f 401/401/401 404/404/404 405/405/405
f 397/397/397 401/401/401 405/405/405
f 397/397/397 405/405/405 398/398/398
f 402/402/402 406/406/406 407/407/407
f 402/402/402 407/407/407 403/403/403
f 406/406/406 408/408/408 409/409/409
f 406/406/406 409/409/409 407/407/407
f 407/407/407 409/409/409 410/410/410
f 407/407/407 410/410/410 411/411/411
f 403/403/403 407/407/407 411/411/411
f 403/403/403 411/411/411 404/404/404
f 408/408/408 412/412/412 413/413/413
f 408/408/408 413/413/413 409/409/409
f 412/412/412 414/414/414 415/415/415
f 412/412/412 415/415/415 413/413/413
f 413/413/413 415/415/415 416/416/416
f 413/413/413 416/416/416 417/417/417
f 409/409/409 413/413/413 417/417/417
f 409/409/409 417/417/417 410/410/410
f 414/414/414 418/418/418 419/419/419
f 414/414/414 419/419/419 415/415/415
f 420/420/420 421/421/421 422/422/422
f 420/420/420 422/422/422 423/423/423
f 423/423/423 422/422/422 424/424/424
f 423/423/423 424/424/424 425/425/425
f 415/415/415 419/419/419 426/426/426
f 415/415/415 426/426/426 416/416/416
f 421/421/421 427/427/427 428/428/428
f 421/421/421 428/428/428 422/422/422
f 427/427/427 429/429/429 430/430/430
f 427/427/427 430/430/430 428/428/428
f 428/428/428 430/430/430 431/431/431
f 428/428/428 431/431/431 432/432/432
f 422/422/422 428/428/428 432/432/432
f 422/422/422 432/432/432 424/424/424
f 429/429/429 433/433/433 434/434/434
f 429/429/429 434/434/434 430/430/430
f 433/433/433 435/435/435 436/436/436
f 433/433/433 436/436/436 434/434/434
f 434/434/434 436/436/436 437/437/437
f 434/434/434 437/437/437 438/438/438
f 430/430/430 434/434/434 438/438/438
f 430/430/430 438/438/438 431/431/431
f 435/435/435 439/439/439 440/440/440
f 435/435/435 440/440/440 436/436/436
f 439/439/439 441/441/441 442/442/442
f 439/439/439 442/442/442 440/440/440
f 440/440/440 442/442/442 443/443/443
f 440/440/440 443/443/443 444/444/444
f 436/436/436 440/440/440 444/444/444
f 436/436/436 444/444/444 437/437/437
f 441/441/441 445/445/445 446/446/446
f 441/441/441 446/446/446 442/442/442
f 445/445/445 447/447/447 448/448/448
f 445/445/445 448/448/448 446/446/446
f 446/446/446 448/448/448 449/449/449
f 446/446/446 449/449/449 450/450/450
f 442/442/442 446/446/446 450/450/450
f 442/442/442 450/450/450 443/443/443
f 447/447/447 451/451/451 452/452/452
f 447/447/447 452/452/452 448/448/448
f 451/451/451 453/453/453 454/454/454
f 451/451/451 454/454/454 452/452/452
f 452/452/452 454/454/454 455/455/455
f 452/452/452 455/455/455 456/456/456
f 448/448/448 452/452/452 456/456/456
f 448/448/448 456/456/456 449/449/449
f 453/453/453 457/457/457 458/458/458
f 453/453/453 458/458/458 454/454/454
f 457/457/457 459/459/459 460/460/460
f 457/457/457 460/460/460 458/458/458
f 458/458/458 460/460/460 461/461/461
f 458/458/458 461/461/461 462/462/462
f 454/454/454 458/458/458 462/462/462
f 454/454/454 462/462/462 455/455/455
f 459/459/459 463/463/463 464/464/464
f 459/459/459 464/464/464 460/460/460
f 463/463/463 465/465/465 466/466/466
f 463/463/463 466/466/466 464/464/464
f 464/464/464 466/466/466 467/467/467
f 464/464/464 467/467/467 468/468/468
f 460/460/460 464/464/464 468/468/468
f 460/460/460 468/468/468 461/461/461
f 465/465/465 469/469/469 470/470/470
f 465/465/465 470/470/470 466/466/466
f 469/469/469 471/471/471 472/472/472
f 469/469/469 472/472/472 470/470/470
f 470/470/470 472/472/472 473/473/473
f 470/470/470 473/473/473 474/474/474
f 466/466/466 470/470/470 474/474/474
f 466/466/466 474/474/474 467/467/467
f 471/471/471 475/475/475 476/476/476
f 471/471/471 476/476/476 472/472/472
f 475/475/475 355/355/355 358/358/358
f 475/475/475 358/358/358 476/476/476
f 476/476/476 358/358/358 363/363/363
f 476/476/476 363/363/363 477/477/477
f 472/472/472 476/476/476 477/477/477
f 472/472/472 477/477/477 473/473/473
f 478/478/478 479/479/479 480/480/480
f 478/478/478 480/480/480 481/481/481
f 482/482/482 483/483/483 480/480/480
f 482/482/482 480/480/480 479/479/479
f 484/484/484 481/481/481 480/480/480
f 484/484/484 480/480/480 483/483/483
f 485/485/485 486/486/486 487/487/487
f 485/485/485 487/487/487 488/488/488
f 478/478/478 481/481/481 487/487/487
f 478/478/478 487/487/487 486/486/486
f 484/484/484 488/488/488 487/487/487
f 484/484/484 487/487/487 481/481/481
f 489/489/489 490/490/490 491/491/491
f 489/489/489 491/491/491 492/492/492
f 485/485/485 488/488/488 491/491/491
f 485/485/485 491/491/491 490/490/490
f 484/484/484 492/492/492 491/491/491
f 484/484/484 491/491/491 488/488/488
f 493/493/493 494/494/494 495/495/495
f 493/493/493 495/495/495 496/496/496
f 489/489/489 492/492/492 495/495/495
f 489/489/489 495/495/495 494/494/494
f 484/484/484 496/496/496 495/495/495
f 484/484/484 495/495/495 492/492/492
f 497/497/497 498/498/498 499/499/499
f 497/497/497 499/499/499 500/500/500
f 493/493/493 496/496/496 499/499/499
f 493/493/493 499/499/499 498/498/498
f 484/484/484 500/500/500 499/499/499
f 484/484/484 499/499/499 496/496/496
f 501/501/501 502/502/502 503/503/503
f 501/501/501 503/503/503 504/504/504
f 497/497/497 500/500/500 503/503/503
f 497/497/497 503/503/503 502/502/502
f 484/484/484 504/504/504 503/503/503
f 484/484/484 503/503/503 500/500/500
f 505/505/505 506/506/506 507/507/507
f 505/505/505 507/507/507 508/508/508
f 501/501/501 504/504/504 507/507/507
f 501/501/501 507/507/507 506/506/506
f 484/484/484 508/508/508 507/507/507
f 484/484/484 507/507/507 504/504/504
f 509/509/509 510/510/510 511/511/511
f 509/509/509 511/511/511 512/512/512
f 505/505/505 508/508/508 511/511/511
f 505/505/505 511/511/511 510/510/510
f 484/484/484 512/512/512 511/511/511
f 484/484/484 511/511/511 508/508/508
f 513/513/513 514/514/514 515/515/515
f 513/513/513 515/515/515 516/516/516
f 509/509/509 512/512/512 515/515/515
f 509/509/509 515/515/515 514/514/514
f 484/484/484 516/516/516 515/515/515
f 484/484/484 515/515/515 512/512/512
f 517/517/517 518/518/518 519/519/519
f 517/517/517 519/519/519 520/520/520
f 513/513/513 516/516/516 519/519/519
f 513/513/513 519/519/519 518/518/518
f 484/484/484 520/520/520 519/519/519
f 484/484/484 519/519/519 516/516/516
f 521/521/521 522/522/522 523/523/523
f 521/521/521 523/523/523 524/524/524
f 517/517/517 520/520/520 523/523/523
f 517/517/517 523/523/523 522/522/522
f 484/484/484 524/524/524 523/523/523
f 484/484/484 523/523/523 520/520/520
f 525/525/525 526/526/526 527/527/527
f 525/525/525 527/527/527 528/528/528
f 521/521/521 524/524/524 527/527/527
f 521/521/521 527/527/527 526/526/526
f 484/484/484 528/528/528 527/527/527
f 484/484/484 527/527/527 524/524/524
f 529/529/529 530/530/530 531/531/531
f 529/529/529 531/531/531 532/532/532
f 525/525/525 528/528/528 531/531/531
f 525/525/525 531/531/531 530/530/530
f 484/484/484 532/532/532 531/531/531
f 484/484/484 531/531/531 528/528/528
f 533/533/533 534/534/534 535/535/535
f 533/533/533 535/535/535 536/536/536
f 529/529/529 532/532/532 535/535/535
f 529/529/529 535/535/535 534/534/534
f 484/484/484 536/536/536 535/535/535
f 484/484/484 535/535/535 532/532/532
f 537/537/537 538/538/538 539/539/539
f 537/537/537 539/539/539 540/540/540
f 533/533/533 536/536/536 539/539/539
f 533/533/533 539/539/539 538/538/538
f 484/484/484 540/540/540 539/539/539
f 484/484/484 539/539/539 536/536/536
f 541/541/541 542/542/542 543/543/543
f 541/541/541 543/543/543 544/544/544
f 537/537/537 540/540/540 543/543/543
f 537/537/537 543/543/543 542/542/542
f 484/484/484 544/544/544 543/543/543
f 484/484/484 543/543/543 540/540/540
f 545/545/545 546/546/546 547/547/547
f 545/545/545 547/547/547 548/548/548
f 541/541/541 544/544/544 547/547/547
f 541/541/541 547/547/547 546/546/546
f 484/484/484 548/548/548 547/547/547
f 484/484/484 547/547/547 544/544/544
f 549/549/549 550/550/550 551/551/551
f 549/549/549 551/551/551 552/552/552
f 545/545/545 548/548/548 551/551/551
f 545/545/545 551/551/551 550/550/550
f 484/484/484 552/552/552 551/551/551
f 484/484/484 551/551/551 548/548/548
f 553/553/553 554/554/554 555/555/555
f 553/553/553 555/555/555 556/556/556
f 549/549/549 552/552/552 555/555/555
f 549/549/549 555/555/555 554/554/554
f 484/484/484 556/556/556 555/555/555
f 484/484/484 555/555/555 552/552/552
f 482/482/482 557/557/557 558/558/558
f 482/482/482 558/558/558 483/483/483
f 553/553/553 556/556/556 558/558/558
f 553/553/553 558/558/558 557/557/557
f 484/484/484 483/483/483 558/558/558
f 484/484/484 558/558/558 556/556/556
f 559/559/559 560/560/560 561/561/561
f 559/559/559 561/561/561 562/562/562
f 560/560/560 563/563/563 564/564/564
f 560/560/560 564/564/564 561/561/561
f 561/561/561 564/564/564 359/359/359
f 561/561/561 359/359/359 356/356/356
f 562/562/562 561/561/561 356/356/356
f 562/562/562 356/356/356 355/355/355
f 563/563/563 565/565/565 566/566/566
f 563/563/563 566/566/566 564/564/564
f 565/565/565 567/567/567 568/568/568
f 565/565/565 568/568/568 566/566/566
f 566/566/566 568/568/568 366/366/366
f 566/566/566 366/366/366 364/364/364
f 564/564/564 566/566/566 364/364/364
f 564/564/564 364/364/364 359/359/359
f 567/567/567 569/569/569 570/570/570
f 567/567/567 570/570/570 568/568/568
f 569/569/569 571/571/571 572/572/572
f 569/569/569 572/572/572 570/570/570
f 570/570/570 572/572/572 372/372/372
f 570/570/570 372/372/372 370/370/370
f 568/568/568 570/570/570 370/370/370
f 568/568/568 370/370/370 366/366/366
f 571/571/571 573/573/573 574/574/574
f 571/571/571 574/574/574 572/572/572
f 573/573/573 575/575/575 576/576/576
f 573/573/573 576/576/576 574/574/574
f 574/574/574 576/576/576 378/378/378
f 574/574/574 378/378/378 376/376/376
f 572/572/572 574/574/574 376/376/376
f 572/572/572 376/376/376 372/372/372
f 575/575/575 577/577/577 578/578/578
f 575/575/575 578/578/578 576/576/576
f 577/577/577 579/579/579 580/580/580
f 577/577/577 580/580/580 578/578/578
f 578/578/578 580/580/580 384/384/384
f 578/578/578 384/384/384 382/382/382
f 576/576/576 578/578/578 382/382/382
f 576/576/576 382/382/382 378/378/378
f 579/579/579 581/581/581 582/582/582
f 579/579/579 582/582/582 580/580/580
f 581/581/581 583/583/583 584/584/584
f 581/581/581 584/584/584 582/582/582
f 582/582/582 584/584/584 390/390/390
f 582/582/582 390/390/390 388/388/388
f 580/580/580 582/582/582 388/388/388
f 580/580/580 388/388/388 384/384/384
f 583/583/583 585/585/585 586/586/586
f 583/583/583 586/586/586 584/584/584
f 585/585/585 587/587/587 588/588/588
f 585/585/585 588/588/588 586/586/586
f 586/586/586 588/588/588 396/396/396
f 586/586/586 396/396/396 394/394/394
f 584/584/584 586/586/586 394/394/394
f 584/584/584 394/394/394 390/390/390
f 587/587/587 589/589/589 590/590/590
f 587/587/587 590/590/590 588/588/588
f 589/589/589 591/591/591 592/592/592
f 589/589/589 592/592/592 590/590/590
f 590/590/590 592/592/592 402/402/402
f 590/590/590 402/402/402 400/400/400
f 588/588/588 590/590/590 400/400/400
f 588/588/588 400/400/400 396/396/396
f 591/591/591 593/593/593 594/594/594
f 591/591/591 594/594/594 592/592/592
f 593/593/593 595/595/595 596/596/596
f 593/593/593 596/596/596 594/594/594
f 594/594/594 596/596/596 408/408/408
f 594/594/594 408/408/408 406/406/406
f 592/592/592 594/594/594 406/406/406
f 592/592/592 406/406/406 402/402/402
f 595/595/595 597/597/597 598/598/598
f 595/595/595 598/598/598 596/596/596
f 597/597/597 599/599/599 600/600/600
f 597/597/597 600/600/600 598/598/598
f 598/598/598 600/600/600 414/414/414
f 598/598/598 414/414/414 412/412/412
f 596/596/596 598/598/598 412/412/412
f 596/596/596 412/412/412 408/408/408
f 599/599/599 601/601/601 602/602/602
f 599/599/599 602/602/602 600/600/600
f 603/603/603 604/604/604 605/605/605
f 603/603/603 605/605/605 606/606/606
f 606/606/606 605/605/605 421/421/421
f 606/606/606 421/421/421 420/420/420
f 600/600/600 602/602/602 418/418/418
f 600/600/600 418/418/418 414/414/414
f 604/604/604 607/607/607 608/608/608
f 604/604/604 608/608/608 605/605/605
f 607/607/607 609/609/609 610/610/610
f 607/607/607 610/610/610 608/608/608
f 608/608/608 610/610/610 429/429/429
f 608/608/608 429/429/429 427/427/427
f 605/605/605 608/608/608 427/427/427
f 605/605/605 427/427/427 421/421/421
f 609/609/609 611/611/611 612/612/612
f 609/609/609 612/612/612 610/610/610
f 611/611/611 613/613/613 614/614/614
f 611/611/611 614/614/614 612/612/612
f 612/612/612 614/614/614 435/435/435
f 612/612/612 435/435/435 433/433/433
f 610/610/610 612/612/612 433/433/433
f 610/610/610 433/433/433 429/429/429
f 613/613/613 615/615/615 616/616/616
f 613/613/613 616/616/616 614/614/614
f 615/615/615 617/617/617 618/618/618
f 615/615/615 618/618/618 616/616/616
f 616/616/616 618/618/618 441/441/441
f 616/616/616 441/441/441 439/439/439
f 614/614/614 616/616/616 439/439/439
f 614/614/614 439/439/439 435/435/435
f 617/617/617 619/619/619 620/620/620
f 617/617/617 620/620/620 618/618/618
f 619/619/619 621/621/621 622/622/622
f 619/619/619 622/622/622 620/620/620
f 620/620/620 622/622/622 447/447/447
f 620/620/620 447/447/447 445/445/445
f 618/618/618 620/620/620 445/445/445
f 618/618/618 445/445/445 441/441/441
f 621/621/621 623/623/623 624/624/624
f 621/621/621 624/624/624 622/622/622
f 623/623/623 625/625/625 626/626/626
f 623/623/623 626/626/626 624/624/624
f 624/624/624 626/626/626 453/453/453
f 624/624/624 453/453/453 451/451/451
f 622/622/622 624/624/624 451/451/451
f 622/622/622 451/451/451 447/447/447
f 625/625/625 627/627/627 628/628/628
f 625/625/625 628/628/628 626/626/626
f 627/627/627 629/629/629 630/630/630
f 627/627/627 630/630/630 628/628/628
f 628/628/628 630/630/630 459/459/459
f 628/628/628 459/459/459 457/457/457
f 626/626/626 628/628/628 457/457/457
f 626/626/626 457/457/457 453/453/453
f 629/629/629 631/631/631 632/632/632
f 629/629/629 632/632/632 630/630/630
f 631/631/631 633/633/633 634/634/634
f 631/631/631 634/634/634 632/632/632
f 632/632/632 634/634/634 465/465/465
f 632/632/632 465/465/465 463/463/463
f 630/630/630 632/632/632 463/463/463
f 630/630/630 463/463/463 459/459/459
f 633/633/633 635/635/635 636/636/636
f 633/633/633 636/636/636 634/634/634
f 635/635/635 637/637/637 638/638/638
f 635/635/635 638/638/638 636/636/636
f 636/636/636 638/638/638 471/471/471
f 636/636/636 471/471/471 469/469/469
f 634/634/634 636/636/636 469/469/469
f 634/634/634 469/469/469 465/465/465
f 637/637/637 639/639/639 640/640/640
f 637/637/637 640/640/640 638/638/638
f 639/639/639 559/559/559 562/562/562
f 639/639/639 562/562/562 640/640/640
f 640/640/640 562/562/562 355/355/355
f 640/640/640 355/355/355 475/475/475
f 638/638/638 640/640/640 475/475/475
f 638/638/638 475/475/475 471/471/471
f 473/473/473 477/477/477 641/641/641
f 473/473/473 641/641/641 642/642/642
f 477/477/477 363/363/363 643/643/643
f 477/477/477 643/643/643 641/641/641
f 641/641/641 643/643/643 644/644/644
f 641/641/641 644/644/644 645/645/645
f 642/642/642 641/641/641 645/645/645
f 642/642/642 645/645/645 646/646/646
f 467/467/467 474/474/474 647/647/647
f 467/467/467 647/647/647 648/648/648
f 474/474/474 473/473/473 642/642/642
f 474/474/474 642/642/642 647/647/647
f 647/647/647 642/642/642 646/646/646
f 647/647/647 646/646/646 649/649/649
f 648/648/648 647/647/647 649/649/649
f 648/648/648 649/649/649 650/650/650
f 461/461/461 468/468/468 651/651/651
f 461/461/461 651/651/651 652/652/652
f 468/468/468 467/467/467 648/648/648
f 468/468/468 648/648/648 651/651/651
f 651/651/651 648/648/648 650/650/650
f 651/651/651 650/650/650 653/653/653
f 652/652/652 651/651/651 653/653/653
f 652/652/652 653/653/653 654/654/654
f 455/455/455 462/462/462 655/655/655
f 455/455/455 655/655/655 656/656/656
f 462/462/462 461/461/461 652/652/652
f 462/462/462 652/652/652 655/655/655
f 655/655/655 652/652/652 654/654/654
f 655/655/655 654/654/654 657/657/657
f 656/656/656 655/655/655 657/657/657
f 656/656/656 657/657/657 658/658/658
f 449/449/449 456/456/456 659/659/659
f 449/449/449 659/659/659 660/660/660
f 456/456/456 455/455/455 656/656/656
f 456/456/456 656/656/656 659/659/659
f 659/659/659 656/656/656 658/658/658
f 659/659/659 658/658/658 661/661/661
f 660/660/660 659/659/659 661/661/661
f 660/660/660 661/661/661 662/662/662
f 443/443/443 450/450/450 663/663/663
f 443/443/443 663/663/663 664/664/664
f 450/450/450 449/449/449 660/660/660
f 450/450/450 660/660/660 663/663/663
f 663/663/663 660/660/660 662/662/662
f 663/663/663 662/662/662 665/665/665
f 664/664/664 663/663/663 665/665/665
f 664/664/664 665/665/665 666/666/666
f 437/437/437 444/444/444 667/667/667
f 437/437/437 667/667/667 668/668/668
f 444/444/444 443/443/443 664/664/664
f 444/444/444 664/664/664 667/667/667
f 667/667/667 664/664/664 666/666/666
f 667/667/667 666/666/666 669/669/669
f 668/668/668 667/667/667 669/669/669
f 668/668/668 669/669/669 670/670/670
f 431/431/431 438/438/438 671/671/671
f 431/431/431 671/671/671 672/672/672
f 438/438/438 437/437/437 668/668/668
f 438/438/438 668/668/668 671/671/671
f 671/671/671 668/668/668 670/670/670
f 671/671/671 670/670/670 673/673/673
f 672/672/672 671/671/671 673/673/673
f 672/672/672 673/673/673 674/674/674
f 424/424/424 432/432/432 675/675/675
f 424/424/424 675/675/675 676/676/676
f 432/432/432 431/431/431 672/672/672
f 432/432/432 672/672/672 675/675/675
f 675/675/675 672/672/672 674/674/674
f 675/675/675 674/674/674 677/677/677
f 676/676/676 675/675/675 677/677/677
f 676/676/676 677/677/677 678/678/678
f 416/416/416 426/426/426 679/679/679
f 416/416/416 679/679/679 680/680/680
f 425/425/425 424/424/424 676/676/676
f 425/425/425 676/676/676 681/681/681
f 681/681/681 676/676/676 678/678/678
f 681/681/681 678/678/678 682/682/682
f 680/680/680 679/679/679 683/683/683
f 680/680/680 683/683/683 684/684/684
f 410/410/410 417/417/417 685/685/685
f 410/410/410 685/685/685 686/686/686
f 417/417/417 416/416/416 680/680/680
f 417/417/417 680/680/680 685/685/685
f 685/685/685 680/680/680 684/684/684
f 685/685/685 684/684/684 687/687/687
f 686/686/686 685/685/685 687/687/687
f 686/686/686 687/687/687 688/688/688
f 404/404/404 411/411/411 689/689/689
f 404/404/404 689/689/689 690/690/690
f 411/411/411 410/410/410 686/686/686
f 411/411/411 686/686/686 689/689/689
f 689/689/689 686/686/686 688/688/688
f 689/689/689 688/688/688 691/691/691
f 690/690/690 689/689/689 691/691/691
f 690/690/690 691/691/691 692/692/692
f 398/398/398 405/405/405 693/693/693
f 398/398/398 693/693/693 694/694/694
f 405/405/405 404/404/404 690/690/690
f 405/405/405 690/690/690 693/693/693
f 693/693/693 690/690/690 692/692/692
f 693/693/693 692/692/692 695/695/695
f 694/694/694 693/693/693 695/695/695
f 694/694/694 695/695/695 696/696/696
f 392/392/392 399/399/399 697/697/697
f 392/392/392 697/697/697 698/698/698
f 399/399/399 398/398/398 694/694/694
f 399/399/399 694/694/694 697/697/697
f 697/697/697 694/694/694 696/696/696
f 697/697/697 696/696/696 699/699/699
f 698/698/698 697/697/697 699/699/699
f 698/698/698 699/699/699 700/700/700
f 386/386/386 393/393/393 701/701/701
f 386/386/386 701/701/701 702/702/702
f 393/393/393 392/392/392 698/698/698
f 393/393/393 698/698/698 701/701/701
f 701/701/701 698/698/698 700/700/700
f 701/701/701 700/700/700 703/703/703
f 702/702/702 701/701/701 703/703/703
f 702/702/702 703/703/703 704/704/704
f 380/380/380 387/387/387 705/705/705
f 380/380/380 705/705/705 706/706/706
f 387/387/387 386/386/386 702/702/702
f 387/387/387 702/702/702 705/705/705
f 705/705/705 702/702/702 704/704/704
f 705/705/705 704/704/704 707/707/707
f 706/706/706 705/705/705 707/707/707
f 706/706/706 707/707/707 708/708/708
f 374/374/374 381/381/381 709/709/709
f 374/374/374 709/709/709 710/710/710
f 381/381/381 380/380/380 706/706/706
f 381/381/381 706/706/706 709/709/709
f 709/709/709 706/706/706 708/708/708
f 709/709/709 708/708/708 711/711/711
f 710/710/710 709/709/709 711/711/711
f 710/710/710 711/711/711 712/712/712
f 368/368/368 375/375/375 713/713/713
f 368/368/368 713/713/713 714/714/714
f 375/375/375 374/374/374 710/710/710
f 375/375/375 710/710/710 713/713/713
f 713/713/713 710/710/710 712/712/712
f 713/713/713 712/712/712 715/715/715
f 714/714/714 713/713/713 715/715/715
f 714/714/714 715/715/715 716/716/716
f 361/361/361 369/369/369 717/717/717
f 361/361/361 717/717/717 718/718/718
f 369/369/369 368/368/368 714/714/714
f 369/369/369 714/714/714 717/717/717
f 717/717/717 714/714/714 716/716/716
f 717/717/717 716/716/716 719/719/719
f 718/718/718 717/717/717 719/719/719
f 718/718/718 719/719/719 720/720/720
f 363/363/363 362/362/362 721/721/721
f 363/363/363 721/721/721 643/643/643
f 362/362/362 361/361/361 718/718/718
f 362/362/362 718/718/718 721/721/721
f 721/721/721 718/718/718 720/720/720
f 721/721/721 720/720/720 722/722/722
f 643/643/643 721/721/721 722/722/722
f 643/643/643 722/722/722 644/644/644
f 646/646/646 645/645/645 723/723/723
f 646/646/646 723/723/723 724/724/724
f 645/645/645 644/644/644 725/725/725
f 645/645/645 725/725/725 723/723/723
f 723/723/723 725/725/725 726/726/726
f 723/723/723 726/726/726 727/727/727
f 724/724/724 723/723/723 727/727/727
f 724/724/724 727/727/727 728/728/728
f 650/650/650 649/649/649 729/729/729
f 650/650/650 729/729/729 730/730/730
f 649/649/649 646/646/646 724/724/724
f 649/649/649 724/724/724 729/729/729
f 729/729/729 724/724/724 728/728/728
f 729/729/729 728/728/728 731/731/731
f 730/730/730 729/729/729 731/731/731
f 730/730/730 731/731/731 732/732/732
f 654/654/654 653/653/653 733/733/733
f 654/654/654 733/733/733 734/734/734
f 653/653/653 650/650/650 730/730/730
f 653/653/653 730/730/730 733/733/733
f 733/733/733 730/730/730 732/732/732
f 733/733/733 732/732/732 735/735/735
f 734/734/734 733/733/733 735/735/735
f 734/734/734 735/735/735 736/736/736
f 658/658/658 657/657/657 737/737/737
f 658/658/658 737/737/737 738/738/738
f 657/657/657 654/654/654 734/734/734
f 657/657/657 734/734/734 737/737/737
f 737/737/737 734/734/734 736/736/736
f 737/737/737 736/736/736 739/739/739
f 738/738/738 737/737/737 739/739/739
f 738/738/738 739/739/739 740/740/740
f 662/662/662 661/661/661 741/741/741
f 662/662/662 741/741/741 742/742/742
f 661/661/661 658/658/658 738/738/738
f 661/661/661 738/738/738 741/741/741
f 741/741/741 738/738/738 740/740/740
f 741/741/741 740/740/740 743/743/743
f 742/742/742 741/741/741 743/743/743
f 742/742/742 743/743/743 744/744/744
f 666/666/666 665/665/665 745/745/745
f 666/666/666 745/745/745 746/746/746
f 665/665/665 662/662/662 742/742/742
f 665/665/665 742/742/742 745/745/745
f 745/745/745 742/742/742 744/744/744
f 745/745/745 744/744/744 747/747/747
f 746/746/746 745/745/745 747/747/747
f 746/746/746 747/747/747 748/748/748
f 670/670/670 669/669/669 749/749/749
f 670/670/670 749/749/749 750/750/750
f 669/669/669 666/666/666 746/746/746
f 669/669/669 746/746/746 749/749/749
f 749/749/749 746/746/746 748/748/748
f 749/749/749 748/748/748 751/751/751
f 750/750/750 749/749/749 751/751/751
f 750/750/750 751/751/751 752/752/752
f 674/674/674 673/673/673 753/753/753
f 674/674/674 753/753/753 754/754/754
f 673/673/673 670/670/670 750/750/750
f 673/673/673 750/750/750 753/753/753
f 753/753/753 750/750/750 752/752/752
f 753/753/753 752/752/752 755/755/755
f 754/754/754 753/753/753 755/755/755
f 754/754/754 755/755/755 756/756/756
f 678/678/678 677/677/677 757/757/757
f 678/678/678 757/757/757 758/758/758
f 677/677/677 674/674/674 754/754/754
f 677/677/677 754/754/754 757/757/757
f 757/757/757 754/754/754 756/756/756
f 757/757/757 756/756/756 759/759/759
f 758/758/758 757/757/757 759/759/759
f 758/758/758 759/759/759 760/760/760
f 684/684/684 683/683/683 761/761/761
f 684/684/684 761/761/761 762/762/762
f 682/682/682 678/678/678 758/758/758
f 682/682/682 758/758/758 763/763/763
f 763/763/763 758/758/758 760/760/760
f 763/763/763 760/760/760 764/764/764
f 762/762/762 761/761/761 765/765/765
f 762/762/762 765/765/765 766/766/766
f 688/688/688 687/687/687 767/767/767
f 688/688/688 767/767/767 768/768/768
f 687/687/687 684/684/684 762/762/762
f 687/687/687 762/762/762 767/767/767
f 767/767/767 762/762/762 766/766/766
f 767/767/767 766/766/766 769/769/769
f 768/768/768 767/767/767 769/769/769
f 768/768/768 769/769/769 770/770/770
f 692/692/692 691/691/691 771/771/771
f 692/692/692 771/771/771 772/772/772
f 691/691/691 688/688/688 768/768/768
f 691/691/691 768/768/768 771/771/771
f 771/771/771 768/768/768 770/770/770
f 771/771/771 770/770/770 773/773/773
f 772/772/772 771/771/771 773/773/773
f 772/772/772 773/773/773 774/774/774
f 696/696/696 695/695/695 775/775/775
f 696/696/696 775/775/775 776/776/776
f 695/695/695 692/692/692 772/772/772
f 695/695/695 772/772/772 775/775/775
f 775/775/775 772/772/772 774/774/774
f 775/775/775 774/774/774 777/777/777
f 776/776/776 775/775/775 777/777/777
f 776/776/776 777/777/777 778/778/778
f 700/700/700 699/699/699 779/779/779
f 700/700/700 779/779/779 780/780/780
f 699/699/699 696/696/696 776/776/776
f 699/699/699 776/776/776 779/779/779
f 779/779/779 776/776/776 778/778/778
f 779/779/779 778/778/778 781/781/781
f 780/780/780 779/779/779 781/781/781
f 780/780/780 781/781/781 782/782/782
f 704/704/704 703/703/703 783/783/783
f 704/704/704 783/783/783 784/784/784
f 703/703/703 700/700/700 780/780/780
f 703/703/703 780/780/780 783/783/783
f 783/783/783 780/780/780 782/782/782
f 783/783/783 782/782/782 785/785/785
f 784/784/784 783/783/783 785/785/785
f 784/784/784 785/785/785 786/786/786
f 708/708/708 707/707/707 787/787/787
f 708/708/708 787/787/787 788/788/788
f 707/707/707 704/704/704 784/784/784
f 707/707/707 784/784/784 787/787/787
f 787/787/787 784/784/784 786/786/786
f 787/787/787 786/786/786 789/789/789
f 788/788/788 787/787/787 789/789/789
f 788/788/788 789/789/789 790/790/790
f 712/712/712 711/711/711 791/791/791
f 712/712/712 791/791/791 792/792/792
f 711/711/711 708/708/708 788/788/788
f 711/711/711 788/788/788 791/791/791
f 791/791/791 788/788/788 790/790/790
f 791/791/791 790/790/790 793/793/793
f 792/792/792 791/791/791 793/793/793
f 792/792/792 793/793/793 794/794/794
f 716/716/716 715/715/715 795/795/795
f 716/716/716 795/795/795 796/796/796
f 715/715/715 712/712/712 792/792/792
f 715/715/715 792/792/792 795/795/795
f 795/795/795 792/792/792 794/794/794
f 795/795/795 794/794/794 797/797/797
f 796/796/796 795/795/795 797/797/797
f 796/796/796 797/797/797 798/798/798
f 720/720/720 719/719/719 799/799/799
f 720/720/720 799/799/799 800/800/800
f 719/719/719 716/716/716 796/796/796
f 719/719/719 796/796/796 799/799/799
f 799/799/799 796/796/796 798/798/798
f 799/799/799 798/798/798 801/801/801
f 800/800/800 799/799/799 801/801/801
f 800/800/800 801/801/801 802/802/802
f 644/644/644 722/722/722 803/803/803
f 644/644/644 803/803/803 725/725/725
f 722/722/722 720/720/720 800/800/800
f 722/722/722 800/800/800 803/803/803
f 803/803/803 800/800/800 802/802/802
f 803/803/803 802/802/802 804/804/804
f 725/725/725 803/803/803 804/804/804
f 725/725/725 804/804/804 726/726/726
f 805/805/805 806/806/806 807/807/807
f 805/805/805 807/807/807 808/808/808
f 806/806/806 809/809/809 810/810/810
f 806/806/806 810/810/810 807/807/807
f 807/807/807 810/810/810 811/811/811
f 807/807/807 811/811/811 812/812/812
f 808/808/808 807/807/807 812/812/812
f 808/808/808 812/812/812 813/813/813
f 814/814/814 815/815/815 816/816/816
f 814/814/814 816/816/816 817/817/817
f 815/815/815 805/805/805 808/808/808
f 815/815/815 808/808/808 816/816/816
f 816/816/816 808/808/808 813/813/813
f 816/816/816 813/813/813 818/818/818
f 817/817/817 816/816/816 818/818/818
f 817/817/817 818/818/818 819/819/819
f 820/820/820 821/821/821 822/822/822
f 820/820/820 822/822/822 823/823/823
f 821/821/821 814/814/814 817/817/817
f 821/821/821 817/817/817 822/822/822
f 822/822/822 817/817/817 819/819/819
f 822/822/822 819/819/819 824/824/824
f 823/823/823 822/822/822 824/824/824
f 823/823/823 824/824/824 825/825/825
f 826/826/826 827/827/827 828/828/828
f 826/826/826 828/828/828 829/829/829
f 827/827/827 820/820/820 823/823/823
f 827/827/827 823/823/823 828/828/828
f 828/828/828 823/823/823 825/825/825
f 828/828/828 825/825/825 830/830/830
f 829/829/829 828/828/828 830/830/830
f 829/829/829 830/830/830 831/831/831
f 832/832/832 833/833/833 834/834/834
f 832/832/832 834/834/834 835/835/835
f 833/833/833 826/826/826 829/829/829
f 833/833/833 829/829/829 834/834/834
f 834/834/834 829/829/829 831/831/831
f 834/834/834 831/831/831 836/836/836
f 835/835/835 834/834/834 836/836/836
f 835/835/835 836/836/836 837/837/837
f 838/838/838 839/839/839 840/840/840
f 838/838/838 840/840/840 841/841/841
f 839/839/839 832/832/832 835/835/835
f 839/839/839 835/835/835 840/840/840
f 840/840/840 835/835/835 837/837/837
f 840/840/840 837/837/837 842/842/842
f 841/841/841 840/840/840 842/842/842
f 841/841/841 842/842/842 843/843/843
f 844/844/844 845/845/845 846/846/846
f 844/844/844 846/846/846 847/847/847
f 845/845/845 838/838/838 841/841/841
f 845/845/845 841/841/841 846/846/846
f 846/846/846 841/841/841 843/843/843
f 846/846/846 843/843/843 848/848/848
f 847/847/847 846/846/846 848/848/848
f 847/847/847 848/848/848 849/849/849
f 850/850/850 851/851/851 852/852/852
f 850/850/850 852/852/852 853/853/853
f 851/851/851 844/844/844 847/847/847
f 851/851/851 847/847/847 852/852/852
f 852/852/852 847/847/847 849/849/849
f 852/852/852 849/849/849 854/854/854
f 853/853/853 852/852/852 854/854/854
f 853/853/853 854/854/854 855/855/855
f 856/856/856 857/857/857 858/858/858
f 856/856/856 858/858/858 859/859/859
f 857/857/857 850/850/850 853/853/853
f 857/857/857 853/853/853 858/858/858
f 858/858/858 853/853/853 855/855/855
f 858/858/858 855/855/855 860/860/860
f 859/859/859 858/858/858 860/860/860
f 859/859/859 860/860/860 861/861/861
f 862/862/862 863/863/863 864/864/864
f 862/862/862 864/864/864 865/865/865
f 866/866/866 856/856/856 859/859/859
f 866/866/866 859/859/859 867/867/867
f 867/867/867 859/859/859 861/861/861
f 867/867/867 861/861/861 868/868/868
f 865/865/865 864/864/864 869/869/869
f 865/865/865 869/869/869 870/870/870
f 871/871/871 872/872/872 873/873/873
f 871/871/871 873/873/873 874/874/874
f 872/872/872 862/862/862 865/865/865
f 872/872/872 865/865/865 873/873/873
f 873/873/873 865/865/865 870/870/870
f 873/873/873 870/870/870 875/875/875
f 874/874/874 873/873/873 875/875/875
f 874/874/874 875/875/875 876/876/876
f 877/877/877 878/878/878 879/879/879
f 877/877/877 879/879/879 880/880/880
f 878/878/878 871/871/871 874/874/874
f 878/878/878 874/874/874 879/879/879
f 879/879/879 874/874/874 876/876/876
f 879/879/879 876/876/876 881/881/881
f 880/880/880 879/879/879 881/881/881
f 880/880/880 881/881/881 882/882/882
f 883/883/883 884/884/884 885/885/885
f 883/883/883 885/885/885 886/886/886
f 884/884/884 877/877/877 880/880/880
f 884/884/884 880/880/880 885/885/885
f 885/885/885 880/880/880 882/882/882
f 885/885/885 882/882/882 887/887/887
f 886/886/886 885/885/885 887/887/887
f 886/886/886 887/887/887 888/888/888
f 889/889/889 890/890/890 891/891/891
f 889/889/889 891/891/891 892/892/892
f 890/890/890 883/883/883 886/886/886
f 890/890/890 886/886/886 891/891/891
f 891/891/891 886/886/886 888/888/888
f 891/891/891 888/888/888 893/893/893
f 892/892/892 891/891/891 893/893/893
f 892/892/892 893/893/893 894/894/894
f 895/895/895 896/896/896 897/897/897
f 895/895/895 897/897/897 898/898/898
f 896/896/896 889/889/889 892/892/892
f 896/896/896 892/892/892 897/897/897
f 897/897/897 892/892/892 894/894/894
f 897/897/897 894/894/894 899/899/899
f 898/898/898 897/897/897 899/899/899
f 898/898/898 899/899/899 900/900/900
f 901/901/901 902/902/902 903/903/903
f 901/901/901 903/903/903 904/904/904
f 902/902/902 895/895/895 898/898/898
f 902/902/902 898/898/898 903/903/903
f 903/903/903 898/898/898 900/900/900
f 903/903/903 900/900/900 905/905/905
f 904/904/904 903/903/903 905/905/905
f 904/904/904 905/905/905 906/906/906
f 907/907/907 908/908/908 909/909/909
f 907/907/907 909/909/909 910/910/910
f 908/908/908 901/901/901 904/904/904
f 908/908/908 904/904/904 909/909/909
f 909/909/909 904/904/904 906/906/906
f 909/909/909 906/906/906 911/911/911
f 910/910/910 909/909/909 911/911/911
f 910/910/910 911/911/911 912/912/912
f 913/913/913 914/914/914 915/915/915
f 913/913/913 915/915/915 916/916/916
f 914/914/914 907/907/907 910/910/910
f 914/914/914 910/910/910 915/915/915
f 915/915/915 910/910/910 912/912/912
f 915/915/915 912/912/912 917/917/917
f 916/916/916 915/915/915 917/917/917
f 916/916/916 917/917/917 918/918/918
f 919/919/919 920/920/920 921/921/921
f 919/919/919 921/921/921 922/922/922
f 920/920/920 913/913/913 916/916/916
f 920/920/920 916/916/916 921/921/921
f 921/921/921 916/916/916 918/918/918
f 921/921/921 918/918/918 923/923/923
f 922/922/922 921/921/921 923/923/923
f 922/922/922 923/923/923 924/924/924
f 809/809/809 925/925/925 926/926/926
f 809/809/809 926/926/926 810/810/810
f 925/925/925 919/919/919 922/922/922
f 925/925/925 922/922/922 926/926/926
f 926/926/926 922/922/922 924/924/924
f 926/926/926 924/924/924 927/927/927
f 810/810/810 926/926/926 927/927/927
f 810/810/810 927/927/927 811/811/811
f 928/928/928 929/929/929 930/930/930
f 928/928/928 930/930/930 931/931/931
f 932/932/932 933/933/933 930/930/930
f 932/932/932 930/930/930 929/929/929
f 934/934/934 931/931/931 930/930/930
f 934/934/934 930/930/930 933/933/933
f 932/932/932 935/935/935 936/936/936
f 932/932/932 936/936/936 933/933/933
f 937/937/937 938/938/938 936/936/936
f 937/937/937 936/936/936 935/935/935
f 934/934/934 933/933/933 936/936/936
f 934/934/934 936/936/936 938/938/938
f 937/937/937 939/939/939 940/940/940
f 937/937/937 940/940/940 938/938/938
f 941/941/941 942/942/942 940/940/940
f 941/941/941 940/940/940 939/939/939
f 934/934/934 938/938/938 940/940/940
f 934/934/934 940/940/940 942/942/942
f 941/941/941 943/943/943 944/944/944
f 941/941/941 944/944/944 942/942/942
f 945/945/945 946/946/946 944/944/944
f 945/945/945 944/944/944 943/943/943
f 934/934/934 942/942/942 944/944/944
f 934/934/934 944/944/944 946/946/946
f 945/945/945 947/947/947 948/948/948
f 945/945/945 948/948/948 946/946/946
f 949/949/949 950/950/950 948/948/948
f 949/949/949 948/948/948 947/947/947
f 934/934/934 946/946/946 948/948/948
f 934/934/934 948/948/948 950/950/950
f 949/949/949 951/951/951 952/952/952
f 949/949/949 952/952/952 950/950/950
f 953/953/953 954/954/954 952/952/952
f 953/953/953 952/952/952 951/951/951
f 934/934/934 950/950/950 952/952/952
f 934/934/934 952/952/952 954/954/954
f 953/953/953 955/955/955 956/956/956
f 953/953/953 956/956/956 954/954/954
f 957/957/957 958/958/958 956/956/956
f 957/957/957 956/956/956 955/955/955
f 934/934/934 954/954/954 956/956/956
f 934/934/934 956/956/956 958/958/958
f 957/957/957 959/959/959 960/960/960
f 957/957/957 960/960/960 958/958/958
f 961/961/961 962/962/962 960/960/960
f 961/961/961 960/960/960 959/959/959
f 934/934/934 958/958/958 960/960/960
f 934/934/934 960/960/960 962/962/962
f 961/961/961 963/963/963 964/964/964
f 961/961/961 964/964/964 962/962/962
f 965/965/965 966/966/966 964/964/964
f 965/965/965 964/964/964 963/963/963
f 934/934/934 962/962/962 964/964/964
f 934/934/934 964/964/964 966/966/966
f 965/965/965 967/967/967 968/968/968
f 965/965/965 968/968/968 966/966/966
f 969/969/969 970/970/970 968/968/968
f 969/969/969 968/968/968 967/967/967
f 934/934/934 966/966/966 968/968/968
f 934/934/934 968/968/968 970/970/970
f 969/969/969 971/971/971 972/972/972
f 969/969/969 972/972/972 970/970/970
f 973/973/973 974/974/974 972/972/972
f 973/973/973 972/972/972 971/971/971
f 934/934/934 970/970/970 972/972/972
f 934/934/934 972/972/972 974/974/974
f 973/973/973 975/975/975 976/976/976
f 973/973/973 976/976/976 974/974/974
f 977/977/977 978/978/978 976/976/976
f 977/977/977 976/976/976 975/975/975
f 934/934/934 974/974/974 976/976/976
f 934/934/934 976/976/976 978/978/978
f 977/977/977 979/979/979 980/980/980
f 977/977/977 980/980/980 978/978/978
f 981/981/981 982/982/982 980/980/980
f 981/981/981 980/980/980 979/979/979
f 934/934/934 978/978/978 980/980/980
f 934/934/934 980/980/980 982/982/982
f 981/981/981 983/983/983 984/984/984
f 981/981/981 984/984/984 982/982/982
f 985/985/985 986/986/986 984/984/984
f 985/985/985 984/984/984 983/983/983
f 934/934/934 982/982/982 984/984/984
f 934/934/934 984/984/984 986/986/986
f 985/985/985 987/987/987 988/988/988
f 985/985/985 988/988/988 986/986/986
f 989/989/989 990/990/990 988/988/988
f 989/989/989 988/988/988 987/987/987
f 934/934/934 986/986/986 988/988/988
f 934/934/934 988/988/988 990/990/990
f 989/989/989 991/991/991 992/992/992
f 989/989/989 992/992/992 990/990/990
f 993/993/993 994/994/994 992/992/992
f 993/993/993 992/992/992 991/991/991
f 934/934/934 990/990/990 992/992/992
f 934/934/934 992/992/992 994/994/994
f 993/993/993 995/995/995 996/996/996
f 993/993/993 996/996/996 994/994/994
f 997/997/997 998/998/998 996/996/996
f 997/997/997 996/996/996 995/995/995
f 934/934/934 994/994/994 996/996/996
f 934/934/934 996/996/996 998/998/998
f 997/997/997 999/999/999 1000/1000/1000
f 997/997/997 1000/1000/1000 998/998/998
f 1001/1001/1001 1002/1002/1002 1000/1000/1000
f 1001/1001/1001 1000/1000/1000 999/999/999
f 934/934/934 998/998/998 1000/1000/1000
f 934/934/934 1000/1000/1000 1002/1002/1002
f 1001/1001/1001 1003/1003/1003 1004/1004/1004
f 1001/1001/1001 1004/1004/1004 1002/1002/1002
f 1005/1005/1005 1006/1006/1006 1004/1004/1004
f 1005/1005/1005 1004/1004/1004 1003/1003/1003
f 934/934/934 1002/1002/1002 1004/1004/1004
f 934/934/934 1004/1004/1004 1006/1006/1006
f 1005/1005/1005 1007/1007/1007 1008/1008/1008
f 1005/1005/1005 1008/1008/1008 1006/1006/1006
f 928/928/928 931/931/931 1008/1008/1008
f 928/928/928 1008/1008/1008 1007/1007/1007
f 934/934/934 1006/1006/1006 1008/1008/1008
f 934/934/934 1008/1008/1008 931/931/931
f 1009/1009/1009 1010/1010/1010 1011/1011/1011
f 1009/1009/1009 1011/1011/1011 1012/1012/1012
f 1010/1010/1010 1013/1013/1013 1014/1014/1014
f 1010/1010/1010 1014/1014/1014 1011/1011/1011
f 1011/1011/1011 1014/1014/1014 1015/1015/1015
f 1011/1011/1011 1015/1015/1015 1016/1016/1016
f 1012/1012/1012 1011/1011/1011 1016/1016/1016
f 1012/1012/1012 1016/1016/1016 1017/1017/1017
f 1013/1013/1013 1018/1018/1018 1019/1019/1019
f 1013/1013/1013 1019/1019/1019 1014/1014/1014
f 1018/1018/1018 1020/1020/1020 1021/1021/1021
f 1018/1018/1018 1021/1021/1021 1019/1019/1019
f 1019/1019/1019 1021/1021/1021 1022/1022/1022
f 1019/1019/1019 1022/1022/1022 1023/1023/1023
f 1014/1014/1014 1019/1019/1019 1023/1023/1023
f 1014/1014/1014 1023/1023/1023 1015/1015/1015
f 1020/1020/1020 1024/1024/1024 1025/1025/1025
f 1020/1020/1020 1025/1025/1025 1021/1021/1021
f 1024/1024/1024 1026/1026/1026 1027/1027/1027
f 1024/1024/1024 1027/1027/1027 1025/1025/1025
f 1025/1025/1025 1027/1027/1027 1028/1028/1028
f 1025/1025/1025 1028/1028/1028 1029/1029/1029
f 1021/1021/1021 1025/1025/1025 1029/1029/1029
f 1021/1021/1021 1029/1029/1029 1022/1022/1022
f 1026/1026/1026 1030/1030/1030 1031/1031/1031
f 1026/1026/1026 1031/1031/1031 1027/1027/1027
f 1030/1030/1030 1032/1032/1032 1033/1033/1033
f 1030/1030/1030 1033/1033/1033 1031/1031/1031
f 1031/1031/1031 1033/1033/1033 1034/1034/1034
f 1031/1031/1031 1034/1034/1034 1035/1035/1035
f 1027/1027/1027 1031/1031/1031 1035/1035/1035
f 1027/1027/1027 1035/1035/1035 1028/1028/1028
f 1032/1032/1032 1036/1036/1036 1037/1037/1037
f 1032/1032/1032 1037/1037/1037 1033/1033/1033
f 1036/1036/1036 1038/1038/1038 1039/1039/1039
f 1036/1036/1036 1039/1039/1039 1037/1037/1037
f 1037/1037/1037 1039/1039/1039 1040/1040/1040
f 1037/1037/1037 1040/1040/1040 1041/1041/1041
f 1033/1033/1033 1037/1037/1037 1041/1041/1041
f 1033/1033/1033 1041/1041/1041 1034/1034/1034
f 1038/1038/1038 1042/1042/1042 1043/1043/1043
f 1038/1038/1038 1043/1043/1043 1039/1039/1039
f 1042/1042/1042 1044/1044/1044 1045/1045/1045
f 1042/1042/1042 1045/1045/1045 1043/1043/1043
f 1043/1043/1043 1045/1045/1045 1046/1046/1046
f 1043/1043/1043 1046/1046/1046 1047/1047/1047
f 1039/1039/1039 1043/1043/1043 1047/1047/1047
f 1039/1039/1039 1047/1047/1047 1040/1040/1040
f 1044/1044/1044 1048/1048/1048 1049/1049/1049
f 1044/1044/1044 1049/1049/1049 1045/1045/1045
f 1048/1048/1048 1050/1050/1050 1051/1051/1051
f 1048/1048/1048 1051/1051/1051 1049/1049/1049
f 1049/1049/1049 1051/1051/1051 1052/1052/1052
f 1049/1049/1049 1052/1052/1052 1053/1053/1053
f 1045/1045/1045 1049/1049/1049 1053/1053/1053
f 1045/1045/1045 1053/1053/1053 1046/1046/1046
f 1050/1050/1050 1054/1054/1054 1055/1055/1055
f 1050/1050/1050 1055/1055/1055 1051/1051/1051
f 1054/1054/1054 1056/1056/1056 1057/1057/1057
f 1054/1054/1054 1057/1057/1057 1055/1055/1055
f 1055/1055/1055 1057/1057/1057 1058/1058/1058
f 1055/1055/1055 1058/1058/1058 1059/1059/1059
f 1051/1051/1051 1055/1055/1055 1059/1059/1059
f 1051/1051/1051 1059/1059/1059 1052/1052/1052
f 1056/1056/1056 1060/1060/1060 1061/1061/1061
f 1056/1056/1056 1061/1061/1061 1057/1057/1057
f 1060/1060/1060 1062/1062/1062 1063/1063/1063
f 1060/1060/1060 1063/1063/1063 1061/1061/1061
f 1061/1061/1061 1063/1063/1063 1064/1064/1064
f 1061/1061/1061 1064/1064/1064 1065/1065/1065
f 1057/1057/1057 1061/1061/1061 1065/1065/1065
f 1057/1057/1057 1065/1065/1065 1058/1058/1058
f 1062/1062/1062 1066/1066/1066 1067/1067/1067
f 1062/1062/1062 1067/1067/1067 1063/1063/1063
f 1066/1066/1066 1068/1068/1068 1069/1069/1069
f 1066/1066/1066 1069/1069/1069 1067/1067/1067
f 1067/1067/1067 1069/1069/1069 1070/1070/1070
f 1067/1067/1067 1070/1070/1070 1071/1071/1071
f 1063/1063/1063 1067/1067/1067 1071/1071/1071
f 1063/1063/1063 1071/1071/1071 1064/1064/1064
f 1068/1068/1068 1072/1072/1072 1073/1073/1073
f 1068/1068/1068 1073/1073/1073 1069/1069/1069
f 1072/1072/1072 1074/1074/1074 1075/1075/1075
f 1072/1072/1072 1075/1075/1075 1073/1073/1073
f 1073/1073/1073 1075/1075/1075 1076/1076/1076
f 1073/1073/1073 1076/1076/1076 1077/1077/1077
f 1069/1069/1069 1073/1073/1073 1077/1077/1077
f 1069/1069/1069 1077/1077/1077 1070/1070/1070
f 1074/1074/1074 1078/1078/1078 1079/1079/1079
f 1074/1074/1074 1079/1079/1079 1075/1075/1075
f 1078/1078/1078 1080/1080/1080 1081/1081/1081
f 1078/1078/1078 1081/1081/1081 1079/1079/1079
f 1079/1079/1079 1081/1081/1081 1082/1082/1082
f 1079/1079/1079 1082/1082/1082 1083/1083/1083
f 1075/1075/1075 1079/1079/1079 1083/1083/1083
f 1075/1075/1075 1083/1083/1083 1076/1076/1076
f 1080/1080/1080 1084/1084/1084 1085/1085/1085
f 1080/1080/1080 1085/1085/1085 1081/1081/1081
f 1084/1084/1084 1086/1086/1086 1087/1087/1087
f 1084/1084/1084 1087/1087/1087 1085/1085/1085
f 1085/1085/1085 1087/1087/1087 1088/1088/1088
f 1085/1085/1085 1088/1088/1088 1089/1089/1089
f 1081/1081/1081 1085/1085/1085 1089/1089/1089
f 1081/1081/1081 1089/1089/1089 1082/1082/1082
f 1090/1090/1090 1091/1091/1091 1092/1092/1092
f 1090/1090/1090 1092/1092/1092 1093/1093/1093
f 1091/1091/1091 1094/1094/1094 1095/1095/1095
f 1091/1091/1091 1095/1095/1095 1092/1092/1092
f 1092/1092/1092 1095/1095/1095 1096/1096/1096
f 1092/1092/1092 1096/1096/1096 1097/1097/1097
f 1093/1093/1093 1092/1092/1092 1097/1097/1097
f 1093/1093/1093 1097/1097/1097 1098/1098/1098
f 1094/1094/1094 1099/1099/1099 1100/1100/1100
f 1094/1094/1094 1100/1100/1100 1095/1095/1095
f 1099/1099/1099 1101/1101/1101 1102/1102/1102
f 1099/1099/1099 1102/1102/1102 1100/1100/1100
f 1100/1100/1100 1102/1102/1102 1103/1103/1103
f 1100/1100/1100 1103/1103/1103 1104/1104/1104
f 1095/1095/1095 1100/1100/1100 1104/1104/1104
f 1095/1095/1095 1104/1104/1104 1096/1096/1096
f 1101/1101/1101 1105/1105/1105 1106/1106/1106
f 1101/1101/1101 1106/1106/1106 1102/1102/1102
f 1105/1105/1105 1107/1107/1107 1108/1108/1108
f 1105/1105/1105 1108/1108/1108 1106/1106/1106
f 1106/1106/1106 1108/1108/1108 1109/1109/1109
f 1106/1106/1106 1109/1109/1109 1110/1110/1110
f 1102/1102/1102 1106/1106/1106 1110/1110/1110
f 1102/1102/1102 1110/1110/1110 1103/1103/1103
f 1107/1107/1107 1111/1111/1111 1112/1112/1112
f 1107/1107/1107 1112/1112/1112 1108/1108/1108
f 1111/1111/1111 1113/1113/1113 1114/1114/1114
f 1111/1111/1111 1114/1114/1114 1112/1112/1112
f 1112/1112/1112 1114/1114/1114 1115/1115/1115
f 1112/1112/1112 1115/1115/1115 1116/1116/1116
f 1108/1108/1108 1112/1112/1112 1116/1116/1116
f 1108/1108/1108 1116/1116/1116 1109/1109/1109
f 1113/1113/1113 1117/1117/1117 1118/1118/1118
f 1113/1113/1113 1118/1118/1118 1114/1114/1114
f 1117/1117/1117 1119/1119/1119 1120/1120/1120
f 1117/1117/1117 1120/1120/1120 1118/1118/1118
f 1118/1118/1118 1120/1120/1120 1121/1121/1121
f 1118/1118/1118 1121/1121/1121 1122/1122/1122
f 1114/1114/1114 1118/1118/1118 1122/1122/1122
f 1114/1114/1114 1122/1122/1122 1115/1115/1115
f 1119/1119/1119 1123/1123/1123 1124/1124/1124
f 1119/1119/1119 1124/1124/1124 1120/1120/1120
f 1123/1123/1123 1125/1125/1125 1126/1126/1126
f 1123/1123/1123 1126/1126/1126 1124/1124/1124
f 1124/1124/1124 1126/1126/1126 1127/1127/1127
f 1124/1124/1124 1127/1127/1127 1128/1128/1128
f 1120/1120/1120 1124/1124/1124 1128/1128/1128
f 1120/1120/1120 1128/1128/1128 1121/1121/1121
f 1125/1125/1125 1129/1129/1129 1130/1130/1130
f 1125/1125/1125 1130/1130/1130 1126/1126/1126
f 1129/1129/1129 1009/1009/1009 1012/1012/1012
f 1129/1129/1129 1012/1012/1012 1130/1130/1130
f 1130/1130/1130 1012/1012/1012 1017/1017/1017
f 1130/1130/1130 1017/1017/1017 1131/1131/1131
f 1126/1126/1126 1130/1130/1130 1131/1131/1131
f 1126/1126/1126 1131/1131/1131 1127/1127/1127
f 1132/1132/1132 1133/1133/1133 1134/1134/1134
f 1132/1132/1132 1134/1134/1134 1135/1135/1135
f 1133/1133/1133 1136/1136/1136 1137/1137/1137
f 1133/1133/1133 1137/1137/1137 1134/1134/1134
f 1134/1134/1134 1137/1137/1137 1013/1013/1013
f 1134/1134/1134 1013/1013/1013 1010/1010/1010
f 1135/1135/1135 1134/1134/1134 1010/1010/1010
f 1135/1135/1135 1010/1010/1010 1009/1009/1009
f 1138/1138/1138 1139/1139/1139 1140/1140/1140
f 1138/1138/1138 1140/1140/1140 1141/1141/1141
f 1139/1139/1139 1142/1142/1142 1143/1143/1143
f 1139/1139/1139 1143/1143/1143 1140/1140/1140
f 1140/1140/1140 1143/1143/1143 1094/1094/1094
f 1140/1140/1140 1094/1094/1094 1091/1091/1091
f 1141/1141/1141 1140/1140/1140 1091/1091/1091
f 1141/1141/1141 1091/1091/1091 1090/1090/1090
f 1142/1142/1142 1144/1144/1144 1145/1145/1145
f 1142/1142/1142 1145/1145/1145 1143/1143/1143
f 1144/1144/1144 1146/1146/1146 1147/1147/1147
f 1144/1144/1144 1147/1147/1147 1145/1145/1145
f 1145/1145/1145 1147/1147/1147 1101/1101/1101
f 1145/1145/1145 1101/1101/1101 1099/1099/1099
f 1143/1143/1143 1145/1145/1145 1099/1099/1099
f 1143/1143/1143 1099/1099/1099 1094/1094/1094
f 1146/1146/1146 1148/1148/1148 1149/1149/1149
f 1146/1146/1146 1149/1149/1149 1147/1147/1147
f 1148/1148/1148 1150/1150/1150 1151/1151/1151
f 1148/1148/1148 1151/1151/1151 1149/1149/1149
f 1149/1149/1149 1151/1151/1151 1107/1107/1107
f 1149/1149/1149 1107/1107/1107 1105/1105/1105
f 1147/1147/1147 1149/1149/1149 1105/1105/1105
f 1147/1147/1147 1105/1105/1105 1101/1101/1101
f 1150/1150/1150 1152/1152/1152 1153/1153/1153
f 1150/1150/1150 1153/1153/1153 1151/1151/1151
f 1152/1152/1152 1154/1154/1154 1155/1155/1155
f 1152/1152/1152 1155/1155/1155 1153/1153/1153
f 1153/1153/1153 1155/1155/1155 1113/1113/1113
f 1153/1153/1153 1113/1113/1113 1111/1111/1111
f 1151/1151/1151 1153/1153/1153 1111/1111/1111
f 1151/1151/1151 1111/1111/1111 1107/1107/1107
f 1154/1154/1154 1156/1156/1156 1157/1157/1157
f 1154/1154/1154 1157/1157/1157 1155/1155/1155
f 1156/1156/1156 1158/1158/1158 1159/1159/1159
f 1156/1156/1156 1159/1159/1159 1157/1157/1157
f 1157/1157/1157 1159/1159/1159 1119/1119/1119
f 1157/1157/1157 1119/1119/1119 1117/1117/1117
f 1155/1155/1155 1157/1157/1157 1117/1117/1117
f 1155/1155/1155 1117/1117/1117 1113/1113/1113
f 1158/1158/1158 1160/1160/1160 1161/1161/1161
f 1158/1158/1158 1161/1161/1161 1159/1159/1159
f 1160/1160/1160 1162/1162/1162 1163/1163/1163
f 1160/1160/1160 1163/1163/1163 1161/1161/1161
f 1161/1161/1161 1163/1163/1163 1125/1125/1125
f 1161/1161/1161 1125/1125/1125 1123/1123/1123
f 1159/1159/1159 1161/1161/1161 1123/1123/1123
f 1159/1159/1159 1123/1123/1123 1119/1119/1119
f 1162/1162/1162 1164/1164/1164 1165/1165/1165
f 1162/1162/1162 1165/1165/1165 1163/1163/1163
f 1164/1164/1164 1132/1132/1132 1135/1135/1135
f 1164/1164/1164 1135/1135/1135 1165/1165/1165
f 1165/1165/1165 1135/1135/1135 1009/1009/1009
f 1165/1165/1165 1009/1009/1009 1129/1129/1129
f 1163/1163/1163 1165/1165/1165 1129/1129/1129
f 1163/1163/1163 1129/1129/1129 1125/1125/1125
f 1166/1166/1166 1167/1167/1167 1168/1168/1168
f 1166/1166/1166 1168/1168/1168 1169/1169/1169
f 1167/1167/1167 1170/1170/1170 1171/1171/1171
f 1167/1167/1167 1171/1171/1171 1168/1168/1168
f 1168/1168/1168 1171/1171/1171 1086/1086/1086
f 1168/1168/1168 1086/1086/1086 1084/1084/1084
f 1169/1169/1169 1168/1168/1168 1084/1084/1084
f 1169/1169/1169 1084/1084/1084 1080/1080/1080
f 1172/1172/1172 1173/1173/1173 1174/1174/1174
f 1172/1172/1172 1174/1174/1174 1175/1175/1175
f 1173/1173/1173 1166/1166/1166 1169/1169/1169
f 1173/1173/1173 1169/1169/1169 1174/1174/1174
f 1174/1174/1174 1169/1169/1169 1080/1080/1080
f 1174/1174/1174 1080/1080/1080 1078/1078/1078
f 1175/1175/1175 1174/1174/1174 1078/1078/1078
f 1175/1175/1175 1078/1078/1078 1074/1074/1074
f 1176/1176/1176 1177/1177/1177 1178/1178/1178
f 1176/1176/1176 1178/1178/1178 1179/1179/1179
f 1177/1177/1177 1172/1172/1172 1175/1175/1175
f 1177/1177/1177 1175/1175/1175 1178/1178/1178
f 1178/1178/1178 1175/1175/1175 1074/1074/1074
f 1178/1178/1178 1074/1074/1074 1072/1072/1072
f 1179/1179/1179 1178/1178/1178 1072/1072/1072
f 1179/1179/1179 1072/1072/1072 1068/1068/1068
f 1180/1180/1180 1181/1181/1181 1182/1182/1182
f 1180/1180/1180 1182/1182/1182 1183/1183/1183
f 1181/1181/1181 1176/1176/1176 1179/1179/1179
f 1181/1181/1181 1179/1179/1179 1182/1182/1182
f 1182/1182/1182 1179/1179/1179 1068/1068/1068
f 1182/1182/1182 1068/1068/1068 1066/1066/1066
f 1183/1183/1183 1182/1182/1182 1066/1066/1066
f 1183/1183/1183 1066/1066/1066 1062/1062/1062
f 1184/1184/1184 1185/1185/1185 1186/1186/1186
f 1184/1184/1184 1186/1186/1186 1187/1187/1187
f 1185/1185/1185 1180/1180/1180 1183/1183/1183
f 1185/1185/1185 1183/1183/1183 1186/1186/1186
f 1186/1186/1186 1183/1183/1183 1062/1062/1062
f 1186/1186/1186 1062/1062/1062 1060/1060/1060
f 1187/1187/1187 1186/1186/1186 1060/1060/1060
f 1187/1187/1187 1060/1060/1060 1056/1056/1056
f 1188/1188/1188 1189/1189/1189 1190/1190/1190
f 1188/1188/1188 1190/1190/1190 1191/1191/1191
f 1189/1189/1189 1184/1184/1184 1187/1187/1187
f 1189/1189/1189 1187/1187/1187 1190/1190/1190
f 1190/1190/1190 1187/1187/1187 1056/1056/1056
f 1190/1190/1190 1056/1056/1056 1054/1054/1054
f 1191/1191/1191 1190/1190/1190 1054/1054/1054
f 1191/1191/1191 1054/1054/1054 1050/1050/1050
f 1192/1192/1192 1193/1193/1193 1194/1194/1194
f 1192/1192/1192 1194/1194/1194 1195/1195/1195
f 1193/1193/1193 1188/1188/1188 1191/1191/1191
f 1193/1193/1193 1191/1191/1191 1194/1194/1194
f 1194/1194/1194 1191/1191/1191 1050/1050/1050
f 1194/1194/1194 1050/1050/1050 1048/1048/1048
f 1195/1195/1195 1194/1194/1194 1048/1048/1048
f 1195/1195/1195 1048/1048/1048 1044/1044/1044
f 1196/1196/1196 1197/1197/1197 1198/1198/1198
f 1196/1196/1196 1198/1198/1198 1199/1199/1199
f 1197/1197/1197 1192/1192/1192 1195/1195/1195
f 1197/1197/1197 1195/1195/1195 1198/1198/1198
f 1198/1198/1198 1195/1195/1195 1044/1044/1044
f 1198/1198/1198 1044/1044/1044 1042/1042/1042
f 1199/1199/1199 1198/1198/1198 1042/1042/1042
f 1199/1199/1199 1042/1042/1042 1038/1038/1038
f 1200/1200/1200 1201/1201/1201 1202/1202/1202
f 1200/1200/1200 1202/1202/1202 1203/1203/1203
f 1201/1201/1201 1196/1196/1196 1199/1199/1199
f 1201/1201/1201 1199/1199/1199 1202/1202/1202
f 1202/1202/1202 1199/1199/1199 1038/1038/1038
f 1202/1202/1202 1038/1038/1038 1036/1036/1036
f 1203/1203/1203 1202/1202/1202 1036/1036/1036
f 1203/1203/1203 1036/1036/1036 1032/1032/1032
f 1204/1204/1204 1205/1205/1205 1206/1206/1206
f 1204/1204/1204 1206/1206/1206 1207/1207/1207
f 1205/1205/1205 1200/1200/1200 1203/1203/1203
f 1205/1205/1205 1203/1203/1203 1206/1206/1206
f 1206/1206/1206 1203/1203/1203 1032/1032/1032
f 1206/1206/1206 1032/1032/1032 1030/1030/1030
f 1207/1207/1207 1206/1206/1206 1030/1030/1030
f 1207/1207/1207 1030/1030/1030 1026/1026/1026
f 1208/1208/1208 1209/1209/1209 1210/1210/1210
f 1208/1208/1208 1210/1210/1210 1211/1211/1211
f 1209/1209/1209 1204/1204/1204 1207/1207/1207
f 1209/1209/1209 1207/1207/1207 1210/1210/1210
f 1210/1210/1210 1207/1207/1207 1026/1026/1026
f 1210/1210/1210 1026/1026/1026 1024/1024/1024
f 1211/1211/1211 1210/1210/1210 1024/1024/1024
f 1211/1211/1211 1024/1024/1024 1020/1020/1020
f 1136/1136/1136 1212/1212/1212 1213/1213/1213
f 1136/1136/1136 1213/1213/1213 1137/1137/1137
f 1212/1212/1212 1208/1208/1208 1211/1211/1211
f 1212/1212/1212 1211/1211/1211 1213/1213/1213
f 1213/1213/1213 1211/1211/1211 1020/1020/1020
f 1213/1213/1213 1020/1020/1020 1018/1018/1018
f 1137/1137/1137 1213/1213/1213 1018/1018/1018
f 1137/1137/1137 1018/1018/1018 1013/1013/1013
f 106/106/106 103/103/103 1214/1214/1214
f 106/106/106 1214/1214/1214 234/234/234
f 103/103/103 102/102/102 326/326/326
f 103/103/103 326/326/326 1214/1214/1214
f 1214/1214/1214 326/326/326 325/325/325
f 1214/1214/1214 325/325/325 1215/1215/1215
f 234/234/234 1214/1214/1214 1215/1215/1215
f 234/234/234 1215/1215/1215 237/237/237
f 482/482/482 479/479/479 1216/1216/1216
f 482/482/482 1216/1216/1216 1217/1217/1217
f 479/479/479 478/478/478 1218/1218/1218
f 479/479/479 1218/1218/1218 1216/1216/1216
f 1219/1219/1219 1220/1220/1220 563/563/563
f 1219/1219/1219 563/563/563 560/560/560
f 1221/1221/1221 1219/1219/1219 560/560/560
f 1221/1221/1221 560/560/560 559/559/559
f 478/478/478 486/486/486 1222/1222/1222
f 478/478/478 1222/1222/1222 1218/1218/1218
f 486/486/486 485/485/485 1223/1223/1223
f 486/486/486 1223/1223/1223 1222/1222/1222
f 1224/1224/1224 1225/1225/1225 567/567/567
f 1224/1224/1224 567/567/567 565/565/565
f 1220/1220/1220 1224/1224/1224 565/565/565
f 1220/1220/1220 565/565/565 563/563/563
f 485/485/485 490/490/490 1226/1226/1226
f 485/485/485 1226/1226/1226 1223/1223/1223
f 490/490/490 489/489/489 1227/1227/1227
f 490/490/490 1227/1227/1227 1226/1226/1226
f 1228/1228/1228 1229/1229/1229 571/571/571
f 1228/1228/1228 571/571/571 569/569/569
f 1225/1225/1225 1228/1228/1228 569/569/569
f 1225/1225/1225 569/569/569 567/567/567
f 489/489/489 494/494/494 1230/1230/1230
f 489/489/489 1230/1230/1230 1227/1227/1227
f 494/494/494 493/493/493 1231/1231/1231
f 494/494/494 1231/1231/1231 1230/1230/1230
f 1232/1232/1232 1233/1233/1233 575/575/575
f 1232/1232/1232 575/575/575 573/573/573
f 1229/1229/1229 1232/1232/1232 573/573/573
f 1229/1229/1229 573/573/573 571/571/571
f 493/493/493 498/498/498 1234/1234/1234
f 493/493/493 1234/1234/1234 1231/1231/1231
f 498/498/498 497/497/497 1235/1235/1235
f 498/498/498 1235/1235/1235 1234/1234/1234
f 1236/1236/1236 1237/1237/1237 579/579/579
f 1236/1236/1236 579/579/579 577/577/577
f 1233/1233/1233 1236/1236/1236 577/577/577
f 1233/1233/1233 577/577/577 575/575/575
f 497/497/497 502/502/502 1238/1238/1238
f 497/497/497 1238/1238/1238 1235/1235/1235
f 502/502/502 501/501/501 1239/1239/1239
f 502/502/502 1239/1239/1239 1238/1238/1238
f 1240/1240/1240 1241/1241/1241 583/583/583
f 1240/1240/1240 583/583/583 581/581/581
f 1237/1237/1237 1240/1240/1240 581/581/581
f 1237/1237/1237 581/581/581 579/579/579
f 501/501/501 506/506/506 1242/1242/1242
f 501/501/501 1242/1242/1242 1239/1239/1239
f 506/506/506 505/505/505 1243/1243/1243
f 506/506/506 1243/1243/1243 1242/1242/1242
f 1244/1244/1244 1245/1245/1245 587/587/587
f 1244/1244/1244 587/587/587 585/585/585
f 1241/1241/1241 1244/1244/1244 585/585/585
f 1241/1241/1241 585/585/585 583/583/583
f 505/505/505 510/510/510 1246/1246/1246
f 505/505/505 1246/1246/1246 1243/1243/1243
f 510/510/510 509/509/509 1247/1247/1247
f 510/510/510 1247/1247/1247 1246/1246/1246
f 1248/1248/1248 1249/1249/1249 591/591/591
f 1248/1248/1248 591/591/591 589/589/589
f 1245/1245/1245 1248/1248/1248 589/589/589
f 1245/1245/1245 589/589/589 587/587/587
f 509/509/509 514/514/514 1250/1250/1250
f 509/509/509 1250/1250/1250 1247/1247/1247
f 514/514/514 513/513/513 1251/1251/1251
f 514/514/514 1251/1251/1251 1250/1250/1250
f 1252/1252/1252 1253/1253/1253 595/595/595
f 1252/1252/1252 595/595/595 593/593/593
f 1249/1249/1249 1252/1252/1252 593/593/593
f 1249/1249/1249 593/593/593 591/591/591
f 513/513/513 518/518/518 1254/1254/1254
f 513/513/513 1254/1254/1254 1251/1251/1251
f 518/518/518 517/517/517 1255/1255/1255
f 518/518/518 1255/1255/1255 1254/1254/1254
f 1256/1256/1256 1257/1257/1257 599/599/599
f 1256/1256/1256 599/599/599 597/597/597
f 1253/1253/1253 1256/1256/1256 597/597/597
f 1253/1253/1253 597/597/597 595/595/595
f 517/517/517 522/522/522 1258/1258/1258
f 517/517/517 1258/1258/1258 1255/1255/1255
f 522/522/522 521/521/521 1259/1259/1259
f 522/522/522 1259/1259/1259 1260/1260/1260
f 1261/1261/1261 1262/1262/1262 604/604/604
f 1261/1261/1261 604/604/604 603/603/603
f 1257/1257/1257 1263/1263/1263 601/601/601
f 1257/1257/1257 601/601/601 599/599/599
f 521/521/521 526/526/526 1264/1264/1264
f 521/521/521 1264/1264/1264 1259/1259/1259
f 526/526/526 525/525/525 1265/1265/1265
f 526/526/526 1265/1265/1265 1264/1264/1264
f 1266/1266/1266 1267/1267/1267 609/609/609
f 1266/1266/1266 609/609/609 607/607/607
f 1262/1262/1262 1266/1266/1266 607/607/607
f 1262/1262/1262 607/607/607 604/604/604
f 525/525/525 530/530/530 1268/1268/1268
f 525/525/525 1268/1268/1268 1265/1265/1265
f 530/530/530 529/529/529 1269/1269/1269
f 530/530/530 1269/1269/1269 1268/1268/1268
f 1270/1270/1270 1271/1271/1271 613/613/613
f 1270/1270/1270 613/613/613 611/611/611
f 1267/1267/1267 1270/1270/1270 611/611/611
f 1267/1267/1267 611/611/611 609/609/609
f 529/529/529 534/534/534 1272/1272/1272
f 529/529/529 1272/1272/1272 1269/1269/1269
f 534/534/534 533/533/533 1273/1273/1273
f 534/534/534 1273/1273/1273 1272/1272/1272
f 1274/1274/1274 1275/1275/1275 617/617/617
f 1274/1274/1274 617/617/617 615/615/615
f 1271/1271/1271 1274/1274/1274 615/615/615
f 1271/1271/1271 615/615/615 613/613/613
f 533/533/533 538/538/538 1276/1276/1276
f 533/533/533 1276/1276/1276 1273/1273/1273
f 538/538/538 537/537/537 1277/1277/1277
f 538/538/538 1277/1277/1277 1276/1276/1276
f 1278/1278/1278 1279/1279/1279 621/621/621
f 1278/1278/1278 621/621/621 619/619/619
f 1275/1275/1275 1278/1278/1278 619/619/619
f 1275/1275/1275 619/619/619 617/617/617
f 537/537/537 542/542/542 1280/1280/1280
f 537/537/537 1280/1280/1280 1277/1277/1277
f 542/542/542 541/541/541 1281/1281/1281
f 542/542/542 1281/1281/1281 1280/1280/1280
f 1282/1282/1282 1283/1283/1283 625/625/625
f 1282/1282/1282 625/625/625 623/623/623
f 1279/1279/1279 1282/1282/1282 623/623/623
f 1279/1279/1279 623/623/623 621/621/621
f 541/541/541 546/546/546 1284/1284/1284
f 541/541/541 1284/1284/1284 1281/1281/1281
f 546/546/546 545/545/545 1285/1285/1285
f 546/546/546 1285/1285/1285 1284/1284/1284
f 1286/1286/1286 1287/1287/1287 629/629/629
f 1286/1286/1286 629/629/629 627/627/627
f 1283/1283/1283 1286/1286/1286 627/627/627
f 1283/1283/1283 627/627/627 625/625/625
f 545/545/545 550/550/550 1288/1288/1288
f 545/545/545 1288/1288/1288 1285/1285/1285
f 550/550/550 549/549/549 1289/1289/1289
f 550/550/550 1289/1289/1289 1288/1288/1288
f 1290/1290/1290 1291/1291/1291 633/633/633
f 1290/1290/1290 633/633/633 631/631/631
f 1287/1287/1287 1290/1290/1290 631/631/631
f 1287/1287/1287 631/631/631 629/629/629
f 549/549/549 554/554/554 1292/1292/1292
f 549/549/549 1292/1292/1292 1289/1289/1289
f 554/554/554 553/553/553 1293/1293/1293
f 554/554/554 1293/1293/1293 1292/1292/1292
f 1294/1294/1294 1295/1295/1295 637/637/637
f 1294/1294/1294 637/637/637 635/635/635
f 1291/1291/1291 1294/1294/1294 635/635/635
f 1291/1291/1291 635/635/635 633/633/633
f 553/553/553 557/557/557 1296/1296/1296
f 553/553/553 1296/1296/1296 1293/1293/1293
f 557/557/557 482/482/482 1217/1217/1217
f 557/557/557 1217/1217/1217 1296/1296/1296
f 1297/1297/1297 1221/1221/1221 559/559/559
f 1297/1297/1297 559/559/559 639/639/639
f 1295/1295/1295 1297/1297/1297 639/639/639
f 1295/1295/1295 639/639/639 637/637/637
f 1298/1298/1298 1299/1299/1299 1300/1300/1300
f 1298/1298/1298 1300/1300/1300 1301/1301/1301
f 1299/1299/1299 1302/1302/1302 1303/1303/1303
f 1299/1299/1299 1303/1303/1303 1300/1300/1300
f 1300/1300/1300 1303/1303/1303 341/341/341
f 1300/1300/1300 341/341/341 353/353/353
f 1301/1301/1301 1300/1300/1300 353/353/353
f 1301/1301/1301 353/353/353 315/315/315
f 230/230/230 342/342/342 1304/1304/1304
f 230/230/230 1304/1304/1304 1305/1305/1305
f 342/342/342 341/341/341 1303/1303/1303
f 342/342/342 1303/1303/1303 1304/1304/1304
f 1304/1304/1304 1303/1303/1303 1302/1302/1302
f 1304/1304/1304 1302/1302/1302 1306/1306/1306
f 1305/1305/1305 1304/1304/1304 1306/1306/1306
f 1305/1305/1305 1306/1306/1306 1307/1307/1307
f 232/232/232 231/231/231 1308/1308/1308
f 232/232/232 1308/1308/1308 1309/1309/1309
f 231/231/231 230/230/230 1305/1305/1305
f 231/231/231 1305/1305/1305 1308/1308/1308
f 1308/1308/1308 1305/1305/1305 1307/1307/1307
f 1308/1308/1308 1307/1307/1307 1310/1310/1310
f 1309/1309/1309 1308/1308/1308 1310/1310/1310
f 1309/1309/1309 1310/1310/1310 1311/1311/1311
f 325/325/325 324/324/324 1312/1312/1312
f 325/325/325 1312/1312/1312 1313/1313/1313
f 324/324/324 232/232/232 1309/1309/1309
f 324/324/324 1309/1309/1309 1312/1312/1312
f 1312/1312/1312 1309/1309/1309 1311/1311/1311
f 1312/1312/1312 1311/1311/1311 1314/1314/1314
f 1313/1313/1313 1312/1312/1312 1314/1314/1314
f 1313/1313/1313 1314/1314/1314 1315/1315/1315
f 237/237/237 1215/1215/1215 1316/1316/1316
f 237/237/237 1316/1316/1316 1317/1317/1317
f 1215/1215/1215 325/325/325 1313/1313/1313
f 1215/1215/1215 1313/1313/1313 1316/1316/1316
f 1316/1316/1316 1313/1313/1313 1315/1315/1315
f 1316/1316/1316 1315/1315/1315 1318/1318/1318
f 1317/1317/1317 1316/1316/1316 1318/1318/1318
f 1317/1317/1317 1318/1318/1318 1319/1319/1319
f 239/239/239 238/238/238 1320/1320/1320
f 239/239/239 1320/1320/1320 1321/1321/1321
f 237/237/237 1317/1317/1317 1320/1320/1320
f 237/237/237 1320/1320/1320 238/238/238
f 1319/1319/1319 1321/1321/1321 1320/1320/1320
f 1319/1319/1319 1320/1320/1320 1317/1317/1317
f 1319/1319/1319 1322/1322/1322 1323/1323/1323
f 1319/1319/1319 1323/1323/1323 1321/1321/1321
f 1322/1322/1322 1324/1324/1324 1325/1325/1325
f 1322/1322/1322 1325/1325/1325 1323/1323/1323
f 1323/1323/1323 1325/1325/1325 243/243/243
f 1323/1323/1323 243/243/243 241/241/241
f 1321/1321/1321 1323/1323/1323 241/241/241
f 1321/1321/1321 241/241/241 239/239/239
f 1324/1324/1324 1326/1326/1326 1327/1327/1327
f 1324/1324/1324 1327/1327/1327 1325/1325/1325
f 1326/1326/1326 1328/1328/1328 1329/1329/1329
f 1326/1326/1326 1329/1329/1329 1327/1327/1327
f 1327/1327/1327 1329/1329/1329 247/247/247
f 1327/1327/1327 247/247/247 245/245/245
f 1325/1325/1325 1327/1327/1327 245/245/245
f 1325/1325/1325 245/245/245 243/243/243
f 1328/1328/1328 1330/1330/1330 1331/1331/1331
f 1328/1328/1328 1331/1331/1331 1329/1329/1329
f 1330/1330/1330 1332/1332/1332 1333/1333/1333
f 1330/1330/1330 1333/1333/1333 1331/1331/1331
f 1331/1331/1331 1333/1333/1333 251/251/251
f 1331/1331/1331 251/251/251 249/249/249
f 1329/1329/1329 1331/1331/1331 249/249/249
f 1329/1329/1329 249/249/249 247/247/247
f 1332/1332/1332 1334/1334/1334 1335/1335/1335
f 1332/1332/1332 1335/1335/1335 1333/1333/1333
f 1334/1334/1334 1336/1336/1336 1337/1337/1337
f 1334/1334/1334 1337/1337/1337 1335/1335/1335
f 1335/1335/1335 1337/1337/1337 255/255/255
f 1335/1335/1335 255/255/255 253/253/253
f 1333/1333/1333 1335/1335/1335 253/253/253
f 1333/1333/1333 253/253/253 251/251/251
f 1336/1336/1336 1338/1338/1338 1339/1339/1339
f 1336/1336/1336 1339/1339/1339 1337/1337/1337
f 1338/1338/1338 1340/1340/1340 1341/1341/1341
f 1338/1338/1338 1341/1341/1341 1339/1339/1339
f 1339/1339/1339 1341/1341/1341 259/259/259
f 1339/1339/1339 259/259/259 257/257/257
f 1337/1337/1337 1339/1339/1339 257/257/257
f 1337/1337/1337 257/257/257 255/255/255
f 1340/1340/1340 1342/1342/1342 1343/1343/1343
f 1340/1340/1340 1343/1343/1343 1341/1341/1341
f 1342/1342/1342 1344/1344/1344 1345/1345/1345
f 1342/1342/1342 1345/1345/1345 1343/1343/1343
f 1343/1343/1343 1345/1345/1345 263/263/263
f 1343/1343/1343 263/263/263 261/261/261
f 1341/1341/1341 1343/1343/1343 261/261/261
f 1341/1341/1341 261/261/261 259/259/259
f 1344/1344/1344 1346/1346/1346 1347/1347/1347
f 1344/1344/1344 1347/1347/1347 1345/1345/1345
f 1346/1346/1346 1348/1348/1348 1349/1349/1349
f 1346/1346/1346 1349/1349/1349 1347/1347/1347
f 1347/1347/1347 1349/1349/1349 267/267/267
f 1347/1347/1347 267/267/267 265/265/265
f 1345/1345/1345 1347/1347/1347 265/265/265
f 1345/1345/1345 265/265/265 263/263/263
f 1348/1348/1348 1350/1350/1350 1351/1351/1351
f 1348/1348/1348 1351/1351/1351 1349/1349/1349
f 1350/1350/1350 1352/1352/1352 1353/1353/1353
f 1350/1350/1350 1353/1353/1353 1351/1351/1351
f 1351/1351/1351 1353/1353/1353 271/271/271
f 1351/1351/1351 271/271/271 269/269/269
f 1349/1349/1349 1351/1351/1351 269/269/269
f 1349/1349/1349 269/269/269 267/267/267
f 1352/1352/1352 1354/1354/1354 1355/1355/1355
f 1352/1352/1352 1355/1355/1355 1353/1353/1353
f 1356/1356/1356 1357/1357/1357 1358/1358/1358
f 1356/1356/1356 1358/1358/1358 1359/1359/1359
f 1359/1359/1359 1358/1358/1358 276/276/276
f 1359/1359/1359 276/276/276 275/275/275
f 1353/1353/1353 1355/1355/1355 273/273/273
f 1353/1353/1353 273/273/273 271/271/271
f 1357/1357/1357 1360/1360/1360 1361/1361/1361
f 1357/1357/1357 1361/1361/1361 1358/1358/1358
f 1360/1360/1360 1362/1362/1362 1363/1363/1363
f 1360/1360/1360 1363/1363/1363 1361/1361/1361
f 1361/1361/1361 1363/1363/1363 281/281/281
f 1361/1361/1361 281/281/281 279/279/279
f 1358/1358/1358 1361/1361/1361 279/279/279
f 1358/1358/1358 279/279/279 276/276/276
f 1362/1362/1362 1364/1364/1364 1365/1365/1365
f 1362/1362/1362 1365/1365/1365 1363/1363/1363
f 1364/1364/1364 1366/1366/1366 1367/1367/1367
f 1364/1364/1364 1367/1367/1367 1365/1365/1365
f 1365/1365/1365 1367/1367/1367 285/285/285
f 1365/1365/1365 285/285/285 283/283/283
f 1363/1363/1363 1365/1365/1365 283/283/283
f 1363/1363/1363 283/283/283 281/281/281
f 1366/1366/1366 1368/1368/1368 1369/1369/1369
f 1366/1366/1366 1369/1369/1369 1367/1367/1367
f 1368/1368/1368 1370/1370/1370 1371/1371/1371
f 1368/1368/1368 1371/1371/1371 1369/1369/1369
f 1369/1369/1369 1371/1371/1371 289/289/289
f 1369/1369/1369 289/289/289 287/287/287
f 1367/1367/1367 1369/1369/1369 287/287/287
f 1367/1367/1367 287/287/287 285/285/285
f 1370/1370/1370 1372/1372/1372 1373/1373/1373
f 1370/1370/1370 1373/1373/1373 1371/1371/1371
f 1372/1372/1372 1374/1374/1374 1375/1375/1375
f 1372/1372/1372 1375/1375/1375 1373/1373/1373
f 1373/1373/1373 1375/1375/1375 293/293/293
f 1373/1373/1373 293/293/293 291/291/291
f 1371/1371/1371 1373/1373/1373 291/291/291
f 1371/1371/1371 291/291/291 289/289/289
f 295/295/295 319/319/319 1376/1376/1376
f 295/295/295 1376/1376/1376 1377/1377/1377
f 319/319/319 293/293/293 1375/1375/1375
f 319/319/319 1375/1375/1375 1376/1376/1376
f 1376/1376/1376 1375/1375/1375 1374/1374/1374
f 1376/1376/1376 1374/1374/1374 1378/1378/1378
f 1377/1377/1377 1376/1376/1376 1378/1378/1378
f 1377/1377/1377 1378/1378/1378 1379/1379/1379
f 1379/1379/1379 1380/1380/1380 1381/1381/1381
f 1379/1379/1379 1381/1381/1381 1377/1377/1377
f 1380/1380/1380 1382/1382/1382 1383/1383/1383
f 1380/1380/1380 1383/1383/1383 1381/1381/1381
f 1381/1381/1381 1383/1383/1383 299/299/299
f 1381/1381/1381 299/299/299 296/296/296
f 1377/1377/1377 1381/1381/1381 296/296/296
f 1377/1377/1377 296/296/296 295/295/295
f 1382/1382/1382 1384/1384/1384 1385/1385/1385
f 1382/1382/1382 1385/1385/1385 1383/1383/1383
f 1384/1384/1384 1386/1386/1386 1387/1387/1387
f 1384/1384/1384 1387/1387/1387 1385/1385/1385
f 1385/1385/1385 1387/1387/1387 303/303/303
f 1385/1385/1385 303/303/303 301/301/301
f 1383/1383/1383 1385/1385/1385 301/301/301
f 1383/1383/1383 301/301/301 299/299/299
f 1386/1386/1386 1388/1388/1388 1389/1389/1389
f 1386/1386/1386 1389/1389/1389 1387/1387/1387
f 1388/1388/1388 1390/1390/1390 1391/1391/1391
f 1388/1388/1388 1391/1391/1391 1389/1389/1389
f 1389/1389/1389 1391/1391/1391 307/307/307
f 1389/1389/1389 307/307/307 305/305/305
f 1387/1387/1387 1389/1389/1389 305/305/305
f 1387/1387/1387 305/305/305 303/303/303
f 1390/1390/1390 1392/1392/1392 1393/1393/1393
f 1390/1390/1390 1393/1393/1393 1391/1391/1391
f 1392/1392/1392 1394/1394/1394 1395/1395/1395
f 1392/1392/1392 1395/1395/1395 1393/1393/1393
f 1393/1393/1393 1395/1395/1395 311/311/311
f 1393/1393/1393 311/311/311 309/309/309
f 1391/1391/1391 1393/1393/1393 309/309/309
f 1391/1391/1391 309/309/309 307/307/307
f 1394/1394/1394 1396/1396/1396 1397/1397/1397
f 1394/1394/1394 1397/1397/1397 1395/1395/1395
f 1396/1396/1396 1298/1298/1298 1301/1301/1301
f 1396/1396/1396 1301/1301/1301 1397/1397/1397
f 1397/1397/1397 1301/1301/1301 315/315/315
f 1397/1397/1397 315/315/315 313/313/313
f 1395/1395/1395 1397/1397/1397 313/313/313
f 1395/1395/1395 313/313/313 311/311/311
f 811/811/811 927/927/927 1398/1398/1398
f 811/811/811 1398/1398/1398 1399/1399/1399
f 927/927/927 924/924/924 1400/1400/1400
f 927/927/927 1400/1400/1400 1398/1398/1398
f 1398/1398/1398 1400/1400/1400 1136/1136/1136
f 1398/1398/1398 1136/1136/1136 1133/1133/1133
f 1399/1399/1399 1398/1398/1398 1133/1133/1133
f 1399/1399/1399 1133/1133/1133 1132/1132/1132
f 924/924/924 1401/1401/1401 1402/1402/1402
f 924/924/924 1402/1402/1402 1400/1400/1400
f 1401/1401/1401 1403/1403/1403 1404/1404/1404
f 1401/1401/1401 1404/1404/1404 1402/1402/1402
f 1402/1402/1402 1404/1404/1404 1208/1208/1208
f 1402/1402/1402 1208/1208/1208 1212/1212/1212
f 1400/1400/1400 1402/1402/1402 1212/1212/1212
f 1400/1400/1400 1212/1212/1212 1136/1136/1136
f 1403/1403/1403 1405/1405/1405 1406/1406/1406
f 1403/1403/1403 1406/1406/1406 1404/1404/1404
f 1405/1405/1405 1407/1407/1407 1408/1408/1408
f 1405/1405/1405 1408/1408/1408 1406/1406/1406
f 1406/1406/1406 1408/1408/1408 1204/1204/1204
f 1406/1406/1406 1204/1204/1204 1209/1209/1209
f 1404/1404/1404 1406/1406/1406 1209/1209/1209
f 1404/1404/1404 1209/1209/1209 1208/1208/1208
f 1407/1407/1407 1409/1409/1409 1410/1410/1410
f 1407/1407/1407 1410/1410/1410 1408/1408/1408
f 1409/1409/1409 1411/1411/1411 1412/1412/1412
f 1409/1409/1409 1412/1412/1412 1410/1410/1410
f 1410/1410/1410 1412/1412/1412 1200/1200/1200
f 1410/1410/1410 1200/1200/1200 1205/1205/1205
f 1408/1408/1408 1410/1410/1410 1205/1205/1205
f 1408/1408/1408 1205/1205/1205 1204/1204/1204
f 1411/1411/1411 1413/1413/1413 1414/1414/1414
f 1411/1411/1411 1414/1414/1414 1412/1412/1412
f 1413/1413/1413 1415/1415/1415 1416/1416/1416
f 1413/1413/1413 1416/1416/1416 1414/1414/1414
f 1414/1414/1414 1416/1416/1416 1196/1196/1196
f 1414/1414/1414 1196/1196/1196 1201/1201/1201
f 1412/1412/1412 1414/1414/1414 1201/1201/1201
f 1412/1412/1412 1201/1201/1201 1200/1200/1200
f 1415/1415/1415 1417/1417/1417 1418/1418/1418
f 1415/1415/1415 1418/1418/1418 1416/1416/1416
f 1417/1417/1417 1419/1419/1419 1420/1420/1420
f 1417/1417/1417 1420/1420/1420 1418/1418/1418
f 1418/1418/1418 1420/1420/1420 1192/1192/1192
f 1418/1418/1418 1192/1192/1192 1197/1197/1197
f 1416/1416/1416 1418/1418/1418 1197/1197/1197
f 1416/1416/1416 1197/1197/1197 1196/1196/1196
f 1419/1419/1419 1421/1421/1421 1422/1422/1422
f 1419/1419/1419 1422/1422/1422 1420/1420/1420
f 1421/1421/1421 1423/1423/1423 1424/1424/1424
f 1421/1421/1421 1424/1424/1424 1422/1422/1422
f 1422/1422/1422 1424/1424/1424 1188/1188/1188
f 1422/1422/1422 1188/1188/1188 1193/1193/1193
f 1420/1420/1420 1422/1422/1422 1193/1193/1193
f 1420/1420/1420 1193/1193/1193 1192/1192/1192
f 1423/1423/1423 1425/1425/1425 1426/1426/1426
f 1423/1423/1423 1426/1426/1426 1424/1424/1424
f 1425/1425/1425 1427/1427/1427 1428/1428/1428
f 1425/1425/1425 1428/1428/1428 1426/1426/1426
f 1426/1426/1426 1428/1428/1428 1184/1184/1184
f 1426/1426/1426 1184/1184/1184 1189/1189/1189
f 1424/1424/1424 1426/1426/1426 1189/1189/1189
f 1424/1424/1424 1189/1189/1189 1188/1188/1188
f 1427/1427/1427 1429/1429/1429 1430/1430/1430
f 1427/1427/1427 1430/1430/1430 1428/1428/1428
f 1429/1429/1429 1431/1431/1431 1432/1432/1432
f 1429/1429/1429 1432/1432/1432 1430/1430/1430
f 1430/1430/1430 1432/1432/1432 1180/1180/1180
f 1430/1430/1430 1180/1180/1180 1185/1185/1185
f 1428/1428/1428 1430/1430/1430 1185/1185/1185
f 1428/1428/1428 1185/1185/1185 1184/1184/1184
f 1431/1431/1431 1433/1433/1433 1434/1434/1434
f 1431/1431/1431 1434/1434/1434 1432/1432/1432
f 1433/1433/1433 1435/1435/1435 1436/1436/1436
f 1433/1433/1433 1436/1436/1436 1434/1434/1434
f 1434/1434/1434 1436/1436/1436 1176/1176/1176
f 1434/1434/1434 1176/1176/1176 1181/1181/1181
f 1432/1432/1432 1434/1434/1434 1181/1181/1181
f 1432/1432/1432 1181/1181/1181 1180/1180/1180
f 1435/1435/1435 1437/1437/1437 1438/1438/1438
f 1435/1435/1435 1438/1438/1438 1436/1436/1436
f 1437/1437/1437 1439/1439/1439 1440/1440/1440
f 1437/1437/1437 1440/1440/1440 1438/1438/1438
f 1438/1438/1438 1440/1440/1440 1172/1172/1172
f 1438/1438/1438 1172/1172/1172 1177/1177/1177
f 1436/1436/1436 1438/1438/1438 1177/1177/1177
f 1436/1436/1436 1177/1177/1177 1176/1176/1176
f 1439/1439/1439 1441/1441/1441 1442/1442/1442
f 1439/1439/1439 1442/1442/1442 1440/1440/1440
f 1441/1441/1441 1443/1443/1443 1444/1444/1444
f 1441/1441/1441 1444/1444/1444 1442/1442/1442
f 1442/1442/1442 1444/1444/1444 1166/1166/1166
f 1442/1442/1442 1166/1166/1166 1173/1173/1173
f 1440/1440/1440 1442/1442/1442 1173/1173/1173
f 1440/1440/1440 1173/1173/1173 1172/1172/1172
f 1443/1443/1443 1445/1445/1445 1446/1446/1446
f 1443/1443/1443 1446/1446/1446 1444/1444/1444
f 1445/1445/1445 1447/1447/1447 1448/1448/1448
f 1445/1445/1445 1448/1448/1448 1446/1446/1446
f 1446/1446/1446 1448/1448/1448 1170/1170/1170
f 1446/1446/1446 1170/1170/1170 1167/1167/1167
f 1444/1444/1444 1446/1446/1446 1167/1167/1167
f 1444/1444/1444 1167/1167/1167 1166/1166/1166
f 849/849/849 848/848/848 1449/1449/1449
f 849/849/849 1449/1449/1449 1450/1450/1450
f 848/848/848 843/843/843 1451/1451/1451
f 848/848/848 1451/1451/1451 1449/1449/1449
f 1449/1449/1449 1451/1451/1451 1142/1142/1142
f 1449/1449/1449 1142/1142/1142 1139/1139/1139
f 1450/1450/1450 1449/1449/1449 1139/1139/1139
f 1450/1450/1450 1139/1139/1139 1138/1138/1138
f 843/843/843 842/842/842 1452/1452/1452
f 843/843/843 1452/1452/1452 1451/1451/1451
f 842/842/842 837/837/837 1453/1453/1453
f 842/842/842 1453/1453/1453 1452/1452/1452
f 1452/1452/1452 1453/1453/1453 1146/1146/1146
f 1452/1452/1452 1146/1146/1146 1144/1144/1144
f 1451/1451/1451 1452/1452/1452 1144/1144/1144
f 1451/1451/1451 1144/1144/1144 1142/1142/1142
f 837/837/837 836/836/836 1454/1454/1454
f 837/837/837 1454/1454/1454 1453/1453/1453
f 836/836/836 831/831/831 1455/1455/1455
f 836/836/836 1455/1455/1455 1454/1454/1454
f 1454/1454/1454 1455/1455/1455 1150/1150/1150
f 1454/1454/1454 1150/1150/1150 1148/1148/1148
f 1453/1453/1453 1454/1454/1454 1148/1148/1148
f 1453/1453/1453 1148/1148/1148 1146/1146/1146
f 831/831/831 830/830/830 1456/1456/1456
f 831/831/831 1456/1456/1456 1455/1455/1455
f 830/830/830 825/825/825 1457/1457/1457
f 830/830/830 1457/1457/1457 1456/1456/1456
f 1456/1456/1456 1457/1457/1457 1154/1154/1154
f 1456/1456/1456 1154/1154/1154 1152/1152/1152
f 1455/1455/1455 1456/1456/1456 1152/1152/1152
f 1455/1455/1455 1152/1152/1152 1150/1150/1150
f 825/825/825 824/824/824 1458/1458/1458
f 825/825/825 1458/1458/1458 1457/1457/1457
f 824/824/824 819/819/819 1459/1459/1459
f 824/824/824 1459/1459/1459 1458/1458/1458
f 1458/1458/1458 1459/1459/1459 1158/1158/1158
f 1458/1458/1458 1158/1158/1158 1156/1156/1156
f 1457/1457/1457 1458/1458/1458 1156/1156/1156
f 1457/1457/1457 1156/1156/1156 1154/1154/1154
f 819/819/819 818/818/818 1460/1460/1460
f 819/819/819 1460/1460/1460 1459/1459/1459
f 818/818/818 813/813/813 1461/1461/1461
f 818/818/818 1461/1461/1461 1460/1460/1460
f 1460/1460/1460 1461/1461/1461 1162/1162/1162
f 1460/1460/1460 1162/1162/1162 1160/1160/1160
f 1459/1459/1459 1460/1460/1460 1160/1160/1160
f 1459/1459/1459 1160/1160/1160 1158/1158/1158
f 813/813/813 812/812/812 1462/1462/1462
f 813/813/813 1462/1462/1462 1461/1461/1461
f 812/812/812 811/811/811 1399/1399/1399
f 812/812/812 1399/1399/1399 1462/1462/1462
f 1462/1462/1462 1399/1399/1399 1132/1132/1132
f 1462/1462/1462 1132/1132/1132 1164/1164/1164
f 1461/1461/1461 1462/1462/1462 1164/1164/1164
f 1461/1461/1461 1164/1164/1164 1162/1162/1162
f 726/726/726 804/804/804 1463/1463/1463
f 726/726/726 1463/1463/1463 1464/1464/1464
f 804/804/804 802/802/802 1465/1465/1465
f 804/804/804 1465/1465/1465 1463/1463/1463
f 1463/1463/1463 1465/1465/1465 919/919/919
f 1463/1463/1463 919/919/919 925/925/925
f 1464/1464/1464 1463/1463/1463 925/925/925
f 1464/1464/1464 925/925/925 809/809/809
f 802/802/802 801/801/801 1466/1466/1466
f 802/802/802 1466/1466/1466 1465/1465/1465
f 801/801/801 798/798/798 1467/1467/1467
f 801/801/801 1467/1467/1467 1466/1466/1466
f 1466/1466/1466 1467/1467/1467 913/913/913
f 1466/1466/1466 913/913/913 920/920/920
f 1465/1465/1465 1466/1466/1466 920/920/920
f 1465/1465/1465 920/920/920 919/919/919
f 798/798/798 797/797/797 1468/1468/1468
f 798/798/798 1468/1468/1468 1467/1467/1467
f 797/797/797 794/794/794 1469/1469/1469
f 797/797/797 1469/1469/1469 1468/1468/1468
f 1468/1468/1468 1469/1469/1469 907/907/907
f 1468/1468/1468 907/907/907 914/914/914
f 1467/1467/1467 1468/1468/1468 914/914/914
f 1467/1467/1467 914/914/914 913/913/913
f 794/794/794 793/793/793 1470/1470/1470
f 794/794/794 1470/1470/1470 1469/1469/1469
f 793/793/793 790/790/790 1471/1471/1471
f 793/793/793 1471/1471/1471 1470/1470/1470
f 1470/1470/1470 1471/1471/1471 901/901/901
f 1470/1470/1470 901/901/901 908/908/908
f 1469/1469/1469 1470/1470/1470 908/908/908
f 1469/1469/1469 908/908/908 907/907/907
f 790/790/790 789/789/789 1472/1472/1472
f 790/790/790 1472/1472/1472 1471/1471/1471
f 789/789/789 786/786/786 1473/1473/1473
f 789/789/789 1473/1473/1473 1472/1472/1472
f 1472/1472/1472 1473/1473/1473 895/895/895
f 1472/1472/1472 895/895/895 902/902/902
f 1471/1471/1471 1472/1472/1472 902/902/902
f 1471/1471/1471 902/902/902 901/901/901
f 786/786/786 785/785/785 1474/1474/1474
f 786/786/786 1474/1474/1474 1473/1473/1473
f 785/785/785 782/782/782 1475/1475/1475
f 785/785/785 1475/1475/1475 1474/1474/1474
f 1474/1474/1474 1475/1475/1475 889/889/889
f 1474/1474/1474 889/889/889 896/896/896
f 1473/1473/1473 1474/1474/1474 896/896/896
f 1473/1473/1473 896/896/896 895/895/895
f 782/782/782 781/781/781 1476/1476/1476
f 782/782/782 1476/1476/1476 1475/1475/1475
f 781/781/781 778/778/778 1477/1477/1477
f 781/781/781 1477/1477/1477 1476/1476/1476
f 1476/1476/1476 1477/1477/1477 883/883/883
f 1476/1476/1476 883/883/883 890/890/890
f 1475/1475/1475 1476/1476/1476 890/890/890
f 1475/1475/1475 890/890/890 889/889/889
f 778/778/778 777/777/777 1478/1478/1478
f 778/778/778 1478/1478/1478 1477/1477/1477
f 777/777/777 774/774/774 1479/1479/1479
f 777/777/777 1479/1479/1479 1478/1478/1478
f 1478/1478/1478 1479/1479/1479 877/877/877
f 1478/1478/1478 877/877/877 884/884/884
f 1477/1477/1477 1478/1478/1478 884/884/884
f 1477/1477/1477 884/884/884 883/883/883
f 774/774/774 773/773/773 1480/1480/1480
f 774/774/774 1480/1480/1480 1479/1479/1479
f 773/773/773 770/770/770 1481/1481/1481
f 773/773/773 1481/1481/1481 1480/1480/1480
f 1480/1480/1480 1481/1481/1481 871/871/871
f 1480/1480/1480 871/871/871 878/878/878
f 1479/1479/1479 1480/1480/1480 878/878/878
f 1479/1479/1479 878/878/878 877/877/877
f 770/770/770 769/769/769 1482/1482/1482
f 770/770/770 1482/1482/1482 1481/1481/1481
f 769/769/769 766/766/766 1483/1483/1483
f 769/769/769 1483/1483/1483 1482/1482/1482
f 1482/1482/1482 1483/1483/1483 862/862/862
f 1482/1482/1482 862/862/862 872/872/872
f 1481/1481/1481 1482/1482/1482 872/872/872
f 1481/1481/1481 872/872/872 871/871/871
f 766/766/766 765/765/765 1484/1484/1484
f 766/766/766 1484/1484/1484 1483/1483/1483
f 764/764/764 760/760/760 1485/1485/1485
f 764/764/764 1485/1485/1485 1486/1486/1486
f 1486/1486/1486 1485/1485/1485 856/856/856
f 1486/1486/1486 856/856/856 866/866/866
f 1483/1483/1483 1484/1484/1484 863/863/863
f 1483/1483/1483 863/863/863 862/862/862
f 760/760/760 759/759/759 1487/1487/1487
f 760/760/760 1487/1487/1487 1485/1485/1485
f 759/759/759 756/756/756 1488/1488/1488
f 759/759/759 1488/1488/1488 1487/1487/1487
f 1487/1487/1487 1488/1488/1488 850/850/850
f 1487/1487/1487 850/850/850 857/857/857
f 1485/1485/1485 1487/1487/1487 857/857/857
f 1485/1485/1485 857/857/857 856/856/856
f 756/756/756 755/755/755 1489/1489/1489
f 756/756/756 1489/1489/1489 1488/1488/1488
f 755/755/755 752/752/752 1490/1490/1490
f 755/755/755 1490/1490/1490 1489/1489/1489
f 1489/1489/1489 1490/1490/1490 844/844/844
f 1489/1489/1489 844/844/844 851/851/851
f 1488/1488/1488 1489/1489/1489 851/851/851
f 1488/1488/1488 851/851/851 850/850/850
f 752/752/752 751/751/751 1491/1491/1491
f 752/752/752 1491/1491/1491 1490/1490/1490
f 751/751/751 748/748/748 1492/1492/1492
f 751/751/751 1492/1492/1492 1491/1491/1491
f 1491/1491/1491 1492/1492/1492 838/838/838
f 1491/1491/1491 838/838/838 845/845/845
f 1490/1490/1490 1491/1491/1491 845/845/845
f 1490/1490/1490 845/845/845 844/844/844
f 748/748/748 747/747/747 1493/1493/1493
f 748/748/748 1493/1493/1493 1492/1492/1492
f 747/747/747 744/744/744 1494/1494/1494
f 747/747/747 1494/1494/1494 1493/1493/1493
f 1493/1493/1493 1494/1494/1494 832/832/832
f 1493/1493/1493 832/832/832 839/839/839
f 1492/1492/1492 1493/1493/1493 839/839/839
f 1492/1492/1492 839/839/839 838/838/838
f 744/744/744 743/743/743 1495/1495/1495
f 744/744/744 1495/1495/1495 1494/1494/1494
f 743/743/743 740/740/740 1496/1496/1496
f 743/743/743 1496/1496/1496 1495/1495/1495
f 1495/1495/1495 1496/1496/1496 826/826/826
f 1495/1495/1495 826/826/826 833/833/833
f 1494/1494/1494 1495/1495/1495 833/833/833
f 1494/1494/1494 833/833/833 832/832/832
f 740/740/740 739/739/739 1497/1497/1497
f 740/740/740 1497/1497/1497 1496/1496/1496
f 739/739/739 736/736/736 1498/1498/1498
f 739/739/739 1498/1498/1498 1497/1497/1497
f 1497/1497/1497 1498/1498/1498 820/820/820
f 1497/1497/1497 820/820/820 827/827/827
f 1496/1496/1496 1497/1497/1497 827/827/827
f 1496/1496/1496 827/827/827 826/826/826
f 736/736/736 735/735/735 1499/1499/1499
f 736/736/736 1499/1499/1499 1498/1498/1498
f 735/735/735 732/732/732 1500/1500/1500
f 735/735/735 1500/1500/1500 1499/1499/1499
f 1499/1499/1499 1500/1500/1500 814/814/814
f 1499/1499/1499 814/814/814 821/821/821
f 1498/1498/1498 1499/1499/1499 821/821/821
f 1498/1498/1498 821/821/821 820/820/820
f 732/732/732 731/731/731 1501/1501/1501
f 732/732/732 1501/1501/1501 1500/1500/1500
f 731/731/731 728/728/728 1502/1502/1502
f 731/731/731 1502/1502/1502 1501/1501/1501
f 1501/1501/1501 1502/1502/1502 805/805/805
f 1501/1501/1501 805/805/805 815/815/815
f 1500/1500/1500 1501/1501/1501 815/815/815
f 1500/1500/1500 815/815/815 814/814/814
f 728/728/728 727/727/727 1503/1503/1503
f 728/728/728 1503/1503/1503 1502/1502/1502
f 727/727/727 726/726/726 1464/1464/1464
f 727/727/727 1464/1464/1464 1503/1503/1503
f 1503/1503/1503 1464/1464/1464 809/809/809
f 1503/1503/1503 809/809/809 806/806/806
f 1502/1502/1502 1503/1503/1503 806/806/806
f 1502/1502/1502 806/806/806 805/805/805
f 220/220/220 227/227/227 1504/1504/1504
f 220/220/220 1504/1504/1504 1505/1505/1505
f 227/227/227 226/226/226 1506/1506/1506
f 227/227/227 1506/1506/1506 1504/1504/1504
f 1504/1504/1504 1506/1506/1506 1507/1507/1507
f 1504/1504/1504 1507/1507/1507 1508/1508/1508
f 1505/1505/1505 1504/1504/1504 1508/1508/1508
f 1505/1505/1505 1508/1508/1508 1509/1509/1509
f 214/214/214 221/221/221 1510/1510/1510
f 214/214/214 1510/1510/1510 1511/1511/1511
f 221/221/221 220/220/220 1505/1505/1505
f 221/221/221 1505/1505/1505 1510/1510/1510
f 1510/1510/1510 1505/1505/1505 1509/1509/1509
f 1510/1510/1510 1509/1509/1509 1512/1512/1512
f 1511/1511/1511 1510/1510/1510 1512/1512/1512
f 1511/1511/1511 1512/1512/1512 1513/1513/1513
f 208/208/208 215/215/215 1514/1514/1514
f 208/208/208 1514/1514/1514 1515/1515/1515
f 215/215/215 214/214/214 1511/1511/1511
f 215/215/215 1511/1511/1511 1514/1514/1514
f 1514/1514/1514 1511/1511/1511 1513/1513/1513
f 1514/1514/1514 1513/1513/1513 1516/1516/1516
f 1515/1515/1515 1514/1514/1514 1516/1516/1516
f 1515/1515/1515 1516/1516/1516 1517/1517/1517
f 201/201/201 209/209/209 1518/1518/1518
f 201/201/201 1518/1518/1518 1519/1519/1519
f 209/209/209 208/208/208 1515/1515/1515
f 209/209/209 1515/1515/1515 1518/1518/1518
f 1518/1518/1518 1515/1515/1515 1517/1517/1517
f 1518/1518/1518 1517/1517/1517 1520/1520/1520
f 1519/1519/1519 1518/1518/1518 1520/1520/1520
f 1519/1519/1519 1520/1520/1520 1521/1521/1521
f 203/203/203 202/202/202 1522/1522/1522
f 203/203/203 1522/1522/1522 1523/1523/1523
f 202/202/202 201/201/201 1519/1519/1519
f 202/202/202 1519/1519/1519 1522/1522/1522
f 1522/1522/1522 1519/1519/1519 1521/1521/1521
f 1522/1522/1522 1521/1521/1521 1524/1524/1524
f 1523/1523/1523 1522/1522/1522 1524/1524/1524
f 1523/1523/1523 1524/1524/1524 1525/1525/1525
f 1525/1525/1525 1526/1526/1526 1527/1527/1527
f 1525/1525/1525 1527/1527/1527 1523/1523/1523
f 1526/1526/1526 1528/1528/1528 1529/1529/1529
f 1526/1526/1526 1529/1529/1529 1527/1527/1527
f 1527/1527/1527 1529/1529/1529 193/193/193
f 1527/1527/1527 193/193/193 320/320/320
f 1523/1523/1523 1527/1527/1527 320/320/320
f 1523/1523/1523 320/320/320 203/203/203
f 187/187/187 194/194/194 1530/1530/1530
f 187/187/187 1530/1530/1530 1531/1531/1531
f 194/194/194 193/193/193 1529/1529/1529
f 194/194/194 1529/1529/1529 1530/1530/1530
f 1530/1530/1530 1529/1529/1529 1528/1528/1528
f 1530/1530/1530 1528/1528/1528 1532/1532/1532
f 1531/1531/1531 1530/1530/1530 1532/1532/1532
f 1531/1531/1531 1532/1532/1532 1533/1533/1533
f 181/181/181 188/188/188 1534/1534/1534
f 181/181/181 1534/1534/1534 1535/1535/1535
f 188/188/188 187/187/187 1531/1531/1531
f 188/188/188 1531/1531/1531 1534/1534/1534
f 1534/1534/1534 1531/1531/1531 1533/1533/1533
f 1534/1534/1534 1533/1533/1533 1536/1536/1536
f 1535/1535/1535 1534/1534/1534 1536/1536/1536
f 1535/1535/1535 1536/1536/1536 1537/1537/1537
f 175/175/175 182/182/182 1538/1538/1538
f 175/175/175 1538/1538/1538 1539/1539/1539
f 182/182/182 181/181/181 1535/1535/1535
f 182/182/182 1535/1535/1535 1538/1538/1538
f 1538/1538/1538 1535/1535/1535 1537/1537/1537
f 1538/1538/1538 1537/1537/1537 1540/1540/1540
f 1539/1539/1539 1538/1538/1538 1540/1540/1540
f 1539/1539/1539 1540/1540/1540 1541/1541/1541
f 168/168/168 176/176/176 1542/1542/1542
f 168/168/168 1542/1542/1542 1543/1543/1543
f 176/176/176 175/175/175 1539/1539/1539
f 176/176/176 1539/1539/1539 1542/1542/1542
f 1542/1542/1542 1539/1539/1539 1541/1541/1541
f 1542/1542/1542 1541/1541/1541 1544/1544/1544
f 1543/1543/1543 1542/1542/1542 1544/1544/1544
f 1543/1543/1543 1544/1544/1544 1545/1545/1545
f 160/160/160 170/170/170 1546/1546/1546
f 160/160/160 1546/1546/1546 1547/1547/1547
f 169/169/169 168/168/168 1543/1543/1543
f 169/169/169 1543/1543/1543 1548/1548/1548
f 1548/1548/1548 1543/1543/1543 1545/1545/1545
f 1548/1548/1548 1545/1545/1545 1549/1549/1549
f 1547/1547/1547 1546/1546/1546 1550/1550/1550
f 1547/1547/1547 1550/1550/1550 1551/1551/1551
f 154/154/154 161/161/161 1552/1552/1552
f 154/154/154 1552/1552/1552 1553/1553/1553
f 161/161/161 160/160/160 1547/1547/1547
f 161/161/161 1547/1547/1547 1552/1552/1552
f 1552/1552/1552 1547/1547/1547 1551/1551/1551
f 1552/1552/1552 1551/1551/1551 1554/1554/1554
f 1553/1553/1553 1552/1552/1552 1554/1554/1554
f 1553/1553/1553 1554/1554/1554 1555/1555/1555
f 148/148/148 155/155/155 1556/1556/1556
f 148/148/148 1556/1556/1556 1557/1557/1557
f 155/155/155 154/154/154 1553/1553/1553
f 155/155/155 1553/1553/1553 1556/1556/1556
f 1556/1556/1556 1553/1553/1553 1555/1555/1555
f 1556/1556/1556 1555/1555/1555 1558/1558/1558
f 1557/1557/1557 1556/1556/1556 1558/1558/1558
f 1557/1557/1557 1558/1558/1558 1559/1559/1559
f 142/142/142 149/149/149 1560/1560/1560
f 142/142/142 1560/1560/1560 1561/1561/1561
f 149/149/149 148/148/148 1557/1557/1557
f 149/149/149 1557/1557/1557 1560/1560/1560
f 1560/1560/1560 1557/1557/1557 1559/1559/1559
f 1560/1560/1560 1559/1559/1559 1562/1562/1562
f 1561/1561/1561 1560/1560/1560 1562/1562/1562
f 1561/1561/1561 1562/1562/1562 1563/1563/1563
f 136/136/136 143/143/143 1564/1564/1564
f 136/136/136 1564/1564/1564 1565/1565/1565
f 143/143/143 142/142/142 1561/1561/1561
f 143/143/143 1561/1561/1561 1564/1564/1564
f 1564/1564/1564 1561/1561/1561 1563/1563/1563
f 1564/1564/1564 1563/1563/1563 1566/1566/1566
f 1565/1565/1565 1564/1564/1564 1566/1566/1566
f 1565/1565/1565 1566/1566/1566 1567/1567/1567
f 130/130/130 137/137/137 1568/1568/1568
f 130/130/130 1568/1568/1568 1569/1569/1569
f 137/137/137 136/136/136 1565/1565/1565
f 137/137/137 1565/1565/1565 1568/1568/1568
f 1568/1568/1568 1565/1565/1565 1567/1567/1567
f 1568/1568/1568 1567/1567/1567 1570/1570/1570
f 1569/1569/1569 1568/1568/1568 1570/1570/1570
f 1569/1569/1569 1570/1570/1570 1571/1571/1571
f 124/124/124 131/131/131 1572/1572/1572
f 124/124/124 1572/1572/1572 1573/1573/1573
f 131/131/131 130/130/130 1569/1569/1569
f 131/131/131 1569/1569/1569 1572/1572/1572
f 1572/1572/1572 1569/1569/1569 1571/1571/1571
f 1572/1572/1572 1571/1571/1571 1574/1574/1574
f 1573/1573/1573 1572/1572/1572 1574/1574/1574
f 1573/1573/1573 1574/1574/1574 1575/1575/1575
f 117/117/117 125/125/125 1576/1576/1576
f 117/117/117 1576/1576/1576 1577/1577/1577
f 125/125/125 124/124/124 1573/1573/1573
f 125/125/125 1573/1573/1573 1576/1576/1576
f 1576/1576/1576 1573/1573/1573 1575/1575/1575
f 1576/1576/1576 1575/1575/1575 1578/1578/1578
f 1577/1577/1577 1576/1576/1576 1578/1578/1578
f 1577/1577/1577 1578/1578/1578 1579/1579/1579
f 119/119/119 118/118/118 1580/1580/1580
f 119/119/119 1580/1580/1580 1581/1581/1581
f 118/118/118 117/117/117 1577/1577/1577
f 118/118/118 1577/1577/1577 1580/1580/1580
f 1580/1580/1580 1577/1577/1577 1579/1579/1579
f 1580/1580/1580 1579/1579/1579 1582/1582/1582
f 1581/1581/1581 1580/1580/1580 1582/1582/1582
f 1581/1581/1581 1582/1582/1582 1583/1583/1583
f 1583/1583/1583 1584/1584/1584 1585/1585/1585
f 1583/1583/1583 1585/1585/1585 1581/1581/1581
f 1584/1584/1584 1586/1586/1586 1587/1587/1587
f 1584/1584/1584 1587/1587/1587 1585/1585/1585
f 1585/1585/1585 1587/1587/1587 108/108/108
f 1585/1585/1585 108/108/108 343/343/343
f 1581/1581/1581 1585/1585/1585 343/343/343
f 1581/1581/1581 343/343/343 119/119/119
f 110/110/110 109/109/109 1588/1588/1588
f 110/110/110 1588/1588/1588 1589/1589/1589
f 109/109/109 108/108/108 1587/1587/1587
f 109/109/109 1587/1587/1587 1588/1588/1588
f 1588/1588/1588 1587/1587/1587 1586/1586/1586
f 1588/1588/1588 1586/1586/1586 1590/1590/1590
f 1589/1589/1589 1588/1588/1588 1590/1590/1590
f 1589/1589/1589 1590/1590/1590 1591/1591/1591
f 1591/1591/1591 1592/1592/1592 1593/1593/1593
f 1591/1591/1591 1593/1593/1593 1589/1589/1589
f 1592/1592/1592 1594/1594/1594 1595/1595/1595
f 1592/1592/1592 1595/1595/1595 1593/1593/1593
f 1593/1593/1593 1595/1595/1595 93/93/93
f 1593/1593/1593 93/93/93 327/327/327
f 1589/1589/1589 1593/1593/1593 327/327/327
f 1589/1589/1589 327/327/327 110/110/110
f 1594/1594/1594 1596/1596/1596 1597/1597/1597
f 1594/1594/1594 1597/1597/1597 1595/1595/1595
f 1596/1596/1596 1598/1598/1598 1599/1599/1599
f 1596/1596/1596 1599/1599/1599 1597/1597/1597
f 1597/1597/1597 1599/1599/1599 97/97/97
f 1597/1597/1597 97/97/97 94/94/94
f 1595/1595/1595 1597/1597/1597 94/94/94
f 1595/1595/1595 94/94/94 93/93/93
f 1598/1598/1598 1600/1600/1600 1601/1601/1601
f 1598/1598/1598 1601/1601/1601 1599/1599/1599
f 1600/1600/1600 1602/1602/1602 1603/1603/1603
f 1600/1600/1600 1603/1603/1603 1601/1601/1601
f 1601/1601/1601 1603/1603/1603 335/335/335
f 1601/1601/1601 335/335/335 333/333/333
f 1599/1599/1599 1601/1601/1601 333/333/333
f 1599/1599/1599 333/333/333 97/97/97
f 226/226/226 352/352/352 1604/1604/1604
f 226/226/226 1604/1604/1604 1506/1506/1506
f 352/352/352 335/335/335 1603/1603/1603
f 352/352/352 1603/1603/1603 1604/1604/1604
f 1604/1604/1604 1603/1603/1603 1602/1602/1602
f 1604/1604/1604 1602/1602/1602 1605/1605/1605
f 1506/1506/1506 1604/1604/1604 1605/1605/1605
f 1506/1506/1506 1605/1605/1605 1507/1507/1507
f 1127/1127/1127 1131/1131/1131 1606/1606/1606
f 1127/1127/1127 1606/1606/1606 1607/1607/1607
f 1131/1131/1131 1017/1017/1017 1608/1608/1608
f 1131/1131/1131 1608/1608/1608 1606/1606/1606
f 1606/1606/1606 1608/1608/1608 1609/1609/1609
f 1606/1606/1606 1609/1609/1609 1610/1610/1610
f 1607/1607/1607 1606/1606/1606 1610/1610/1610
f 1607/1607/1607 1610/1610/1610 1611/1611/1611
f 1121/1121/1121 1128/1128/1128 1612/1612/1612
f 1121/1121/1121 1612/1612/1612 1613/1613/1613
f 1128/1128/1128 1127/1127/1127 1607/1607/1607
f 1128/1128/1128 1607/1607/1607 1612/1612/1612
f 1612/1612/1612 1607/1607/1607 1611/1611/1611
f 1612/1612/1612 1611/1611/1611 1614/1614/1614
f 1613/1613/1613 1612/1612/1612 1614/1614/1614
f 1613/1613/1613 1614/1614/1614 1615/1615/1615
f 1115/1115/1115 1122/1122/1122 1616/1616/1616
f 1115/1115/1115 1616/1616/1616 1617/1617/1617
f 1122/1122/1122 1121/1121/1121 1613/1613/1613
f 1122/1122/1122 1613/1613/1613 1616/1616/1616
f 1616/1616/1616 1613/1613/1613 1615/1615/1615
f 1616/1616/1616 1615/1615/1615 1618/1618/1618
f 1617/1617/1617 1616/1616/1616 1618/1618/1618
f 1617/1617/1617 1618/1618/1618 1619/1619/1619
f 1109/1109/1109 1116/1116/1116 1620/1620/1620
f 1109/1109/1109 1620/1620/1620 1621/1621/1621
f 1116/1116/1116 1115/1115/1115 1617/1617/1617
f 1116/1116/1116 1617/1617/1617 1620/1620/1620
f 1620/1620/1620 1617/1617/1617 1619/1619/1619
f 1620/1620/1620 1619/1619/1619 1622/1622/1622
f 1621/1621/1621 1620/1620/1620 1622/1622/1622
f 1621/1621/1621 1622/1622/1622 1623/1623/1623
f 1103/1103/1103 1110/1110/1110 1624/1624/1624
f 1103/1103/1103 1624/1624/1624 1625/1625/1625
f 1110/1110/1110 1109/1109/1109 1621/1621/1621
f 1110/1110/1110 1621/1621/1621 1624/1624/1624
f 1624/1624/1624 1621/1621/1621 1623/1623/1623
f 1624/1624/1624 1623/1623/1623 1626/1626/1626
f 1625/1625/1625 1624/1624/1624 1626/1626/1626
f 1625/1625/1625 1626/1626/1626 1627/1627/1627
f 1096/1096/1096 1104/1104/1104 1628/1628/1628
f 1096/1096/1096 1628/1628/1628 1629/1629/1629
f 1104/1104/1104 1103/1103/1103 1625/1625/1625
f 1104/1104/1104 1625/1625/1625 1628/1628/1628
f 1628/1628/1628 1625/1625/1625 1627/1627/1627
f 1628/1628/1628 1627/1627/1627 1630/1630/1630
f 1629/1629/1629 1628/1628/1628 1630/1630/1630
f 1629/1629/1629 1630/1630/1630 1631/1631/1631
f 1098/1098/1098 1097/1097/1097 1632/1632/1632
f 1098/1098/1098 1632/1632/1632 1633/1633/1633
f 1097/1097/1097 1096/1096/1096 1629/1629/1629
f 1097/1097/1097 1629/1629/1629 1632/1632/1632
f 1632/1632/1632 1629/1629/1629 1631/1631/1631
f 1632/1632/1632 1631/1631/1631 1634/1634/1634
f 1633/1633/1633 1632/1632/1632 1634/1634/1634
f 1633/1633/1633 1634/1634/1634 1635/1635/1635
f 1082/1082/1082 1089/1089/1089 1636/1636/1636
f 1082/1082/1082 1636/1636/1636 1637/1637/1637
f 1089/1089/1089 1088/1088/1088 1638/1638/1638
f 1089/1089/1089 1638/1638/1638 1636/1636/1636
f 1636/1636/1636 1638/1638/1638 1639/1639/1639
f 1636/1636/1636 1639/1639/1639 1640/1640/1640
f 1637/1637/1637 1636/1636/1636 1640/1640/1640
f 1637/1637/1637 1640/1640/1640 1641/1641/1641
f 1076/1076/1076 1083/1083/1083 1642/1642/1642
f 1076/1076/1076 1642/1642/1642 1643/1643/1643
f 1083/1083/1083 1082/1082/1082 1637/1637/1637
f 1083/1083/1083 1637/1637/1637 1642/1642/1642
f 1642/1642/1642 1637/1637/1637 1641/1641/1641
f 1642/1642/1642 1641/1641/1641 1644/1644/1644
f 1643/1643/1643 1642/1642/1642 1644/1644/1644
f 1643/1643/1643 1644/1644/1644 1645/1645/1645
f 1070/1070/1070 1077/1077/1077 1646/1646/1646
f 1070/1070/1070 1646/1646/1646 1647/1647/1647
f 1077/1077/1077 1076/1076/1076 1643/1643/1643
f 1077/1077/1077 1643/1643/1643 1646/1646/1646
f 1646/1646/1646 1643/1643/1643 1645/1645/1645
f 1646/1646/1646 1645/1645/1645 1648/1648/1648
f 1647/1647/1647 1646/1646/1646 1648/1648/1648
f 1647/1647/1647 1648/1648/1648 1649/1649/1649
f 1064/1064/1064 1071/1071/1071 1650/1650/1650
f 1064/1064/1064 1650/1650/1650 1651/1651/1651
f 1071/1071/1071 1070/1070/1070 1647/1647/1647
f 1071/1071/1071 1647/1647/1647 1650/1650/1650
f 1650/1650/1650 1647/1647/1647 1649/1649/1649
f 1650/1650/1650 1649/1649/1649 1652/1652/1652
f 1651/1651/1651 1650/1650/1650 1652/1652/1652
f 1651/1651/1651 1652/1652/1652 1653/1653/1653
f 1058/1058/1058 1065/1065/1065 1654/1654/1654
f 1058/1058/1058 1654/1654/1654 1655/1655/1655
f 1065/1065/1065 1064/1064/1064 1651/1651/1651
f 1065/1065/1065 1651/1651/1651 1654/1654/1654
f 1654/1654/1654 1651/1651/1651 1653/1653/1653
f 1654/1654/1654 1653/1653/1653 1656/1656/1656
f 1655/1655/1655 1654/1654/1654 1656/1656/1656
f 1655/1655/1655 1656/1656/1656 1657/1657/1657
f 1052/1052/1052 1059/1059/1059 1658/1658/1658
f 1052/1052/1052 1658/1658/1658 1659/1659/1659
f 1059/1059/1059 1058/1058/1058 1655/1655/1655
f 1059/1059/1059 1655/1655/1655 1658/1658/1658
f 1658/1658/1658 1655/1655/1655 1657/1657/1657
f 1658/1658/1658 1657/1657/1657 1660/1660/1660
f 1659/1659/1659 1658/1658/1658 1660/1660/1660
f 1659/1659/1659 1660/1660/1660 1661/1661/1661
f 1046/1046/1046 1053/1053/1053 1662/1662/1662
f 1046/1046/1046 1662/1662/1662 1663/1663/1663
f 1053/1053/1053 1052/1052/1052 1659/1659/1659
f 1053/1053/1053 1659/1659/1659 1662/1662/1662
f 1662/1662/1662 1659/1659/1659 1661/1661/1661
f 1662/1662/1662 1661/1661/1661 1664/1664/1664
f 1663/1663/1663 1662/1662/1662 1664/1664/1664
f 1663/1663/1663 1664/1664/1664 1665/1665/1665
f 1040/1040/1040 1047/1047/1047 1666/1666/1666
f 1040/1040/1040 1666/1666/1666 1667/1667/1667
f 1047/1047/1047 1046/1046/1046 1663/1663/1663
f 1047/1047/1047 1663/1663/1663 1666/1666/1666
f 1666/1666/1666 1663/1663/1663 1665/1665/1665
f 1666/1666/1666 1665/1665/1665 1668/1668/1668
f 1667/1667/1667 1666/1666/1666 1668/1668/1668
f 1667/1667/1667 1668/1668/1668 1669/1669/1669
f 1034/1034/1034 1041/1041/1041 1670/1670/1670
f 1034/1034/1034 1670/1670/1670 1671/1671/1671
f 1041/1041/1041 1040/1040/1040 1667/1667/1667
f 1041/1041/1041 1667/1667/1667 1670/1670/1670
f 1670/1670/1670 1667/1667/1667 1669/1669/1669
f 1670/1670/1670 1669/1669/1669 1672/1672/1672
f 1671/1671/1671 1670/1670/1670 1672/1672/1672
f 1671/1671/1671 1672/1672/1672 1673/1673/1673
f 1028/1028/1028 1035/1035/1035 1674/1674/1674
f 1028/1028/1028 1674/1674/1674 1675/1675/1675
f 1035/1035/1035 1034/1034/1034 1671/1671/1671
f 1035/1035/1035 1671/1671/1671 1674/1674/1674
f 1674/1674/1674 1671/1671/1671 1673/1673/1673
f 1674/1674/1674 1673/1673/1673 1676/1676/1676
f 1675/1675/1675 1674/1674/1674 1676/1676/1676
f 1675/1675/1675 1676/1676/1676 1677/1677/1677
f 1022/1022/1022 1029/1029/1029 1678/1678/1678
f 1022/1022/1022 1678/1678/1678 1679/1679/1679
f 1029/1029/1029 1028/1028/1028 1675/1675/1675
f 1029/1029/1029 1675/1675/1675 1678/1678/1678
f 1678/1678/1678 1675/1675/1675 1677/1677/1677
f 1678/1678/1678 1677/1677/1677 1680/1680/1680
f 1679/1679/1679 1678/1678/1678 1680/1680/1680
f 1679/1679/1679 1680/1680/1680 1681/1681/1681
f 1015/1015/1015 1023/1023/1023 1682/1682/1682
f 1015/1015/1015 1682/1682/1682 1683/1683/1683
f 1023/1023/1023 1022/1022/1022 1679/1679/1679
f 1023/1023/1023 1679/1679/1679 1682/1682/1682
f 1682/1682/1682 1679/1679/1679 1681/1681/1681
f 1682/1682/1682 1681/1681/1681 1684/1684/1684
f 1683/1683/1683 1682/1682/1682 1684/1684/1684
f 1683/1683/1683 1684/1684/1684 1685/1685/1685
f 1017/1017/1017 1016/1016/1016 1686/1686/1686
f 1017/1017/1017 1686/1686/1686 1608/1608/1608
f 1016/1016/1016 1015/1015/1015 1683/1683/1683
f 1016/1016/1016 1683/1683/1683 1686/1686/1686
f 1686/1686/1686 1683/1683/1683 1685/1685/1685
f 1686/1686/1686 1685/1685/1685 1687/1687/1687
f 1608/1608/1608 1686/1686/1686 1687/1687/1687
f 1608/1608/1608 1687/1687/1687 1609/1609/1609
f 1611/1611/1611 1610/1610/1610 1688/1688/1688
f 1611/1611/1611 1688/1688/1688 1689/1689/1689
f 1610/1610/1610 1609/1609/1609 1690/1690/1690
f 1610/1610/1610 1690/1690/1690 1688/1688/1688
f 1691/1691/1691 1692/1692/1692 928/928/928
f 1691/1691/1691 928/928/928 1007/1007/1007
f 1693/1693/1693 1691/1691/1691 1007/1007/1007
f 1693/1693/1693 1007/1007/1007 1005/1005/1005
f 1615/1615/1615 1614/1614/1614 1694/1694/1694
f 1615/1615/1615 1694/1694/1694 1695/1695/1695
f 1614/1614/1614 1611/1611/1611 1689/1689/1689
f 1614/1614/1614 1689/1689/1689 1694/1694/1694
f 1696/1696/1696 1693/1693/1693 1005/1005/1005
f 1696/1696/1696 1005/1005/1005 1003/1003/1003
f 1697/1697/1697 1696/1696/1696 1003/1003/1003
f 1697/1697/1697 1003/1003/1003 1001/1001/1001
f 1619/1619/1619 1618/1618/1618 1698/1698/1698
f 1619/1619/1619 1698/1698/1698 1699/1699/1699
f 1618/1618/1618 1615/1615/1615 1695/1695/1695
f 1618/1618/1618 1695/1695/1695 1698/1698/1698
f 1700/1700/1700 1697/1697/1697 1001/1001/1001
f 1700/1700/1700 1001/1001/1001 999/999/999
f 1701/1701/1701 1700/1700/1700 999/999/999
f 1701/1701/1701 999/999/999 997/997/997
f 1623/1623/1623 1622/1622/1622 1702/1702/1702
f 1623/1623/1623 1702/1702/1702 1703/1703/1703
f 1622/1622/1622 1619/1619/1619 1699/1699/1699
f 1622/1622/1622 1699/1699/1699 1702/1702/1702
f 1704/1704/1704 1701/1701/1701 997/997/997
f 1704/1704/1704 997/997/997 995/995/995
f 1705/1705/1705 1704/1704/1704 995/995/995
f 1705/1705/1705 995/995/995 993/993/993
f 1627/1627/1627 1626/1626/1626 1706/1706/1706
f 1627/1627/1627 1706/1706/1706 1707/1707/1707
f 1626/1626/1626 1623/1623/1623 1703/1703/1703
f 1626/1626/1626 1703/1703/1703 1706/1706/1706
f 1708/1708/1708 1705/1705/1705 993/993/993
f 1708/1708/1708 993/993/993 991/991/991
f 1709/1709/1709 1708/1708/1708 991/991/991
f 1709/1709/1709 991/991/991 989/989/989
f 1631/1631/1631 1630/1630/1630 1710/1710/1710
f 1631/1631/1631 1710/1710/1710 1711/1711/1711
f 1630/1630/1630 1627/1627/1627 1707/1707/1707
f 1630/1630/1630 1707/1707/1707 1710/1710/1710
f 1712/1712/1712 1709/1709/1709 989/989/989
f 1712/1712/1712 989/989/989 987/987/987
f 1713/1713/1713 1712/1712/1712 987/987/987
f 1713/1713/1713 987/987/987 985/985/985
f 1635/1635/1635 1634/1634/1634 1714/1714/1714
f 1635/1635/1635 1714/1714/1714 1715/1715/1715
f 1634/1634/1634 1631/1631/1631 1711/1711/1711
f 1634/1634/1634 1711/1711/1711 1714/1714/1714
f 1716/1716/1716 1713/1713/1713 985/985/985
f 1716/1716/1716 985/985/985 983/983/983
f 1717/1717/1717 1716/1716/1716 983/983/983
f 1717/1717/1717 983/983/983 981/981/981
f 1641/1641/1641 1640/1640/1640 1718/1718/1718
f 1641/1641/1641 1718/1718/1718 1719/1719/1719
f 1640/1640/1640 1639/1639/1639 1720/1720/1720
f 1640/1640/1640 1720/1720/1720 1718/1718/1718
f 1721/1721/1721 1722/1722/1722 981/981/981
f 1721/1721/1721 981/981/981 979/979/979
f 1723/1723/1723 1721/1721/1721 979/979/979
f 1723/1723/1723 979/979/979 977/977/977
f 1645/1645/1645 1644/1644/1644 1724/1724/1724
f 1645/1645/1645 1724/1724/1724 1725/1725/1725
f 1644/1644/1644 1641/1641/1641 1719/1719/1719
f 1644/1644/1644 1719/1719/1719 1724/1724/1724
f 1726/1726/1726 1723/1723/1723 977/977/977
f 1726/1726/1726 977/977/977 975/975/975
f 1727/1727/1727 1726/1726/1726 975/975/975
f 1727/1727/1727 975/975/975 973/973/973
f 1649/1649/1649 1648/1648/1648 1728/1728/1728
f 1649/1649/1649 1728/1728/1728 1729/1729/1729
f 1648/1648/1648 1645/1645/1645 1725/1725/1725
f 1648/1648/1648 1725/1725/1725 1728/1728/1728
f 1730/1730/1730 1727/1727/1727 973/973/973
f 1730/1730/1730 973/973/973 971/971/971
f 1731/1731/1731 1730/1730/1730 971/971/971
f 1731/1731/1731 971/971/971 969/969/969
f 1653/1653/1653 1652/1652/1652 1732/1732/1732
f 1653/1653/1653 1732/1732/1732 1733/1733/1733
f 1652/1652/1652 1649/1649/1649 1729/1729/1729
f 1652/1652/1652 1729/1729/1729 1732/1732/1732
f 1734/1734/1734 1731/1731/1731 969/969/969
f 1734/1734/1734 969/969/969 967/967/967
f 1735/1735/1735 1734/1734/1734 967/967/967
f 1735/1735/1735 967/967/967 965/965/965
f 1657/1657/1657 1656/1656/1656 1736/1736/1736
f 1657/1657/1657 1736/1736/1736 1737/1737/1737
f 1656/1656/1656 1653/1653/1653 1733/1733/1733
f 1656/1656/1656 1733/1733/1733 1736/1736/1736
f 1738/1738/1738 1735/1735/1735 965/965/965
f 1738/1738/1738 965/965/965 963/963/963
f 1739/1739/1739 1738/1738/1738 963/963/963
f 1739/1739/1739 963/963/963 961/961/961
f 1661/1661/1661 1660/1660/1660 1740/1740/1740
f 1661/1661/1661 1740/1740/1740 1741/1741/1741
f 1660/1660/1660 1657/1657/1657 1737/1737/1737
f 1660/1660/1660 1737/1737/1737 1740/1740/1740
f 1742/1742/1742 1739/1739/1739 961/961/961
f 1742/1742/1742 961/961/961 959/959/959
f 1743/1743/1743 1742/1742/1742 959/959/959
f 1743/1743/1743 959/959/959 957/957/957
f 1665/1665/1665 1664/1664/1664 1744/1744/1744
f 1665/1665/1665 1744/1744/1744 1745/1745/1745
f 1664/1664/1664 1661/1661/1661 1741/1741/1741
f 1664/1664/1664 1741/1741/1741 1744/1744/1744
f 1746/1746/1746 1743/1743/1743 957/957/957
f 1746/1746/1746 957/957/957 955/955/955
f 1747/1747/1747 1746/1746/1746 955/955/955
f 1747/1747/1747 955/955/955 953/953/953
f 1669/1669/1669 1668/1668/1668 1748/1748/1748
f 1669/1669/1669 1748/1748/1748 1749/1749/1749
f 1668/1668/1668 1665/1665/1665 1745/1745/1745
f 1668/1668/1668 1745/1745/1745 1748/1748/1748
f 1750/1750/1750 1747/1747/1747 953/953/953
f 1750/1750/1750 953/953/953 951/951/951
f 1751/1751/1751 1750/1750/1750 951/951/951
f 1751/1751/1751 951/951/951 949/949/949
f 1673/1673/1673 1672/1672/1672 1752/1752/1752
f 1673/1673/1673 1752/1752/1752 1753/1753/1753
f 1672/1672/1672 1669/1669/1669 1749/1749/1749
f 1672/1672/1672 1749/1749/1749 1752/1752/1752
f 1754/1754/1754 1751/1751/1751 949/949/949
f 1754/1754/1754 949/949/949 947/947/947
f 1755/1755/1755 1754/1754/1754 947/947/947
f 1755/1755/1755 947/947/947 945/945/945
f 1677/1677/1677 1676/1676/1676 1756/1756/1756
f 1677/1677/1677 1756/1756/1756 1757/1757/1757
f 1676/1676/1676 1673/1673/1673 1753/1753/1753
f 1676/1676/1676 1753/1753/1753 1756/1756/1756
f 1758/1758/1758 1755/1755/1755 945/945/945
f 1758/1758/1758 945/945/945 943/943/943
f 1759/1759/1759 1758/1758/1758 943/943/943
f 1759/1759/1759 943/943/943 941/941/941
f 1681/1681/1681 1680/1680/1680 1760/1760/1760
f 1681/1681/1681 1760/1760/1760 1761/1761/1761
f 1680/1680/1680 1677/1677/1677 1757/1757/1757
f 1680/1680/1680 1757/1757/1757 1760/1760/1760
f 1762/1762/1762 1759/1759/1759 941/941/941
f 1762/1762/1762 941/941/941 939/939/939
f 1763/1763/1763 1762/1762/1762 939/939/939
f 1763/1763/1763 939/939/939 937/937/937
f 1685/1685/1685 1684/1684/1684 1764/1764/1764
f 1685/1685/1685 1764/1764/1764 1765/1765/1765
f 1684/1684/1684 1681/1681/1681 1761/1761/1761
f 1684/1684/1684 1761/1761/1761 1764/1764/1764
f 1766/1766/1766 1763/1763/1763 937/937/937
f 1766/1766/1766 937/937/937 935/935/935
f 1767/1767/1767 1766/1766/1766 935/935/935
f 1767/1767/1767 935/935/935 932/932/932
f 1609/1609/1609 1687/1687/1687 1768/1768/1768
f 1609/1609/1609 1768/1768/1768 1690/1690/1690
f 1687/1687/1687 1685/1685/1685 1765/1765/1765
f 1687/1687/1687 1765/1765/1765 1768/1768/1768
f 1769/1769/1769 1767/1767/1767 932/932/932
f 1769/1769/1769 932/932/932 929/929/929
f 1692/1692/1692 1769/1769/1769 929/929/929
f 1692/1692/1692 929/929/929 928/928/928
f 331/331/331 1770/1770/1770 1771/1771/1771
f 331/331/331 1771/1771/1771 332/332/332
f 1772/1772/1772 1602/1602/1602 1600/1600/1600
f 1772/1772/1772 1600/1600/1600 1773/1773/1773
f 1773/1773/1773 1600/1600/1600 1598/1598/1598
f 1773/1773/1773 1598/1598/1598 1774/1774/1774
f 332/332/332 1771/1771/1771 1775/1775/1775
f 332/332/332 1775/1775/1775 5/5/5
f 1507/1507/1507 1605/1605/1605 1776/1776/1776
f 1507/1507/1507 1776/1776/1776 1777/1777/1777
f 1605/1605/1605 1602/1602/1602 1772/1772/1772
f 1605/1605/1605 1772/1772/1772 1776/1776/1776
f 1778/1778/1778 1770/1770/1770 331/331/331
f 1778/1778/1778 331/331/331 348/348/348
f 1779/1779/1779 1778/1778/1778 348/348/348
f 1779/1779/1779 348/348/348 91/91/91
f 1509/1509/1509 1508/1508/1508 1780/1780/1780
f 1509/1509/1509 1780/1780/1780 1781/1781/1781
f 1508/1508/1508 1507/1507/1507 1777/1777/1777
f 1508/1508/1508 1777/1777/1777 1780/1780/1780
f 1782/1782/1782 1779/1779/1779 91/91/91
f 1782/1782/1782 91/91/91 89/89/89
f 1783/1783/1783 1782/1782/1782 89/89/89
f 1783/1783/1783 89/89/89 87/87/87
f 1513/1513/1513 1512/1512/1512 1784/1784/1784
f 1513/1513/1513 1784/1784/1784 1785/1785/1785
f 1512/1512/1512 1509/1509/1509 1781/1781/1781
f 1512/1512/1512 1781/1781/1781 1784/1784/1784
f 1786/1786/1786 1783/1783/1783 87/87/87
f 1786/1786/1786 87/87/87 85/85/85
f 1787/1787/1787 1786/1786/1786 85/85/85
f 1787/1787/1787 85/85/85 83/83/83
f 1517/1517/1517 1516/1516/1516 1788/1788/1788
f 1517/1517/1517 1788/1788/1788 1789/1789/1789
f 1516/1516/1516 1513/1513/1513 1785/1785/1785
f 1516/1516/1516 1785/1785/1785 1788/1788/1788
f 1790/1790/1790 1787/1787/1787 83/83/83
f 1790/1790/1790 83/83/83 81/81/81
f 1791/1791/1791 1790/1790/1790 81/81/81
f 1791/1791/1791 81/81/81 79/79/79
f 1521/1521/1521 1520/1520/1520 1792/1792/1792
f 1521/1521/1521 1792/1792/1792 1793/1793/1793
f 1520/1520/1520 1517/1517/1517 1789/1789/1789
f 1520/1520/1520 1789/1789/1789 1792/1792/1792
f 1794/1794/1794 1791/1791/1791 79/79/79
f 1794/1794/1794 79/79/79 77/77/77
f 1795/1795/1795 1794/1794/1794 77/77/77
f 1795/1795/1795 77/77/77 75/75/75
f 1525/1525/1525 1524/1524/1524 1796/1796/1796
f 1525/1525/1525 1796/1796/1796 1797/1797/1797
f 1524/1524/1524 1521/1521/1521 1793/1793/1793
f 1524/1524/1524 1793/1793/1793 1796/1796/1796
f 1798/1798/1798 1795/1795/1795 75/75/75
f 1798/1798/1798 75/75/75 73/73/73
f 1799/1799/1799 1798/1798/1798 73/73/73
f 1799/1799/1799 73/73/73 71/71/71
f 69/69/69 1800/1800/1800 1801/1801/1801
f 69/69/69 1801/1801/1801 70/70/70
f 1802/1802/1802 1528/1528/1528 1526/1526/1526
f 1802/1802/1802 1526/1526/1526 1803/1803/1803
f 1803/1803/1803 1526/1526/1526 1525/1525/1525
f 1803/1803/1803 1525/1525/1525 1797/1797/1797
f 70/70/70 1801/1801/1801 1799/1799/1799
f 70/70/70 1799/1799/1799 71/71/71
f 1533/1533/1533 1532/1532/1532 1804/1804/1804
f 1533/1533/1533 1804/1804/1804 1805/1805/1805
f 1532/1532/1532 1528/1528/1528 1802/1802/1802
f 1532/1532/1532 1802/1802/1802 1804/1804/1804
f 1806/1806/1806 1800/1800/1800 69/69/69
f 1806/1806/1806 69/69/69 67/67/67
f 1807/1807/1807 1806/1806/1806 67/67/67
f 1807/1807/1807 67/67/67 65/65/65
f 1537/1537/1537 1536/1536/1536 1808/1808/1808
f 1537/1537/1537 1808/1808/1808 1809/1809/1809
f 1536/1536/1536 1533/1533/1533 1805/1805/1805
f 1536/1536/1536 1805/1805/1805 1808/1808/1808
f 1810/1810/1810 1807/1807/1807 65/65/65
f 1810/1810/1810 65/65/65 63/63/63
f 1811/1811/1811 1810/1810/1810 63/63/63
f 1811/1811/1811 63/63/63 61/61/61
f 1541/1541/1541 1540/1540/1540 1812/1812/1812
f 1541/1541/1541 1812/1812/1812 1813/1813/1813
f 1540/1540/1540 1537/1537/1537 1809/1809/1809
f 1540/1540/1540 1809/1809/1809 1812/1812/1812
f 1814/1814/1814 1811/1811/1811 61/61/61
f 1814/1814/1814 61/61/61 59/59/59
f 1815/1815/1815 1814/1814/1814 59/59/59
f 1815/1815/1815 59/59/59 57/57/57
f 1545/1545/1545 1544/1544/1544 1816/1816/1816
f 1545/1545/1545 1816/1816/1816 1817/1817/1817
f 1544/1544/1544 1541/1541/1541 1813/1813/1813
f 1544/1544/1544 1813/1813/1813 1816/1816/1816
f 1818/1818/1818 1815/1815/1815 57/57/57
f 1818/1818/1818 57/57/57 55/55/55
f 1819/1819/1819 1818/1818/1818 55/55/55
f 1819/1819/1819 55/55/55 53/53/53
f 1551/1551/1551 1550/1550/1550 1820/1820/1820
f 1551/1551/1551 1820/1820/1820 1821/1821/1821
f 1549/1549/1549 1545/1545/1545 1817/1817/1817
f 1549/1549/1549 1817/1817/1817 1822/1822/1822
f 1823/1823/1823 1819/1819/1819 53/53/53
f 1823/1823/1823 53/53/53 51/51/51
f 1824/1824/1824 1825/1825/1825 51/51/51
f 1824/1824/1824 51/51/51 49/49/49
f 1555/1555/1555 1554/1554/1554 1826/1826/1826
f 1555/1555/1555 1826/1826/1826 1827/1827/1827
f 1554/1554/1554 1551/1551/1551 1821/1821/1821
f 1554/1554/1554 1821/1821/1821 1826/1826/1826
f 1828/1828/1828 1824/1824/1824 49/49/49
f 1828/1828/1828 49/49/49 47/47/47
f 1829/1829/1829 1828/1828/1828 47/47/47
f 1829/1829/1829 47/47/47 45/45/45
f 1559/1559/1559 1558/1558/1558 1830/1830/1830
f 1559/1559/1559 1830/1830/1830 1831/1831/1831
f 1558/1558/1558 1555/1555/1555 1827/1827/1827
f 1558/1558/1558 1827/1827/1827 1830/1830/1830
f 1832/1832/1832 1829/1829/1829 45/45/45
f 1832/1832/1832 45/45/45 43/43/43
f 1833/1833/1833 1832/1832/1832 43/43/43
f 1833/1833/1833 43/43/43 41/41/41
f 1563/1563/1563 1562/1562/1562 1834/1834/1834
f 1563/1563/1563 1834/1834/1834 1835/1835/1835
f 1562/1562/1562 1559/1559/1559 1831/1831/1831
f 1562/1562/1562 1831/1831/1831 1834/1834/1834
f 1836/1836/1836 1833/1833/1833 41/41/41
f 1836/1836/1836 41/41/41 39/39/39
f 1837/1837/1837 1836/1836/1836 39/39/39
f 1837/1837/1837 39/39/39 37/37/37
f 1567/1567/1567 1566/1566/1566 1838/1838/1838
f 1567/1567/1567 1838/1838/1838 1839/1839/1839
f 1566/1566/1566 1563/1563/1563 1835/1835/1835
f 1566/1566/1566 1835/1835/1835 1838/1838/1838
f 1840/1840/1840 1837/1837/1837 37/37/37
f 1840/1840/1840 37/37/37 35/35/35
f 1841/1841/1841 1840/1840/1840 35/35/35
f 1841/1841/1841 35/35/35 33/33/33
f 1571/1571/1571 1570/1570/1570 1842/1842/1842
f 1571/1571/1571 1842/1842/1842 1843/1843/1843
f 1570/1570/1570 1567/1567/1567 1839/1839/1839
f 1570/1570/1570 1839/1839/1839 1842/1842/1842
f 1844/1844/1844 1841/1841/1841 33/33/33
f 1844/1844/1844 33/33/33 31/31/31
f 1845/1845/1845 1844/1844/1844 31/31/31
f 1845/1845/1845 31/31/31 29/29/29
f 1575/1575/1575 1574/1574/1574 1846/1846/1846
f 1575/1575/1575 1846/1846/1846 1847/1847/1847
f 1574/1574/1574 1571/1571/1571 1843/1843/1843
f 1574/1574/1574 1843/1843/1843 1846/1846/1846
f 1848/1848/1848 1845/1845/1845 29/29/29
f 1848/1848/1848 29/29/29 27/27/27
f 1849/1849/1849 1848/1848/1848 27/27/27
f 1849/1849/1849 27/27/27 25/25/25
f 1579/1579/1579 1578/1578/1578 1850/1850/1850
f 1579/1579/1579 1850/1850/1850 1851/1851/1851
f 1578/1578/1578 1575/1575/1575 1847/1847/1847
f 1578/1578/1578 1847/1847/1847 1850/1850/1850
f 1852/1852/1852 1849/1849/1849 25/25/25
f 1852/1852/1852 25/25/25 23/23/23
f 1853/1853/1853 1852/1852/1852 23/23/23
f 1853/1853/1853 23/23/23 20/20/20
f 1583/1583/1583 1582/1582/1582 1854/1854/1854
f 1583/1583/1583 1854/1854/1854 1855/1855/1855
f 1582/1582/1582 1579/1579/1579 1851/1851/1851
f 1582/1582/1582 1851/1851/1851 1854/1854/1854
f 1856/1856/1856 1853/1853/1853 20/20/20
f 1856/1856/1856 20/20/20 17/17/17
f 1857/1857/1857 1856/1856/1856 17/17/17
f 1857/1857/1857 17/17/17 16/16/16
f 12/12/12 1858/1858/1858 1859/1859/1859
f 12/12/12 1859/1859/1859 347/347/347
f 1860/1860/1860 1586/1586/1586 1584/1584/1584
f 1860/1860/1860 1584/1584/1584 1861/1861/1861
f 1861/1861/1861 1584/1584/1584 1583/1583/1583
f 1861/1861/1861 1583/1583/1583 1855/1855/1855
f 347/347/347 1859/1859/1859 1857/1857/1857
f 347/347/347 1857/1857/1857 16/16/16
f 1591/1591/1591 1590/1590/1590 1862/1862/1862
f 1591/1591/1591 1862/1862/1862 1863/1863/1863
f 1590/1590/1590 1586/1586/1586 1860/1860/1860
f 1590/1590/1590 1860/1860/1860 1862/1862/1862
f 1864/1864/1864 1858/1858/1858 12/12/12
f 1864/1864/1864 12/12/12 10/10/10
f 1865/1865/1865 1864/1864/1864 10/10/10
f 1865/1865/1865 10/10/10 9/9/9
f 7/7/7 1866/1866/1866 1867/1867/1867
f 7/7/7 1867/1867/1867 8/8/8
f 1868/1868/1868 1594/1594/1594 1592/1592/1592
f 1868/1868/1868 1592/1592/1592 1869/1869/1869
f 1869/1869/1869 1592/1592/1592 1591/1591/1591
f 1869/1869/1869 1591/1591/1591 1863/1863/1863
f 8/8/8 1867/1867/1867 1865/1865/1865
f 8/8/8 1865/1865/1865 9/9/9
f 5/5/5 1775/1775/1775 1870/1870/1870
f 5/5/5 1870/1870/1870 6/6/6
f 1774/1774/1774 1598/1598/1598 1596/1596/1596
f 1774/1774/1774 1596/1596/1596 1871/1871/1871
f 1871/1871/1871 1596/1596/1596 1594/1594/1594
f 1871/1871/1871 1594/1594/1594 1868/1868/1868
f 6/6/6 1870/1870/1870 1866/1866/1866
f 6/6/6 1866/1866/1866 7/7/7
