# Converted from GLB: torch_lowpoly_with_flame.glb
mtllib torch_brazier.mtl
o Torch
g Torch
usemtl Torch_mat
v -0.009218 0.244442 -0.481880
v -0.002861 0.238222 -0.458623
v -0.021738 0.239430 -0.460948
v 0.014844 0.245310 -0.488225
v 0.012291 0.240657 -0.469921
v -0.015575 0.250663 -0.505137
v 0.003302 0.249454 -0.502812
v -0.033280 0.243575 -0.475535
v -0.030727 0.248228 -0.493839
v -0.050283 0.233550 -0.583005
v -0.085732 0.233051 -0.557736
v -0.002113 0.232253 -0.468851
v -0.010980 0.233387 -0.595262
v -0.050268 0.233147 -0.352819
v -0.004572 0.232815 -0.341466
v 0.041556 0.233250 -0.349004
v 0.069999 0.234268 -0.575642
v 0.030823 0.233856 -0.592693
v 0.081942 0.232986 -0.372588
v -0.144028 0.175249 -0.565082
v -0.089150 0.176384 -0.615780
v -0.000514 0.173985 -0.472300
v -0.006335 0.173741 -0.635413
v 0.074750 0.175951 -0.625365
v 0.158933 0.174214 -0.524637
v 0.166127 0.173419 -0.456600
v 0.149101 0.172782 -0.392920
v 0.111370 0.172759 -0.341884
v 0.057159 0.173439 -0.307039
v -0.009390 0.172842 -0.299774
v -0.073028 0.173275 -0.312934
v -0.131337 0.173393 -0.349821
v -0.168765 0.172853 -0.413193
v -0.173894 0.175436 -0.489029
v 0.123853 0.175253 -0.585445
v 0.101324 0.234352 -0.544229
v 0.121383 0.233676 -0.502382
v -0.115463 0.231728 -0.420953
v -0.089185 0.232598 -0.380112
v -0.123722 0.231924 -0.469569
v -0.113267 0.232107 -0.517865
v 0.123480 0.233473 -0.455495
v 0.109530 0.232978 -0.410554
v -0.006708 0.239008 -0.654989
v 0.040452 0.239628 -0.667676
v -0.049401 0.237369 -0.667676
v 0.037896 0.241139 -0.649184
v -0.051092 0.240332 -0.645278
v -0.060067 0.177573 -0.661961
v 0.050005 0.177676 -0.665668
v 0.008005 2.769972 0.203391
v -0.315735 2.779057 0.097700
v -0.295999 2.792594 0.050211
v -0.327308 2.765319 0.147752
v -0.330419 2.751733 0.199071
v -0.324987 2.738653 0.250327
v -0.289274 2.715341 0.347381
v -0.259918 2.705713 0.390664
v -0.311152 2.726416 0.300195
v -0.223845 2.697782 0.428923
v -0.181990 2.691753 0.461167
v -0.135436 2.687783 0.486560
v 0.170622 2.709006 0.472369
v 0.213647 2.719188 0.442823
v 0.123163 2.700436 0.494776
v 0.072499 2.693700 0.509462
v 0.251125 2.730718 0.406901
v 0.282083 2.743297 0.365534
v 0.305721 2.756600 0.319794
v 0.300048 2.821758 0.069149
v 0.274348 2.832143 0.023767
v 0.317963 2.810064 0.117833
v 0.327628 2.797364 0.168560
v 0.241527 2.840951 -0.017137
v -0.193901 2.828561 -0.065095
v -0.148511 2.837968 -0.091156
v -0.234283 2.817670 -0.032254
v -0.268612 2.805577 0.006516
v 0.321426 2.770281 0.270865
v 0.328792 2.783988 0.220015
v 0.202436 2.847954 -0.052503
v 0.158088 2.852969 -0.081415
v 0.005481 2.855071 -0.122890
v -0.047512 2.851396 -0.120433
v 0.058318 2.856575 -0.117070
v 0.109630 2.855868 -0.103125
v 0.019943 2.688972 0.516047
v -0.033145 2.686374 0.514360
v -0.085389 2.685975 0.504446
v -0.099290 2.845646 -0.109763
v -0.258626 2.842220 0.171584
v -0.262664 2.830126 0.211510
v 0.010409 2.817140 0.211846
v -0.258992 2.817965 0.251982
v -0.250481 2.853418 0.130882
v -0.235559 2.863715 0.093696
v -0.202141 2.877567 0.041505
v -0.156412 2.888414 -0.002530
v -0.179276 2.882990 0.019488
v -0.120840 2.893194 -0.024432
v -0.248931 2.806297 0.289753
v -0.232141 2.795006 0.325162
v -0.083904 2.896110 -0.040264
v -0.045327 2.897414 -0.050917
v -0.004251 2.896829 -0.055591
v 0.037842 2.894129 -0.053294
v 0.078184 2.889633 -0.044644
v 0.116618 2.883253 -0.029325
v 0.151340 2.875390 -0.008397
v 0.182796 2.866250 0.017371
v 0.211011 2.855877 0.047828
v 0.233296 2.844889 0.081325
v 0.248362 2.833712 0.116626
v 0.256649 2.822280 0.153890
v -0.209025 2.783985 0.358635
v -0.181477 2.773682 0.388965
v -0.150718 2.764547 0.414828
v -0.116452 2.756674 0.435864
v -0.078752 2.750429 0.450848
v -0.038765 2.745994 0.459346
v 0.003203 2.743222 0.461909
v 0.043904 2.742478 0.457829
v 0.082003 2.743652 0.447694
v 0.118557 2.746469 0.432261
v 0.153989 2.751238 0.410418
v 0.170810 2.754443 0.396868
v 0.213383 2.766296 0.349948
v 0.234524 2.775851 0.314258
v 0.253936 2.792258 0.255710
v 0.259269 2.810291 0.193950
v -0.101060 0.293700 -0.438420
v -0.048479 0.275942 -0.374882
v -0.046357 0.322602 -0.359964
v -0.099007 0.340424 -0.428060
v 0.038927 0.267064 -0.371888
v 0.042739 0.317872 -0.361635
v 0.097781 0.279532 -0.429027
v 0.099053 0.328747 -0.418996
v 0.096095 0.300141 -0.503752
v 0.098317 0.349025 -0.492153
v 0.048913 0.316077 -0.554238
v 0.051455 0.364645 -0.540093
v -0.016722 0.320216 -0.562576
v -0.012253 0.369864 -0.551593
v -0.083206 0.313340 -0.526308
v -0.079373 0.362856 -0.515248
v -0.012253 0.369864 -0.551593
v -0.016722 0.320216 -0.562576
v 0.025771 0.226405 -0.394096
v -0.053346 0.239136 -0.397075
v 0.078107 0.238118 -0.444093
v 0.078599 0.257427 -0.508060
v 0.036170 0.273657 -0.550008
v -0.020788 0.277692 -0.560462
v -0.076813 0.273389 -0.525039
v -0.020788 0.277692 -0.560462
v -0.095349 0.256412 -0.450160
v 0.059817 0.247959 -0.503687
v 0.026591 0.260585 -0.540384
v 0.036170 0.273657 -0.550008
v 0.078599 0.257427 -0.508060
v 0.015956 0.256073 -0.526908
v -0.017606 0.259666 -0.536433
v -0.020737 0.264173 -0.549830
v -0.020788 0.277692 -0.560462
v -0.067532 0.261159 -0.517970
v -0.056882 0.252316 -0.509644
v -0.076813 0.273389 -0.525039
v -0.081570 0.245746 -0.457573
v -0.095349 0.256412 -0.450160
v -0.067282 0.242763 -0.466503
v -0.037172 0.233531 -0.433337
v -0.046284 0.233566 -0.415782
v -0.053346 0.239136 -0.397075
v 0.016345 0.226496 -0.413494
v 0.025771 0.226405 -0.394096
v 0.006387 0.229981 -0.427992
v 0.039212 0.236412 -0.458483
v 0.057945 0.234181 -0.451697
v 0.078107 0.238118 -0.444093
v 0.043576 0.246038 -0.495623
v 0.085384 0.395015 -0.408914
v 0.084231 0.410583 -0.468081
v 0.067557 0.415754 -0.460211
v 0.066594 0.403606 -0.415076
v 0.047460 0.428713 -0.506515
v 0.038949 0.430584 -0.489805
v -0.006466 0.432581 -0.516528
v -0.003391 0.433720 -0.498420
v -0.003391 0.433720 -0.498420
v -0.006466 0.432581 -0.516528
v -0.066034 0.426726 -0.491351
v -0.047405 0.427304 -0.477263
v -0.058170 0.406766 -0.421813
v -0.082467 0.402491 -0.416529
v -0.042111 0.389493 -0.355640
v -0.030616 0.399873 -0.374666
v 0.029445 0.398957 -0.376042
v 0.037877 0.388271 -0.356045
v 0.090153 0.366424 -0.414842
v 0.090972 0.385115 -0.479811
v 0.084231 0.410583 -0.468081
v 0.085384 0.395015 -0.408914
v 0.049246 0.399959 -0.522304
v 0.047460 0.428713 -0.506515
v -0.007835 0.404930 -0.532261
v -0.006466 0.432581 -0.516528
v -0.069545 0.399119 -0.500805
v -0.066034 0.426726 -0.491351
v -0.006466 0.432581 -0.516528
v -0.007835 0.404930 -0.532261
v -0.092361 0.376986 -0.420609
v -0.082467 0.402491 -0.416529
v -0.042016 0.360973 -0.357981
v -0.042111 0.389493 -0.355640
v 0.041101 0.358081 -0.360602
v 0.037877 0.388271 -0.356045
v -0.025773 2.822376 0.010661
v 0.124784 2.817120 0.056406
v 0.128688 2.167217 -0.070214
v 0.003072 2.182296 -0.124967
v 0.182229 2.775452 0.214768
v 0.166077 2.133857 0.058154
v 0.079352 2.746511 0.364751
v 0.081271 2.104249 0.174700
v -0.101321 2.748056 0.347521
v -0.063227 2.103584 0.180552
v -0.190074 2.776057 0.226841
v -0.154796 2.126556 0.091727
v -0.177917 2.795099 0.123418
v -0.133839 2.811135 0.056074
v -0.107188 2.171830 -0.087587
v -0.159123 2.153003 -0.012844
v -0.072292 1.223824 -0.316874
v -0.117724 1.203336 -0.247272
v 0.107391 1.211228 -0.281559
v 0.028228 1.230275 -0.337736
v 0.122546 1.187989 -0.196936
v 0.071270 1.168250 -0.121606
v -0.023712 1.165395 -0.109091
v -0.103058 1.179637 -0.160666
v -0.034860 0.478360 -0.498678
v -0.083922 0.462230 -0.446436
v 0.083290 0.451660 -0.455363
v 0.030632 0.480638 -0.499985
v 0.086859 0.439873 -0.403409
v 0.061623 0.434556 -0.358575
v 0.003709 0.429987 -0.336474
v -0.067530 0.433631 -0.364976
v 0.028228 1.230275 -0.337736
v 0.030632 0.480638 -0.499985
v -0.071228 0.404072 -0.457607
v -0.057218 0.385847 -0.386289
v -0.028828 0.421451 -0.498706
v 0.003022 0.386061 -0.364832
v 0.053030 0.387649 -0.378809
v 0.073051 0.390287 -0.419765
v 0.066849 0.401652 -0.461778
v 0.025491 0.418022 -0.499514
v 0.025491 0.418022 -0.499514
v 0.003072 2.182296 -0.124967
v -0.025773 2.822376 0.010661
v 0.206561 0.016548 -0.963965
v -0.200165 0.008307 -0.964395
v -0.216282 0.408347 -0.960822
v 0.208126 0.401595 -0.958652
v 0.077470 0.272933 -0.594314
v 0.073469 0.267852 -0.585693
v 0.108418 0.267083 -0.551961
v 0.114241 0.272338 -0.557874
v 0.131496 0.265511 -0.506636
v 0.138588 0.271252 -0.509447
v 0.134662 0.264747 -0.455015
v 0.142596 0.270975 -0.454666
v 0.119409 0.263951 -0.405194
v 0.125756 0.270426 -0.401639
v 0.087060 0.265351 -0.365352
v 0.092270 0.270611 -0.358444
v -0.004884 0.238047 -0.337673
v -0.005821 0.265444 -0.331047
v 0.043588 0.265875 -0.340028
v 0.042792 0.237867 -0.345015
v -0.005821 0.265444 -0.331047
v -0.006381 0.270775 -0.323102
v 0.046015 0.271252 -0.331977
v 0.043588 0.265875 -0.340028
v -0.052390 0.237943 -0.348634
v -0.056723 0.265384 -0.341684
v -0.056723 0.265384 -0.341684
v -0.060067 0.271283 -0.335207
v -0.123180 0.267842 -0.353612
v -0.070032 0.268035 -0.314969
v -0.106777 0.270217 -0.367353
v -0.101705 0.263445 -0.371617
v -0.157820 0.268515 -0.412498
v -0.136640 0.269468 -0.417883
v -0.132573 0.261078 -0.418319
v -0.168398 0.269109 -0.482364
v -0.146564 0.267423 -0.477398
v -0.143370 0.259070 -0.475377
v -0.146914 0.269094 -0.550820
v -0.129779 0.268021 -0.535730
v -0.128315 0.259442 -0.532160
v -0.103989 0.268313 -0.602748
v -0.094138 0.270517 -0.580734
v -0.092933 0.262069 -0.575018
v -0.055591 0.265423 -0.630456
v -0.052214 0.271956 -0.607074
v -0.051662 0.264623 -0.599529
v -0.008585 0.262943 -0.640770
v -0.009148 0.272368 -0.618766
v 0.034789 0.272587 -0.614696
v 0.038349 0.262961 -0.636062
v 0.032971 0.267454 -0.605516
v 0.032971 0.267454 -0.605516
v 0.032042 0.238661 -0.597618
v 0.072144 0.239448 -0.579241
v 0.073469 0.267852 -0.585693
v -0.051662 0.264623 -0.599529
v -0.051997 0.236808 -0.589446
v -0.011000 0.238462 -0.600228
v -0.009579 0.266889 -0.609664
v -0.092933 0.262069 -0.575018
v -0.089792 0.234931 -0.564008
v -0.128315 0.259442 -0.532160
v -0.120248 0.233230 -0.522218
v -0.143370 0.259070 -0.475377
v -0.131496 0.232773 -0.470528
v -0.132573 0.261078 -0.418319
v -0.122039 0.233963 -0.418991
v -0.101705 0.263445 -0.371617
v -0.093807 0.236315 -0.376246
v -0.050268 0.233147 -0.352819
v -0.004572 0.232815 -0.341466
v 0.041556 0.233250 -0.349004
v 0.084532 0.237280 -0.369482
v 0.081942 0.232986 -0.372588
v 0.119409 0.263951 -0.405194
v 0.113890 0.236903 -0.408284
v 0.087060 0.265351 -0.365352
v 0.134662 0.264747 -0.455015
v 0.128223 0.237660 -0.455028
v 0.131496 0.265511 -0.506636
v 0.126038 0.238555 -0.503770
v 0.108418 0.267083 -0.551961
v 0.104330 0.239676 -0.546587
v -0.009608 0.173339 -0.292701
v 0.058991 0.174000 -0.301336
v 0.060256 0.235828 -0.294056
v -0.008678 0.235759 -0.282822
v 0.052920 0.265187 -0.311273
v 0.055894 0.242038 -0.304600
v 0.112396 0.240851 -0.337567
v 0.107373 0.264062 -0.341392
v 0.114710 0.173415 -0.337763
v 0.120528 0.234912 -0.329249
v 0.163637 0.233428 -0.384910
v 0.154161 0.173270 -0.390473
v 0.153470 0.240450 -0.389569
v 0.146100 0.263510 -0.391929
v 0.183456 0.233117 -0.453672
v 0.172083 0.173931 -0.456114
v 0.172199 0.240383 -0.454122
v 0.164956 0.263748 -0.453516
v 0.177250 0.233765 -0.526337
v 0.164420 0.175019 -0.526308
v 0.166060 0.240789 -0.521956
v 0.159737 0.264485 -0.517649
v 0.142700 0.232650 -0.591624
v 0.128504 0.176189 -0.588944
v 0.133883 0.240813 -0.581896
v 0.130286 0.264955 -0.573937
v 0.089536 0.232366 -0.634334
v 0.078137 0.177448 -0.632477
v 0.085126 0.240409 -0.624172
v 0.086649 0.264294 -0.614793
v -0.188271 0.237778 -0.489045
v -0.158641 0.236917 -0.566641
v -0.149868 0.175610 -0.568683
v -0.181375 0.175758 -0.489647
v -0.138684 0.235670 -0.341148
v -0.179157 0.236658 -0.407981
v -0.176100 0.173702 -0.410735
v -0.136675 0.174070 -0.344685
v -0.070032 0.268035 -0.314969
v -0.073695 0.242994 -0.308113
v -0.008616 0.242496 -0.293963
v -0.008008 0.267445 -0.300955
v -0.009579 0.266889 -0.609664
v -0.011000 0.238462 -0.600228
v -0.194696 0.020904 -0.904186
v -0.210681 0.410663 -0.913371
v -0.217382 0.414976 -0.933627
v -0.209904 0.000000 -0.933627
v 0.112396 0.240851 -0.337567
v 0.055894 0.242038 -0.304600
v 0.060256 0.235828 -0.294056
v 0.120528 0.234912 -0.329249
v -0.008616 0.242496 -0.293963
v -0.073695 0.242994 -0.308113
v -0.078300 0.235689 -0.298001
v -0.008678 0.235759 -0.282822
v -0.130560 0.243243 -0.348425
v -0.169555 0.244713 -0.410607
v -0.179157 0.236658 -0.407981
v -0.138684 0.235670 -0.341148
v -0.179640 0.245419 -0.486657
v -0.152822 0.244664 -0.560294
v -0.158641 0.236917 -0.566641
v -0.188271 0.237778 -0.489045
v -0.102700 0.242164 -0.613017
v -0.106146 0.235559 -0.622974
v 0.128088 2.447791 -0.360344
v 0.120421 2.452135 -0.331700
v 0.178159 2.448305 -0.296877
v 0.193427 2.447279 -0.320107
v 0.256087 2.446102 -0.224186
v 0.280208 2.450416 -0.242556
v 0.310027 2.445122 -0.128976
v 0.336057 2.449670 -0.138132
v 0.326185 2.449493 -0.016932
v 0.356550 2.450239 -0.016278
v 0.306857 2.449771 0.096346
v 0.333212 2.449735 0.107443
v 0.245103 2.451461 0.194435
v 0.260859 2.446589 0.210909
v 0.153262 2.446789 0.270331
v 0.161612 2.452051 0.292015
v 0.031548 2.444869 0.304145
v 0.030648 2.447429 0.324793
v -0.091855 2.446776 0.291900
v -0.100301 2.452626 0.311519
v -0.216909 2.453562 0.250342
v -0.204819 2.446467 0.238513
v -0.281816 2.453348 0.144693
v -0.300857 2.451275 0.153712
v -0.321426 2.453338 0.037301
v -0.349409 2.449710 0.041849
v -0.347847 2.444866 -0.074603
v -0.323321 2.450431 -0.070959
v -0.290640 2.449476 -0.172740
v -0.315212 2.446222 -0.184720
v -0.232373 2.449765 -0.253423
v -0.252102 2.446125 -0.272564
v -0.164066 2.450979 -0.309267
v -0.177479 2.445977 -0.332802
v -0.101525 2.455358 -0.340773
v -0.108914 2.450238 -0.377074
v -0.109442 2.354984 -0.374494
v -0.101877 2.342478 -0.341510
v -0.162258 2.348707 -0.308312
v -0.176189 2.357745 -0.332164
v -0.206294 2.349078 0.237721
v -0.098079 2.348005 0.293220
v -0.106371 2.347362 0.318808
v -0.223733 2.344508 0.258669
v 0.310027 2.445122 -0.128976
v 0.310414 2.346705 -0.128287
v 0.326403 2.344085 -0.015875
v 0.326185 2.449493 -0.016932
v -0.206294 2.349078 0.237721
v -0.204819 2.446467 0.238513
v -0.091855 2.446776 0.291900
v -0.098079 2.348005 0.293220
v -0.321426 2.453338 0.037301
v -0.281816 2.453348 0.144693
v -0.280817 2.350681 0.145856
v -0.320844 2.351126 0.039173
v -0.290640 2.449476 -0.172740
v -0.323321 2.450431 -0.070959
v -0.323424 2.353689 -0.069805
v -0.289233 2.355243 -0.171830
v -0.164066 2.450979 -0.309267
v -0.232373 2.449765 -0.253423
v -0.228161 2.352012 -0.251505
v -0.162258 2.348707 -0.308312
v -0.109442 2.354984 -0.374494
v -0.108914 2.450238 -0.377074
v -0.077563 2.452363 -0.878058
v -0.077883 2.353889 -0.880520
v -0.108914 2.450238 -0.377074
v -0.109442 2.354984 -0.374494
v -0.176189 2.357745 -0.332164
v -0.177479 2.445977 -0.332802
v -0.223733 2.344508 0.258669
v -0.106371 2.347362 0.318808
v -0.100301 2.452626 0.311519
v -0.216909 2.453562 0.250342
v 0.207380 2.192915 -0.936522
v -0.215788 2.199938 -0.929276
v -0.215418 2.207007 -0.954737
v 0.198756 2.205333 -0.962555
v 0.195484 2.205392 -0.910001
v -0.208414 2.209684 -0.911189
v -0.216061 2.595486 -0.932521
v -0.210520 2.586446 -0.912396
v 0.202719 2.586361 -0.907144
v 0.212548 2.599945 -0.932266
v -0.213034 2.588260 -0.955106
v 0.205310 2.591189 -0.960922
v -0.228161 2.352012 -0.251505
v -0.250928 2.349259 -0.273751
v -0.250928 2.349259 -0.273751
v -0.252102 2.446125 -0.272564
v -0.289233 2.355243 -0.171830
v -0.313859 2.342427 -0.183429
v -0.313859 2.342427 -0.183429
v -0.315212 2.446222 -0.184720
v -0.323424 2.353689 -0.069805
v -0.347835 2.345028 -0.073639
v -0.347835 2.345028 -0.073639
v -0.347847 2.444866 -0.074603
v -0.320844 2.351126 0.039173
v -0.348543 2.344044 0.044683
v -0.348543 2.344044 0.044683
v -0.349409 2.449710 0.041849
v -0.280817 2.350681 0.145856
v -0.304976 2.344982 0.158851
v -0.304976 2.344982 0.158851
v -0.300857 2.451275 0.153712
v 0.031548 2.444869 0.304145
v 0.026906 2.347268 0.301868
v 0.026906 2.347268 0.301868
v 0.030096 2.348093 0.331511
v 0.030096 2.348093 0.331511
v 0.030648 2.447429 0.324793
v 0.149486 2.346588 0.268844
v 0.153262 2.446789 0.270331
v 0.245263 2.347238 0.198041
v 0.245103 2.451461 0.194435
v 0.149486 2.346588 0.268844
v 0.163133 2.349968 0.294426
v 0.163133 2.349968 0.294426
v 0.161612 2.452051 0.292015
v 0.245263 2.347238 0.198041
v 0.265234 2.353436 0.215408
v 0.265234 2.353436 0.215408
v 0.260859 2.446589 0.210909
v 0.304441 2.343601 0.097907
v 0.306857 2.449771 0.096346
v 0.304441 2.343601 0.097907
v 0.332551 2.353848 0.109038
v 0.332551 2.353848 0.109038
v 0.333212 2.449735 0.107443
v 0.326403 2.344085 -0.015875
v 0.355408 2.353162 -0.015508
v 0.355408 2.353162 -0.015508
v 0.356550 2.450239 -0.016278
v 0.257915 2.349226 -0.225953
v 0.256087 2.446102 -0.224186
v 0.310414 2.346705 -0.128287
v 0.340171 2.348190 -0.138951
v 0.340171 2.348190 -0.138951
v 0.336057 2.449670 -0.138132
v 0.257915 2.349226 -0.225953
v 0.280429 2.348511 -0.244387
v 0.280429 2.348511 -0.244387
v 0.280208 2.450416 -0.242556
v 0.178335 2.348419 -0.298889
v 0.178159 2.448305 -0.296877
v 0.121282 2.344244 -0.334064
v 0.120421 2.452135 -0.331700
v 0.178335 2.348419 -0.298889
v 0.195170 2.353105 -0.325192
v 0.195170 2.353105 -0.325192
v 0.193427 2.447279 -0.320107
v 0.121282 2.344244 -0.334064
v 0.128925 2.357978 -0.360734
v 0.128925 2.357978 -0.360734
v 0.128088 2.447791 -0.360344
v 0.105822 2.454070 -0.338004
v 0.112636 2.451192 -0.375780
v 0.113157 2.355403 -0.374901
v 0.107020 2.342148 -0.340345
v 0.195484 2.205392 -0.910001
v 0.077691 2.349551 -0.879254
v -0.077883 2.353889 -0.880520
v -0.208414 2.209684 -0.911189
v -0.215418 2.207007 -0.954737
v -0.213034 2.588260 -0.955106
v 0.205310 2.591189 -0.960922
v 0.198756 2.205333 -0.962555
v 0.112636 2.451192 -0.375780
v 0.113157 2.355403 -0.374901
v 0.077691 2.349551 -0.879254
v 0.076564 2.451831 -0.878486
v -0.077563 2.452363 -0.878058
v -0.210520 2.586446 -0.912396
v 0.202719 2.586361 -0.907144
v 0.076564 2.451831 -0.878486
v 0.205310 2.591189 -0.960922
v 0.212548 2.599945 -0.932266
v 0.202719 2.586361 -0.907144
v 0.078137 0.177448 -0.632477
v 0.058991 0.174000 -0.301336
v 0.114710 0.173415 -0.337763
v -0.009608 0.173339 -0.292701
v -0.075676 0.173622 -0.306228
v -0.149868 0.175610 -0.568683
v -0.092745 0.177107 -0.622050
v 0.128504 0.176189 -0.588944
v 0.164420 0.175019 -0.526308
v 0.172083 0.173931 -0.456114
v 0.154161 0.173270 -0.390473
v 0.077691 2.349551 -0.879254
v 0.113157 2.355403 -0.374901
v -0.101525 2.455358 -0.340773
v -0.101877 2.342478 -0.341510
v 0.107020 2.342148 -0.340345
v 0.105822 2.454070 -0.338004
v 0.105822 2.454070 -0.338004
v 0.107020 2.342148 -0.340345
v 0.107020 2.342148 -0.340345
v 0.113157 2.355403 -0.374901
v 0.113157 2.355403 -0.374901
v 0.112636 2.451192 -0.375780
v 0.112636 2.451192 -0.375780
v 0.105822 2.454070 -0.338004
v 0.130286 0.264955 -0.573937
v 0.086649 0.264294 -0.614793
v 0.159737 0.264485 -0.517649
v 0.146100 0.263510 -0.391929
v 0.164956 0.263748 -0.453516
v 0.107373 0.264062 -0.341392
v 0.052920 0.265187 -0.311273
v -0.008008 0.267445 -0.300955
v -0.009148 0.272368 -0.618766
v -0.009579 0.266889 -0.609664
v -0.008585 0.262943 -0.640770
v -0.009579 0.266889 -0.609664
v 0.030823 0.233856 -0.592693
v 0.069999 0.234268 -0.575642
v -0.050283 0.233550 -0.583005
v -0.010980 0.233387 -0.595262
v -0.010980 0.233387 -0.595262
v -0.085732 0.233051 -0.557736
v -0.113267 0.232107 -0.517865
v -0.123722 0.231924 -0.469569
v -0.115463 0.231728 -0.420953
v -0.089185 0.232598 -0.380112
v 0.109530 0.232978 -0.410554
v 0.123480 0.233473 -0.455495
v 0.121383 0.233676 -0.502382
v 0.101324 0.234352 -0.544229
v -0.075676 0.173622 -0.306228
v -0.078300 0.235689 -0.298001
v -0.008585 0.262943 -0.640770
v -0.006708 0.239008 -0.654989
v -0.051092 0.240332 -0.645278
v -0.055591 0.265423 -0.630456
v -0.006708 0.239008 -0.654989
v -0.008585 0.262943 -0.640770
v 0.038349 0.262961 -0.636062
v 0.037896 0.241139 -0.649184
v 0.051370 0.261175 -0.862312
v 0.057756 0.151281 -0.862312
v 0.208219 0.014988 -0.911699
v 0.202502 0.397578 -0.907725
v -0.102700 0.242164 -0.613017
v -0.103989 0.268313 -0.602748
v -0.152822 0.244664 -0.560294
v -0.146914 0.269094 -0.550820
v -0.061767 0.150613 -0.862312
v -0.060067 0.177573 -0.661961
v -0.056289 0.260797 -0.862312
v -0.179640 0.245419 -0.486657
v -0.168398 0.269109 -0.482364
v -0.169555 0.244713 -0.410607
v -0.157820 0.268515 -0.412498
v -0.130560 0.243243 -0.348425
v -0.123180 0.267842 -0.353612
v -0.217382 0.414976 -0.933627
v 0.212591 0.407793 -0.933627
v 0.208126 0.401595 -0.958652
v -0.216282 0.408347 -0.960822
v -0.216282 0.408347 -0.960822
v -0.200165 0.008307 -0.964395
v 0.206561 0.016548 -0.963965
v 0.215595 0.004255 -0.933627
v -0.210681 0.410663 -0.913371
v 0.202502 0.397578 -0.907725
v 0.208219 0.014988 -0.911699
v 0.040452 0.239628 -0.667676
v 0.037896 0.241139 -0.649184
v 0.085126 0.240409 -0.624172
v 0.089536 0.232366 -0.634334
v 0.133883 0.240813 -0.581896
v 0.142700 0.232650 -0.591624
v 0.166060 0.240789 -0.521956
v 0.177250 0.233765 -0.526337
v 0.172199 0.240383 -0.454122
v 0.183456 0.233117 -0.453672
v 0.153470 0.240450 -0.389569
v 0.163637 0.233428 -0.384910
v -0.051092 0.240332 -0.645278
v -0.049401 0.237369 -0.667676
v 0.051370 0.261175 -0.862312
v -0.061767 0.150613 -0.862312
v 0.057756 0.151281 -0.862312
v 0.050005 0.177676 -0.665668
v -0.060067 0.177573 -0.661961
v -0.210681 0.410663 -0.913371
v -0.056289 0.260797 -0.862312
v 0.040452 0.239628 -0.667676
v 0.050005 0.177676 -0.665668
v -0.106146 0.235559 -0.622974
v -0.049401 0.237369 -0.667676
v -0.060067 0.177573 -0.661961
v -0.092745 0.177107 -0.622050
v -0.136675 0.174070 -0.344685
v -0.176100 0.173702 -0.410735
v -0.181375 0.175758 -0.489647
v -0.061767 0.150613 -0.862312
v -0.194696 0.020904 -0.904186
v -0.009712 2.616927 0.330692
v -0.000515 2.698813 0.392532
v 0.064730 2.688153 0.394169
v 0.053185 2.611742 0.333387
v -0.013787 2.486987 0.285924
v 0.053457 2.485738 0.286428
v 0.049835 2.477365 0.300259
v -0.008513 2.479858 0.298702
v -0.008513 2.479858 0.298702
v 0.049835 2.477365 0.300259
v 0.051843 2.601229 0.345353
v -0.011190 2.608405 0.346504
v 0.069591 2.671616 0.400963
v -0.001561 2.682403 0.398861
v 0.076448 2.689161 0.486317
v -0.010512 2.689121 0.481758
v -0.008513 2.479858 0.298702
v -0.011190 2.608405 0.346504
v -0.001561 2.682403 0.398861
v 0.076329 2.704570 0.487399
v -0.009968 2.700494 0.480169
v -0.010512 2.689121 0.481758
v -0.010512 2.689121 0.481758
v 0.076448 2.689161 0.486317
v -0.267160 2.753851 0.224806
v -0.201490 2.726460 0.206302
v -0.196844 2.735184 0.153266
v -0.259517 2.769213 0.162904
v -0.174242 2.638453 0.120684
v -0.169302 2.627514 0.179931
v -0.175897 2.517061 0.101291
v -0.165710 2.506055 0.161708
v -0.214099 2.708784 0.204067
v -0.275629 2.744959 0.225284
v -0.266875 2.759945 0.161087
v -0.210623 2.722382 0.153121
v -0.189053 2.616313 0.176901
v -0.193651 2.626032 0.123928
v -0.188367 2.513952 0.105786
v -0.184121 2.503620 0.160368
v -0.266875 2.759945 0.161087
v -0.275629 2.744959 0.225284
v -0.210623 2.722382 0.153121
v -0.266875 2.759945 0.161087
v -0.193651 2.626032 0.123928
v -0.188367 2.513952 0.105786
v -0.184121 2.503620 0.160368
v -0.188367 2.513952 0.105786
v 0.193208 2.626304 0.190537
v 0.184145 2.528253 0.158559
v 0.178311 2.541671 0.101362
v 0.190270 2.633195 0.127423
v 0.220652 2.737206 0.209240
v 0.220477 2.746113 0.143173
v 0.305808 2.774714 0.214760
v 0.301174 2.795543 0.134628
v 0.305808 2.774714 0.214760
v 0.301174 2.795543 0.134628
v 0.295948 2.810090 0.137973
v 0.300615 2.788734 0.218505
v 0.206972 2.757843 0.147332
v 0.210399 2.751002 0.214037
v 0.169612 2.635885 0.128724
v 0.178923 2.629553 0.193411
v 0.166904 2.545049 0.101115
v 0.173581 2.533116 0.162173
v 0.220652 2.737206 0.209240
v 0.305808 2.774714 0.214760
v 0.193208 2.626304 0.190537
v 0.184145 2.528253 0.158559
v 0.178311 2.541671 0.101362
v 0.184145 2.528253 0.158559
v 0.014405 2.780559 -0.009311
v 0.011994 2.856385 -0.091494
v -0.066568 2.849877 -0.079634
v -0.047075 2.770185 -0.007492
v -0.036922 2.692218 -0.001193
v 0.022958 2.690426 -0.004605
v -0.047295 2.563308 -0.031306
v 0.016474 2.562315 -0.034280
v -0.045697 2.564631 -0.045967
v 0.009066 2.564513 -0.049897
v 0.009066 2.564513 -0.049897
v -0.045697 2.564631 -0.045967
v -0.040167 2.693634 -0.019222
v 0.019294 2.692472 -0.024737
v -0.048321 2.766537 -0.028040
v 0.014461 2.771536 -0.022633
v -0.063919 2.839974 -0.094043
v 0.011329 2.846743 -0.101318
v 0.009066 2.564513 -0.049897
v 0.019294 2.692472 -0.024737
v 0.014461 2.771536 -0.022633
v 0.011329 2.846743 -0.101318
v 0.011329 2.846743 -0.101318
v -0.063919 2.839974 -0.094043
v -0.368555 3.631077 0.025957
v -0.374721 3.788383 0.060259
v -0.297398 3.808887 -0.006556
v -0.293383 3.641210 -0.040332
v -0.505359 3.654137 0.493798
v -0.490448 3.515346 0.452749
v -0.502839 3.549973 0.368837
v -0.519440 3.669791 0.400194
v -0.346826 3.428474 0.799010
v -0.346721 3.576964 0.845139
v -0.423016 3.584376 0.770132
v -0.418003 3.451214 0.733128
v 0.272392 3.564141 0.899723
v 0.357819 3.579022 0.845030
v 0.334750 3.579416 0.818928
v 0.256396 3.565906 0.868149
v 0.422184 3.445045 0.724944
v 0.424728 3.608985 0.773152
v 0.357819 3.579022 0.845030
v 0.352823 3.430064 0.795928
v 0.485500 3.637789 0.688972
v 0.471298 3.470355 0.637173
v 0.512050 3.499483 0.548864
v 0.517290 3.643620 0.589077
v 0.439333 3.780086 0.126588
v 0.370691 3.800308 0.049967
v 0.341335 3.785812 0.078102
v 0.409937 3.770816 0.149615
v 0.288113 3.643368 -0.057446
v 0.287556 3.809026 -0.012482
v 0.370691 3.800308 0.049967
v 0.371971 3.626539 0.007771
v 0.200597 3.824116 -0.057531
v 0.194254 3.659686 -0.096271
v 0.097750 3.667859 -0.116550
v 0.097204 3.827711 -0.083321
v -0.374721 3.788383 0.060259
v -0.442263 3.768012 0.135544
v -0.415475 3.756208 0.152503
v -0.351442 3.778482 0.082227
v -0.481145 3.595458 0.183176
v -0.496380 3.737250 0.221482
v -0.442263 3.768012 0.135544
v -0.430407 3.616507 0.102019
v -0.533327 3.699852 0.304841
v -0.529182 3.565126 0.269117
v -0.549108 3.540958 0.364179
v -0.554276 3.675294 0.400130
v -0.346721 3.576964 0.845139
v -0.252939 3.550422 0.891774
v -0.241172 3.556892 0.868472
v -0.326372 3.583613 0.819768
v -0.151693 3.396767 0.895308
v -0.148056 3.530126 0.928968
v -0.252939 3.550422 0.891774
v -0.262781 3.410390 0.850046
v 0.334750 3.579416 0.818928
v 0.318950 3.442042 0.762313
v 0.247639 3.426349 0.817210
v 0.256396 3.565906 0.868149
v 0.530750 3.521204 0.459770
v 0.541777 3.671562 0.497245
v 0.341335 3.785812 0.078102
v 0.326757 3.612024 0.053574
v 0.393157 3.603091 0.119036
v 0.409937 3.770816 0.149615
v -0.002998 3.668162 -0.124646
v -0.004789 3.826021 -0.095011
v -0.415475 3.756208 0.152503
v -0.390935 3.611876 0.129371
v -0.333218 3.624596 0.060386
v -0.351442 3.778482 0.082227
v -0.548618 3.503783 0.458301
v -0.544446 3.649094 0.499250
v -0.241172 3.556892 0.868472
v -0.241488 3.421250 0.809242
v -0.317746 3.436255 0.764101
v -0.326372 3.583613 0.819768
v -0.148056 3.530126 0.928968
v -0.033435 3.527577 0.956420
v -0.029573 3.532729 0.924974
v -0.139301 3.537750 0.901292
v 0.081190 3.395503 0.918013
v 0.078940 3.543206 0.959341
v -0.033435 3.527577 0.956420
v -0.027451 3.390651 0.921785
v 0.177234 3.552856 0.932579
v 0.177038 3.401167 0.894126
v 0.271086 3.409160 0.853948
v 0.272392 3.564141 0.899723
v 0.541777 3.671562 0.497245
v 0.554147 3.699033 0.397090
v 0.517361 3.697851 0.398734
v 0.509677 3.677414 0.494042
v 0.513442 3.572108 0.262481
v 0.534120 3.721647 0.298248
v 0.554147 3.699033 0.397090
v 0.537028 3.538036 0.359401
v 0.501350 3.755180 0.207078
v 0.481239 3.600792 0.175142
v 0.438879 3.612818 0.086127
v 0.439333 3.780086 0.126588
v -0.004789 3.826021 -0.095011
v -0.107420 3.826112 -0.089630
v -0.099365 3.808248 -0.048460
v -0.006272 3.810827 -0.052480
v -0.198206 3.653913 -0.084699
v -0.208488 3.819280 -0.056776
v -0.107420 3.826112 -0.089630
v -0.102694 3.665944 -0.114648
v -0.544446 3.649094 0.499250
v -0.522727 3.624045 0.597814
v -0.485147 3.629654 0.586982
v -0.505359 3.654137 0.493798
v -0.476405 3.473391 0.654930
v -0.481301 3.600753 0.689461
v -0.522727 3.624045 0.597814
v -0.523371 3.481220 0.563640
v -0.297398 3.808887 -0.006556
v -0.275542 3.796269 0.024087
v -0.190881 3.804093 -0.020217
v -0.208488 3.819280 -0.056776
v -0.438872 3.591642 0.207515
v -0.482035 3.569389 0.288422
v -0.529182 3.565126 0.269117
v -0.481145 3.595458 0.183176
v -0.502839 3.549973 0.368837
v -0.549108 3.540958 0.364179
v -0.423016 3.584376 0.770132
v -0.398225 3.590210 0.750448
v -0.449587 3.607068 0.672848
v -0.481301 3.600753 0.689461
v -0.023313 3.412430 0.875786
v -0.027451 3.390651 0.921785
v -0.151693 3.396767 0.895308
v -0.137081 3.416381 0.851552
v 0.168156 3.558872 0.904340
v 0.163816 3.420318 0.857793
v 0.075015 3.416193 0.877458
v 0.074406 3.549229 0.925643
v 0.424728 3.608985 0.773152
v 0.394186 3.617252 0.753103
v 0.486794 3.540192 0.364993
v 0.537028 3.538036 0.359401
v 0.530750 3.521204 0.459770
v 0.484327 3.523268 0.454559
v 0.469319 3.744335 0.220174
v 0.436953 3.593012 0.193286
v 0.466799 3.567794 0.275645
v 0.499612 3.720394 0.306835
v 0.287556 3.809026 -0.012482
v 0.265388 3.796539 0.020358
v -0.090401 3.655759 -0.063656
v -0.102694 3.665944 -0.114648
v -0.002998 3.668162 -0.124646
v -0.002397 3.656632 -0.070826
v -0.175194 3.637459 -0.032888
v -0.090401 3.655759 -0.063656
v -0.099365 3.808248 -0.048460
v -0.190881 3.804093 -0.020217
v -0.275542 3.796269 0.024087
v -0.263432 3.632980 0.006370
v -0.496380 3.737250 0.221482
v -0.464718 3.729875 0.235279
v -0.470291 3.493670 0.546637
v -0.523371 3.481220 0.563640
v -0.548618 3.503783 0.458301
v -0.490448 3.515346 0.452749
v -0.437155 3.482883 0.634103
v -0.470291 3.493670 0.546637
v -0.485147 3.629654 0.586982
v -0.449587 3.607068 0.672848
v -0.398225 3.590210 0.750448
v -0.383492 3.460337 0.704800
v 0.075015 3.416193 0.877458
v 0.163816 3.420318 0.857793
v 0.177038 3.401167 0.894126
v 0.081190 3.395503 0.918013
v 0.247639 3.426349 0.817210
v 0.271086 3.409160 0.853948
v 0.517290 3.643620 0.589077
v 0.492042 3.646129 0.582070
v 0.452894 3.642329 0.672540
v 0.485500 3.637789 0.688972
v 0.466799 3.567794 0.275645
v 0.436953 3.593012 0.193286
v 0.481239 3.600792 0.175142
v 0.513442 3.572108 0.262481
v 0.393157 3.603091 0.119036
v 0.438879 3.612818 0.086127
v 0.097204 3.827711 -0.083321
v 0.089568 3.813392 -0.040559
v 0.185099 3.807318 -0.020064
v 0.200597 3.824116 -0.057531
v -0.004789 3.826021 -0.095011
v -0.002998 3.668162 -0.124646
v -0.175194 3.637459 -0.032888
v -0.263432 3.632980 0.006370
v -0.293383 3.641210 -0.040332
v -0.198206 3.653913 -0.084699
v -0.333218 3.624596 0.060386
v -0.368555 3.631077 0.025957
v -0.554276 3.675294 0.400130
v -0.519440 3.669791 0.400194
v -0.503638 3.693842 0.313078
v -0.533327 3.699852 0.304841
v -0.437155 3.482883 0.634103
v -0.383492 3.460337 0.704800
v -0.418003 3.451214 0.733128
v -0.476405 3.473391 0.654930
v -0.317746 3.436255 0.764101
v -0.346826 3.428474 0.799010
v 0.078940 3.543206 0.959341
v 0.074406 3.549229 0.925643
v 0.380770 3.459509 0.698226
v 0.422184 3.445045 0.724944
v 0.352823 3.430064 0.795928
v 0.318950 3.442042 0.762313
v 0.426527 3.474739 0.615730
v 0.380770 3.459509 0.698226
v 0.394186 3.617252 0.753103
v 0.452894 3.642329 0.672540
v 0.492042 3.646129 0.582070
v 0.468801 3.504609 0.536323
v 0.534120 3.721647 0.298248
v 0.499612 3.720394 0.306835
v 0.253003 3.631262 -0.005117
v 0.288113 3.643368 -0.057446
v 0.371971 3.626539 0.007771
v 0.326757 3.612024 0.053574
v 0.174706 3.647069 -0.042198
v 0.253003 3.631262 -0.005117
v 0.265388 3.796539 0.020358
v 0.185099 3.807318 -0.020064
v 0.089568 3.813392 -0.040559
v 0.088977 3.655531 -0.062889
v -0.006272 3.810827 -0.052480
v -0.002397 3.656632 -0.070826
v 0.174706 3.647069 -0.042198
v 0.194254 3.659686 -0.096271
v 0.501350 3.755180 0.207078
v 0.469319 3.744335 0.220174
v 0.517361 3.697851 0.398734
v 0.486794 3.540192 0.364993
v 0.484327 3.523268 0.454559
v 0.509677 3.677414 0.494042
v 0.426527 3.474739 0.615730
v 0.471298 3.470355 0.637173
v 0.177234 3.552856 0.932579
v 0.168156 3.558872 0.904340
v -0.029573 3.532729 0.924974
v -0.023313 3.412430 0.875786
v -0.241488 3.421250 0.809242
v -0.262781 3.410390 0.850046
v -0.390935 3.611876 0.129371
v -0.430407 3.616507 0.102019
v -0.004789 3.826021 -0.095011
v -0.006272 3.810827 -0.052480
v -0.139301 3.537750 0.901292
v -0.137081 3.416381 0.851552
v -0.464718 3.729875 0.235279
v -0.438872 3.591642 0.207515
v -0.002397 3.656632 -0.070826
v -0.006272 3.810827 -0.052480
v -0.002998 3.668162 -0.124646
v 0.097750 3.667859 -0.116550
v 0.088977 3.655531 -0.062889
v -0.002397 3.656632 -0.070826
v 0.512050 3.499483 0.548864
v 0.468801 3.504609 0.536323
v -0.482035 3.569389 0.288422
v -0.503638 3.693842 0.313078
v 0.120182 2.994782 0.662170
v 0.065444 2.972559 0.666272
v 0.070428 2.831037 0.640708
v 0.136619 2.836822 0.623960
v 0.024002 2.979132 0.674660
v 0.002259 2.828118 0.646993
v 0.199115 2.845323 0.597182
v 0.193307 2.945718 0.627451
v 0.256300 2.856319 0.561069
v 0.245637 3.015427 0.597640
v 0.306691 2.869526 0.516556
v 0.271040 3.007383 0.569223
v 0.348983 2.884602 0.464795
v 0.318753 3.029191 0.526702
v 0.382082 2.901156 0.407127
v 0.384303 2.978286 0.449947
v 0.405130 2.918759 0.345046
v 0.394091 3.062208 0.362467
v 0.417530 2.936956 0.280160
v 0.402543 3.084760 0.301780
v 0.418961 2.955275 0.214148
v 0.424145 3.047864 0.198372
v 0.409386 2.973242 0.148722
v 0.378128 3.129585 0.139221
v 0.389052 2.990391 0.085575
v 0.359744 3.129627 0.100897
v 0.358487 3.006279 0.026342
v 0.341388 3.148156 0.067682
v 0.318482 3.020493 -0.027442
v 0.305282 3.107752 -0.028904
v 0.270074 3.032667 -0.074384
v 0.218979 3.176573 -0.047759
v 0.214515 3.042483 -0.113268
v 0.182679 3.173051 -0.067252
v 0.153245 3.049689 -0.143087
v 0.146908 3.185422 -0.082880
v 0.087851 3.054097 -0.163070
v 0.068109 3.134609 -0.135495
v 0.068109 3.134609 -0.135495
v 0.087851 3.054097 -0.163070
v 0.020026 3.055594 -0.172698
v -0.022974 3.191886 -0.111251
v -0.048472 3.054140 -0.171722
v -0.063654 3.183442 -0.106645
v -0.115871 3.049774 -0.160168
v -0.103249 3.188223 -0.097428
v -0.180424 3.042608 -0.138334
v -0.185813 3.117874 -0.097378
v -0.240459 3.032827 -0.106787
v -0.255205 3.162588 -0.022100
v -0.294421 3.020686 -0.066342
v -0.275550 3.155357 -0.002333
v -0.295895 3.148127 0.017434
v -0.340914 3.006499 -0.018049
v -0.378733 2.990633 0.036844
v -0.365022 3.067231 0.074765
v -0.406897 2.973499 0.096913
v -0.383383 3.109757 0.177666
v -0.424679 2.955541 0.160603
v -0.392209 3.083342 0.211278
v -0.431617 2.937223 0.226265
v -0.398093 3.094495 0.272049
v -0.427531 2.919021 0.292197
v -0.412181 3.015886 0.327233
v -0.412528 2.901406 0.356694
v -0.377224 3.051942 0.413223
v -0.386996 2.884834 0.418082
v -0.353500 3.020594 0.453565
v -0.351597 2.869734 0.474774
v -0.336169 3.018500 0.489487
v -0.307246 2.856497 0.525301
v -0.293650 2.935418 0.547137
v -0.255093 2.845466 0.568354
v -0.207547 2.988022 0.606829
v -0.196489 2.836927 0.602817
v -0.176004 2.978148 0.621224
v -0.132951 2.831101 0.627800
v -0.145030 2.983505 0.640298
v -0.066125 2.828139 0.642653
v -0.065585 2.910300 0.665203
v 0.342844 3.093554 0.525903
v 0.378133 3.098319 0.483522
v 0.462512 3.641896 0.678132
v 0.422760 3.642403 0.720708
v 0.387437 3.117162 0.433975
v 0.478137 3.666999 0.628149
v 0.455255 3.725442 0.694219
v 0.438718 3.705555 0.718757
v 0.470592 3.719355 0.661983
v 0.376591 3.054888 0.469143
v 0.335301 3.058074 0.519366
v 0.387617 3.084182 0.413461
v 0.414622 3.099851 0.214257
v 0.404704 3.100295 0.291135
v 0.384648 3.138085 0.154883
v 0.420256 3.138063 0.223898
v 0.390691 3.175029 0.165686
v 0.487624 3.767595 0.338961
v 0.510618 3.750972 0.378539
v 0.500846 3.744694 0.426632
v 0.410346 3.138113 0.299087
v 0.498712 3.799799 0.393558
v 0.503225 3.770885 0.424078
v 0.491816 3.789767 0.353317
v 0.297695 3.157869 -0.008262
v 0.334904 3.162767 0.058406
v 0.231580 3.185578 -0.038740
v 0.251775 3.236634 -0.017644
v 0.298254 3.225215 0.007691
v 0.327299 3.222035 0.053638
v 0.318940 3.825844 0.072225
v 0.365004 3.810061 0.096597
v 0.392362 3.809871 0.142494
v 0.328227 3.864578 0.089375
v 0.357776 3.886395 0.122111
v 0.385212 3.853039 0.141269
v 0.067758 3.185933 -0.121106
v 0.129223 3.206937 -0.088402
v 0.001292 3.209710 -0.109739
v 0.067758 3.185933 -0.121106
v 0.016595 3.270337 -0.098491
v 0.067764 3.272104 -0.103776
v 0.067764 3.272104 -0.103776
v 0.117653 3.266874 -0.085850
v 0.024859 3.848795 -0.035443
v 0.079521 3.840589 -0.044119
v 0.079521 3.840589 -0.044119
v 0.132750 3.843792 -0.019709
v 0.041620 3.901531 -0.023426
v 0.076460 3.919191 -0.013792
v 0.076460 3.919191 -0.013792
v 0.113989 3.896853 -0.012207
v -0.406897 2.973499 0.096913
v -0.378733 2.990633 0.036844
v -0.372986 2.956466 0.044560
v -0.398379 2.940522 0.103939
v -0.398379 2.940522 0.103939
v -0.372986 2.956466 0.044560
v -0.322403 2.934625 0.062349
v -0.345057 2.920354 0.113693
v -0.340914 3.006499 -0.018049
v -0.338061 2.971350 -0.010062
v -0.338061 2.971350 -0.010062
v -0.291495 2.947923 0.015222
v -0.358872 2.905480 0.167924
v -0.413583 2.923930 0.166536
v -0.413583 2.923930 0.166536
v -0.424679 2.955541 0.160603
v -0.363489 2.890388 0.223638
v -0.418204 2.907119 0.230730
v -0.418204 2.907119 0.230730
v -0.431617 2.937223 0.226265
v -0.358788 2.875470 0.279391
v -0.412122 2.890526 0.294859
v -0.412122 2.890526 0.294859
v -0.427531 2.919021 0.292197
v -0.344892 2.861110 0.333740
v -0.395495 2.874579 0.357262
v -0.395495 2.874579 0.357262
v -0.412528 2.901406 0.356694
v -0.368753 2.859692 0.416322
v -0.386996 2.884834 0.418082
v -0.322161 2.847681 0.385276
v -0.368753 2.859692 0.416322
v -0.291182 2.835532 0.432666
v -0.332589 2.846251 0.470510
v -0.332589 2.846251 0.470510
v -0.351597 2.869734 0.474774
v -0.252759 2.824976 0.474682
v -0.287939 2.834603 0.518423
v -0.287939 2.834603 0.518423
v -0.307246 2.856497 0.525301
v -0.207887 2.816288 0.510236
v -0.235961 2.825051 0.558819
v -0.235961 2.825051 0.558819
v -0.255093 2.845466 0.568354
v -0.157727 2.809691 0.538406
v -0.178000 2.817841 0.590652
v -0.178000 2.817841 0.590652
v -0.196489 2.836927 0.602817
v -0.115557 2.813161 0.613099
v -0.132951 2.831101 0.627800
v -0.103579 2.805358 0.558464
v -0.115557 2.813161 0.613099
v -0.046845 2.803399 0.569889
v -0.050249 2.811131 0.625577
v -0.050249 2.811131 0.625577
v -0.066125 2.828139 0.642653
v 0.011005 2.803867 0.572387
v 0.016231 2.811805 0.627763
v 0.016231 2.811805 0.627763
v 0.002259 2.828118 0.646993
v 0.082162 2.815164 0.619601
v 0.070428 2.831037 0.640708
v 0.068473 2.806748 0.565891
v 0.082162 2.815164 0.619601
v 0.124071 2.811969 0.550571
v 0.145837 2.821122 0.601302
v 0.145837 2.821122 0.601302
v 0.136619 2.836822 0.623960
v 0.205607 2.829524 0.573340
v 0.199115 2.845323 0.597182
v 0.176359 2.819393 0.526823
v 0.205607 2.829524 0.573340
v 0.259923 2.840153 0.536439
v 0.256300 2.856319 0.561069
v 0.223982 2.828829 0.495262
v 0.259923 2.840153 0.536439
v 0.307378 2.852734 0.491555
v 0.306691 2.869526 0.516556
v 0.265707 2.840033 0.456706
v 0.307378 2.852734 0.491555
v 0.346744 2.866940 0.439851
v 0.348983 2.884602 0.464795
v 0.300454 2.852713 0.412153
v 0.346744 2.866940 0.439851
v 0.327322 2.866543 0.362758
v 0.377002 2.882404 0.382665
v 0.377002 2.882404 0.382665
v 0.382082 2.901156 0.407127
v 0.345616 2.881163 0.309798
v 0.397366 2.898725 0.321479
v 0.397366 2.898725 0.321479
v 0.405130 2.918759 0.345046
v 0.407311 2.915481 0.257877
v 0.417530 2.936956 0.280160
v 0.354862 2.896194 0.254647
v 0.407311 2.915481 0.257877
v 0.354820 2.911248 0.198732
v 0.406578 2.932238 0.193506
v 0.406578 2.932238 0.193506
v 0.418961 2.955275 0.214148
v 0.345492 2.925935 0.143502
v 0.395186 2.948560 0.130035
v 0.395186 2.948560 0.130035
v 0.409386 2.973242 0.148722
v 0.373431 2.964027 0.069106
v 0.389052 2.990391 0.085575
v 0.327118 2.939875 0.090387
v 0.373431 2.964027 0.069106
v 0.341876 2.978237 0.012297
v 0.358487 3.006279 0.026342
v 0.300176 2.952705 0.040763
v 0.341876 2.978237 0.012297
v 0.301337 2.990823 -0.038919
v 0.318482 3.020493 -0.027442
v 0.265362 2.964095 -0.004086
v 0.301337 2.990823 -0.038919
v 0.252866 3.001457 -0.083217
v 0.270074 3.032667 -0.074384
v 0.223579 2.973748 -0.042997
v 0.252866 3.001457 -0.083217
v 0.197718 3.009865 -0.119450
v 0.214515 3.042483 -0.113268
v 0.175908 2.981416 -0.074962
v 0.197718 3.009865 -0.119450
v 0.137320 3.015830 -0.146678
v 0.153245 3.049689 -0.143087
v 0.123585 2.986898 -0.099155
v 0.137320 3.015830 -0.146678
v 0.073237 3.019196 -0.164197
v 0.087851 3.054097 -0.163070
v 0.067963 2.990054 -0.114947
v 0.073237 3.019196 -0.164197
v 0.087851 3.054097 -0.163070
v 0.073237 3.019196 -0.164197
v 0.007129 3.019876 -0.171553
v 0.020026 3.055594 -0.172698
v 0.073237 3.019196 -0.164197
v 0.067963 2.990054 -0.114947
v 0.010485 2.990802 -0.121931
v 0.007129 3.019876 -0.171553
v -0.059293 3.017853 -0.168555
v -0.048472 3.054140 -0.171722
v -0.047362 2.989123 -0.119926
v -0.059293 3.017853 -0.168555
v -0.104079 2.985058 -0.108982
v -0.124307 3.013180 -0.155281
v -0.124307 3.013180 -0.155281
v -0.115871 3.049774 -0.160168
v -0.186230 3.005976 -0.132075
v -0.180424 3.042608 -0.138334
v -0.158197 2.978715 -0.089385
v -0.186230 3.005976 -0.132075
v -0.208315 2.970258 -0.061640
v -0.243458 2.996429 -0.099539
v -0.243458 2.996429 -0.099539
v -0.240459 3.032827 -0.106787
v -0.253134 2.959904 -0.026468
v -0.294509 2.984787 -0.058513
v -0.294509 2.984787 -0.058513
v -0.294421 3.020686 -0.066342
v 0.193162 3.005087 0.647090
v 0.238762 3.047228 0.616880
v 0.231819 3.079343 0.636310
v 0.193016 3.065042 0.666924
v 0.131530 3.030444 0.671171
v 0.142991 3.066458 0.680261
v 0.272115 3.618203 0.869099
v 0.234609 3.604440 0.903756
v 0.182069 3.606951 0.914215
v 0.226665 3.662185 0.908154
v 0.193134 3.638194 0.918605
v 0.260775 3.649621 0.885783
v -0.065460 2.985170 0.682919
v -0.124900 3.004884 0.658863
v -0.000784 3.002935 0.684564
v -0.017395 3.071001 0.710130
v -0.066886 3.064140 0.711747
v -0.111708 3.072309 0.693635
v -0.033737 3.614840 0.954024
v -0.080605 3.607791 0.956310
v -0.121975 3.626055 0.938864
v -0.293095 2.984994 0.560651
v -0.329971 3.024548 0.504078
v -0.219740 2.998074 0.603253
v -0.247899 3.062471 0.612560
v -0.297241 3.066959 0.586477
v -0.322091 3.081989 0.544257
v -0.322995 3.656776 0.836036
v -0.368595 3.653957 0.812786
v -0.388500 3.673359 0.773477
v -0.339243 3.688227 0.827690
v -0.355372 3.698220 0.813316
v -0.371624 3.696886 0.796009
v -0.409429 3.090192 0.353272
v -0.384446 3.078596 0.408368
v -0.391748 3.122757 0.411640
v -0.411875 3.131698 0.367448
v -0.402183 3.113409 0.294980
v -0.407457 3.154350 0.319401
v -0.493563 3.704644 0.579007
v -0.511130 3.717307 0.538964
v -0.501553 3.727954 0.488092
v -0.495375 3.768515 0.546014
v -0.500404 3.751933 0.504320
v -0.493921 3.734522 0.575997
v -0.366845 3.141809 0.098129
v -0.325068 3.171367 0.055919
v -0.381432 3.140605 0.163050
v -0.382792 3.177177 0.162700
v -0.370972 3.183720 0.110159
v -0.334867 3.202774 0.072993
v -0.459253 3.811855 0.232252
v -0.429191 3.829209 0.204695
v -0.465153 3.807199 0.279710
v -0.455800 3.841573 0.265940
v -0.446172 3.851778 0.249534
v -0.439637 3.851502 0.229636
v -0.186909 3.188975 -0.076380
v -0.125399 3.205110 -0.087383
v -0.238300 3.187972 -0.032207
v -0.231153 3.224301 -0.031752
v -0.188753 3.231175 -0.067323
v -0.135207 3.235451 -0.077843
v -0.234867 3.868574 0.015542
v -0.188682 3.878592 0.011073
v -0.267195 3.869871 0.049987
v -0.248508 3.899061 0.045704
v -0.228666 3.905982 0.038518
v -0.209989 3.903268 0.026171
v -0.380531 3.100196 0.350640
v -0.402183 3.113409 0.294980
v -0.407457 3.154350 0.319401
v -0.386777 3.140980 0.363442
v -0.384446 3.078596 0.408368
v -0.391748 3.122757 0.411640
v -0.501553 3.727954 0.488092
v -0.480914 3.713999 0.530755
v -0.493563 3.704644 0.579007
v -0.495375 3.768515 0.546014
v -0.493921 3.734522 0.575997
v -0.500404 3.751933 0.504320
v -0.383383 3.109757 0.177666
v -0.337477 3.107775 0.106184
v -0.341917 3.151413 0.115405
v -0.381432 3.140605 0.163050
v -0.295895 3.148127 0.017434
v -0.325068 3.171367 0.055919
v -0.334867 3.202774 0.072993
v -0.347542 3.189680 0.123104
v -0.382792 3.177177 0.162700
v -0.465153 3.807199 0.279710
v -0.433383 3.813793 0.247084
v -0.429191 3.829209 0.204695
v -0.439637 3.851502 0.229636
v -0.446172 3.851778 0.249534
v -0.455800 3.841573 0.265940
v -0.255205 3.162588 -0.022100
v -0.171075 3.152630 -0.056077
v -0.172536 3.191726 -0.049123
v -0.238300 3.187972 -0.032207
v -0.103249 3.188223 -0.097428
v -0.125399 3.205110 -0.087383
v -0.135207 3.235451 -0.077843
v -0.174995 3.228598 -0.043970
v -0.231153 3.224301 -0.031752
v -0.221872 3.867925 0.042500
v -0.267195 3.869871 0.049987
v -0.188682 3.878592 0.011073
v -0.209989 3.903268 0.026171
v -0.228666 3.905982 0.038518
v -0.248508 3.899061 0.045704
v -0.022974 3.191886 -0.111251
v 0.061380 3.161146 -0.094125
v 0.061725 3.183386 -0.089449
v 0.001292 3.209710 -0.109739
v 0.061380 3.161146 -0.094125
v 0.146908 3.185422 -0.082880
v 0.129223 3.206937 -0.088402
v 0.061725 3.183386 -0.089449
v 0.117653 3.266874 -0.085850
v 0.063454 3.264865 -0.078337
v 0.063454 3.264865 -0.078337
v 0.016595 3.270337 -0.098491
v 0.132750 3.843792 -0.019709
v 0.074178 3.837853 -0.013707
v 0.074178 3.837853 -0.013707
v 0.024859 3.848795 -0.035443
v 0.113989 3.896853 -0.012207
v 0.076460 3.919191 -0.013792
v 0.076460 3.919191 -0.013792
v 0.041620 3.901531 -0.023426
v 0.218979 3.176573 -0.047759
v 0.274064 3.135213 0.008442
v 0.275382 3.159988 0.014484
v 0.231580 3.185578 -0.038740
v 0.341388 3.148156 0.067682
v 0.334904 3.162767 0.058406
v 0.327299 3.222035 0.053638
v 0.281240 3.228860 0.027968
v 0.251775 3.236634 -0.017644
v 0.392362 3.809871 0.142494
v 0.344363 3.810576 0.119305
v 0.318940 3.825844 0.072225
v 0.385212 3.853039 0.141269
v 0.357776 3.886395 0.122111
v 0.328227 3.864578 0.089375
v 0.378128 3.129585 0.139221
v 0.379598 3.084682 0.210212
v 0.381936 3.108933 0.217934
v 0.384648 3.138085 0.154883
v 0.402543 3.084760 0.301780
v 0.404704 3.100295 0.291135
v 0.387721 3.146425 0.227608
v 0.410346 3.138113 0.299087
v 0.500846 3.744694 0.426632
v 0.480503 3.747785 0.382775
v 0.487624 3.767595 0.338961
v 0.390691 3.175029 0.165686
v 0.498712 3.799799 0.393558
v 0.491816 3.789767 0.353317
v 0.503225 3.770885 0.424078
v 0.394091 3.062208 0.362467
v 0.344915 3.020473 0.442486
v 0.348075 3.065820 0.459362
v 0.387617 3.084182 0.413461
v 0.318753 3.029191 0.526702
v 0.335301 3.058074 0.519366
v 0.342844 3.093554 0.525903
v 0.353104 3.107058 0.475367
v 0.387437 3.117162 0.433975
v 0.436756 3.652732 0.664374
v 0.478137 3.666999 0.628149
v 0.422760 3.642403 0.720708
v 0.455255 3.725442 0.694219
v 0.470592 3.719355 0.661983
v 0.438718 3.705555 0.718757
v 0.180082 3.034077 0.628074
v 0.131530 3.030444 0.671171
v 0.142991 3.066458 0.680261
v 0.182733 3.075011 0.645336
v 0.238762 3.047228 0.616880
v 0.231819 3.079343 0.636310
v 0.182069 3.606951 0.914215
v 0.219929 3.611464 0.877440
v 0.272115 3.618203 0.869099
v 0.226665 3.662185 0.908154
v 0.260775 3.649621 0.885783
v 0.193134 3.638194 0.918605
v 0.024002 2.979132 0.674660
v -0.055597 2.958052 0.637525
v -0.057108 3.001308 0.655685
v -0.000784 3.002935 0.684564
v -0.145030 2.983505 0.640298
v -0.124900 3.004884 0.658863
v -0.111708 3.072309 0.693635
v -0.061597 3.081391 0.691463
v -0.017395 3.071001 0.710130
v -0.121975 3.626055 0.938864
v -0.075654 3.615248 0.926712
v -0.033737 3.614840 0.954024
v -0.054594 3.643404 0.958766
v -0.076895 3.652223 0.956699
v -0.099611 3.650342 0.951246
v -0.099611 3.650342 0.951246
v -0.076895 3.652223 0.956699
v -0.054594 3.643404 0.958766
v -0.207547 2.988022 0.606829
v -0.262489 2.974382 0.532355
v -0.264658 2.995580 0.540103
v -0.219740 2.998074 0.603253
v -0.336169 3.018500 0.489487
v -0.329971 3.024548 0.504078
v -0.322091 3.081989 0.544257
v -0.275853 3.071810 0.569147
v -0.247899 3.062471 0.612560
v -0.388500 3.673359 0.773477
v -0.345234 3.661110 0.793931
v -0.322995 3.656776 0.836036
v -0.371624 3.696886 0.796009
v -0.355372 3.698220 0.813316
v -0.339243 3.688227 0.827690
v -0.362635 2.944898 0.243846
v -0.262664 2.830126 0.211510
v -0.258626 2.842220 0.171584
v -0.355146 2.956311 0.194950
v -0.356680 2.928794 0.299344
v -0.258992 2.817965 0.251982
v -0.250481 2.853418 0.130882
v -0.345918 2.975673 0.138123
v -0.235559 2.863715 0.093696
v -0.323374 2.990504 0.086208
v -0.202141 2.877567 0.041505
v -0.276796 3.009154 0.013601
v -0.246137 3.016536 -0.014978
v -0.179276 2.882990 0.019488
v -0.156412 2.888414 -0.002530
v -0.215477 3.023917 -0.043556
v -0.120840 2.893194 -0.024432
v -0.163630 3.032322 -0.072859
v -0.343513 2.911624 0.353104
v -0.248931 2.806297 0.289753
v -0.320044 2.895853 0.402138
v -0.232141 2.795006 0.325162
v -0.083904 2.896110 -0.040264
v -0.109325 3.037474 -0.096279
v -0.045327 2.897414 -0.050917
v -0.055332 3.040011 -0.110478
v -0.004251 2.896829 -0.055591
v 0.000169 3.040104 -0.116805
v 0.037842 2.894129 -0.053294
v 0.059866 3.038316 -0.112311
v 0.059866 3.038316 -0.112311
v 0.037842 2.894129 -0.053294
v 0.078184 2.889633 -0.044644
v 0.118024 3.034021 -0.100218
v 0.116618 2.883253 -0.029325
v 0.169706 3.028523 -0.078850
v 0.151340 2.875390 -0.008397
v 0.217437 3.021358 -0.050138
v 0.182796 2.866250 0.017371
v 0.262122 3.012145 -0.012565
v 0.211011 2.855877 0.047828
v 0.301726 3.000646 0.029645
v 0.233296 2.844889 0.081325
v 0.331308 2.988982 0.074942
v 0.248362 2.833712 0.116626
v 0.352563 2.976554 0.123988
v 0.256649 2.822280 0.153890
v 0.363974 2.963474 0.178477
v -0.289484 2.882200 0.446606
v -0.209025 2.783985 0.358635
v -0.250135 2.871729 0.488997
v -0.181477 2.773682 0.388965
v -0.205801 2.862753 0.527340
v -0.150718 2.764547 0.414828
v -0.159121 2.857603 0.556383
v -0.116452 2.756674 0.435864
v -0.108204 2.854584 0.578107
v -0.078752 2.750429 0.450848
v -0.049915 2.854054 0.591296
v -0.038765 2.745994 0.459346
v 0.008978 2.853430 0.596740
v 0.003203 2.743222 0.461909
v 0.064056 2.855345 0.591883
v 0.043904 2.742478 0.457829
v 0.082003 2.743652 0.447694
v 0.118689 2.858958 0.578395
v 0.171597 2.865183 0.555822
v 0.118557 2.746469 0.432261
v 0.221928 2.871873 0.527284
v 0.153989 2.751238 0.410418
v 0.245092 2.876472 0.509461
v 0.170810 2.754443 0.396868
v 0.303139 2.892555 0.447772
v 0.213383 2.766296 0.349948
v 0.333153 2.906215 0.396713
v 0.234524 2.775851 0.314258
v 0.361504 2.926792 0.317097
v 0.253936 2.792258 0.255710
v 0.368847 2.948505 0.235657
v 0.259269 2.810291 0.193950
v -0.392209 3.083342 0.211278
v -0.398093 3.094495 0.272049
v -0.362635 2.944898 0.243846
v -0.355146 2.956311 0.194950
v -0.345918 2.975673 0.138123
v -0.323374 2.990504 0.086208
v -0.276796 3.009154 0.013601
v -0.275550 3.155357 -0.002333
v -0.246137 3.016536 -0.014978
v -0.215477 3.023917 -0.043556
v -0.163630 3.032322 -0.072859
v -0.109325 3.037474 -0.096279
v -0.055332 3.040011 -0.110478
v -0.063654 3.183442 -0.106645
v 0.000169 3.040104 -0.116805
v 0.059866 3.038316 -0.112311
v 0.059866 3.038316 -0.112311
v 0.118024 3.034021 -0.100218
v 0.169706 3.028523 -0.078850
v 0.182679 3.173051 -0.067252
v 0.217437 3.021358 -0.050138
v 0.262122 3.012145 -0.012565
v 0.301726 3.000646 0.029645
v 0.331308 2.988982 0.074942
v 0.359744 3.129627 0.100897
v 0.352563 2.976554 0.123988
v 0.363974 2.963474 0.178477
v 0.368847 2.948505 0.235657
v 0.361504 2.926792 0.317097
v 0.333153 2.906215 0.396713
v 0.303139 2.892555 0.447772
v 0.245092 2.876472 0.509461
v 0.271040 3.007383 0.569223
v 0.221928 2.871873 0.527284
v 0.245637 3.015427 0.597640
v 0.171597 2.865183 0.555822
v 0.177457 2.993544 0.610981
v 0.118689 2.858958 0.578395
v 0.120182 2.994782 0.662170
v 0.064056 2.855345 0.591883
v 0.065444 2.972559 0.666272
v 0.008978 2.853430 0.596740
v -0.049915 2.854054 0.591296
v -0.108204 2.854584 0.578107
v -0.159121 2.857603 0.556383
v -0.176004 2.978148 0.621224
v -0.205801 2.862753 0.527340
v -0.250135 2.871729 0.488997
v -0.289484 2.882200 0.446606
v -0.320044 2.895853 0.402138
v -0.353500 3.020594 0.453565
v -0.343513 2.911624 0.353104
v -0.377224 3.051942 0.413223
v -0.356680 2.928794 0.299344
v -0.374286 3.059412 0.337838
v -0.345057 2.920354 0.113693
v -0.322403 2.934625 0.062349
v -0.295999 2.792594 0.050211
v -0.315735 2.779057 0.097700
v -0.291495 2.947923 0.015222
v -0.268612 2.805577 0.006516
v -0.327308 2.765319 0.147752
v -0.358872 2.905480 0.167924
v -0.330419 2.751733 0.199071
v -0.363489 2.890388 0.223638
v -0.324987 2.738653 0.250327
v -0.358788 2.875470 0.279391
v -0.311152 2.726416 0.300195
v -0.344892 2.861110 0.333740
v -0.289274 2.715341 0.347381
v -0.322161 2.847681 0.385276
v -0.259918 2.705713 0.390664
v -0.291182 2.835532 0.432666
v -0.223845 2.697782 0.428923
v -0.252759 2.824976 0.474682
v -0.181990 2.691753 0.461167
v -0.207887 2.816288 0.510236
v 0.011005 2.803867 0.572387
v 0.019943 2.688972 0.516047
v 0.072499 2.693700 0.509462
v 0.068473 2.806748 0.565891
v 0.123163 2.700436 0.494776
v 0.124071 2.811969 0.550571
v 0.170622 2.709006 0.472369
v 0.176359 2.819393 0.526823
v 0.213647 2.719188 0.442823
v 0.223982 2.828829 0.495262
v 0.251125 2.730718 0.406901
v 0.265707 2.840033 0.456706
v 0.282083 2.743297 0.365534
v 0.300454 2.852713 0.412153
v 0.354862 2.896194 0.254647
v 0.328792 2.783988 0.220015
v 0.327628 2.797364 0.168560
v 0.354820 2.911248 0.198732
v 0.317963 2.810064 0.117833
v 0.345492 2.925935 0.143502
v 0.300048 2.821758 0.069149
v 0.327118 2.939875 0.090387
v 0.274348 2.832143 0.023767
v 0.300176 2.952705 0.040763
v -0.208315 2.970258 -0.061640
v -0.193901 2.828561 -0.065095
v -0.234283 2.817670 -0.032254
v -0.253134 2.959904 -0.026468
v -0.103579 2.805358 0.558464
v -0.157727 2.809691 0.538406
v -0.135436 2.687783 0.486560
v -0.085389 2.685975 0.504446
v -0.046845 2.803399 0.569889
v -0.033145 2.686374 0.514360
v 0.223579 2.973748 -0.042997
v 0.265362 2.964095 -0.004086
v 0.241527 2.840951 -0.017137
v 0.202436 2.847954 -0.052503
v 0.158088 2.852969 -0.081415
v 0.175908 2.981416 -0.074962
v 0.109630 2.855868 -0.103125
v 0.123585 2.986898 -0.099155
v 0.058318 2.856575 -0.117070
v 0.067963 2.990054 -0.114947
v 0.067963 2.990054 -0.114947
v 0.058318 2.856575 -0.117070
v 0.005481 2.855071 -0.122890
v 0.010485 2.990802 -0.121931
v -0.047512 2.851396 -0.120433
v -0.047362 2.989123 -0.119926
v -0.099290 2.845646 -0.109763
v -0.104079 2.985058 -0.108982
v -0.158197 2.978715 -0.089385
v -0.148511 2.837968 -0.091156
v 0.305721 2.756600 0.319794
v 0.327322 2.866543 0.362758
v 0.321426 2.770281 0.270865
v 0.345616 2.881163 0.309798
v -0.021484 3.173278 0.795995
v -0.013423 3.038561 0.745124
v 0.084682 3.039576 0.745888
v 0.079533 3.173973 0.799150
v -0.118708 3.181087 0.783741
v -0.112399 3.043237 0.725664
v -0.312146 3.204924 0.689112
v -0.292938 3.060988 0.628706
v -0.207721 3.047047 0.690361
v -0.215972 3.190195 0.747973
v 0.175535 3.045711 0.719919
v 0.176944 3.180125 0.779972
v 0.254791 3.055027 0.681237
v 0.261743 3.190204 0.742887
v 0.320035 3.070599 0.632968
v 0.328323 3.205849 0.690091
v 0.375023 3.092408 0.574850
v 0.384096 3.225342 0.625378
v 0.418164 3.116602 0.504115
v 0.428463 3.247084 0.555103
v 0.445402 3.135123 0.431388
v 0.456289 3.264900 0.479661
v 0.454595 3.154658 0.358341
v 0.467357 3.280149 0.403864
v 0.472433 3.304304 0.329755
v 0.458084 3.173633 0.283974
v 0.449770 3.198231 0.204345
v 0.468226 3.333902 0.249043
v 0.419567 3.220859 0.119459
v 0.441451 3.358961 0.162141
v 0.372784 3.238021 0.043906
v 0.394516 3.376518 0.083944
v 0.317060 3.249115 -0.014287
v 0.339280 3.396976 0.016488
v 0.251774 3.262901 -0.055309
v 0.272672 3.409707 -0.036064
v 0.182288 3.273799 -0.093653
v 0.199169 3.421735 -0.080191
v 0.104497 3.271800 -0.122826
v 0.114027 3.426830 -0.110455
v 0.020288 3.273678 -0.131796
v 0.023611 3.424120 -0.123738
v -0.387991 3.226937 0.614088
v -0.361570 3.081592 0.552885
v -0.441879 3.252874 0.526870
v -0.412188 3.101660 0.469343
v -0.469419 3.278759 0.429907
v -0.439531 3.125921 0.378936
v -0.480957 3.305912 0.332803
v -0.449810 3.149755 0.288756
v -0.470136 3.327280 0.237007
v -0.441623 3.171591 0.200907
v -0.442958 3.353213 0.146837
v -0.408346 3.194333 0.116685
v -0.393409 3.373406 0.063437
v -0.360996 3.214738 0.038458
v -0.327747 3.387453 -0.009144
v -0.299125 3.233108 -0.024454
v -0.249865 3.398809 -0.062544
v -0.224382 3.245360 -0.071813
v -0.299125 3.233108 -0.024454
v -0.327747 3.387453 -0.009144
v -0.164706 3.413723 -0.102820
v -0.145967 3.256928 -0.107473
v -0.069960 3.421233 -0.122183
v -0.063199 3.272004 -0.127769
v 0.414343 3.139880 0.420262
v 0.445402 3.135123 0.431388
v 0.418164 3.116602 0.504115
v 0.390762 3.119201 0.488101
v 0.393497 3.216963 0.133310
v 0.419567 3.220859 0.119459
v 0.449770 3.198231 0.204345
v 0.418514 3.199520 0.212368
v 0.352571 3.229577 0.062349
v 0.372784 3.238021 0.043906
v 0.238531 3.252929 -0.031914
v 0.251774 3.262901 -0.055309
v 0.317060 3.249115 -0.014287
v 0.301053 3.241029 0.008282
v 0.098346 3.263677 -0.092989
v 0.104497 3.271800 -0.122826
v 0.182288 3.273799 -0.093653
v 0.172244 3.263023 -0.068027
v -0.379857 3.100425 0.452671
v -0.412188 3.101660 0.469343
v -0.439531 3.125921 0.378936
v -0.403007 3.121401 0.368142
v -0.412141 3.143510 0.284863
v -0.449810 3.149755 0.288756
v -0.441623 3.171591 0.200907
v -0.404377 3.163457 0.206476
v -0.408346 3.194333 0.116685
v -0.375897 3.180970 0.127649
v -0.278198 3.227761 0.001610
v -0.299125 3.233108 -0.024454
v -0.224382 3.245360 -0.071813
v -0.208825 3.242222 -0.040954
v -0.134907 3.257182 -0.075555
v -0.145967 3.256928 -0.107473
v -0.063199 3.272004 -0.127769
v -0.059856 3.274772 -0.101593
v 0.019637 3.272608 -0.105729
v 0.020288 3.273678 -0.131796
v -0.118708 3.181087 0.783741
v -0.021484 3.173278 0.795995
v -0.018553 3.175930 0.771596
v -0.110664 3.185262 0.753066
v 0.079533 3.173973 0.799150
v 0.075462 3.173568 0.770002
v 0.176944 3.180125 0.779972
v 0.165332 3.183271 0.748021
v 0.261743 3.190204 0.742887
v 0.245606 3.193496 0.712432
v 0.328323 3.205849 0.690091
v 0.309325 3.208283 0.665851
v 0.384096 3.225342 0.625378
v 0.359754 3.230769 0.605521
v 0.428463 3.247084 0.555103
v 0.399408 3.256554 0.540227
v 0.456289 3.264900 0.479661
v 0.426224 3.272442 0.470076
v 0.467357 3.280149 0.403864
v 0.440697 3.282288 0.399708
v 0.472433 3.304304 0.329755
v 0.468226 3.333902 0.249043
v 0.440724 3.325690 0.253880
v 0.447711 3.300740 0.329469
v 0.441451 3.358961 0.162141
v 0.411543 3.348410 0.173445
v 0.394516 3.376518 0.083944
v 0.371012 3.371285 0.100353
v 0.339280 3.396976 0.016488
v 0.317276 3.392462 0.038979
v 0.272672 3.409707 -0.036064
v 0.255558 3.406503 -0.010618
v 0.199169 3.421735 -0.080191
v 0.184842 3.419548 -0.048285
v 0.114027 3.426830 -0.110455
v 0.107290 3.428856 -0.077704
v 0.023611 3.424120 -0.123738
v 0.024662 3.426065 -0.096473
v -0.387991 3.226937 0.614088
v -0.312146 3.204924 0.689112
v -0.288734 3.204929 0.658948
v -0.357826 3.226748 0.586681
v -0.215972 3.190195 0.747973
v -0.202536 3.191448 0.716885
v -0.441879 3.252874 0.526870
v -0.408260 3.244727 0.505337
v -0.469419 3.278759 0.429907
v -0.431764 3.269865 0.416438
v -0.480957 3.305912 0.332803
v -0.441553 3.294371 0.325759
v -0.470136 3.327280 0.237007
v -0.433119 3.320984 0.238855
v -0.442958 3.353213 0.146837
v -0.405951 3.353092 0.159675
v -0.393409 3.373406 0.063437
v -0.360956 3.373698 0.084511
v -0.327747 3.387453 -0.009144
v -0.303586 3.382422 0.015507
v -0.069960 3.421233 -0.122183
v -0.164706 3.413723 -0.102820
v -0.151258 3.415082 -0.069644
v -0.063524 3.424429 -0.092177
v -0.249865 3.398809 -0.062544
v -0.232289 3.397143 -0.033558
v -0.327747 3.387453 -0.009144
v -0.303586 3.382422 0.015507
v -0.134907 3.257182 -0.075555
v -0.059856 3.274772 -0.101593
v -0.063524 3.424429 -0.092177
v -0.151258 3.415082 -0.069644
v 0.458084 3.173633 0.283974
v 0.426820 3.179074 0.286010
v 0.454595 3.154658 0.358341
v 0.422280 3.157195 0.352339
v 0.375023 3.092408 0.574850
v 0.351434 3.099581 0.556036
v 0.320035 3.070599 0.632968
v 0.299368 3.079985 0.609280
v 0.254791 3.055027 0.681237
v 0.235818 3.063703 0.649134
v 0.175535 3.045711 0.719919
v 0.162976 3.053712 0.685045
v 0.084682 3.039576 0.745888
v 0.080243 3.051830 0.715644
v -0.013423 3.038561 0.745124
v -0.009929 3.044119 0.710565
v -0.112399 3.043237 0.725664
v -0.104059 3.043149 0.694538
v 0.080243 3.051830 0.715644
v -0.009929 3.044119 0.710565
v -0.018553 3.175930 0.771596
v 0.075462 3.173568 0.770002
v -0.207721 3.047047 0.690361
v -0.192745 3.044790 0.662120
v -0.292938 3.060988 0.628706
v -0.271386 3.055363 0.601740
v -0.361570 3.081592 0.552885
v -0.335366 3.075835 0.529268
v -0.379857 3.100425 0.452671
v -0.403007 3.121401 0.368142
v -0.431764 3.269865 0.416438
v -0.408260 3.244727 0.505337
v -0.412141 3.143510 0.284863
v -0.441553 3.294371 0.325759
v -0.404377 3.163457 0.206476
v -0.433119 3.320984 0.238855
v -0.375897 3.180970 0.127649
v -0.405951 3.353092 0.159675
v -0.360996 3.214738 0.038458
v -0.333731 3.206738 0.057094
v -0.299125 3.233108 -0.024454
v -0.278198 3.227761 0.001610
v 0.351434 3.099581 0.556036
v 0.299368 3.079985 0.609280
v 0.309325 3.208283 0.665851
v 0.359754 3.230769 0.605521
v 0.390762 3.119201 0.488101
v 0.399408 3.256554 0.540227
v 0.426820 3.179074 0.286010
v 0.422280 3.157195 0.352339
v 0.440697 3.282288 0.399708
v 0.447711 3.300740 0.329469
v 0.301053 3.241029 0.008282
v 0.352571 3.229577 0.062349
v 0.371012 3.371285 0.100353
v 0.317276 3.392462 0.038979
v 0.098346 3.263677 -0.092989
v 0.172244 3.263023 -0.068027
v 0.184842 3.419548 -0.048285
v 0.107290 3.428856 -0.077704
v 0.019637 3.272608 -0.105729
v 0.024662 3.426065 -0.096473
v -0.208825 3.242222 -0.040954
v -0.232289 3.397143 -0.033558
v -0.278198 3.227761 0.001610
v -0.303586 3.382422 0.015507
v -0.278198 3.227761 0.001610
v -0.303586 3.382422 0.015507
v -0.360956 3.373698 0.084511
v -0.333731 3.206738 0.057094
v -0.357826 3.226748 0.586681
v -0.335366 3.075835 0.529268
v -0.288734 3.204929 0.658948
v -0.271386 3.055363 0.601740
v -0.202536 3.191448 0.716885
v -0.192745 3.044790 0.662120
v -0.110664 3.185262 0.753066
v -0.104059 3.043149 0.694538
v 0.165332 3.183271 0.748021
v 0.162976 3.053712 0.685045
v 0.245606 3.193496 0.712432
v 0.235818 3.063703 0.649134
v 0.426224 3.272442 0.470076
v 0.414343 3.139880 0.420262
v 0.440724 3.325690 0.253880
v 0.418514 3.199520 0.212368
v 0.411543 3.348410 0.173445
v 0.393497 3.216963 0.133310
v 0.255558 3.406503 -0.010618
v 0.238531 3.252929 -0.031914
vt 0.733186 0.581604
vt 0.738475 0.583449
vt 0.738156 0.578940
vt 0.731384 0.587168
vt 0.735662 0.586872
vt 0.727920 0.579688
vt 0.728180 0.584177
vt 0.734937 0.576026
vt 0.730712 0.576319
vt 0.659427 0.613737
vt 0.656114 0.623459
vt 0.682803 0.629546
vt 0.665103 0.606039
vt 0.688690 0.658719
vt 0.698544 0.654770
vt 0.706076 0.647072
vt 0.682503 0.598943
vt 0.673124 0.600899
vt 0.710511 0.637013
vt 0.576823 0.115979
vt 0.584021 0.131996
vt 0.614335 0.108131
vt 0.599624 0.143586
vt 0.617300 0.148532
vt 0.643130 0.133701
vt 0.650264 0.119328
vt 0.652001 0.103783
vt 0.648389 0.089208
vt 0.640016 0.076749
vt 0.626789 0.069292
vt 0.612476 0.066594
vt 0.597304 0.069603
vt 0.584282 0.080295
vt 0.576916 0.096573
vt 0.630806 0.144032
vt 0.692261 0.600854
vt 0.701272 0.606327
vt 0.668028 0.654202
vt 0.678057 0.658637
vt 0.660328 0.645817
vt 0.656114 0.634968
vt 0.707618 0.615206
vt 0.710762 0.625871
vt 0.975693 0.811329
vt 0.972620 0.798187
vt 0.971704 0.823148
vt 0.975693 0.798187
vt 0.975693 0.823148
vt 0.586242 0.144759
vt 0.608805 0.155262
vt 0.639646 0.413915
vt 0.563766 0.421365
vt 0.565674 0.433830
vt 0.563766 0.408737
vt 0.565674 0.396272
vt 0.569440 0.384293
vt 0.582114 0.363015
vt 0.590693 0.354267
vt 0.574968 0.373111
vt 0.600482 0.347093
vt 0.611229 0.341680
vt 0.622654 0.338166
vt 0.688640 0.358458
vt 0.696527 0.367910
vt 0.679426 0.350471
vt 0.669124 0.344157
vt 0.702885 0.378584
vt 0.707547 0.390202
vt 0.710394 0.402463
vt 0.696528 0.462191
vt 0.688640 0.471644
vt 0.702885 0.451518
vt 0.707548 0.439900
vt 0.679426 0.479631
vt 0.582114 0.467086
vt 0.590693 0.475834
vt 0.574969 0.456991
vt 0.569441 0.445809
vt 0.711351 0.415051
vt 0.710394 0.427638
vt 0.669124 0.485945
vt 0.658002 0.490423
vt 0.622654 0.491935
vt 0.611229 0.488422
vt 0.634462 0.493457
vt 0.646348 0.492949
vt 0.658002 0.339678
vt 0.646348 0.337152
vt 0.634462 0.336644
vt 0.600482 0.483008
vt 0.800532 0.109664
vt 0.800407 0.119617
vt 0.861417 0.115197
vt 0.802009 0.129546
vt 0.801574 0.099514
vt 0.804190 0.090091
vt 0.810649 0.076660
vt 0.820016 0.065039
vt 0.815333 0.070850
vt 0.827540 0.059049
vt 0.804985 0.138703
vt 0.809419 0.147167
vt 0.835487 0.054534
vt 0.843899 0.051271
vt 0.852986 0.049442
vt 0.862434 0.049317
vt 0.871613 0.050789
vt 0.880495 0.053939
vt 0.888656 0.058534
vt 0.896181 0.064377
vt 0.903071 0.071431
vt 0.908696 0.079332
vt 0.912743 0.087798
vt 0.915313 0.096859
vt 0.815229 0.155049
vt 0.821969 0.162082
vt 0.829339 0.167960
vt 0.837400 0.172589
vt 0.846112 0.175668
vt 0.855209 0.177108
vt 0.864634 0.177051
vt 0.873648 0.175375
vt 0.881964 0.172247
vt 0.889833 0.167837
vt 0.897327 0.161863
vt 0.900824 0.158242
vt 0.909429 0.145962
vt 0.913464 0.136805
vt 0.916671 0.122035
vt 0.916671 0.106704
vt 0.954109 0.958145
vt 0.954109 0.938733
vt 0.942845 0.938733
vt 0.942845 0.958145
vt 0.954109 0.918475
vt 0.942845 0.918475
vt 0.954109 0.900022
vt 0.942845 0.900022
vt 0.954109 0.883056
vt 0.942845 0.883056
vt 0.954109 0.867577
vt 0.942845 0.867577
vt 0.954109 0.852942
vt 0.942845 0.852942
vt 0.954109 0.978964
vt 0.942845 0.978964
vt 0.942845 0.996094
vt 0.954109 0.996094
vt 0.963937 0.918475
vt 0.963937 0.938733
vt 0.963937 0.900022
vt 0.963937 0.883056
vt 0.963937 0.867577
vt 0.963937 0.852942
vt 0.963937 0.978964
vt 0.963937 0.996094
vt 0.963937 0.958145
vt 0.727097 0.597497
vt 0.718991 0.588866
vt 0.715312 0.591100
vt 0.725071 0.602127
vt 0.722372 0.586661
vt 0.720730 0.578543
vt 0.717666 0.577531
vt 0.713831 0.576886
vt 0.725233 0.566857
vt 0.727484 0.569894
vt 0.722830 0.563683
vt 0.739280 0.564694
vt 0.740702 0.560356
vt 0.737320 0.568134
vt 0.744636 0.575599
vt 0.748604 0.573493
vt 0.752922 0.571578
vt 0.748671 0.588616
vt 0.752922 0.591107
vt 0.745457 0.586058
vt 0.737955 0.593438
vt 0.739248 0.597997
vt 0.740420 0.603087
vt 0.729248 0.593821
vt 0.632667 0.542908
vt 0.620585 0.542908
vt 0.620585 0.547771
vt 0.632667 0.547771
vt 0.609399 0.542908
vt 0.609399 0.547771
vt 0.598396 0.542908
vt 0.598396 0.547771
vt 0.705335 0.547771
vt 0.705335 0.542908
vt 0.692560 0.542908
vt 0.692560 0.547771
vt 0.676845 0.547771
vt 0.676845 0.542908
vt 0.662389 0.542908
vt 0.662389 0.547771
vt 0.646711 0.547771
vt 0.646711 0.542908
vt 0.934059 0.900022
vt 0.934059 0.883056
vt 0.927386 0.883056
vt 0.927386 0.900022
vt 0.934059 0.867577
vt 0.927386 0.867577
vt 0.934059 0.852942
vt 0.927386 0.852942
vt 0.934059 0.978964
vt 0.927386 0.978964
vt 0.927386 0.996094
vt 0.934059 0.996094
vt 0.934059 0.958145
vt 0.927386 0.958145
vt 0.934059 0.938733
vt 0.927386 0.938733
vt 0.934059 0.918475
vt 0.927386 0.918475
vt 0.003906 0.526565
vt 0.003906 0.552596
vt 0.158984 0.552596
vt 0.158984 0.526565
vt 0.003906 0.576787
vt 0.158984 0.576787
vt 0.003906 0.602106
vt 0.158984 0.602106
vt 0.003906 0.628140
vt 0.158984 0.628140
vt 0.003906 0.653585
vt 0.158984 0.653585
vt 0.003906 0.677020
vt 0.003906 0.697153
vt 0.158984 0.697153
vt 0.158984 0.677020
vt 0.388671 0.697153
vt 0.388671 0.677020
vt 0.388671 0.552596
vt 0.388671 0.526565
vt 0.388671 0.576787
vt 0.388671 0.602106
vt 0.388671 0.628140
vt 0.388671 0.653585
vt 0.569669 0.697153
vt 0.569669 0.677020
vt 0.569669 0.552596
vt 0.569669 0.526565
vt 0.569669 0.576787
vt 0.569669 0.602106
vt 0.569669 0.628140
vt 0.569669 0.653585
vt 0.388671 0.720228
vt 0.569669 0.720228
vt 0.582640 0.677020
vt 0.582640 0.653585
vt 0.582640 0.697153
vt 0.582640 0.628140
vt 0.582640 0.602106
vt 0.582640 0.576787
vt 0.582640 0.552596
vt 0.582640 0.720228
vt 0.582640 0.526565
vt 0.158984 0.720228
vt 0.003906 0.720228
vt 0.945949 0.511984
vt 0.945949 0.413306
vt 0.858125 0.413306
vt 0.858125 0.511984
vt 0.687175 0.745608
vt 0.684973 0.745608
vt 0.684973 0.758236
vt 0.687175 0.758236
vt 0.684973 0.771517
vt 0.687175 0.771517
vt 0.684973 0.784982
vt 0.687175 0.784982
vt 0.684973 0.798558
vt 0.687175 0.798558
vt 0.684973 0.811926
vt 0.687175 0.811926
vt 0.709594 0.851706
vt 0.716058 0.851706
vt 0.716058 0.840159
vt 0.709594 0.840159
vt 0.684973 0.837997
vt 0.687175 0.837997
vt 0.687175 0.824986
vt 0.684973 0.824986
vt 0.709594 0.863441
vt 0.716058 0.863441
vt 0.684973 0.851446
vt 0.687175 0.851446
vt 0.692304 0.865343
vt 0.692304 0.851446
vt 0.687175 0.865343
vt 0.684973 0.865343
vt 0.692304 0.879748
vt 0.687175 0.879748
vt 0.684973 0.879748
vt 0.692304 0.894616
vt 0.687175 0.894616
vt 0.684973 0.894616
vt 0.692304 0.909627
vt 0.687175 0.909627
vt 0.684973 0.909627
vt 0.692304 0.923804
vt 0.687175 0.923804
vt 0.684973 0.923804
vt 0.692304 0.935894
vt 0.687175 0.935894
vt 0.684973 0.935894
vt 0.692304 0.723519
vt 0.687175 0.723519
vt 0.687175 0.734138
vt 0.692304 0.734138
vt 0.684973 0.734138
vt 0.716058 0.760367
vt 0.709594 0.760367
vt 0.709594 0.770876
vt 0.716058 0.770876
vt 0.716058 0.936555
vt 0.709594 0.936555
vt 0.709594 0.946663
vt 0.716058 0.946663
vt 0.716058 0.925646
vt 0.709594 0.925646
vt 0.716058 0.913258
vt 0.709594 0.913258
vt 0.716058 0.900487
vt 0.709594 0.900487
vt 0.716058 0.887818
vt 0.709594 0.887818
vt 0.716058 0.875452
vt 0.709594 0.875452
vt 0.708059 0.863441
vt 0.708059 0.851706
vt 0.708059 0.840159
vt 0.709594 0.828586
vt 0.708059 0.828586
vt 0.716058 0.816912
vt 0.709594 0.816912
vt 0.716058 0.828586
vt 0.716058 0.805154
vt 0.709594 0.805154
vt 0.716058 0.793439
vt 0.709594 0.793439
vt 0.716058 0.781898
vt 0.709594 0.781898
vt 0.656114 0.818613
vt 0.656114 0.835127
vt 0.669767 0.835127
vt 0.669767 0.818613
vt 0.804798 0.189362
vt 0.804798 0.195482
vt 0.818982 0.195482
vt 0.818982 0.189362
vt 0.656114 0.851325
vt 0.669767 0.851325
vt 0.669767 0.867513
vt 0.656114 0.867513
vt 0.833418 0.195482
vt 0.833418 0.189362
vt 0.669767 0.884101
vt 0.656114 0.884101
vt 0.848042 0.195482
vt 0.848042 0.189362
vt 0.669767 0.901156
vt 0.656114 0.901156
vt 0.862759 0.195482
vt 0.862759 0.189362
vt 0.669767 0.918509
vt 0.656114 0.918509
vt 0.877375 0.195482
vt 0.877375 0.189362
vt 0.669767 0.934519
vt 0.656114 0.934519
vt 0.891184 0.195482
vt 0.891184 0.189362
vt 0.669767 0.747243
vt 0.669767 0.727265
vt 0.656114 0.727265
vt 0.656114 0.747243
vt 0.669767 0.784755
vt 0.669767 0.766332
vt 0.656114 0.766332
vt 0.656114 0.784755
vt 0.776200 0.189362
vt 0.776200 0.195482
vt 0.790665 0.195482
vt 0.790665 0.189362
vt 0.716058 0.750167
vt 0.709594 0.750167
vt 0.604168 0.851061
vt 0.604168 0.946663
vt 0.610314 0.946663
vt 0.610314 0.851061
vt 0.913032 0.901626
vt 0.913032 0.885737
vt 0.910071 0.885737
vt 0.910071 0.901626
vt 0.913032 0.869849
vt 0.913032 0.853651
vt 0.910071 0.853651
vt 0.910071 0.869849
vt 0.913032 0.836741
vt 0.913032 0.818935
vt 0.910071 0.818935
vt 0.910071 0.836741
vt 0.913032 0.800336
vt 0.913032 0.781368
vt 0.910071 0.781368
vt 0.910071 0.800336
vt 0.913032 0.763767
vt 0.910071 0.763767
vt 0.008084 0.040332
vt 0.008084 0.046677
vt 0.024169 0.046677
vt 0.024169 0.040332
vt 0.049024 0.046677
vt 0.049024 0.040332
vt 0.074426 0.046677
vt 0.074426 0.040332
vt 0.100827 0.046677
vt 0.100827 0.040332
vt 0.127675 0.046677
vt 0.127675 0.040332
vt 0.154666 0.046677
vt 0.154666 0.040332
vt 0.182239 0.046677
vt 0.182239 0.040332
vt 0.211381 0.046677
vt 0.211381 0.040332
vt 0.239892 0.046677
vt 0.239892 0.040332
vt 0.268497 0.040332
vt 0.268497 0.046677
vt 0.296302 0.046677
vt 0.296302 0.040332
vt 0.322649 0.046677
vt 0.322649 0.040332
vt 0.347717 0.040332
vt 0.347717 0.046677
vt 0.372439 0.046677
vt 0.372439 0.040332
vt 0.395594 0.046677
vt 0.395594 0.040332
vt 0.416123 0.046677
vt 0.416123 0.040332
vt 0.433033 0.046677
vt 0.433033 0.040332
vt 0.052197 0.058933
vt 0.052197 0.065998
vt 0.068791 0.065998
vt 0.068791 0.058933
vt 0.217115 0.065998
vt 0.245485 0.065998
vt 0.245485 0.058933
vt 0.217115 0.058933
vt 0.071086 0.003906
vt 0.071086 0.028077
vt 0.096455 0.028077
vt 0.096455 0.003906
vt 0.258636 0.028077
vt 0.258636 0.003906
vt 0.231068 0.003906
vt 0.231068 0.028077
vt 0.310993 0.003906
vt 0.285452 0.003906
vt 0.285452 0.028077
vt 0.310993 0.028077
vt 0.359276 0.003906
vt 0.335290 0.003906
vt 0.335290 0.028077
vt 0.359276 0.028077
vt 0.401225 0.003906
vt 0.381630 0.003906
vt 0.381630 0.028077
vt 0.401225 0.028077
vt 0.673429 0.085986
vt 0.673429 0.108993
vt 0.786164 0.108993
vt 0.786164 0.085986
vt 0.477190 0.004405
vt 0.477190 0.028077
vt 0.495247 0.028077
vt 0.495247 0.004405
vt 0.649601 0.028077
vt 0.679196 0.028077
vt 0.679196 0.004405
vt 0.649601 0.004405
vt 0.638534 0.655940
vt 0.638534 0.754654
vt 0.644555 0.754654
vt 0.644555 0.655940
vt 0.633027 0.655940
vt 0.633027 0.754654
vt 0.638534 0.846515
vt 0.633027 0.846515
vt 0.633027 0.946663
vt 0.638534 0.946663
vt 0.644555 0.846515
vt 0.644555 0.946663
vt 0.089147 0.065998
vt 0.089147 0.058933
vt 0.516686 0.028077
vt 0.516686 0.004405
vt 0.112699 0.065998
vt 0.112699 0.058933
vt 0.541204 0.028077
vt 0.541204 0.004405
vt 0.137602 0.065998
vt 0.137602 0.058933
vt 0.567005 0.028077
vt 0.567005 0.004405
vt 0.163044 0.065998
vt 0.163044 0.058933
vt 0.593371 0.028077
vt 0.593371 0.004405
vt 0.189472 0.065998
vt 0.189472 0.058933
vt 0.620780 0.028077
vt 0.620780 0.004405
vt 0.203193 0.003906
vt 0.203193 0.028077
vt 0.274843 0.065998
vt 0.274843 0.058933
vt 0.709368 0.028077
vt 0.709368 0.004405
vt 0.174872 0.028077
vt 0.174872 0.003906
vt 0.148233 0.028077
vt 0.148233 0.003906
vt 0.304507 0.065998
vt 0.304507 0.058933
vt 0.740041 0.028077
vt 0.740041 0.004405
vt 0.332288 0.065998
vt 0.332288 0.058933
vt 0.768929 0.028077
vt 0.768929 0.004405
vt 0.122261 0.028077
vt 0.122261 0.003906
vt 0.359393 0.065998
vt 0.359393 0.058933
vt 0.797235 0.028077
vt 0.797235 0.004405
vt 0.386533 0.065998
vt 0.386533 0.058933
vt 0.825591 0.028077
vt 0.825591 0.004405
vt 0.046449 0.028077
vt 0.046449 0.003906
vt 0.413160 0.065998
vt 0.413160 0.058933
vt 0.853432 0.028077
vt 0.853432 0.004405
vt 0.439132 0.065998
vt 0.439132 0.058933
vt 0.880335 0.028077
vt 0.880335 0.004405
vt 0.022462 0.028077
vt 0.022462 0.003906
vt 0.007427 0.028077
vt 0.007427 0.003906
vt 0.464362 0.065998
vt 0.464362 0.058933
vt 0.906591 0.028077
vt 0.906591 0.004405
vt 0.480270 0.065998
vt 0.480270 0.058933
vt 0.923652 0.028077
vt 0.923652 0.004405
vt 0.480853 0.046677
vt 0.480853 0.040332
vt 0.003906 0.058933
vt 0.003906 0.065998
vt 0.910071 0.624780
vt 0.942524 0.595290
vt 0.943081 0.558374
vt 0.910071 0.526656
vt 0.910071 0.735896
vt 0.995868 0.735896
vt 0.995868 0.637035
vt 0.910071 0.637035
vt 0.673429 0.153592
vt 0.673429 0.177106
vt 0.786164 0.177106
vt 0.786164 0.153592
vt 0.965289 0.558811
vt 0.995897 0.526656
vt 0.995897 0.624780
vt 0.965289 0.595290
vt 0.644555 0.562183
vt 0.638534 0.562183
vt 0.633027 0.562183
vt 0.617422 0.150432
vt 0.640873 0.075648
vt 0.649432 0.088588
vt 0.627331 0.067709
vt 0.612481 0.064880
vt 0.575309 0.116261
vt 0.582749 0.133069
vt 0.631489 0.145230
vt 0.644139 0.134563
vt 0.651546 0.119748
vt 0.653260 0.103689
vt 0.786164 0.041088
vt 0.673429 0.041088
vt 0.416760 0.003906
vt 0.416760 0.028077
vt 0.463308 0.028077
vt 0.463308 0.003906
vt 0.003906 0.003906
vt 0.003906 0.028077
vt 0.484369 0.065998
vt 0.484369 0.058933
vt 0.928484 0.028077
vt 0.928484 0.004405
vt 0.003906 0.040332
vt 0.003906 0.046677
vt 0.692304 0.758236
vt 0.692304 0.745608
vt 0.692304 0.771517
vt 0.692304 0.798558
vt 0.692304 0.784982
vt 0.692304 0.811926
vt 0.692304 0.824986
vt 0.692304 0.837997
vt 0.687175 0.946663
vt 0.684973 0.946663
vt 0.692304 0.946663
vt 0.684973 0.723519
vt 0.708059 0.760367
vt 0.708059 0.770876
vt 0.708059 0.936555
vt 0.708059 0.946663
vt 0.708059 0.750167
vt 0.708059 0.925646
vt 0.708059 0.913258
vt 0.708059 0.900487
vt 0.708059 0.887818
vt 0.708059 0.875452
vt 0.708059 0.816912
vt 0.708059 0.805154
vt 0.708059 0.793439
vt 0.708059 0.781898
vt 0.656114 0.802134
vt 0.669767 0.802134
vt 0.673429 0.189362
vt 0.673429 0.195482
vt 0.683832 0.195482
vt 0.683832 0.189362
vt 0.913218 0.195482
vt 0.913218 0.189362
vt 0.902978 0.189362
vt 0.902978 0.195482
vt 0.868875 0.294630
vt 0.844177 0.295387
vt 0.814656 0.333941
vt 0.901972 0.330000
vt 0.696799 0.195482
vt 0.696799 0.189362
vt 0.712361 0.195482
vt 0.712361 0.189362
vt 0.927386 0.840687
vt 0.971499 0.840687
vt 0.927386 0.819327
vt 0.729036 0.195482
vt 0.729036 0.189362
vt 0.745410 0.195482
vt 0.745410 0.189362
vt 0.761155 0.195482
vt 0.761155 0.189362
vt 0.610314 0.560027
vt 0.610314 0.660190
vt 0.616834 0.660190
vt 0.616834 0.560027
vt 0.616834 0.946663
vt 0.616834 0.851061
vt 0.616834 0.753089
vt 0.610314 0.753089
vt 0.604168 0.560027
vt 0.604168 0.660190
vt 0.604168 0.753089
vt 0.910071 0.996094
vt 0.913032 0.996094
vt 0.913032 0.982829
vt 0.910071 0.982829
vt 0.913032 0.967236
vt 0.910071 0.967236
vt 0.913032 0.950564
vt 0.910071 0.950564
vt 0.913032 0.933991
vt 0.910071 0.933991
vt 0.913032 0.917685
vt 0.910071 0.917685
vt 0.913032 0.748152
vt 0.910071 0.748152
vt 0.927386 0.798060
vt 0.927386 0.750792
vt 0.927386 0.775844
vt 0.972620 0.780725
vt 0.972620 0.750792
vt 0.901972 0.231732
vt 0.868146 0.267838
vt 0.669767 0.946663
vt 0.656114 0.946663
vt 0.669767 0.708838
vt 0.669767 0.694209
vt 0.656114 0.694209
vt 0.656114 0.708838
vt 0.596617 0.067994
vt 0.582952 0.079102
vt 0.575309 0.096051
vt 0.843449 0.268595
vt 0.811951 0.234492
vt 0.748455 0.706207
vt 0.748455 0.683714
vt 0.732753 0.683714
vt 0.732753 0.706207
vt 0.748455 0.737912
vt 0.732753 0.737912
vt 0.732753 0.741527
vt 0.748455 0.741527
vt 0.713831 0.737912
vt 0.729135 0.737912
vt 0.729135 0.706207
vt 0.713831 0.706207
vt 0.729135 0.683714
vt 0.713831 0.683714
vt 0.729135 0.663015
vt 0.713831 0.663015
vt 0.751958 0.737912
vt 0.751958 0.706207
vt 0.751958 0.683714
vt 0.732753 0.663015
vt 0.748455 0.663015
vt 0.751958 0.663015
vt 0.748455 0.659874
vt 0.732753 0.659874
vt 0.978746 0.441791
vt 0.978746 0.458665
vt 0.992087 0.458665
vt 0.992087 0.441791
vt 0.992087 0.482917
vt 0.978746 0.482917
vt 0.992087 0.510700
vt 0.978746 0.510700
vt 0.974382 0.458665
vt 0.974382 0.441791
vt 0.962016 0.441791
vt 0.962016 0.458665
vt 0.974382 0.482917
vt 0.962016 0.482917
vt 0.962016 0.510700
vt 0.974382 0.510700
vt 0.992087 0.438959
vt 0.978746 0.438959
vt 0.996094 0.458665
vt 0.996094 0.441791
vt 0.996094 0.482917
vt 0.996094 0.510700
vt 0.978746 0.514401
vt 0.992087 0.514401
vt 0.615983 0.324397
vt 0.637947 0.324397
vt 0.637947 0.308605
vt 0.615983 0.308605
vt 0.588807 0.324397
vt 0.588807 0.308605
vt 0.567231 0.324397
vt 0.567231 0.308605
vt 0.563766 0.288080
vt 0.563766 0.304549
vt 0.567231 0.304549
vt 0.567231 0.288080
vt 0.588807 0.304549
vt 0.588807 0.288080
vt 0.615983 0.304549
vt 0.615983 0.288080
vt 0.637947 0.304549
vt 0.637947 0.288080
vt 0.588807 0.284516
vt 0.567231 0.284516
vt 0.615983 0.284516
vt 0.637947 0.284516
vt 0.640578 0.304549
vt 0.640578 0.288080
vt 0.908758 0.397049
vt 0.932627 0.397049
vt 0.932627 0.381431
vt 0.908758 0.381431
vt 0.890851 0.381431
vt 0.890851 0.397049
vt 0.861573 0.381431
vt 0.861573 0.397049
vt 0.858125 0.381431
vt 0.858125 0.397049
vt 0.861573 0.362370
vt 0.861573 0.377134
vt 0.890851 0.377134
vt 0.890851 0.362370
vt 0.908758 0.377134
vt 0.908758 0.362370
vt 0.932627 0.377134
vt 0.932627 0.362370
vt 0.861573 0.401051
vt 0.890851 0.401051
vt 0.908758 0.401051
vt 0.932627 0.401051
vt 0.936093 0.397049
vt 0.936093 0.381431
vt 0.095959 0.996094
vt 0.095959 0.958918
vt 0.073044 0.958918
vt 0.073044 0.996094
vt 0.191799 0.268314
vt 0.191799 0.232165
vt 0.170837 0.232165
vt 0.170837 0.268314
vt 0.301535 0.996094
vt 0.301535 0.958918
vt 0.278485 0.958918
vt 0.278485 0.996094
vt 0.317021 0.505705
vt 0.295107 0.505705
vt 0.295107 0.514310
vt 0.317021 0.514310
vt 0.493896 0.996094
vt 0.493896 0.958918
vt 0.471258 0.958918
vt 0.471258 0.996094
vt 0.517498 0.958918
vt 0.517498 0.996094
vt 0.540385 0.996094
vt 0.540385 0.958918
vt 0.115544 0.505705
vt 0.092629 0.505705
vt 0.092629 0.514310
vt 0.115544 0.514310
vt 0.700251 0.996094
vt 0.700251 0.958918
vt 0.676577 0.958918
vt 0.676577 0.996094
vt 0.722810 0.958918
vt 0.722810 0.996094
vt 0.745782 0.996094
vt 0.745782 0.958918
vt 0.660270 0.505705
vt 0.637824 0.505705
vt 0.637824 0.514310
vt 0.660270 0.514310
vt 0.141363 0.996094
vt 0.141363 0.958918
vt 0.118560 0.958918
vt 0.118560 0.996094
vt 0.163855 0.958918
vt 0.163855 0.996094
vt 0.186293 0.996094
vt 0.186293 0.958918
vt 0.459685 0.505705
vt 0.436246 0.505705
vt 0.436246 0.514310
vt 0.459685 0.514310
vt 0.350882 0.996094
vt 0.350882 0.958918
vt 0.324760 0.958918
vt 0.324760 0.996094
vt 0.434143 0.268314
vt 0.434143 0.232165
vt 0.413508 0.232165
vt 0.413508 0.268314
vt 0.561909 0.996094
vt 0.561909 0.958918
vt 0.623842 0.268314
vt 0.623842 0.232165
vt 0.602183 0.232165
vt 0.602183 0.268314
vt 0.768557 0.996094
vt 0.768557 0.958918
vt 0.108418 0.268314
vt 0.108418 0.232165
vt 0.087378 0.232165
vt 0.087378 0.268314
vt 0.209058 0.996094
vt 0.209058 0.958918
vt 0.298463 0.268314
vt 0.298463 0.232165
vt 0.277078 0.232165
vt 0.277078 0.268314
vt 0.411449 0.505705
vt 0.385713 0.505705
vt 0.385713 0.514310
vt 0.411449 0.514310
vt 0.403092 0.996094
vt 0.403092 0.958918
vt 0.378276 0.958918
vt 0.378276 0.996094
vt 0.425589 0.958918
vt 0.425589 0.996094
vt 0.448365 0.996094
vt 0.448365 0.958918
vt 0.204929 0.505705
vt 0.182320 0.505705
vt 0.182320 0.514310
vt 0.204929 0.514310
vt 0.608264 0.996094
vt 0.608264 0.958918
vt 0.584963 0.958918
vt 0.584963 0.996094
vt 0.630612 0.958918
vt 0.630612 0.996094
vt 0.653248 0.996094
vt 0.653248 0.958918
vt 0.749497 0.505705
vt 0.727590 0.505705
vt 0.727590 0.514310
vt 0.749497 0.514310
vt 0.049761 0.996094
vt 0.049761 0.958918
vt 0.026593 0.958918
vt 0.026593 0.996094
vt 0.549559 0.505705
vt 0.526930 0.505705
vt 0.526930 0.514310
vt 0.549559 0.514310
vt 0.256029 0.996094
vt 0.256029 0.958918
vt 0.233050 0.958918
vt 0.233050 0.996094
vt 0.682783 0.505705
vt 0.682783 0.514310
vt 0.704971 0.514310
vt 0.704971 0.505705
vt 0.133086 0.219910
vt 0.155170 0.219910
vt 0.155170 0.207738
vt 0.133086 0.207738
vt 0.175907 0.219910
vt 0.175907 0.207738
vt 0.482859 0.505705
vt 0.482859 0.514310
vt 0.504701 0.514310
vt 0.504701 0.505705
vt 0.360289 0.219910
vt 0.360289 0.207738
vt 0.333038 0.207738
vt 0.333038 0.219910
vt 0.392400 0.268314
vt 0.392400 0.232165
vt 0.371434 0.232165
vt 0.371434 0.268314
vt 0.272884 0.505705
vt 0.272884 0.514310
vt 0.555528 0.219910
vt 0.555528 0.207738
vt 0.533922 0.207738
vt 0.533922 0.219910
vt 0.581895 0.268314
vt 0.581895 0.232165
vt 0.561107 0.232165
vt 0.561107 0.268314
vt 0.070235 0.505705
vt 0.070235 0.514310
vt 0.024997 0.219910
vt 0.024997 0.207738
vt 0.003906 0.207738
vt 0.003906 0.219910
vt 0.045117 0.232165
vt 0.024188 0.232165
vt 0.024188 0.268314
vt 0.045117 0.268314
vt 0.066623 0.268314
vt 0.066623 0.232165
vt 0.614803 0.505705
vt 0.614803 0.514310
vt 0.220825 0.219910
vt 0.220825 0.207738
vt 0.197433 0.207738
vt 0.197433 0.219910
vt 0.234969 0.232165
vt 0.213801 0.232165
vt 0.213801 0.268314
vt 0.234969 0.268314
vt 0.255750 0.268314
vt 0.255750 0.232165
vt 0.383467 0.219910
vt 0.404721 0.219910
vt 0.404721 0.207738
vt 0.383467 0.207738
vt 0.426634 0.219910
vt 0.426634 0.207738
vt 0.226615 0.505705
vt 0.226615 0.514310
vt 0.249350 0.514310
vt 0.249350 0.505705
vt 0.578016 0.219910
vt 0.599112 0.219910
vt 0.599112 0.207738
vt 0.578016 0.207738
vt 0.619914 0.219910
vt 0.619914 0.207738
vt 0.026184 0.505705
vt 0.026184 0.514310
vt 0.049040 0.514310
vt 0.049040 0.505705
vt 0.003906 0.958918
vt 0.003906 0.996094
vt 0.046553 0.219910
vt 0.069188 0.219910
vt 0.069188 0.207738
vt 0.046553 0.207738
vt 0.090366 0.219910
vt 0.090366 0.207738
vt 0.571767 0.505705
vt 0.571767 0.514310
vt 0.593266 0.514310
vt 0.593266 0.505705
vt 0.242840 0.219910
vt 0.264282 0.219910
vt 0.264282 0.207738
vt 0.242840 0.207738
vt 0.285690 0.219910
vt 0.285690 0.207738
vt 0.361259 0.505705
vt 0.361259 0.514310
vt 0.469681 0.219910
vt 0.469681 0.207738
vt 0.448304 0.207738
vt 0.448304 0.219910
vt 0.477050 0.232165
vt 0.454943 0.232165
vt 0.454943 0.268314
vt 0.477050 0.268314
vt 0.498437 0.268314
vt 0.498437 0.232165
vt 0.160005 0.505705
vt 0.160005 0.514310
vt 0.664791 0.219910
vt 0.664791 0.207738
vt 0.642000 0.207738
vt 0.642000 0.219910
vt 0.665250 0.232165
vt 0.645300 0.232165
vt 0.645300 0.268314
vt 0.665250 0.268314
vt 0.686087 0.268314
vt 0.686087 0.232165
vt 0.707128 0.268314
vt 0.707128 0.232165
vt 0.686147 0.219910
vt 0.686147 0.207738
vt 0.137956 0.505705
vt 0.137956 0.514310
vt 0.539670 0.268314
vt 0.539670 0.232165
vt 0.518561 0.232165
vt 0.518561 0.268314
vt 0.491955 0.219910
vt 0.491955 0.207738
vt 0.339023 0.505705
vt 0.339023 0.514310
vt 0.348710 0.268314
vt 0.348710 0.232165
vt 0.306931 0.219910
vt 0.306931 0.207738
vt 0.111618 0.219910
vt 0.111618 0.207738
vt 0.003906 0.505705
vt 0.003906 0.514310
vt 0.323145 0.268314
vt 0.323145 0.232165
vt 0.130062 0.268314
vt 0.130062 0.232165
vt 0.003906 0.232165
vt 0.003906 0.268314
vt 0.728698 0.207738
vt 0.707127 0.207738
vt 0.707127 0.219910
vt 0.728698 0.219910
vt 0.513909 0.207738
vt 0.513909 0.219910
vt 0.151066 0.232165
vt 0.151066 0.268314
vt 0.341226 0.907942
vt 0.328615 0.912445
vt 0.328770 0.946663
vt 0.344053 0.946663
vt 0.319176 0.910246
vt 0.313513 0.946663
vt 0.359297 0.946663
vt 0.358215 0.921549
vt 0.374559 0.946663
vt 0.374312 0.907740
vt 0.389886 0.946663
vt 0.382336 0.911450
vt 0.405234 0.946663
vt 0.397382 0.909356
vt 0.420764 0.946663
vt 0.416998 0.926072
vt 0.436176 0.946663
vt 0.440925 0.912358
vt 0.451457 0.946663
vt 0.455626 0.911101
vt 0.466795 0.946663
vt 0.475397 0.926512
vt 0.482340 0.946663
vt 0.495067 0.911157
vt 0.497546 0.946663
vt 0.504465 0.913437
vt 0.512750 0.946663
vt 0.513786 0.911274
vt 0.528094 0.946663
vt 0.533743 0.926723
vt 0.543661 0.946663
vt 0.553917 0.911677
vt 0.559133 0.946663
vt 0.562981 0.913415
vt 0.574789 0.946663
vt 0.571693 0.911227
vt 0.591285 0.946663
vt 0.591285 0.925473
vt 0.003906 0.926443
vt 0.003906 0.946663
vt 0.016714 0.946663
vt 0.024721 0.911017
vt 0.031416 0.946663
vt 0.034416 0.912196
vt 0.046190 0.946663
vt 0.043749 0.910379
vt 0.060804 0.946663
vt 0.063334 0.926230
vt 0.075341 0.946663
vt 0.083957 0.910716
vt 0.090239 0.946663
vt 0.090722 0.910944
vt 0.097493 0.911181
vt 0.105111 0.946663
vt 0.119678 0.946663
vt 0.121176 0.925898
vt 0.134184 0.946663
vt 0.141462 0.909527
vt 0.149070 0.946663
vt 0.150896 0.913153
vt 0.163925 0.946663
vt 0.163877 0.907031
vt 0.178687 0.946663
vt 0.180909 0.921801
vt 0.193416 0.946663
vt 0.199322 0.908124
vt 0.208420 0.946663
vt 0.211516 0.912560
vt 0.223393 0.946663
vt 0.220564 0.911119
vt 0.238209 0.946663
vt 0.240492 0.926827
vt 0.252996 0.946663
vt 0.262421 0.911185
vt 0.268105 0.946663
vt 0.270533 0.912664
vt 0.283252 0.946663
vt 0.278618 0.910550
vt 0.298359 0.946663
vt 0.298708 0.926256
vt 0.403790 0.894873
vt 0.416414 0.896035
vt 0.416414 0.757114
vt 0.403790 0.754859
vt 0.428844 0.895393
vt 0.428844 0.754812
vt 0.416682 0.737065
vt 0.409155 0.740189
vt 0.424261 0.740428
vt 0.416700 0.907177
vt 0.402440 0.903291
vt 0.430925 0.904162
vt 0.475428 0.913510
vt 0.459255 0.908339
vt 0.491460 0.908318
vt 0.475453 0.903962
vt 0.488570 0.899514
vt 0.488570 0.750965
vt 0.475453 0.751432
vt 0.462153 0.750715
vt 0.462153 0.899566
vt 0.475472 0.739428
vt 0.465756 0.744519
vt 0.485076 0.744605
vt 0.533657 0.913772
vt 0.517100 0.908532
vt 0.550645 0.909144
vt 0.545883 0.896369
vt 0.533777 0.897013
vt 0.521839 0.895261
vt 0.545883 0.753533
vt 0.533777 0.755211
vt 0.521839 0.752850
vt 0.543188 0.743321
vt 0.534127 0.736259
vt 0.525281 0.742796
vt 0.591285 0.912859
vt 0.576111 0.906458
vt 0.018989 0.907057
vt 0.003906 0.913508
vt 0.015849 0.892627
vt 0.003906 0.892150
vt 0.591285 0.891821
vt 0.578828 0.892381
vt 0.015849 0.754003
vt 0.003906 0.756069
vt 0.591285 0.755778
vt 0.578828 0.754003
vt 0.011986 0.740882
vt 0.003906 0.736354
vt 0.591285 0.735887
vt 0.582776 0.741086
vt 0.436625 0.155202
vt 0.451051 0.155202
vt 0.451051 0.147665
vt 0.436625 0.147665
vt 0.420777 0.135410
vt 0.434673 0.135410
vt 0.434673 0.121958
vt 0.420777 0.121958
vt 0.465475 0.155202
vt 0.465475 0.147665
vt 0.448568 0.135410
vt 0.448568 0.121958
vt 0.406881 0.121958
vt 0.406881 0.135410
vt 0.422201 0.147665
vt 0.422201 0.155202
vt 0.392985 0.121958
vt 0.392985 0.135410
vt 0.407778 0.147665
vt 0.407778 0.155202
vt 0.379090 0.121958
vt 0.379090 0.135410
vt 0.393354 0.147665
vt 0.393354 0.155202
vt 0.365194 0.121958
vt 0.365194 0.135410
vt 0.378930 0.147665
vt 0.378930 0.155202
vt 0.364506 0.147665
vt 0.364506 0.155202
vt 0.351299 0.121958
vt 0.351299 0.135410
vt 0.337403 0.121958
vt 0.337403 0.135410
vt 0.350082 0.147665
vt 0.350082 0.155202
vt 0.323507 0.121958
vt 0.323507 0.135410
vt 0.335658 0.147665
vt 0.335658 0.155202
vt 0.309612 0.121958
vt 0.309612 0.135410
vt 0.321234 0.147665
vt 0.321234 0.155202
vt 0.295716 0.121958
vt 0.295716 0.135410
vt 0.306810 0.147665
vt 0.306810 0.155202
vt 0.292386 0.147665
vt 0.292386 0.155202
vt 0.281820 0.121958
vt 0.281820 0.135410
vt 0.267924 0.121958
vt 0.267924 0.135410
vt 0.277962 0.147665
vt 0.277962 0.155202
vt 0.254029 0.121958
vt 0.254029 0.135410
vt 0.263538 0.147665
vt 0.263538 0.155202
vt 0.249114 0.147665
vt 0.249114 0.155202
vt 0.240133 0.121958
vt 0.240133 0.135410
vt 0.226237 0.121958
vt 0.226237 0.135410
vt 0.234690 0.147665
vt 0.234690 0.155202
vt 0.220265 0.147665
vt 0.220265 0.155202
vt 0.212341 0.121958
vt 0.212341 0.135410
vt 0.205841 0.147665
vt 0.205841 0.155202
vt 0.198446 0.121958
vt 0.198446 0.135410
vt 0.191417 0.147665
vt 0.191417 0.155202
vt 0.184550 0.121958
vt 0.184550 0.135410
vt 0.176993 0.147665
vt 0.176993 0.155202
vt 0.170654 0.121958
vt 0.170654 0.135410
vt 0.156759 0.121958
vt 0.156759 0.135410
vt 0.162569 0.147665
vt 0.162569 0.155202
vt 0.142863 0.121958
vt 0.142863 0.135410
vt 0.148145 0.147665
vt 0.148145 0.155202
vt 0.133722 0.147665
vt 0.133722 0.155202
vt 0.128967 0.121958
vt 0.128967 0.135410
vt 0.115072 0.121958
vt 0.115072 0.135410
vt 0.119298 0.147665
vt 0.119298 0.155202
vt 0.101176 0.121958
vt 0.101176 0.135410
vt 0.104874 0.147665
vt 0.104874 0.155202
vt 0.090450 0.147665
vt 0.090450 0.155202
vt 0.087281 0.121958
vt 0.087281 0.135410
vt 0.076026 0.147665
vt 0.076026 0.155202
vt 0.073385 0.121958
vt 0.073385 0.135410
vt 0.061602 0.147665
vt 0.061602 0.155202
vt 0.059489 0.121958
vt 0.059489 0.135410
vt 0.047179 0.147665
vt 0.047179 0.155202
vt 0.045593 0.121958
vt 0.045593 0.135410
vt 0.032755 0.147665
vt 0.032755 0.155202
vt 0.031698 0.121958
vt 0.031698 0.135410
vt 0.018330 0.147665
vt 0.018330 0.155202
vt 0.017802 0.121958
vt 0.017802 0.135410
vt 0.003906 0.147665
vt 0.003906 0.155202
vt 0.003906 0.121958
vt 0.003906 0.135410
vt 0.566444 0.155202
vt 0.566444 0.147665
vt 0.552020 0.147665
vt 0.552020 0.155202
vt 0.545838 0.135410
vt 0.545838 0.121958
vt 0.531943 0.121958
vt 0.531943 0.135410
vt 0.537596 0.147665
vt 0.537596 0.155202
vt 0.518047 0.121958
vt 0.518047 0.135410
vt 0.504151 0.121958
vt 0.504151 0.135410
vt 0.523172 0.147665
vt 0.523172 0.155202
vt 0.508747 0.147665
vt 0.508747 0.155202
vt 0.490255 0.121958
vt 0.490255 0.135410
vt 0.476360 0.121958
vt 0.476360 0.135410
vt 0.494323 0.147665
vt 0.494323 0.155202
vt 0.462464 0.121958
vt 0.462464 0.135410
vt 0.479899 0.147665
vt 0.479899 0.155202
vt 0.358036 0.906562
vt 0.371842 0.899159
vt 0.369492 0.890504
vt 0.357825 0.891363
vt 0.343735 0.899283
vt 0.346042 0.890563
vt 0.369492 0.750354
vt 0.357825 0.750792
vt 0.346042 0.749996
vt 0.357416 0.737241
vt 0.348744 0.742243
vt 0.366372 0.741729
vt 0.298945 0.907897
vt 0.284083 0.904658
vt 0.313593 0.904032
vt 0.310014 0.886575
vt 0.299143 0.887661
vt 0.288357 0.887312
vt 0.310014 0.744563
vt 0.299143 0.745648
vt 0.288357 0.743116
vt 0.240645 0.914542
vt 0.223824 0.908910
vt 0.259302 0.909089
vt 0.252715 0.893814
vt 0.240751 0.893790
vt 0.229670 0.893280
vt 0.252715 0.741580
vt 0.240751 0.742981
vt 0.229670 0.741448
vt 0.246910 0.734241
vt 0.241256 0.732579
vt 0.235549 0.734027
vt 0.182228 0.903041
vt 0.196108 0.902319
vt 0.193498 0.892216
vt 0.182899 0.892351
vt 0.168004 0.901294
vt 0.171099 0.890518
vt 0.193498 0.745999
vt 0.182899 0.745213
vt 0.171099 0.746439
vt 0.181725 0.732761
vt 0.173264 0.739545
vt 0.190695 0.738913
vt 0.121736 0.907268
vt 0.107400 0.903380
vt 0.136106 0.903449
vt 0.133375 0.895327
vt 0.122006 0.896734
vt 0.111086 0.895058
vt 0.122006 0.742773
vt 0.111086 0.741064
vt 0.133375 0.741518
vt 0.127038 0.733906
vt 0.121895 0.732439
vt 0.116943 0.734006
vt 0.063319 0.908656
vt 0.049076 0.905784
vt 0.078246 0.905740
vt 0.074713 0.897809
vt 0.063318 0.898121
vt 0.051955 0.898324
vt 0.063318 0.744599
vt 0.051955 0.743190
vt 0.074713 0.742749
vt 0.068775 0.735895
vt 0.063442 0.734507
vt 0.058067 0.736104
vt 0.384644 0.450010
vt 0.398029 0.450010
vt 0.395696 0.438801
vt 0.384547 0.439648
vt 0.371142 0.450481
vt 0.373122 0.440340
vt 0.395696 0.294650
vt 0.384547 0.295758
vt 0.373122 0.294213
vt 0.384783 0.281929
vt 0.375983 0.287612
vt 0.393196 0.288157
vt 0.421416 0.458973
vt 0.439040 0.464956
vt 0.439098 0.454081
vt 0.425707 0.452691
vt 0.461641 0.460165
vt 0.452939 0.452278
vt 0.449968 0.444140
vt 0.439040 0.444504
vt 0.427877 0.444412
vt 0.427877 0.290646
vt 0.439040 0.291545
vt 0.449968 0.290139
vt 0.444318 0.283354
vt 0.439411 0.282213
vt 0.434360 0.283455
vt 0.474080 0.459103
vt 0.493247 0.464450
vt 0.493220 0.454834
vt 0.478791 0.453727
vt 0.511138 0.457680
vt 0.506475 0.453201
vt 0.504141 0.445859
vt 0.493035 0.445779
vt 0.481612 0.445428
vt 0.493035 0.291685
vt 0.481612 0.290355
vt 0.504141 0.290781
vt 0.498230 0.283909
vt 0.492908 0.282667
vt 0.487634 0.283773
vt 0.528543 0.457587
vt 0.547659 0.464090
vt 0.547659 0.458568
vt 0.533313 0.453086
vt 0.003906 0.463687
vt 0.022569 0.456961
vt 0.018659 0.452030
vt 0.003906 0.458169
vt 0.016606 0.437902
vt 0.003906 0.438381
vt 0.547659 0.438884
vt 0.535835 0.438398
vt 0.016606 0.299546
vt 0.003906 0.301136
vt 0.547659 0.301649
vt 0.535835 0.299768
vt 0.012405 0.286875
vt 0.003906 0.281798
vt 0.547659 0.282396
vt 0.539664 0.286861
vt 0.039789 0.456901
vt 0.058328 0.463470
vt 0.058463 0.457261
vt 0.042573 0.454167
vt 0.077145 0.456434
vt 0.074355 0.453477
vt 0.070544 0.439924
vt 0.058696 0.440418
vt 0.046362 0.441010
vt 0.070544 0.297492
vt 0.058696 0.299427
vt 0.046362 0.298173
vt 0.067149 0.287563
vt 0.058282 0.281229
vt 0.049264 0.288168
vt 0.094812 0.456629
vt 0.111757 0.463645
vt 0.112151 0.457492
vt 0.097939 0.453726
vt 0.131073 0.457138
vt 0.127944 0.454118
vt 0.112491 0.448185
vt 0.125499 0.444887
vt 0.125499 0.296036
vt 0.112491 0.298251
vt 0.099963 0.296279
vt 0.099963 0.444902
vt 0.112603 0.285181
vt 0.103163 0.290087
vt 0.122133 0.290051
vt 0.145068 0.458509
vt 0.167075 0.463956
vt 0.167626 0.452144
vt 0.153838 0.450134
vt 0.185048 0.456057
vt 0.181046 0.449577
vt 0.180486 0.440982
vt 0.167988 0.441476
vt 0.155562 0.441244
vt 0.167988 0.302601
vt 0.155562 0.300765
vt 0.180486 0.300900
vt 0.167859 0.283433
vt 0.160400 0.286778
vt 0.175324 0.286427
vt 0.221790 0.449368
vt 0.235943 0.446838
vt 0.233728 0.437936
vt 0.221871 0.438756
vt 0.208419 0.446677
vt 0.210362 0.437910
vt 0.233728 0.297411
vt 0.221871 0.299318
vt 0.210362 0.297755
vt 0.222313 0.285213
vt 0.213518 0.289432
vt 0.230804 0.290002
vt 0.257999 0.458200
vt 0.276127 0.466116
vt 0.276091 0.454638
vt 0.262562 0.451804
vt 0.295299 0.458631
vt 0.290786 0.452572
vt 0.287390 0.435002
vt 0.276531 0.433565
vt 0.265554 0.434301
vt 0.287390 0.290842
vt 0.276531 0.294590
vt 0.265554 0.292221
vt 0.304786 0.737338
vt 0.299339 0.735395
vt 0.293834 0.736351
vt 0.281682 0.284427
vt 0.276245 0.283515
vt 0.270848 0.285306
vt 0.310369 0.459109
vt 0.329426 0.467014
vt 0.329386 0.461551
vt 0.313046 0.456748
vt 0.348946 0.458507
vt 0.346131 0.456047
vt 0.340996 0.440374
vt 0.329594 0.441806
vt 0.318466 0.440940
vt 0.340996 0.288590
vt 0.329594 0.290654
vt 0.318466 0.288696
vt 0.335093 0.281876
vt 0.329681 0.280533
vt 0.324278 0.281962
vt 0.858125 0.654366
vt 0.895107 0.654366
vt 0.895107 0.643348
vt 0.858125 0.643348
vt 0.858125 0.666315
vt 0.895107 0.666315
vt 0.895107 0.631023
vt 0.858125 0.631023
vt 0.895107 0.619150
vt 0.858125 0.619150
vt 0.895107 0.601108
vt 0.858125 0.601108
vt 0.858125 0.592220
vt 0.895107 0.592220
vt 0.895107 0.583333
vt 0.858125 0.583333
vt 0.895107 0.571186
vt 0.858125 0.571186
vt 0.858125 0.678054
vt 0.895107 0.678054
vt 0.858125 0.689631
vt 0.895107 0.689631
vt 0.895107 0.559339
vt 0.858125 0.559339
vt 0.895107 0.547935
vt 0.858125 0.547935
vt 0.895107 0.536379
vt 0.858125 0.536379
vt 0.895107 0.524239
vt 0.858125 0.524239
vt 0.858125 0.996094
vt 0.895107 0.996094
vt 0.895107 0.984081
vt 0.858125 0.984081
vt 0.895107 0.972428
vt 0.858125 0.972428
vt 0.895107 0.960847
vt 0.858125 0.960847
vt 0.895107 0.948872
vt 0.858125 0.948872
vt 0.895107 0.936772
vt 0.858125 0.936772
vt 0.895107 0.925239
vt 0.858125 0.925239
vt 0.895107 0.913966
vt 0.858125 0.913966
vt 0.895107 0.902435
vt 0.858125 0.902435
vt 0.858125 0.701258
vt 0.895107 0.701258
vt 0.858125 0.713262
vt 0.895107 0.713262
vt 0.858125 0.725204
vt 0.895107 0.725204
vt 0.858125 0.736625
vt 0.895107 0.736625
vt 0.858125 0.748082
vt 0.895107 0.748082
vt 0.858125 0.760061
vt 0.895107 0.760061
vt 0.858125 0.772097
vt 0.895107 0.772097
vt 0.858125 0.783534
vt 0.895107 0.783534
vt 0.895107 0.794925
vt 0.858125 0.794925
vt 0.858125 0.806530
vt 0.895107 0.806530
vt 0.858125 0.818434
vt 0.895107 0.818434
vt 0.858125 0.824547
vt 0.895107 0.824547
vt 0.858125 0.842459
vt 0.895107 0.842459
vt 0.858125 0.854746
vt 0.895107 0.854746
vt 0.858125 0.872673
vt 0.895107 0.872673
vt 0.858125 0.890405
vt 0.895107 0.890405
vt 0.412871 0.462748
vt 0.401191 0.456069
vt 0.397589 0.493450
vt 0.409668 0.493450
vt 0.424087 0.493450
vt 0.438037 0.493450
vt 0.458975 0.493450
vt 0.467855 0.459628
vt 0.469018 0.493450
vt 0.479032 0.493450
vt 0.493318 0.493450
vt 0.507412 0.493450
vt 0.520561 0.493450
vt 0.519734 0.459377
vt 0.533629 0.493450
vt 0.547659 0.493450
vt 0.003906 0.493450
vt 0.017896 0.493450
vt 0.031053 0.493450
vt 0.031140 0.459119
vt 0.044202 0.493450
vt 0.058053 0.493450
vt 0.071882 0.493450
vt 0.084814 0.493450
vt 0.085922 0.459022
vt 0.097638 0.493450
vt 0.111106 0.493450
vt 0.125115 0.493450
vt 0.144846 0.493450
vt 0.165288 0.493450
vt 0.179719 0.493450
vt 0.200090 0.493450
vt 0.199180 0.458962
vt 0.207145 0.493450
vt 0.206661 0.455122
vt 0.220957 0.493450
vt 0.221772 0.460109
vt 0.234745 0.493450
vt 0.237832 0.455498
vt 0.248291 0.493450
vt 0.249354 0.460714
vt 0.261621 0.493450
vt 0.275903 0.493450
vt 0.290219 0.493450
vt 0.303339 0.493450
vt 0.302793 0.460873
vt 0.316247 0.493450
vt 0.330166 0.493450
vt 0.343905 0.493450
vt 0.356876 0.493450
vt 0.357327 0.460761
vt 0.370240 0.493450
vt 0.368550 0.456198
vt 0.383872 0.493450
vt 0.384624 0.460492
vt 0.376241 0.109703
vt 0.388654 0.109703
vt 0.388654 0.078253
vt 0.376241 0.078253
vt 0.401065 0.109703
vt 0.401065 0.078253
vt 0.363828 0.078253
vt 0.363828 0.109703
vt 0.351416 0.078253
vt 0.351416 0.109703
vt 0.339004 0.078253
vt 0.339004 0.109703
vt 0.326592 0.078253
vt 0.326592 0.109703
vt 0.314181 0.078253
vt 0.314181 0.109703
vt 0.301770 0.078253
vt 0.301770 0.109703
vt 0.289359 0.078253
vt 0.289359 0.109703
vt 0.276949 0.078253
vt 0.276949 0.109703
vt 0.227308 0.109703
vt 0.227308 0.078253
vt 0.214898 0.078253
vt 0.214898 0.109703
vt 0.202487 0.078253
vt 0.202487 0.109703
vt 0.190076 0.078253
vt 0.190076 0.109703
vt 0.177665 0.078253
vt 0.177665 0.109703
vt 0.165254 0.078253
vt 0.165254 0.109703
vt 0.152842 0.078253
vt 0.152842 0.109703
vt 0.115606 0.109703
vt 0.115606 0.078253
vt 0.103193 0.078253
vt 0.103193 0.109703
vt 0.090781 0.078253
vt 0.090781 0.109703
vt 0.078370 0.078253
vt 0.078370 0.109703
vt 0.065959 0.078253
vt 0.065959 0.109703
vt 0.425889 0.109703
vt 0.425889 0.078253
vt 0.413477 0.078253
vt 0.413477 0.109703
vt 0.252128 0.109703
vt 0.264538 0.109703
vt 0.264538 0.078253
vt 0.252128 0.078253
vt 0.239718 0.109703
vt 0.239718 0.078253
vt 0.041137 0.109703
vt 0.053547 0.109703
vt 0.053547 0.078253
vt 0.041137 0.078253
vt 0.028727 0.078253
vt 0.028727 0.109703
vt 0.016316 0.078253
vt 0.016316 0.109703
vt 0.003906 0.078253
vt 0.003906 0.109703
vt 0.487941 0.109703
vt 0.487941 0.078253
vt 0.475531 0.078253
vt 0.475531 0.109703
vt 0.463121 0.078253
vt 0.463121 0.109703
vt 0.450710 0.078253
vt 0.450710 0.109703
vt 0.438300 0.109703
vt 0.438300 0.078253
vt 0.140430 0.078253
vt 0.140430 0.109703
vt 0.128018 0.078253
vt 0.128018 0.109703
vt 0.799694 0.509777
vt 0.765777 0.509777
vt 0.765777 0.533450
vt 0.799694 0.533450
vt 0.799694 0.486109
vt 0.765777 0.486109
vt 0.799694 0.435556
vt 0.765777 0.435556
vt 0.765777 0.461662
vt 0.799694 0.461662
vt 0.765777 0.556506
vt 0.799694 0.556506
vt 0.765777 0.578107
vt 0.799694 0.578107
vt 0.765777 0.598195
vt 0.799694 0.598195
vt 0.765777 0.618456
vt 0.799694 0.618456
vt 0.765777 0.638922
vt 0.799694 0.638922
vt 0.765777 0.658199
vt 0.799694 0.658199
vt 0.765777 0.676525
vt 0.799694 0.676525
vt 0.799694 0.694929
vt 0.765777 0.694929
vt 0.765777 0.715100
vt 0.799694 0.715100
vt 0.765777 0.737346
vt 0.799694 0.737346
vt 0.765777 0.759141
vt 0.799694 0.759141
vt 0.765777 0.779414
vt 0.799694 0.779414
vt 0.765777 0.798891
vt 0.799694 0.798891
vt 0.765777 0.818698
vt 0.799694 0.818698
vt 0.765777 0.839314
vt 0.799694 0.839314
vt 0.765777 0.860237
vt 0.799694 0.860237
vt 0.799694 0.410219
vt 0.765777 0.410219
vt 0.799694 0.385805
vt 0.765777 0.385805
vt 0.799694 0.361846
vt 0.765777 0.361846
vt 0.799694 0.338632
vt 0.765777 0.338632
vt 0.799694 0.316096
vt 0.765777 0.316096
vt 0.799694 0.293409
vt 0.765777 0.293409
vt 0.799694 0.270497
vt 0.765777 0.270497
vt 0.799694 0.248049
vt 0.765777 0.248049
vt 0.799694 0.924746
vt 0.765777 0.924746
vt 0.765777 0.946663
vt 0.799694 0.946663
vt 0.799694 0.903082
vt 0.765777 0.903082
vt 0.799694 0.881298
vt 0.765777 0.881298
vt 0.258262 0.167457
vt 0.258262 0.175286
vt 0.275582 0.175286
vt 0.275582 0.167457
vt 0.187493 0.167457
vt 0.187493 0.175286
vt 0.207389 0.175286
vt 0.207389 0.167457
vt 0.168071 0.167457
vt 0.168071 0.175286
vt 0.133285 0.167457
vt 0.133285 0.175286
vt 0.150494 0.175286
vt 0.150494 0.167457
vt 0.097730 0.167457
vt 0.097730 0.175286
vt 0.115776 0.175286
vt 0.115776 0.167457
vt 0.502040 0.167457
vt 0.502040 0.175286
vt 0.523061 0.175286
vt 0.523061 0.167457
vt 0.543283 0.167457
vt 0.543283 0.175286
vt 0.562571 0.175286
vt 0.562571 0.167457
vt 0.582620 0.175286
vt 0.582620 0.167457
vt 0.003906 0.167457
vt 0.003906 0.175286
vt 0.023173 0.175286
vt 0.023173 0.167457
vt 0.042202 0.167457
vt 0.042202 0.175286
vt 0.060991 0.175286
vt 0.060991 0.167457
vt 0.079275 0.167457
vt 0.079275 0.175286
vt 0.226619 0.195482
vt 0.248232 0.195482
vt 0.248232 0.187541
vt 0.226619 0.187541
vt 0.270106 0.195482
vt 0.270106 0.187541
vt 0.291684 0.195482
vt 0.291684 0.187541
vt 0.312039 0.195482
vt 0.312039 0.187541
vt 0.330731 0.195482
vt 0.330731 0.187541
vt 0.349722 0.195482
vt 0.349722 0.187541
vt 0.368386 0.195482
vt 0.368386 0.187541
vt 0.386231 0.195482
vt 0.386231 0.187541
vt 0.403108 0.195482
vt 0.403108 0.187541
vt 0.420041 0.195482
vt 0.438649 0.195482
vt 0.438649 0.187541
vt 0.420041 0.187541
vt 0.459149 0.195482
vt 0.459149 0.187541
vt 0.479265 0.195482
vt 0.479265 0.187541
vt 0.498756 0.195482
vt 0.498756 0.187541
vt 0.517394 0.195482
vt 0.517394 0.187541
vt 0.536199 0.195482
vt 0.536199 0.187541
vt 0.555701 0.195482
vt 0.555701 0.187541
vt 0.575447 0.195482
vt 0.575447 0.187541
vt 0.155678 0.195482
vt 0.179368 0.195482
vt 0.179368 0.187541
vt 0.155678 0.187541
vt 0.203860 0.195482
vt 0.203860 0.187541
vt 0.132907 0.195482
vt 0.132907 0.187541
vt 0.110547 0.195482
vt 0.110547 0.187541
vt 0.088575 0.195482
vt 0.088575 0.187541
vt 0.067281 0.195482
vt 0.067281 0.187541
vt 0.046300 0.195482
vt 0.046300 0.187541
vt 0.025096 0.195482
vt 0.025096 0.187541
vt 0.003906 0.195482
vt 0.003906 0.187541
vt 0.595847 0.195482
vt 0.616929 0.195482
vt 0.616929 0.187541
vt 0.595847 0.187541
vt 0.637769 0.195482
vt 0.637769 0.187541
vt 0.658275 0.195482
vt 0.658275 0.187541
vt 0.811951 0.387061
vt 0.811951 0.407552
vt 0.845936 0.407552
vt 0.845936 0.387061
vt 0.225385 0.175286
vt 0.225385 0.167457
vt 0.241824 0.175286
vt 0.241824 0.167457
vt 0.294313 0.175286
vt 0.294313 0.167457
vt 0.312232 0.175286
vt 0.312232 0.167457
vt 0.330078 0.175286
vt 0.330078 0.167457
vt 0.349181 0.175286
vt 0.349181 0.167457
vt 0.369657 0.175286
vt 0.369657 0.167457
vt 0.390785 0.175286
vt 0.390785 0.167457
vt 0.412787 0.175286
vt 0.412787 0.167457
vt 0.811951 0.732006
vt 0.811951 0.753909
vt 0.845936 0.753909
vt 0.845936 0.732006
vt 0.434765 0.175286
vt 0.434765 0.167457
vt 0.457820 0.175286
vt 0.457820 0.167457
vt 0.480580 0.175286
vt 0.480580 0.167457
vt 0.811951 0.870074
vt 0.811951 0.892110
vt 0.845936 0.892110
vt 0.845936 0.870074
vt 0.811951 0.913630
vt 0.845936 0.913630
vt 0.811951 0.934129
vt 0.845936 0.934129
vt 0.811951 0.954892
vt 0.845936 0.954892
vt 0.602751 0.175286
vt 0.602751 0.167457
vt 0.621947 0.175286
vt 0.621947 0.167457
vt 0.811951 0.652784
vt 0.811951 0.671640
vt 0.845936 0.671640
vt 0.845936 0.652784
vt 0.811951 0.633603
vt 0.845936 0.633603
vt 0.811951 0.581674
vt 0.811951 0.598653
vt 0.845936 0.598653
vt 0.845936 0.581674
vt 0.811951 0.503387
vt 0.811951 0.522353
vt 0.845936 0.522353
vt 0.845936 0.503387
vt 0.811951 0.447054
vt 0.811951 0.466215
vt 0.845936 0.466215
vt 0.845936 0.447054
vt 0.811951 0.427505
vt 0.845936 0.427505
vt 0.811951 0.366446
vt 0.845936 0.366446
vt 0.811951 0.346196
vt 0.845936 0.346196
vt 0.811951 0.996094
vt 0.845936 0.996094
vt 0.845936 0.975811
vt 0.811951 0.975811
vt 0.845936 0.847598
vt 0.811951 0.847598
vt 0.845936 0.823697
vt 0.811951 0.823697
vt 0.845936 0.799415
vt 0.811951 0.799415
vt 0.845936 0.776441
vt 0.811951 0.776441
vt 0.845936 0.710519
vt 0.811951 0.710519
vt 0.845936 0.690293
vt 0.811951 0.690293
vt 0.845936 0.615612
vt 0.811951 0.615612
vt 0.845936 0.563048
vt 0.811951 0.563048
vt 0.845936 0.542468
vt 0.811951 0.542468
vt 0.845936 0.484911
vt 0.811951 0.484911
vn -0.031124 -0.967664 -0.250316
vn -0.041211 -0.968292 -0.246400
vn -0.041905 -0.970109 -0.239025
vn -0.037122 -0.964898 -0.259987
vn -0.040192 -0.966744 -0.252569
vn -0.018300 -0.963934 -0.265512
vn -0.030019 -0.962639 -0.269120
vn -0.034388 -0.971408 -0.234913
vn -0.020274 -0.968940 -0.246464
vn 0.084560 0.969487 0.230097
vn 0.076630 0.990228 0.116514
vn -0.005922 0.999977 0.003244
vn 0.025234 0.938604 0.344073
vn 0.142289 0.925491 -0.351029
vn 0.015119 0.905251 -0.424609
vn -0.138618 0.908441 -0.394360
vn -0.250530 0.904339 0.345552
vn -0.104384 0.919882 0.378049
vn -0.249846 0.924039 -0.289358
vn -0.007043 -0.999897 -0.012520
vn -0.020457 -0.999624 -0.018285
vn -0.002236 -0.999969 -0.007609
vn -0.002639 -0.999713 -0.023809
vn 0.022483 -0.999487 -0.022806
vn 0.007392 -0.999827 -0.017093
vn 0.006051 -0.999925 -0.010679
vn 0.003123 -0.999987 -0.003979
vn -0.003037 -0.999985 0.004531
vn 0.001490 -0.999985 0.005208
vn 0.001397 -0.999999 0.000163
vn -0.004838 -0.999988 0.000625
vn -0.002647 -0.999978 0.006012
vn -0.007392 -0.999907 -0.011424
vn -0.012527 -0.999763 -0.017827
vn 0.007219 -0.999686 -0.023984
vn -0.352829 0.898460 0.261307
vn -0.379851 0.918126 0.112951
vn 0.136892 0.987323 -0.080332
vn 0.175064 0.961150 -0.213410
vn 0.080904 0.996721 -0.001506
vn 0.062605 0.996962 0.046348
vn -0.357969 0.933083 -0.034857
vn -0.317511 0.935123 -0.157264
vn -0.031955 0.895651 -0.443609
vn 0.402356 0.888717 -0.219754
vn -0.422175 0.877140 -0.228896
vn 0.191977 0.798740 -0.570227
vn -0.233150 0.778617 -0.582577
vn -0.494050 -0.841561 -0.218381
vn 0.488429 -0.842638 -0.226712
vn 0.055287 -0.966046 -0.252387
vn -0.563484 -0.727381 -0.391666
vn -0.522231 -0.703589 -0.481910
vn -0.589032 -0.752095 -0.295624
vn -0.598024 -0.777048 -0.196376
vn -0.590086 -0.801534 -0.096652
vn -0.524383 -0.846373 0.093135
vn -0.468352 -0.865457 0.177851
vn -0.565332 -0.824863 0.000761
vn -0.398799 -0.881584 0.252523
vn -0.317687 -0.894318 0.315072
vn -0.227325 -0.903324 0.363771
vn 0.357766 -0.875257 0.325468
vn 0.437500 -0.858583 0.267262
vn 0.268837 -0.889050 0.370563
vn 0.172969 -0.899548 0.401117
vn 0.506121 -0.839502 0.197681
vn 0.562074 -0.818526 0.118696
vn 0.604172 -0.796193 0.032462
vn 0.591012 -0.683204 -0.428878
vn 0.545065 -0.663997 -0.511872
vn 0.623291 -0.704207 -0.340001
vn 0.641115 -0.726526 -0.247250
vn 0.486495 -0.647033 -0.587087
vn -0.318939 -0.643977 -0.695393
vn -0.231213 -0.629749 -0.741590
vn -0.398137 -0.661331 -0.635711
vn -0.466561 -0.681375 -0.563958
vn 0.631614 -0.773051 -0.058789
vn 0.643962 -0.749648 -0.152779
vn 0.416626 -0.632733 -0.652742
vn 0.337013 -0.621466 -0.707250
vn 0.058723 -0.608639 -0.791271
vn -0.039882 -0.611904 -0.789926
vn 0.155944 -0.609211 -0.777524
vn 0.249440 -0.613543 -0.749229
vn 0.072670 -0.906416 0.416087
vn -0.029364 -0.909409 0.414865
vn -0.130305 -0.908386 0.397311
vn -0.137369 -0.618982 -0.773299
vn 0.440774 0.842028 0.310978
vn 0.443158 0.858529 0.257952
vn 0.046069 0.957815 0.283669
vn 0.440006 0.877683 0.189914
vn 0.429508 0.827203 0.362296
vn 0.404639 0.806179 0.431675
vn 0.359178 0.787984 0.500074
vn 0.290453 0.767459 0.571528
vn 0.327451 0.776186 0.538805
vn 0.230482 0.753666 0.615521
vn 0.423481 0.896599 0.129514
vn 0.395812 0.915984 0.065627
vn 0.178860 0.747887 0.639277
vn 0.116475 0.745415 0.656346
vn 0.042593 0.745786 0.664823
vn -0.029899 0.747922 0.663113
vn -0.100202 0.754681 0.648395
vn -0.171070 0.763750 0.622432
vn -0.231010 0.773612 0.590050
vn -0.279059 0.783839 0.554728
vn -0.321967 0.798072 0.509332
vn -0.363980 0.816389 0.448361
vn -0.397852 0.836775 0.376193
vn -0.417800 0.854072 0.309845
vn 0.362828 0.931817 0.008536
vn 0.328882 0.943492 -0.040738
vn 0.286399 0.954303 -0.085326
vn 0.229144 0.964777 -0.129222
vn 0.161155 0.972923 -0.165679
vn 0.096220 0.977278 -0.188865
vn 0.028181 0.980026 -0.196862
vn -0.049025 0.979941 -0.193163
vn -0.121048 0.976588 -0.177829
vn -0.182292 0.971129 -0.153876
vn -0.234127 0.964714 -0.120466
vn -0.287121 0.954952 -0.075016
vn -0.342703 0.939391 -0.009923
vn -0.388507 0.918810 0.069644
vn -0.415255 0.895129 0.162195
vn -0.423664 0.870883 0.249141
vn -0.976686 -0.092361 0.193787
vn -0.425174 -0.304274 0.852434
vn -0.422758 -0.123128 0.897839
vn -0.973412 0.067433 0.218912
vn 0.348015 -0.379220 0.857367
vn 0.377361 -0.134927 0.916184
vn 0.901401 -0.286025 0.325063
vn 0.921139 -0.015756 0.388915
vn 0.913456 -0.118782 -0.389216
vn 0.934197 0.151685 -0.322906
vn 0.474547 0.033959 -0.879575
vn 0.490665 0.290056 -0.821654
vn -0.181438 0.083245 -0.979873
vn -0.153689 0.365054 -0.918213
vn -0.823548 0.065312 -0.563475
vn -0.810280 0.264801 -0.522806
vn -0.153689 0.365054 -0.918213
vn -0.181438 0.083245 -0.979873
vn 0.171409 -0.873673 0.455317
vn -0.439792 -0.747424 0.497935
vn 0.595297 -0.802359 0.042919
vn 0.619214 -0.633483 -0.463976
vn 0.328089 -0.462344 -0.823769
vn -0.180281 -0.381727 -0.906522
vn -0.703866 -0.402685 -0.585164
vn -0.180281 -0.381727 -0.906522
vn -0.835829 -0.547677 0.037959
vn 0.226479 -0.898232 -0.376678
vn 0.143968 -0.806272 -0.573758
vn 0.328089 -0.462344 -0.823769
vn 0.619214 -0.633483 -0.463976
vn -0.019887 -0.955473 -0.294408
vn -0.068801 -0.939596 -0.335299
vn -0.161630 -0.745172 -0.646989
vn -0.180281 -0.381727 -0.906522
vn -0.489882 -0.741198 -0.458956
vn -0.181427 -0.931567 -0.315066
vn -0.703866 -0.402685 -0.585164
vn -0.517126 -0.847172 -0.121988
vn -0.835829 -0.547677 0.037959
vn -0.211481 -0.953253 -0.215834
vn -0.111100 -0.981781 -0.154153
vn -0.270009 -0.959844 0.076127
vn -0.439792 -0.747424 0.497935
vn -0.014819 -0.999866 -0.006967
vn 0.171409 -0.873673 0.455317
vn -0.054937 -0.979908 -0.191736
vn -0.029619 -0.969105 -0.244863
vn 0.168853 -0.970791 -0.170451
vn 0.595297 -0.802359 0.042919
vn -0.024715 -0.962097 -0.271587
vn 0.706323 0.587078 0.395534
vn 0.709224 0.703463 -0.046269
vn 0.361543 0.915715 0.175367
vn 0.315003 0.896591 0.311285
vn 0.403185 0.821000 -0.404228
vn 0.228325 0.973438 0.016918
vn -0.073976 0.855723 -0.512119
vn -0.011251 0.999592 -0.026243
vn -0.011251 0.999592 -0.026243
vn -0.073976 0.855723 -0.512119
vn -0.518657 0.829221 -0.208297
vn -0.143215 0.973582 0.177841
vn -0.175814 0.940787 0.289843
vn -0.649036 0.691439 0.317275
vn -0.305523 0.572111 0.761147
vn -0.081875 0.917313 0.389658
vn 0.141914 0.892269 0.428622
vn 0.333226 0.515307 0.789569
vn 0.906126 0.115845 0.406835
vn 0.913113 0.300463 -0.275583
vn 0.709224 0.703463 -0.046269
vn 0.706323 0.587078 0.395534
vn 0.485694 0.436443 -0.757376
vn 0.403185 0.821000 -0.404228
vn -0.127374 0.472886 -0.871869
vn -0.073976 0.855723 -0.512119
vn -0.777383 0.381914 -0.499818
vn -0.518657 0.829221 -0.208297
vn -0.073976 0.855723 -0.512119
vn -0.127374 0.472886 -0.871869
vn -0.956125 0.180396 0.230830
vn -0.649036 0.691439 0.317275
vn -0.403684 -0.015613 0.914765
vn -0.305523 0.572111 0.761147
vn 0.397987 -0.026166 0.917018
vn 0.333226 0.515307 0.789569
vn -0.008784 0.202667 -0.979208
vn 0.727665 0.139013 -0.671698
vn 0.769046 0.126876 -0.626475
vn 0.053834 0.209977 -0.976223
vn 0.986020 -0.060206 0.155370
vn 0.982709 -0.075581 0.169031
vn 0.442271 -0.243006 0.863333
vn 0.477576 -0.253579 0.841201
vn -0.415157 -0.251662 0.874249
vn -0.345481 -0.273358 0.897730
vn -0.927180 -0.128360 0.351940
vn -0.896915 -0.153889 0.414561
vn -0.960729 0.022455 -0.276579
vn -0.596355 0.149350 -0.788705
vn -0.576865 0.161423 -0.800731
vn -0.969522 0.014861 -0.244552
vn -0.540360 0.173983 -0.823250
vn -0.976253 0.008058 -0.216482
vn 0.820009 0.107577 -0.562150
vn 0.194098 0.212075 -0.957784
vn 0.978282 -0.091933 0.185775
vn 0.523353 -0.261299 0.811064
vn -0.241573 -0.293633 0.924891
vn -0.851786 -0.181177 0.491565
vn -0.494588 0.170130 -0.852314
vn -0.978302 -0.005345 -0.207116
vn 0.869076 0.071080 -0.489546
vn 0.302608 0.079670 -0.949779
vn 0.978917 -0.102132 0.176889
vn 0.586196 -0.259809 0.767381
vn -0.143225 -0.306043 0.941182
vn -0.809698 -0.207274 0.549024
vn 0.194098 0.212075 -0.957784
vn 0.302608 0.079670 -0.949779
vn -0.944267 -0.173834 -0.279538
vn -0.784091 -0.394227 0.479361
vn -0.411667 -0.028161 -0.910899
vn -0.055224 -0.499958 0.864287
vn 0.600947 -0.441293 0.666426
vn 0.943615 -0.312442 0.109415
vn 0.818483 -0.162571 -0.551050
vn 0.328908 -0.045243 -0.943278
vn 0.328908 -0.045243 -0.943278
vn 0.053834 0.209977 -0.976223
vn -0.008784 0.202667 -0.979208
vn 0.478734 -0.451483 -0.752979
vn -0.475323 -0.474767 -0.740719
vn -0.489726 0.485456 -0.724224
vn 0.487595 0.484806 -0.726095
vn 0.087886 0.987490 -0.130921
vn -0.459628 0.600850 0.654004
vn -0.656221 0.574435 0.489284
vn 0.106144 0.992265 -0.064372
vn -0.802864 0.552034 0.225094
vn 0.104846 0.994369 -0.015400
vn -0.842155 0.530456 -0.096908
vn 0.090151 0.995734 0.019683
vn -0.751208 0.530629 -0.392580
vn 0.075969 0.996368 0.038457
vn -0.545094 0.549020 -0.633600
vn 0.067589 0.995962 0.059090
vn 0.024361 0.302978 -0.952686
vn 0.019527 0.565567 -0.824471
vn -0.280510 0.562352 -0.777865
vn -0.330105 0.265907 -0.905717
vn 0.019527 0.565567 -0.824471
vn 0.015330 0.999881 0.001755
vn 0.035047 0.998240 0.047830
vn -0.280510 0.562352 -0.777865
vn 0.360918 0.353269 -0.863099
vn 0.324764 0.548481 -0.770518
vn 0.324764 0.548481 -0.770518
vn 0.021036 0.998740 -0.045551
vn -0.442634 0.795246 0.414317
vn -0.259176 0.768205 0.585396
vn 0.075183 0.994423 -0.073958
vn 0.615461 0.493032 -0.614920
vn -0.515971 0.835050 0.190960
vn 0.203105 0.976417 -0.073202
vn 0.842872 0.414772 -0.342827
vn -0.513171 0.856933 -0.048183
vn 0.282663 0.959000 0.020506
vn 0.925227 0.378230 0.029946
vn -0.475958 0.832690 -0.283006
vn 0.234220 0.963093 0.132642
vn 0.819291 0.392834 0.417665
vn -0.384398 0.786618 -0.483188
vn 0.096514 0.988384 0.117393
vn 0.584154 0.448334 0.676580
vn -0.217267 0.767953 -0.602530
vn 0.006941 0.999908 -0.011639
vn 0.318549 0.533072 0.783812
vn -0.027654 0.760462 -0.648794
vn 0.014956 0.994284 0.105712
vn 0.040889 0.983638 -0.175458
vn 0.179107 0.734985 -0.654001
vn -0.210275 0.621402 0.754748
vn -0.210275 0.621402 0.754748
vn -0.248167 0.347218 0.904352
vn -0.555454 0.301563 0.774939
vn -0.459628 0.600850 0.654004
vn 0.318549 0.533072 0.783812
vn 0.355044 0.439526 0.825082
vn 0.062951 0.558206 0.827311
vn 0.057463 0.603325 0.795423
vn 0.584154 0.448334 0.676580
vn 0.587703 0.498662 0.637135
vn 0.819291 0.392834 0.417665
vn 0.764527 0.539350 0.352988
vn 0.925227 0.378230 0.029946
vn 0.848081 0.529866 0.000251
vn 0.842872 0.414772 -0.342827
vn 0.807389 0.473726 -0.351719
vn 0.615461 0.493032 -0.614920
vn 0.633843 0.409503 -0.656163
vn 0.142289 0.925491 -0.351029
vn 0.015119 0.905251 -0.424609
vn -0.138618 0.908441 -0.394360
vn -0.633173 0.271487 -0.724835
vn -0.249846 0.924039 -0.289358
vn -0.751208 0.530629 -0.392580
vn -0.844803 0.305486 -0.439301
vn -0.545094 0.549020 -0.633600
vn -0.842155 0.530456 -0.096908
vn -0.941188 0.317852 -0.114609
vn -0.802864 0.552034 0.225094
vn -0.919674 0.307448 0.244285
vn -0.656221 0.574435 0.489284
vn -0.775200 0.292479 0.559930
vn -0.019866 -0.737094 0.675498
vn 0.235089 -0.728755 0.643155
vn 0.306382 0.451633 0.837949
vn -0.027667 0.430730 0.902057
vn 0.245102 0.722706 0.646236
vn 0.267325 0.626245 0.732362
vn 0.516984 0.629129 0.580451
vn 0.466304 0.711110 0.526197
vn 0.457034 -0.729036 0.509536
vn 0.603340 0.445050 0.661749
vn 0.815341 0.415722 0.402982
vn 0.601733 -0.740945 0.298189
vn 0.702462 0.617598 0.353723
vn 0.626517 0.709689 0.322208
vn 0.912753 0.399592 0.084906
vn 0.665843 -0.744479 0.049036
vn 0.787870 0.610452 0.081295
vn 0.701826 0.708040 0.078231
vn 0.877153 0.398461 -0.268014
vn 0.639161 -0.739481 -0.211284
vn 0.757253 0.614022 -0.222586
vn 0.680342 0.707402 -0.191618
vn 0.706515 0.394211 -0.587737
vn 0.525052 -0.723036 -0.448932
vn 0.620720 0.605390 -0.498208
vn 0.566988 0.698976 -0.435841
vn 0.569460 0.473074 -0.672248
vn 0.455498 -0.698069 -0.552468
vn 0.441644 0.661686 -0.605906
vn 0.393361 0.701612 -0.594145
vn -0.919672 0.372817 -0.123330
vn -0.779765 0.370753 -0.504489
vn -0.564715 -0.733657 -0.377948
vn -0.679691 -0.726070 -0.104124
vn -0.657232 0.424432 0.622820
vn -0.866183 0.404264 0.293764
vn -0.671211 -0.710453 0.211501
vn -0.509317 -0.712849 0.482122
vn -0.259176 0.768205 0.585396
vn -0.322967 0.605446 0.727412
vn -0.018992 0.612341 0.790366
vn -0.004342 0.747423 0.664334
vn 0.057463 0.603325 0.795423
vn 0.062951 0.558206 0.827311
vn -0.365590 -0.359748 0.858444
vn -0.382636 0.402060 0.831828
vn -0.699710 0.706200 0.108109
vn -0.654369 -0.749756 0.098328
vn 0.516984 0.629129 0.580451
vn 0.267325 0.626245 0.732362
vn 0.306382 0.451633 0.837949
vn 0.603340 0.445050 0.661749
vn -0.018992 0.612341 0.790366
vn -0.322967 0.605446 0.727412
vn -0.358545 0.423736 0.831801
vn -0.027667 0.430730 0.902057
vn -0.577165 0.610137 0.542783
vn -0.741591 0.614170 0.269885
vn -0.866183 0.404264 0.293764
vn -0.657232 0.424432 0.622820
vn -0.793981 0.602077 -0.084249
vn -0.693188 0.582812 -0.424053
vn -0.779765 0.370753 -0.504489
vn -0.919672 0.372817 -0.123330
vn -0.489406 0.646629 -0.585109
vn -0.607301 0.466013 -0.643442
vn 0.489022 0.662243 -0.567706
vn -0.240548 0.738493 0.629893
vn -0.422436 0.708288 0.565575
vn 0.419160 0.711753 -0.563660
vn -0.589377 0.666647 0.456308
vn 0.511330 0.757138 -0.406551
vn -0.707222 0.666287 0.236431
vn 0.615980 0.759937 -0.207520
vn -0.720512 0.693270 -0.015446
vn 0.681506 0.731725 0.011320
vn -0.644935 0.727639 -0.233668
vn 0.654303 0.703854 0.276544
vn -0.509171 0.727916 -0.459219
vn 0.522211 0.709242 0.473574
vn -0.323168 0.683548 -0.654465
vn 0.295166 0.761883 0.576551
vn -0.066287 0.649559 -0.757417
vn 0.051822 0.792196 0.608063
vn 0.230033 0.608280 -0.759658
vn -0.141694 0.823862 0.548794
vn -0.371148 0.813141 0.448386
vn 0.481130 0.623261 -0.616490
vn 0.609854 0.705505 -0.361027
vn -0.589398 0.730977 0.343922
vn 0.634498 0.760074 -0.140355
vn -0.735286 0.666425 0.123422
vn -0.754608 0.644063 -0.125499
vn 0.629625 0.772596 0.081657
vn 0.565782 0.768289 0.299372
vn -0.680746 0.653850 -0.330249
vn 0.465548 0.767987 0.439843
vn -0.549234 0.655337 -0.518532
vn 0.334539 0.770680 0.542343
vn -0.460487 0.641326 -0.613721
vn 0.124947 0.758899 0.639109
vn -0.465825 0.826966 -0.314855
vn -0.477615 -0.776801 -0.410444
vn 0.101544 -0.826608 0.553541
vn 0.343722 -0.778036 0.525848
vn -0.456413 -0.622550 -0.635703
vn 0.469127 -0.666675 -0.579193
vn 0.200001 -0.699909 -0.685658
vn -0.192688 -0.700662 0.686982
vn -0.418856 -0.733859 0.534800
vn -0.707222 0.666287 0.236431
vn -0.628624 -0.745432 0.221727
vn -0.611566 -0.791185 0.003509
vn -0.720512 0.693270 -0.015446
vn 0.469127 -0.666675 -0.579193
vn 0.481130 0.623261 -0.616490
vn 0.230033 0.608280 -0.759658
vn 0.200001 -0.699909 -0.685658
vn 0.634498 0.760074 -0.140355
vn 0.609854 0.705505 -0.361027
vn 0.670041 -0.635152 -0.384223
vn 0.775853 -0.613335 -0.147895
vn 0.565782 0.768289 0.299372
vn 0.629625 0.772596 0.081657
vn 0.806432 -0.578466 0.122658
vn 0.730249 -0.577222 0.365446
vn 0.334539 0.770680 0.542343
vn 0.465548 0.767987 0.439843
vn 0.565764 -0.663374 0.489742
vn 0.343722 -0.778036 0.525848
vn -0.477615 -0.776801 -0.410444
vn -0.465825 0.826966 -0.314855
vn -0.484605 0.477755 0.732741
vn -0.487954 -0.469184 0.736048
vn -0.465825 0.826966 -0.314855
vn -0.477615 -0.776801 -0.410444
vn -0.456413 -0.622550 -0.635703
vn -0.460487 0.641326 -0.613721
vn -0.418856 -0.733859 0.534800
vn -0.192688 -0.700662 0.686982
vn -0.141694 0.823862 0.548794
vn -0.371148 0.813141 0.448386
vn 0.692105 -0.720670 0.040321
vn -0.591161 -0.805588 0.039452
vn -0.518139 -0.468759 -0.715400
vn 0.441486 -0.450325 -0.776078
vn 0.355241 -0.352192 0.865889
vn -0.379680 -0.349603 0.856517
vn -0.585494 0.804686 0.098376
vn -0.379316 0.352791 0.855370
vn 0.357208 0.342255 0.869059
vn 0.712145 0.695092 0.098474
vn -0.522751 0.489518 -0.697928
vn 0.452924 0.458299 -0.764737
vn 0.565764 -0.663374 0.489742
vn -0.469594 -0.733887 -0.490808
vn -0.469594 -0.733887 -0.490808
vn -0.549234 0.655337 -0.518532
vn 0.730249 -0.577222 0.365446
vn -0.510544 -0.819467 -0.260419
vn -0.510544 -0.819467 -0.260419
vn -0.680746 0.653850 -0.330249
vn 0.806432 -0.578466 0.122658
vn -0.564665 -0.821002 -0.084313
vn -0.564665 -0.821002 -0.084313
vn -0.754608 0.644063 -0.125499
vn 0.775853 -0.613335 -0.147895
vn -0.594603 -0.795971 0.113478
vn -0.594603 -0.795971 0.113478
vn -0.735286 0.666425 0.123422
vn 0.670041 -0.635152 -0.384223
vn -0.551620 -0.763220 0.336468
vn -0.551620 -0.763220 0.336468
vn -0.589398 0.730977 0.343922
vn -0.066287 0.649559 -0.757417
vn -0.057424 -0.720255 -0.691329
vn -0.057424 -0.720255 -0.691329
vn 0.065780 -0.678084 0.732035
vn 0.065780 -0.678084 0.732035
vn 0.051822 0.792196 0.608063
vn -0.284131 -0.749562 -0.597851
vn -0.323168 0.683548 -0.654465
vn -0.453583 -0.788892 -0.414624
vn -0.509171 0.727916 -0.459219
vn -0.284131 -0.749562 -0.597851
vn 0.351238 -0.652758 0.671222
vn 0.351238 -0.652758 0.671222
vn 0.295166 0.761883 0.576551
vn -0.453583 -0.788892 -0.414624
vn 0.589985 -0.609005 0.530123
vn 0.589985 -0.609005 0.530123
vn 0.522211 0.709242 0.473574
vn -0.550193 -0.809476 -0.205028
vn -0.644935 0.727639 -0.233668
vn -0.550193 -0.809476 -0.205028
vn 0.745336 -0.594531 0.301673
vn 0.745336 -0.594531 0.301673
vn 0.654303 0.703854 0.276544
vn -0.611566 -0.791185 0.003509
vn 0.786691 -0.616759 0.026947
vn 0.786691 -0.616759 0.026947
vn 0.681506 0.731725 0.011320
vn -0.545551 -0.730786 0.410274
vn -0.589377 0.666647 0.456308
vn -0.628624 -0.745432 0.221727
vn 0.705810 -0.671143 -0.226713
vn 0.705810 -0.671143 -0.226713
vn 0.615980 0.759937 -0.207520
vn -0.545551 -0.730786 0.410274
vn 0.563553 -0.687201 -0.458435
vn 0.563553 -0.687201 -0.458435
vn 0.511330 0.757138 -0.406551
vn -0.396935 -0.775087 0.491612
vn -0.422436 0.708288 0.565575
vn -0.187173 -0.829177 0.526718
vn -0.240548 0.738493 0.629893
vn -0.396935 -0.775087 0.491612
vn 0.449466 -0.625171 -0.638076
vn 0.449466 -0.625171 -0.638076
vn 0.419160 0.711753 -0.563660
vn -0.187173 -0.829177 0.526718
vn 0.512881 -0.548897 -0.660049
vn 0.512881 -0.548897 -0.660049
vn 0.489022 0.662243 -0.567706
vn -0.073266 0.739131 0.669565
vn 0.519160 0.813509 -0.262060
vn 0.539303 -0.747411 -0.387982
vn -0.026330 -0.829277 0.558218
vn 0.355241 -0.352192 0.865889
vn 0.476935 -0.474638 0.739764
vn -0.487954 -0.469184 0.736048
vn -0.379680 -0.349603 0.856517
vn -0.518139 -0.468759 -0.715400
vn -0.522751 0.489518 -0.697928
vn 0.452924 0.458299 -0.764737
vn 0.441486 -0.450325 -0.776078
vn 0.519160 0.813509 -0.262060
vn 0.539303 -0.747411 -0.387982
vn 0.476935 -0.474638 0.739764
vn 0.479319 0.479951 0.734779
vn -0.484605 0.477755 0.732741
vn -0.379316 0.352791 0.855370
vn 0.357208 0.342255 0.869059
vn 0.479319 0.479951 0.734779
vn 0.452924 0.458299 -0.764737
vn 0.712145 0.695092 0.098474
vn 0.357208 0.342255 0.869059
vn 0.455498 -0.698069 -0.552468
vn 0.235089 -0.728755 0.643155
vn 0.457034 -0.729036 0.509536
vn -0.019866 -0.737094 0.675498
vn -0.268246 -0.732917 0.625202
vn -0.564715 -0.733657 -0.377948
vn -0.483632 -0.712249 -0.508726
vn 0.525052 -0.723036 -0.448932
vn 0.639161 -0.739481 -0.211284
vn 0.665843 -0.744479 0.049036
vn 0.601733 -0.740945 0.298189
vn 0.476935 -0.474638 0.739764
vn 0.539303 -0.747411 -0.387982
vn 0.124947 0.758899 0.639109
vn 0.101544 -0.826608 0.553541
vn -0.026330 -0.829277 0.558218
vn -0.073266 0.739131 0.669565
vn -0.073266 0.739131 0.669565
vn -0.026330 -0.829277 0.558218
vn -0.026330 -0.829277 0.558218
vn 0.539303 -0.747411 -0.387982
vn 0.539303 -0.747411 -0.387982
vn 0.519160 0.813509 -0.262060
vn 0.519160 0.813509 -0.262060
vn -0.073266 0.739131 0.669565
vn 0.566988 0.698976 -0.435841
vn 0.393361 0.701612 -0.594145
vn 0.680342 0.707402 -0.191618
vn 0.626517 0.709689 0.322208
vn 0.701826 0.708040 0.078231
vn 0.466304 0.711110 0.526197
vn 0.245102 0.722706 0.646236
vn -0.004342 0.747423 0.664334
vn 0.014956 0.994284 0.105712
vn 0.057463 0.603325 0.795423
vn -0.027654 0.760462 -0.648794
vn 0.057463 0.603325 0.795423
vn -0.104384 0.919882 0.378049
vn -0.250530 0.904339 0.345552
vn 0.084560 0.969487 0.230097
vn 0.025234 0.938604 0.344073
vn 0.025234 0.938604 0.344073
vn 0.076630 0.990228 0.116514
vn 0.062605 0.996962 0.046348
vn 0.080904 0.996721 -0.001506
vn 0.136892 0.987323 -0.080332
vn 0.175064 0.961150 -0.213410
vn -0.317511 0.935123 -0.157264
vn -0.357969 0.933083 -0.034857
vn -0.379851 0.918126 0.112951
vn -0.352829 0.898460 0.261307
vn -0.268246 -0.732917 0.625202
vn -0.358545 0.423736 0.831801
vn -0.027654 0.760462 -0.648794
vn -0.031955 0.895651 -0.443609
vn -0.233150 0.778617 -0.582577
vn -0.217267 0.767953 -0.602530
vn -0.031955 0.895651 -0.443609
vn -0.027654 0.760462 -0.648794
vn 0.179107 0.734985 -0.654001
vn 0.191977 0.798740 -0.570227
vn 0.456002 0.501070 0.735521
vn 0.477307 -0.445318 0.757542
vn 0.384956 -0.358714 0.850372
vn 0.403693 0.411170 0.817295
vn -0.489406 0.646629 -0.585109
vn -0.384398 0.786618 -0.483188
vn -0.693188 0.582812 -0.424053
vn -0.475958 0.832690 -0.283006
vn -0.475302 -0.446580 0.758060
vn -0.494050 -0.841561 -0.218381
vn -0.469212 0.505128 0.724352
vn -0.793981 0.602077 -0.084249
vn -0.513171 0.856933 -0.048183
vn -0.741591 0.614170 0.269885
vn -0.515971 0.835050 0.190960
vn -0.577165 0.610137 0.542783
vn -0.442634 0.795246 0.414317
vn -0.699710 0.706200 0.108109
vn 0.691158 0.722551 0.014851
vn 0.487595 0.484806 -0.726095
vn -0.489726 0.485456 -0.724224
vn -0.489726 0.485456 -0.724224
vn -0.475323 -0.474767 -0.740719
vn 0.478734 -0.451483 -0.752979
vn 0.621539 -0.778094 0.090879
vn -0.382636 0.402060 0.831828
vn 0.403693 0.411170 0.817295
vn 0.384956 -0.358714 0.850372
vn 0.402356 0.888717 -0.219754
vn 0.191977 0.798740 -0.570227
vn 0.441644 0.661686 -0.605906
vn 0.569460 0.473074 -0.672248
vn 0.620720 0.605390 -0.498208
vn 0.706515 0.394211 -0.587737
vn 0.757253 0.614022 -0.222586
vn 0.877153 0.398461 -0.268014
vn 0.787870 0.610452 0.081295
vn 0.912753 0.399592 0.084906
vn 0.702462 0.617598 0.353723
vn 0.815341 0.415722 0.402982
vn -0.233150 0.778617 -0.582577
vn -0.422175 0.877140 -0.228896
vn 0.456002 0.501070 0.735521
vn -0.475302 -0.446580 0.758060
vn 0.477307 -0.445318 0.757542
vn 0.488429 -0.842638 -0.226712
vn -0.494050 -0.841561 -0.218381
vn -0.382636 0.402060 0.831828
vn -0.469212 0.505128 0.724352
vn 0.402356 0.888717 -0.219754
vn 0.488429 -0.842638 -0.226712
vn -0.607301 0.466013 -0.643442
vn -0.422175 0.877140 -0.228896
vn -0.494050 -0.841561 -0.218381
vn -0.483632 -0.712249 -0.508726
vn -0.509317 -0.712849 0.482122
vn -0.671211 -0.710453 0.211501
vn -0.679691 -0.726070 -0.104124
vn -0.475302 -0.446580 0.758060
vn -0.365590 -0.359748 0.858444
vn -0.164253 0.459404 -0.872908
vn -0.074371 0.882678 -0.464057
vn 0.247419 0.848826 -0.467203
vn 0.253783 0.431423 -0.865718
vn -0.235358 0.250200 -0.939152
vn 0.291632 0.232103 -0.927944
vn 0.558015 -0.754595 0.345262
vn -0.607865 -0.726684 0.320048
vn -0.607865 -0.726684 0.320048
vn 0.558015 -0.754595 0.345262
vn 0.201731 -0.452744 0.868520
vn -0.715019 -0.291059 0.635635
vn 0.217510 -0.875100 0.432307
vn -0.789127 -0.528537 0.312933
vn 0.539671 -0.536264 0.648981
vn -0.630995 -0.523252 0.572759
vn -0.607865 -0.726684 0.320048
vn -0.715019 -0.291059 0.635635
vn -0.789127 -0.528537 0.312933
vn 0.232431 0.970837 0.058746
vn -0.151739 0.986721 0.057940
vn -0.630995 -0.523252 0.572759
vn -0.630995 -0.523252 0.572759
vn 0.539671 -0.536264 0.648981
vn 0.288936 0.782327 0.551798
vn 0.785378 0.507845 0.353943
vn 0.814471 0.572028 -0.097065
vn 0.310419 0.950528 -0.011719
vn 0.927518 0.188908 -0.322529
vn 0.972471 0.069809 0.222324
vn 0.910557 -0.032181 -0.412129
vn 0.974640 -0.126986 0.184262
vn -0.752250 -0.599687 0.272938
vn -0.800689 -0.251183 0.543880
vn -0.756999 0.004472 -0.653401
vn -0.631174 -0.206253 -0.747716
vn -0.911448 -0.182303 0.368820
vn -0.809986 0.040143 -0.585074
vn -0.636786 -0.488915 -0.596210
vn -0.527237 -0.685362 0.502295
vn -0.756999 0.004472 -0.653401
vn -0.800689 -0.251183 0.543880
vn -0.631174 -0.206253 -0.747716
vn -0.756999 0.004472 -0.653401
vn -0.809986 0.040143 -0.585074
vn -0.636786 -0.488915 -0.596210
vn -0.527237 -0.685362 0.502295
vn -0.636786 -0.488915 -0.596210
vn 0.756621 -0.282288 0.589777
vn 0.458237 -0.786092 0.414823
vn 0.418669 -0.465903 -0.779520
vn 0.936357 -0.102459 -0.335764
vn 0.579144 -0.557752 0.594563
vn 0.706965 -0.534065 -0.463655
vn 0.788316 -0.433569 0.436550
vn 0.709999 -0.230953 -0.665253
vn 0.788316 -0.433569 0.436550
vn 0.709999 -0.230953 -0.665253
vn -0.295377 0.955279 -0.013943
vn -0.259848 0.882745 0.391459
vn -0.785359 0.618750 -0.018939
vn -0.752130 0.574186 0.323437
vn -0.977272 0.184481 -0.104434
vn -0.943224 0.110210 0.313339
vn -0.983857 -0.011292 -0.178601
vn -0.932175 -0.157287 0.326052
vn 0.579144 -0.557752 0.594563
vn 0.788316 -0.433569 0.436550
vn 0.756621 -0.282288 0.589777
vn 0.458237 -0.786092 0.414823
vn 0.418669 -0.465903 -0.779520
vn 0.458237 -0.786092 0.414823
vn 0.188307 0.498632 0.846113
vn 0.188597 0.799044 0.570928
vn -0.276803 0.735844 0.617992
vn -0.193934 0.439824 0.876895
vn -0.182906 -0.109236 0.977043
vn 0.315400 -0.114209 0.942061
vn -0.236852 -0.300861 0.923788
vn 0.349271 -0.315035 0.882475
vn -0.650967 -0.442492 -0.616801
vn 0.475164 -0.436301 -0.764108
vn 0.475164 -0.436301 -0.764108
vn -0.650967 -0.442492 -0.616801
vn -0.353871 0.095558 -0.930400
vn 0.613143 0.077281 -0.786182
vn -0.289142 -0.514223 -0.807448
vn 0.716981 -0.230844 -0.657761
vn -0.632346 -0.071628 -0.771367
vn 0.548485 0.045878 -0.834901
vn 0.475164 -0.436301 -0.764108
vn 0.613143 0.077281 -0.786182
vn 0.716981 -0.230844 -0.657761
vn 0.548485 0.045878 -0.834901
vn 0.548485 0.045878 -0.834901
vn -0.632346 -0.071628 -0.771367
vn -0.689745 -0.148566 -0.708647
vn -0.714671 0.311055 -0.626490
vn -0.562757 0.346128 -0.750667
vn -0.543688 -0.139236 -0.827658
vn 0.907204 0.415629 -0.065067
vn 0.938057 -0.240588 -0.249333
vn 0.967088 -0.245730 -0.066011
vn 0.914251 0.388160 0.116089
vn -0.593042 -0.463274 0.658543
vn -0.595812 -0.022472 0.802810
vn -0.751902 0.009884 0.659201
vn -0.726083 -0.451661 0.518466
vn 0.471784 -0.064294 0.879367
vn 0.648641 -0.053041 0.759245
vn -0.654374 0.515924 -0.552826
vn -0.470409 0.531208 -0.704651
vn 0.763901 -0.440116 0.471967
vn 0.785349 -0.005209 0.619031
vn 0.648641 -0.053041 0.759245
vn 0.634116 -0.475462 0.609781
vn 0.890374 0.021470 0.454724
vn 0.850260 -0.416842 0.321405
vn 0.912402 -0.361682 0.191597
vn 0.951907 0.035884 0.304279
vn 0.798235 0.323286 -0.508239
vn 0.669936 0.385173 -0.634687
vn -0.637344 0.178291 0.749670
vn -0.712578 0.211597 0.668924
vn 0.498156 -0.103245 -0.860919
vn 0.519551 0.409898 -0.749701
vn 0.669936 0.385173 -0.634687
vn 0.659978 -0.133755 -0.739283
vn 0.333178 0.434837 -0.836606
vn 0.309568 -0.079617 -0.947538
vn 0.153489 -0.086295 -0.984375
vn 0.153409 0.447885 -0.880832
vn -0.714671 0.311055 -0.626490
vn -0.810827 0.276240 -0.515995
vn 0.743047 0.245134 0.622728
vn 0.636868 0.202229 0.743977
vn -0.816210 -0.236813 -0.526992
vn -0.879540 0.257995 -0.399810
vn -0.810827 0.276240 -0.515995
vn -0.768957 -0.191105 -0.610069
vn -0.938673 0.230465 -0.256475
vn -0.886984 -0.258435 -0.382715
vn -0.944204 -0.285900 -0.163521
vn -0.977112 0.211582 -0.022048
vn -0.595812 -0.022472 0.802810
vn -0.421168 -0.055978 0.905254
vn 0.447073 0.535848 -0.716235
vn 0.576316 0.535614 -0.617234
vn -0.281926 -0.538540 0.794036
vn -0.290225 -0.057749 0.955214
vn -0.421168 -0.055978 0.905254
vn -0.429670 -0.501409 0.750981
vn -0.654374 0.515924 -0.552826
vn -0.668391 -0.005265 -0.743791
vn -0.487562 0.003209 -0.873082
vn -0.470409 0.531208 -0.704651
vn 0.934694 -0.347655 0.074043
vn 0.980049 0.080328 0.181798
vn -0.637344 0.178291 0.749670
vn -0.643827 -0.438218 0.627257
vn -0.727766 -0.378919 0.571644
vn -0.712578 0.211597 0.668924
vn 0.010086 -0.106515 -0.994260
vn 0.002355 0.425910 -0.904763
vn 0.743047 0.245134 0.622728
vn 0.799709 -0.292717 0.524196
vn 0.666476 -0.352888 0.656719
vn 0.636868 0.202229 0.743977
vn -0.931777 -0.362010 0.027207
vn -0.962331 0.196954 0.187423
vn 0.447073 0.535848 -0.716235
vn 0.439680 0.004042 -0.898146
vn 0.588800 0.001200 -0.808278
vn 0.576316 0.535614 -0.617234
vn -0.290225 -0.057749 0.955214
vn -0.112210 -0.060776 0.991824
vn 0.067147 0.580259 -0.811659
vn 0.276172 0.557936 -0.782583
vn 0.143905 -0.503623 0.851854
vn 0.127614 -0.053976 0.990354
vn -0.112210 -0.060776 0.991824
vn -0.086947 -0.536878 0.839168
vn 0.310294 -0.053182 0.949152
vn 0.302033 -0.486560 0.819778
vn 0.456664 -0.493791 0.740019
vn 0.471784 -0.064294 0.879367
vn 0.980049 0.080328 0.181798
vn 0.993544 0.106677 -0.038610
vn -0.909456 0.382988 0.161896
vn -0.919712 0.392566 -0.004635
vn 0.886725 -0.299705 -0.351988
vn 0.960113 0.142124 -0.240799
vn 0.993544 0.106677 -0.038610
vn 0.931251 -0.335111 -0.143083
vn 0.902086 0.209286 -0.377412
vn 0.851098 -0.231206 -0.471356
vn 0.781543 -0.163137 -0.602143
vn 0.798235 0.323286 -0.508239
vn 0.002355 0.425910 -0.904763
vn -0.197019 0.392071 -0.898590
vn 0.188145 0.198482 0.961877
vn -0.028190 0.166175 0.985693
vn -0.358948 -0.149527 -0.921303
vn -0.386620 0.366233 -0.846404
vn -0.197019 0.392071 -0.898590
vn -0.178831 -0.117470 -0.976842
vn -0.962331 0.196954 0.187423
vn -0.921462 0.147079 0.359550
vn 0.882298 0.444023 -0.156187
vn 0.907204 0.415629 -0.065067
vn -0.808682 -0.432846 0.398343
vn -0.846029 0.074057 0.527968
vn -0.921462 0.147079 0.359550
vn -0.883600 -0.408391 0.229061
vn -0.562757 0.346128 -0.750667
vn 0.489363 0.194215 0.850179
vn 0.360970 0.199021 0.911094
vn -0.386620 0.366233 -0.846404
vn 0.867755 -0.281165 0.409815
vn 0.917801 -0.303969 0.255431
vn -0.886984 -0.258435 -0.382715
vn -0.816210 -0.236813 -0.526992
vn 0.967088 -0.245730 -0.066011
vn -0.944204 -0.285900 -0.163521
vn -0.751902 0.009884 0.659201
vn 0.690124 0.512417 -0.511036
vn 0.811605 0.485016 -0.325664
vn -0.846029 0.074057 0.527968
vn 0.103424 -0.004767 -0.994626
vn -0.086947 -0.536878 0.839168
vn -0.281926 -0.538540 0.794036
vn 0.285216 -0.000232 -0.958463
vn -0.310499 0.532015 -0.787750
vn -0.322000 0.022214 -0.946479
vn -0.118747 0.022892 -0.992661
vn -0.148530 0.567547 -0.809833
vn 0.785349 -0.005209 0.619031
vn -0.772335 0.483489 -0.411992
vn -0.985283 -0.168737 0.027284
vn 0.931251 -0.335111 -0.143083
vn 0.934694 -0.347655 0.074043
vn -0.984838 -0.111301 -0.133060
vn -0.803047 0.294041 0.518319
vn -0.876154 -0.246529 0.414220
vn -0.963326 -0.174712 0.203664
vn -0.875278 0.343298 0.340640
vn 0.519551 0.409898 -0.749701
vn -0.514737 0.161926 0.841918
vn 0.211807 -0.440320 0.872500
vn -0.178831 -0.117470 -0.976842
vn 0.010086 -0.106515 -0.994260
vn -0.021422 -0.474047 0.880239
vn 0.390255 -0.418561 0.820066
vn 0.211807 -0.440320 0.872500
vn 0.188145 0.198482 0.961877
vn 0.360970 0.199021 0.911094
vn 0.489363 0.194215 0.850179
vn 0.508421 -0.401450 0.761805
vn -0.879540 0.257995 -0.399810
vn 0.789613 0.273239 0.549410
vn 0.924422 -0.228030 -0.305689
vn -0.883600 -0.408391 0.229061
vn -0.931777 -0.362010 0.027207
vn 0.938057 -0.240588 -0.249333
vn 0.867713 -0.127619 -0.480405
vn 0.924422 -0.228030 -0.305689
vn 0.882298 0.444023 -0.156187
vn 0.811605 0.485016 -0.325664
vn 0.690124 0.512417 -0.511036
vn 0.728155 -0.038061 -0.684355
vn -0.118747 0.022892 -0.992661
vn -0.322000 0.022214 -0.946479
vn 0.302033 -0.486560 0.819778
vn 0.143905 -0.503623 0.851854
vn -0.487562 0.003209 -0.873082
vn 0.456664 -0.493791 0.740019
vn 0.951907 0.035884 0.304279
vn -0.881898 0.418470 -0.217115
vn -0.803845 0.478613 -0.353218
vn 0.890374 0.021470 0.454724
vn -0.963326 -0.174712 0.203664
vn -0.876154 -0.246529 0.414220
vn 0.851098 -0.231206 -0.471356
vn 0.886725 -0.299705 -0.351988
vn -0.727766 -0.378919 0.571644
vn 0.781543 -0.163137 -0.602143
vn 0.153409 0.447885 -0.880832
vn -0.164023 0.157597 0.973786
vn -0.316734 0.163490 0.934318
vn 0.333178 0.434837 -0.836606
vn 0.002355 0.425910 -0.904763
vn 0.010086 -0.106515 -0.994260
vn 0.390255 -0.418561 0.820066
vn 0.508421 -0.401450 0.761805
vn -0.543688 -0.139236 -0.827658
vn -0.358948 -0.149527 -0.921303
vn 0.666476 -0.352888 0.656719
vn -0.689745 -0.148566 -0.708647
vn -0.977112 0.211582 -0.022048
vn 0.914251 0.388160 0.116089
vn 0.852788 0.302929 0.425424
vn -0.938673 0.230465 -0.256475
vn 0.867713 -0.127619 -0.480405
vn 0.728155 -0.038061 -0.684355
vn -0.726083 -0.451661 0.518466
vn -0.808682 -0.432846 0.398343
vn 0.588800 0.001200 -0.808278
vn -0.593042 -0.463274 0.658543
vn 0.127614 -0.053976 0.990354
vn -0.148530 0.567547 -0.809833
vn -0.802958 -0.025960 -0.595470
vn 0.763901 -0.440116 0.471967
vn 0.634116 -0.475462 0.609781
vn -0.668391 -0.005265 -0.743791
vn -0.859530 -0.031110 -0.510138
vn -0.802958 -0.025960 -0.595470
vn -0.772335 0.483489 -0.411992
vn -0.803845 0.478613 -0.353218
vn -0.881898 0.418470 -0.217115
vn -0.935177 -0.056442 -0.349654
vn 0.960113 0.142124 -0.240799
vn -0.875278 0.343298 0.340640
vn -0.540316 -0.475232 0.694416
vn 0.498156 -0.103245 -0.860919
vn 0.659978 -0.133755 -0.739283
vn -0.643827 -0.438218 0.627257
vn -0.350902 -0.479993 0.804036
vn -0.540316 -0.475232 0.694416
vn -0.514737 0.161926 0.841918
vn -0.316734 0.163490 0.934318
vn -0.164023 0.157597 0.973786
vn -0.167390 -0.473346 0.864826
vn -0.028190 0.166175 0.985693
vn -0.021422 -0.474047 0.880239
vn -0.350902 -0.479993 0.804036
vn 0.309568 -0.079617 -0.947538
vn 0.902086 0.209286 -0.377412
vn -0.803047 0.294041 0.518319
vn -0.909456 0.382988 0.161896
vn -0.985283 -0.168737 0.027284
vn -0.984838 -0.111301 -0.133060
vn -0.919712 0.392566 -0.004635
vn -0.859530 -0.031110 -0.510138
vn 0.850260 -0.416842 0.321405
vn 0.310294 -0.053182 0.949152
vn -0.310499 0.532015 -0.787750
vn 0.067147 0.580259 -0.811659
vn 0.103424 -0.004767 -0.994626
vn 0.439680 0.004042 -0.898146
vn -0.429670 -0.501409 0.750981
vn 0.799709 -0.292717 0.524196
vn -0.768957 -0.191105 -0.610069
vn 0.002355 0.425910 -0.904763
vn -0.028190 0.166175 0.985693
vn 0.276172 0.557936 -0.782583
vn 0.285216 -0.000232 -0.958463
vn 0.789613 0.273239 0.549410
vn 0.867755 -0.281165 0.409815
vn -0.021422 -0.474047 0.880239
vn -0.028190 0.166175 0.985693
vn 0.010086 -0.106515 -0.994260
vn 0.153489 -0.086295 -0.984375
vn -0.167390 -0.473346 0.864826
vn -0.021422 -0.474047 0.880239
vn 0.912402 -0.361682 0.191597
vn -0.935177 -0.056442 -0.349654
vn 0.917801 -0.303969 0.255431
vn 0.852788 0.302929 0.425424
vn -0.614684 0.576863 0.537953
vn -0.012902 0.926285 0.376603
vn 0.179167 -0.487675 0.854443
vn 0.306897 -0.483544 0.819756
vn 0.573595 0.739541 0.352232
vn 0.055054 -0.498345 0.865229
vn 0.474012 -0.462647 0.749179
vn 0.476246 -0.202617 0.855649
vn 0.624217 -0.415679 0.661486
vn 0.669455 0.724789 -0.162823
vn 0.716889 -0.375988 0.587115
vn 0.173617 0.962440 0.208727
vn 0.778610 -0.370731 0.506286
vn -0.300708 0.546898 0.781331
vn 0.886094 -0.324604 0.330863
vn 0.902153 -0.097481 0.420259
vn 0.961802 -0.226761 0.153350
vn 0.236814 0.948096 -0.212210
vn 0.980857 -0.183073 0.066369
vn 0.051902 0.604582 0.794850
vn 0.976897 -0.155076 -0.147051
vn 0.989680 0.065931 -0.127229
vn 0.939748 -0.083770 -0.331446
vn -0.094850 0.924956 -0.368048
vn 0.913012 -0.014349 -0.407681
vn 0.125204 0.914168 0.385514
vn 0.860015 0.010223 -0.510166
vn 0.402148 0.642157 0.652619
vn 0.729715 0.035298 -0.682840
vn 0.712390 0.236112 -0.660872
vn 0.581213 0.095920 -0.808078
vn -0.386960 0.914248 -0.120054
vn 0.498695 0.149002 -0.853875
vn 0.107057 0.953409 0.282046
vn 0.375581 0.166739 -0.911667
vn 0.537903 0.777390 0.326076
vn 0.199340 0.175214 -0.964139
vn 0.182153 0.320014 -0.929737
vn 0.182153 0.320014 -0.929737
vn 0.199340 0.175214 -0.964139
vn 0.019186 0.182634 -0.982994
vn -0.396675 0.905850 0.148611
vn -0.119529 0.187223 -0.975018
vn 0.122650 0.972035 0.200261
vn -0.265187 0.181794 -0.946904
vn 0.461651 0.887060 0.001829
vn -0.428117 0.167519 -0.888062
vn -0.438776 0.389391 -0.809845
vn -0.573303 0.142800 -0.806803
vn -0.343312 0.857810 0.382491
vn -0.688063 0.114222 -0.716605
vn -0.008774 0.972805 0.231458
vn 0.132133 0.990816 -0.028699
vn -0.788273 0.088390 -0.608944
vn -0.878822 0.049964 -0.474527
vn -0.863143 0.306778 -0.401087
vn -0.946279 -0.004216 -0.323323
vn -0.176338 0.783475 0.595879
vn -0.979787 -0.053261 -0.192824
vn -0.017708 0.981295 0.191695
vn -0.991581 -0.109193 -0.069596
vn -0.061409 0.944802 -0.321835
vn -0.977412 -0.183762 0.104391
vn -0.978841 0.106036 0.175007
vn -0.929556 -0.240578 0.279372
vn 0.091536 0.625018 0.775225
vn -0.876353 -0.274172 0.396024
vn -0.039772 0.956442 0.289202
vn -0.806880 -0.317232 0.498305
vn -0.338536 0.937330 -0.082496
vn -0.681300 -0.371310 0.630841
vn -0.686926 -0.050421 0.724976
vn -0.542002 -0.404185 0.736796
vn 0.325176 0.777903 0.537706
vn -0.434253 -0.424835 0.794317
vn -0.036418 0.953145 0.300313
vn -0.323503 -0.457994 0.828002
vn -0.557609 0.820785 0.124034
vn -0.137959 -0.495235 0.857735
vn -0.170155 -0.197174 0.965489
vn -0.453561 -0.162476 0.876290
vn 0.877091 -0.270121 0.397172
vn 0.874537 -0.263508 0.407122
vn -0.435090 0.061804 0.898263
vn 0.440868 0.343288 -0.829331
vn 0.473982 0.485905 -0.734328
vn 0.087903 0.953599 0.287961
vn -0.338574 0.403627 0.849972
vn 0.443512 0.741992 -0.502737
vn 0.910662 -0.082390 0.404854
vn -0.427389 0.101477 0.898355
vn 0.375888 0.648720 -0.661718
vn 0.989560 0.060260 -0.130916
vn 0.065557 0.139621 0.988033
vn -0.186083 0.620205 -0.762049
vn 0.980228 -0.098871 -0.171399
vn -0.207749 0.293117 -0.933232
vn -0.143640 0.639117 -0.755578
vn 0.981649 -0.089955 -0.168144
vn 0.122977 0.179599 0.976023
vn 0.069279 -0.230017 0.970718
vn 0.051635 0.968439 0.243842
vn 0.146292 0.513245 0.845682
vn -0.072325 0.865429 -0.495785
vn 0.695963 0.234678 -0.678648
vn 0.599843 0.311985 0.736786
vn -0.649088 0.623611 -0.435654
vn -0.712926 0.288368 -0.639204
vn 0.688324 0.046797 -0.723892
vn 0.710186 -0.074644 0.700046
vn -0.658659 0.456676 -0.598010
vn 0.695576 0.044700 -0.717060
vn 0.717899 0.126338 0.684587
vn -0.539661 0.713838 -0.446320
vn 0.093707 0.981687 0.165862
vn 0.633451 0.453328 0.627083
vn 0.162505 0.211940 -0.963677
vn 0.924829 0.301692 0.231674
vn -0.914933 0.399861 -0.054852
vn 0.162505 0.211940 -0.963677
vn -0.985264 0.111376 -0.129810
vn 0.141250 0.143352 -0.979540
vn 0.141250 0.143352 -0.979540
vn 0.987268 0.041535 0.153548
vn -0.948033 0.302802 -0.097697
vn 0.143106 0.211076 -0.966937
vn 0.143106 0.211076 -0.966937
vn 0.947853 0.259896 0.184470
vn -0.801872 0.596780 -0.029256
vn -0.018847 0.985944 0.166010
vn -0.018847 0.985944 0.166010
vn 0.788797 0.571039 0.227407
vn -0.946279 -0.004216 -0.323323
vn -0.878822 0.049964 -0.474527
vn -0.590211 -0.635009 -0.498413
vn -0.630520 -0.664679 -0.400808
vn -0.630520 -0.664679 -0.400808
vn -0.590211 -0.635009 -0.498413
vn -0.640825 -0.581494 -0.501206
vn -0.690868 -0.605090 -0.395685
vn -0.788273 0.088390 -0.608944
vn -0.533440 -0.607385 -0.588665
vn -0.533440 -0.607385 -0.588665
vn -0.574642 -0.559850 -0.596955
vn -0.723175 -0.630049 -0.282942
vn -0.653384 -0.695628 -0.298648
vn -0.653384 -0.695628 -0.298648
vn -0.979787 -0.053261 -0.192824
vn -0.736570 -0.655726 -0.165792
vn -0.658368 -0.727048 -0.194817
vn -0.658368 -0.727048 -0.194817
vn -0.991581 -0.109193 -0.069596
vn -0.730356 -0.681427 -0.047295
vn -0.645581 -0.758103 -0.092227
vn -0.645581 -0.758103 -0.092227
vn -0.977412 -0.183762 0.104391
vn -0.704367 -0.706440 0.069354
vn -0.615679 -0.787972 0.006339
vn -0.615679 -0.787972 0.006339
vn -0.929556 -0.240578 0.279372
vn -0.569804 -0.815876 0.098334
vn -0.876353 -0.274172 0.396024
vn -0.658991 -0.730062 0.180943
vn -0.569804 -0.815876 0.098334
vn -0.595207 -0.751608 0.284277
vn -0.509529 -0.841093 0.181501
vn -0.509529 -0.841093 0.181501
vn -0.806880 -0.317232 0.498305
vn -0.514572 -0.770448 0.376332
vn -0.436761 -0.862979 0.253983
vn -0.436761 -0.862979 0.253983
vn -0.681300 -0.371310 0.630841
vn -0.419180 -0.786022 0.454376
vn -0.353615 -0.880992 0.314339
vn -0.353615 -0.880992 0.314339
vn -0.542002 -0.404185 0.736796
vn -0.311633 -0.797868 0.516035
vn -0.262306 -0.894707 0.361517
vn -0.262306 -0.894707 0.361517
vn -0.434253 -0.424835 0.794317
vn -0.165060 -0.903806 0.394829
vn -0.323503 -0.457994 0.828002
vn -0.194953 -0.805635 0.559416
vn -0.165060 -0.903806 0.394829
vn -0.072481 -0.809101 0.583182
vn -0.064054 -0.908078 0.413873
vn -0.064054 -0.908078 0.413873
vn -0.137959 -0.495235 0.857735
vn 0.052235 -0.808182 0.586611
vn 0.038587 -0.907427 0.418435
vn 0.038587 -0.907427 0.418435
vn 0.055054 -0.498345 0.865229
vn 0.140783 -0.901853 0.408461
vn 0.179167 -0.487675 0.854443
vn 0.175564 -0.802932 0.569630
vn 0.140783 -0.901853 0.408461
vn 0.293935 -0.793538 0.532822
vn 0.240454 -0.891448 0.384060
vn 0.240454 -0.891448 0.384060
vn 0.306897 -0.483544 0.819756
vn 0.335458 -0.876420 0.345479
vn 0.474012 -0.462647 0.749179
vn 0.403973 -0.780316 0.477402
vn 0.335458 -0.876420 0.345479
vn 0.423588 -0.857102 0.293172
vn 0.624217 -0.415679 0.661486
vn 0.502623 -0.763687 0.405158
vn 0.423588 -0.857102 0.293172
vn 0.502583 -0.833942 0.227929
vn 0.716889 -0.375988 0.587115
vn 0.587241 -0.744166 0.318377
vn 0.502583 -0.833942 0.227929
vn 0.570217 -0.807512 0.150918
vn 0.778610 -0.370731 0.506286
vn 0.655704 -0.722340 0.219720
vn 0.570217 -0.807512 0.150918
vn 0.706445 -0.698831 0.112121
vn 0.624389 -0.778511 0.063715
vn 0.624389 -0.778511 0.063715
vn 0.886094 -0.324604 0.330863
vn 0.738474 -0.674281 -0.001328
vn 0.663253 -0.747726 -0.031643
vn 0.663253 -0.747726 -0.031643
vn 0.961802 -0.226761 0.153350
vn 0.685365 -0.716001 -0.132731
vn 0.980857 -0.183073 0.066369
vn 0.751371 -0.649329 -0.117526
vn 0.685365 -0.716001 -0.132731
vn 0.745234 -0.624605 -0.233440
vn 0.689757 -0.684218 -0.236814
vn 0.689757 -0.684218 -0.236814
vn 0.976897 -0.155076 -0.147051
vn 0.720631 -0.600706 -0.346185
vn 0.676019 -0.653253 -0.340967
vn 0.676019 -0.653253 -0.340967
vn 0.939748 -0.083770 -0.331446
vn 0.644338 -0.623937 -0.442189
vn 0.913012 -0.014349 -0.407681
vn 0.678553 -0.578179 -0.453073
vn 0.644338 -0.623937 -0.442189
vn 0.595459 -0.597047 -0.537553
vn 0.860015 0.010223 -0.510166
vn 0.620332 -0.557525 -0.551683
vn 0.595459 -0.597047 -0.537553
vn 0.530672 -0.573280 -0.624289
vn 0.729715 0.035298 -0.682840
vn 0.547580 -0.539194 -0.639863
vn 0.530672 -0.573280 -0.624289
vn 0.451756 -0.553230 -0.699895
vn 0.581213 0.095920 -0.808078
vn 0.462152 -0.523595 -0.715726
vn 0.451756 -0.553230 -0.699895
vn 0.360883 -0.537375 -0.762228
vn 0.498695 0.149002 -0.853875
vn 0.366102 -0.511065 -0.777677
vn 0.360883 -0.537375 -0.762228
vn 0.260575 -0.526101 -0.809518
vn 0.375581 0.166739 -0.911667
vn 0.261658 -0.501883 -0.824408
vn 0.260575 -0.526101 -0.809518
vn 0.153595 -0.519680 -0.840441
vn 0.199340 0.175214 -0.964139
vn 0.151190 -0.496274 -0.854900
vn 0.153595 -0.519680 -0.840441
vn 0.199340 0.175214 -0.964139
vn 0.153595 -0.519680 -0.840441
vn 0.042882 -0.518248 -0.854154
vn 0.019186 0.182634 -0.982994
vn 0.153595 -0.519680 -0.840441
vn 0.151190 -0.496274 -0.854900
vn 0.037190 -0.494395 -0.868442
vn 0.042882 -0.518248 -0.854154
vn -0.068526 -0.521824 -0.850296
vn -0.119529 0.187223 -0.975018
vn -0.077775 -0.496315 -0.864652
vn -0.068526 -0.521824 -0.850296
vn -0.191048 -0.502031 -0.843484
vn -0.177581 -0.530310 -0.828997
vn -0.177581 -0.530310 -0.828997
vn -0.265187 0.181794 -0.946904
vn -0.281306 -0.543496 -0.790872
vn -0.428117 0.167519 -0.888062
vn -0.299966 -0.511467 -0.805246
vn -0.281306 -0.543496 -0.790872
vn -0.401893 -0.524443 -0.750628
vn -0.376881 -0.561046 -0.737013
vn -0.376881 -0.561046 -0.737013
vn -0.573303 0.142800 -0.806803
vn -0.494260 -0.540686 -0.680710
vn -0.461694 -0.582519 -0.668962
vn -0.461694 -0.582519 -0.668962
vn -0.688063 0.114222 -0.716605
vn 0.471084 -0.283289 0.835360
vn 0.858843 0.363566 -0.360844
vn 0.885213 0.234813 -0.401572
vn 0.452848 -0.375583 0.808620
vn -0.857551 0.097993 0.504979
vn -0.881160 -0.024745 0.472170
vn 0.825714 0.478535 -0.298666
vn 0.451858 -0.369091 0.812156
vn -0.821479 0.244032 0.515384
vn 0.003827 0.954725 0.297464
vn -0.634785 0.569796 0.521901
vn 0.641552 0.759360 -0.108552
vn -0.192616 -0.292329 0.936719
vn -0.925942 0.369957 -0.075916
vn 0.917616 0.287131 0.274838
vn 0.976772 0.020902 0.213257
vn -0.189036 -0.395882 0.898634
vn -0.982688 0.118722 -0.142229
vn 0.868498 0.374758 0.324450
vn -0.193921 -0.393599 0.898596
vn -0.858973 0.511697 0.018211
vn -0.684707 -0.228830 0.691964
vn -0.642090 0.564973 -0.518195
vn 0.666684 0.258685 0.699010
vn 0.729046 -0.034110 0.683615
vn -0.686548 -0.319746 0.653004
vn -0.685885 0.299944 -0.663020
vn 0.637881 0.323954 0.698686
vn -0.692153 -0.315945 0.648925
vn -0.591565 0.632713 -0.499725
vn 0.435312 0.669832 0.601522
vn 0.021988 0.972348 0.232501
vn -0.396869 0.889805 -0.225259
vn -0.989067 -0.063097 0.133287
vn 0.144643 0.010987 0.989423
vn 0.129851 -0.182842 0.974529
vn -0.979359 -0.182716 0.086430
vn -0.143234 0.586993 -0.796821
vn -0.150623 0.358865 -0.921156
vn 0.099238 0.128961 0.986672
vn -0.982888 -0.166646 0.078495
vn -0.115477 0.590091 -0.799036
vn -0.006858 0.964731 0.263148
vn -0.082161 0.820457 -0.565774
vn 0.070219 0.459382 0.885459
vn -0.883797 0.089618 -0.459208
vn 0.402389 0.621872 -0.671832
vn -0.427702 0.064433 0.901621
vn -0.439515 -0.150869 0.885475
vn -0.888343 -0.026384 -0.458422
vn 0.448593 0.347075 -0.823592
vn -0.886199 -0.020346 -0.462858
vn 0.354791 0.662770 -0.659438
vn -0.397662 0.266699 0.877916
vn -0.301472 0.619176 0.725076
vn -0.062262 0.971917 0.226937
vn 0.206922 0.903132 -0.376214
vn -0.462075 0.215864 -0.860168
vn 0.828059 0.453999 -0.328944
vn -0.841302 0.230904 0.488767
vn -0.888855 -0.020181 0.457744
vn -0.442885 0.094047 -0.891632
vn 0.886450 0.218411 -0.408049
vn -0.448366 0.097185 -0.888551
vn 0.757867 0.587740 -0.283195
vn -0.786941 0.388486 0.479377
vn -0.553886 0.722430 0.413891
vn -0.024463 0.982908 0.182464
vn 0.505672 0.854835 -0.116416
vn 0.970404 0.226251 -0.084417
vn -0.143234 0.586993 -0.796821
vn -0.150623 0.358865 -0.921156
vn 0.981064 0.183697 -0.061400
vn 0.144643 0.010987 0.989423
vn 0.129851 -0.182842 0.974529
vn -0.115477 0.590091 -0.799036
vn 0.980468 0.185318 -0.065874
vn 0.099238 0.128961 0.986672
vn -0.006858 0.964731 0.263148
vn 0.070219 0.459382 0.885459
vn -0.082161 0.820457 -0.565774
vn -0.176338 0.783475 0.595879
vn 0.866939 0.074600 0.492799
vn 0.867979 0.095276 0.487376
vn -0.427702 0.064433 0.901621
vn 0.132133 0.990816 -0.028699
vn 0.402389 0.621872 -0.671832
vn 0.448593 0.347075 -0.823592
vn 0.885070 0.035179 0.464126
vn -0.439515 -0.150869 0.885475
vn -0.397662 0.266699 0.877916
vn 0.887849 0.039673 0.458422
vn 0.354791 0.662770 -0.659438
vn 0.206922 0.903132 -0.376214
vn -0.062262 0.971917 0.226937
vn -0.301472 0.619176 0.725076
vn -0.343312 0.857810 0.382491
vn 0.449328 -0.047587 0.892099
vn 0.441339 -0.043474 0.896287
vn -0.841302 0.230904 0.488767
vn 0.461651 0.887060 0.001829
vn 0.828059 0.453999 -0.328944
vn 0.886450 0.218411 -0.408049
vn 0.446493 -0.084397 0.890798
vn -0.888855 -0.020181 0.457744
vn 0.440468 -0.080545 0.894148
vn -0.786941 0.388486 0.479377
vn 0.757867 0.587740 -0.283195
vn 0.505672 0.854835 -0.116416
vn -0.024463 0.982908 0.182464
vn -0.553886 0.722430 0.413891
vn -0.396675 0.905850 0.148611
vn -0.160306 -0.054487 0.985562
vn -0.160184 -0.050428 0.985798
vn -0.914933 0.399861 -0.054852
vn -0.160306 -0.054487 0.985562
vn 0.537903 0.777390 0.326076
vn 0.924829 0.301692 0.231674
vn -0.160184 -0.050428 0.985798
vn 0.987268 0.041535 0.153548
vn -0.152261 -0.103138 0.982944
vn -0.152261 -0.103138 0.982944
vn -0.985264 0.111376 -0.129810
vn 0.947853 0.259896 0.184470
vn -0.152967 -0.075520 0.985341
vn -0.152967 -0.075520 0.985341
vn -0.948033 0.302802 -0.097697
vn 0.788797 0.571039 0.227407
vn -0.018847 0.985944 0.166010
vn -0.018847 0.985944 0.166010
vn -0.801872 0.596780 -0.029256
vn -0.386960 0.914248 -0.120054
vn -0.689626 -0.025091 0.723731
vn -0.688617 -0.022660 0.724771
vn -0.649088 0.623611 -0.435654
vn 0.402148 0.642157 0.652619
vn 0.599843 0.311985 0.736786
vn 0.710186 -0.074644 0.700046
vn -0.696265 -0.033061 0.717023
vn -0.712926 0.288368 -0.639204
vn 0.717899 0.126338 0.684587
vn -0.688010 -0.030487 0.725061
vn -0.658659 0.456676 -0.598010
vn 0.633451 0.453328 0.627083
vn 0.093707 0.981687 0.165862
vn -0.539661 0.713838 -0.446320
vn -0.094850 0.924956 -0.368048
vn -0.976761 0.121261 0.176732
vn -0.974472 0.131142 0.182225
vn -0.186083 0.620205 -0.762049
vn 0.051902 0.604582 0.794850
vn 0.065557 0.139621 0.988033
vn -0.978075 0.110963 0.176229
vn 0.069279 -0.230017 0.970718
vn 0.122977 0.179599 0.976023
vn -0.977147 0.114997 0.178771
vn -0.143640 0.639117 -0.755578
vn -0.207749 0.293117 -0.933232
vn 0.051635 0.968439 0.243842
vn -0.072325 0.865429 -0.495785
vn 0.146292 0.513245 0.845682
vn 0.236814 0.948096 -0.212210
vn -0.893068 0.288829 -0.344976
vn -0.882266 0.310077 -0.354201
vn 0.375888 0.648720 -0.661718
vn -0.300708 0.546898 0.781331
vn -0.427389 0.101477 0.898355
vn -0.453561 -0.162476 0.876290
vn -0.874112 0.274837 -0.400492
vn 0.440868 0.343288 -0.829331
vn -0.871378 0.278955 -0.403590
vn 0.473982 0.485905 -0.734328
vn -0.435090 0.061804 0.898263
vn 0.087903 0.953599 0.287961
vn 0.443512 0.741992 -0.502737
vn -0.338574 0.403627 0.849972
vn -0.465702 0.393892 -0.792446
vn -0.857551 0.097993 0.504979
vn -0.881160 -0.024745 0.472170
vn -0.453919 0.382102 -0.804957
vn 0.858843 0.363566 -0.360844
vn 0.885213 0.234813 -0.401572
vn -0.821479 0.244032 0.515384
vn -0.454792 0.384474 -0.803333
vn 0.825714 0.478535 -0.298666
vn 0.003827 0.954725 0.297464
vn 0.641552 0.759360 -0.108552
vn -0.634785 0.569796 0.521901
vn 0.573595 0.739541 0.352232
vn 0.171689 0.454836 -0.873869
vn 0.180774 0.451900 -0.873560
vn 0.917616 0.287131 0.274838
vn -0.557609 0.820785 0.124034
vn -0.925942 0.369957 -0.075916
vn -0.982688 0.118722 -0.142229
vn 0.176236 0.406582 -0.896455
vn 0.976772 0.020902 0.213257
vn -0.858973 0.511697 0.018211
vn 0.171425 0.408744 -0.896405
vn 0.868498 0.374758 0.324450
vn 0.617921 0.685875 0.384381
vn 0.060312 0.933483 0.353512
vn -0.546073 0.818232 0.179723
vn -0.546073 0.818232 0.179723
vn 0.060312 0.933483 0.353512
vn 0.617921 0.685875 0.384381
vn 0.325176 0.777903 0.537706
vn 0.676081 0.389191 -0.625655
vn 0.669663 0.396530 -0.627945
vn 0.666684 0.258685 0.699010
vn -0.338536 0.937330 -0.082496
vn -0.642090 0.564973 -0.518195
vn -0.685885 0.299944 -0.663020
vn 0.688334 0.336832 -0.642449
vn 0.729046 -0.034110 0.683615
vn -0.591565 0.632713 -0.499725
vn 0.689353 0.331850 -0.643947
vn 0.637881 0.323954 0.698686
vn -0.396869 0.889805 -0.225259
vn 0.021988 0.972348 0.232501
vn 0.435312 0.669832 0.601522
vn 0.896386 0.434507 0.087725
vn 0.443158 0.858529 0.257952
vn 0.440774 0.842028 0.310978
vn 0.876268 0.411370 0.250857
vn 0.896543 0.442703 -0.015001
vn 0.440006 0.877683 0.189914
vn 0.429508 0.827203 0.362296
vn 0.846215 0.353517 0.398681
vn 0.404639 0.806179 0.431675
vn 0.804565 0.297350 0.514061
vn 0.359178 0.787984 0.500074
vn 0.712443 0.282615 0.642304
vn 0.625525 0.271639 0.731390
vn 0.327451 0.776186 0.538805
vn 0.290453 0.767459 0.571528
vn 0.532382 0.230641 0.814478
vn 0.230482 0.753666 0.615521
vn 0.423592 0.182944 0.887187
vn 0.862444 0.494188 -0.109401
vn 0.423481 0.896599 0.129514
vn 0.786754 0.558278 -0.263333
vn 0.395812 0.915984 0.065627
vn 0.178860 0.747887 0.639277
vn 0.329240 0.189280 0.925081
vn 0.116475 0.745415 0.656346
vn 0.175813 0.192901 0.965339
vn 0.042593 0.745786 0.664823
vn 0.001880 0.170766 0.985310
vn -0.029899 0.747922 0.663113
vn -0.132779 0.148068 0.980023
vn -0.132779 0.148068 0.980023
vn -0.029899 0.747922 0.663113
vn -0.100202 0.754681 0.648395
vn -0.257268 0.170149 0.951243
vn -0.171070 0.763750 0.622432
vn -0.411718 0.200518 0.888977
vn -0.231010 0.773612 0.590050
vn -0.545676 0.210502 0.811127
vn -0.279059 0.783839 0.554728
vn -0.637797 0.215249 0.739516
vn -0.321967 0.798072 0.509332
vn -0.715326 0.254256 0.650894
vn -0.363980 0.816389 0.448361
vn -0.803551 0.302358 0.512723
vn -0.397852 0.836775 0.376193
vn -0.876359 0.331895 0.349058
vn -0.417800 0.854072 0.309845
vn -0.910109 0.346582 0.227117
vn 0.700822 0.585504 -0.407471
vn 0.362828 0.931817 0.008536
vn 0.632337 0.585740 -0.507010
vn 0.328882 0.943492 -0.040738
vn 0.546938 0.609904 -0.573477
vn 0.286399 0.954303 -0.085326
vn 0.410296 0.637397 -0.652214
vn 0.229144 0.964777 -0.129222
vn 0.257291 0.635043 -0.728369
vn 0.161155 0.972923 -0.165679
vn 0.150252 0.625856 -0.765329
vn 0.096220 0.977278 -0.188865
vn 0.029711 0.649146 -0.760083
vn 0.028181 0.980026 -0.196862
vn -0.154365 0.655959 -0.738843
vn -0.049025 0.979941 -0.193163
vn -0.121048 0.976588 -0.177829
vn -0.330787 0.624440 -0.707570
vn -0.420753 0.594252 -0.685443
vn -0.182292 0.971129 -0.153876
vn -0.490802 0.595169 -0.636308
vn -0.234127 0.964714 -0.120466
vn -0.617899 0.581012 -0.529742
vn -0.287121 0.954952 -0.075016
vn -0.747374 0.533516 -0.395969
vn -0.342703 0.939391 -0.009923
vn -0.836668 0.482020 -0.260082
vn -0.388507 0.918810 0.069644
vn -0.884928 0.456636 -0.091576
vn -0.415255 0.895129 0.162195
vn -0.911191 0.393204 0.122969
vn -0.423664 0.870883 0.249141
vn -0.017708 0.981295 0.191695
vn -0.061409 0.944802 -0.321835
vn 0.896386 0.434507 0.087725
vn 0.876268 0.411370 0.250857
vn 0.846215 0.353517 0.398681
vn 0.804565 0.297350 0.514061
vn 0.712443 0.282615 0.642304
vn -0.008774 0.972805 0.231458
vn 0.625525 0.271639 0.731390
vn 0.532382 0.230641 0.814478
vn 0.423592 0.182944 0.887187
vn 0.329240 0.189280 0.925081
vn 0.175813 0.192901 0.965339
vn 0.122650 0.972035 0.200261
vn 0.001880 0.170766 0.985310
vn -0.132779 0.148068 0.980023
vn -0.132779 0.148068 0.980023
vn -0.257268 0.170149 0.951243
vn -0.411718 0.200518 0.888977
vn 0.107057 0.953409 0.282046
vn -0.545676 0.210502 0.811127
vn -0.637797 0.215249 0.739516
vn -0.715326 0.254256 0.650894
vn -0.803551 0.302358 0.512723
vn 0.125204 0.914168 0.385514
vn -0.876359 0.331895 0.349058
vn -0.910109 0.346582 0.227117
vn -0.911191 0.393204 0.122969
vn -0.884928 0.456636 -0.091576
vn -0.836668 0.482020 -0.260082
vn -0.747374 0.533516 -0.395969
vn -0.617899 0.581012 -0.529742
vn 0.173617 0.962440 0.208727
vn -0.490802 0.595169 -0.636308
vn 0.669455 0.724789 -0.162823
vn -0.420753 0.594252 -0.685443
vn -0.459765 0.411487 -0.786952
vn -0.330787 0.624440 -0.707570
vn -0.614684 0.576863 0.537953
vn -0.154365 0.655959 -0.738843
vn -0.012902 0.926285 0.376603
vn 0.029711 0.649146 -0.760083
vn 0.150252 0.625856 -0.765329
vn 0.257291 0.635043 -0.728369
vn 0.410296 0.637397 -0.652214
vn -0.036418 0.953145 0.300313
vn 0.546938 0.609904 -0.573477
vn 0.632337 0.585740 -0.507010
vn 0.700822 0.585504 -0.407471
vn 0.786754 0.558278 -0.263333
vn -0.039772 0.956442 0.289202
vn 0.862444 0.494188 -0.109401
vn 0.091536 0.625018 0.775225
vn 0.896543 0.442703 -0.015001
vn 0.972517 0.214740 -0.089988
vn -0.690868 -0.605090 -0.395685
vn -0.640825 -0.581494 -0.501206
vn -0.522231 -0.703589 -0.481910
vn -0.563484 -0.727381 -0.391666
vn -0.574642 -0.559850 -0.596955
vn -0.466561 -0.681375 -0.563958
vn -0.589032 -0.752095 -0.295624
vn -0.723175 -0.630049 -0.282942
vn -0.598024 -0.777048 -0.196376
vn -0.736570 -0.655726 -0.165792
vn -0.590086 -0.801534 -0.096652
vn -0.730356 -0.681427 -0.047295
vn -0.565332 -0.824863 0.000761
vn -0.704367 -0.706440 0.069354
vn -0.524383 -0.846373 0.093135
vn -0.658991 -0.730062 0.180943
vn -0.468352 -0.865457 0.177851
vn -0.595207 -0.751608 0.284277
vn -0.398799 -0.881584 0.252523
vn -0.514572 -0.770448 0.376332
vn -0.317687 -0.894318 0.315072
vn -0.419180 -0.786022 0.454376
vn 0.052235 -0.808182 0.586611
vn 0.072670 -0.906416 0.416087
vn 0.172969 -0.899548 0.401117
vn 0.175564 -0.802932 0.569630
vn 0.268837 -0.889050 0.370563
vn 0.293935 -0.793538 0.532822
vn 0.357766 -0.875257 0.325468
vn 0.403973 -0.780316 0.477402
vn 0.437500 -0.858583 0.267262
vn 0.502623 -0.763687 0.405158
vn 0.506121 -0.839502 0.197681
vn 0.587241 -0.744166 0.318377
vn 0.562074 -0.818526 0.118696
vn 0.655704 -0.722340 0.219720
vn 0.751371 -0.649329 -0.117526
vn 0.643962 -0.749648 -0.152779
vn 0.641115 -0.726526 -0.247250
vn 0.745234 -0.624605 -0.233440
vn 0.623291 -0.704207 -0.340001
vn 0.720631 -0.600706 -0.346185
vn 0.591012 -0.683204 -0.428878
vn 0.678553 -0.578179 -0.453073
vn 0.545065 -0.663997 -0.511872
vn 0.620332 -0.557525 -0.551683
vn -0.401893 -0.524443 -0.750628
vn -0.318939 -0.643977 -0.695393
vn -0.398137 -0.661331 -0.635711
vn -0.494260 -0.540686 -0.680710
vn -0.194953 -0.805635 0.559416
vn -0.311633 -0.797868 0.516035
vn -0.227325 -0.903324 0.363771
vn -0.130305 -0.908386 0.397311
vn -0.072481 -0.809101 0.583182
vn -0.029364 -0.909409 0.414865
vn 0.462152 -0.523595 -0.715726
vn 0.547580 -0.539194 -0.639863
vn 0.486495 -0.647033 -0.587087
vn 0.416626 -0.632733 -0.652742
vn 0.337013 -0.621466 -0.707250
vn 0.366102 -0.511065 -0.777677
vn 0.249440 -0.613543 -0.749229
vn 0.261658 -0.501883 -0.824408
vn 0.155944 -0.609211 -0.777524
vn 0.151190 -0.496274 -0.854900
vn 0.151190 -0.496274 -0.854900
vn 0.155944 -0.609211 -0.777524
vn 0.058723 -0.608639 -0.791271
vn 0.037190 -0.494395 -0.868442
vn -0.039882 -0.611904 -0.789926
vn -0.077775 -0.496315 -0.864652
vn -0.137369 -0.618982 -0.773299
vn -0.191048 -0.502031 -0.843484
vn -0.299966 -0.511467 -0.805246
vn -0.231213 -0.629749 -0.741590
vn 0.604172 -0.796193 0.032462
vn 0.706445 -0.698831 0.112121
vn 0.631614 -0.773051 -0.058789
vn 0.738474 -0.674281 -0.001328
vn -0.046536 0.526106 0.849145
vn -0.044511 -0.873537 0.484719
vn 0.077200 -0.898444 0.432248
vn 0.069955 0.544440 0.835878
vn -0.169177 0.516003 0.839714
vn -0.169634 -0.835568 0.522542
vn -0.455633 0.555737 0.695381
vn -0.496603 -0.776338 0.388181
vn -0.327714 -0.805670 0.493457
vn -0.326270 0.540718 0.775353
vn 0.206164 -0.894854 0.395895
vn 0.226890 0.526490 0.819347
vn 0.354049 -0.878863 0.319765
vn 0.370591 0.523115 0.767472
vn 0.472617 -0.855794 0.210357
vn 0.484165 0.533073 0.693843
vn 0.553067 -0.822237 0.134325
vn 0.589826 0.518386 0.619178
vn 0.609504 -0.790053 0.065732
vn 0.702966 0.515439 0.490063
vn 0.641204 -0.766271 -0.041067
vn 0.769732 0.560774 0.305032
vn 0.640445 -0.754435 -0.143726
vn 0.752759 0.620898 0.218722
vn 0.704604 0.676613 0.213842
vn 0.619803 -0.751925 -0.224617
vn 0.614646 -0.719788 -0.322669
vn 0.665167 0.739691 0.102032
vn 0.616767 -0.653652 -0.438563
vn 0.623670 0.777519 -0.080628
vn 0.581269 -0.597647 -0.552217
vn 0.598687 0.768920 -0.224357
vn 0.471466 -0.571692 -0.671482
vn 0.531945 0.762019 -0.369271
vn 0.367591 -0.556547 -0.745072
vn 0.448417 0.748940 -0.487864
vn 0.316345 -0.559902 -0.765791
vn 0.359943 0.731899 -0.578588
vn 0.176374 -0.597778 -0.782019
vn 0.180170 0.718526 -0.671758
vn 0.017215 -0.662506 -0.748859
vn 0.015520 0.699858 -0.714114
vn -0.555076 0.583835 0.592476
vn -0.595432 -0.764968 0.245530
vn -0.616922 0.644116 0.452241
vn -0.648370 -0.756410 0.086372
vn -0.647003 0.689830 0.324841
vn -0.687114 -0.724680 -0.052085
vn -0.673305 0.713158 0.195105
vn -0.703797 -0.689060 -0.172819
vn -0.715173 0.697368 0.046955
vn -0.693315 -0.646378 -0.318607
vn -0.725413 0.673824 -0.140490
vn -0.637910 -0.611743 -0.467804
vn -0.639048 0.691619 -0.336573
vn -0.523169 -0.620364 -0.584331
vn -0.514419 0.720169 -0.465543
vn -0.384759 -0.652370 -0.652973
vn -0.436273 0.710157 -0.552578
vn -0.261468 -0.679943 -0.685064
vn -0.384759 -0.652370 -0.652973
vn -0.514419 0.720169 -0.465543
vn -0.314998 0.694138 -0.647262
vn -0.109917 -0.700883 -0.704757
vn -0.128750 0.692697 -0.709644
vn -0.018644 -0.703047 -0.710899
vn -0.727376 -0.589150 -0.351891
vn 0.641204 -0.766271 -0.041067
vn 0.609504 -0.790053 0.065732
vn -0.667909 -0.565919 -0.483357
vn -0.672288 -0.728438 0.131932
vn 0.616767 -0.653652 -0.438563
vn 0.614646 -0.719788 -0.322669
vn -0.767948 -0.640474 -0.007009
vn -0.563271 -0.790348 0.240992
vn 0.581269 -0.597647 -0.552217
vn -0.405252 -0.824567 0.394791
vn 0.367591 -0.556547 -0.745072
vn 0.471466 -0.571692 -0.671482
vn -0.481963 -0.811584 0.330218
vn -0.180414 -0.805722 0.564149
vn 0.176374 -0.597778 -0.782019
vn 0.316345 -0.559902 -0.765791
vn -0.270050 -0.836996 0.475932
vn 0.646896 -0.624707 -0.437342
vn -0.648370 -0.756410 0.086372
vn -0.687114 -0.724680 -0.052085
vn 0.699860 -0.648648 -0.299084
vn 0.706041 -0.685576 -0.177458
vn -0.703797 -0.689060 -0.172819
vn -0.693315 -0.646378 -0.318607
vn 0.681349 -0.731299 -0.031072
vn -0.637910 -0.611743 -0.467804
vn 0.639750 -0.763230 0.090556
vn 0.536713 -0.739783 0.405783
vn -0.384759 -0.652370 -0.652973
vn -0.261468 -0.679943 -0.685064
vn 0.427793 -0.719447 0.547165
vn 0.362128 -0.695290 0.620835
vn -0.109917 -0.700883 -0.704757
vn -0.018644 -0.703047 -0.710899
vn 0.185538 -0.708816 0.680555
vn -0.067007 -0.752274 0.655434
vn 0.017215 -0.662506 -0.748859
vn -0.169177 0.516003 0.839714
vn -0.046536 0.526106 0.849145
vn 0.081522 0.861728 -0.500778
vn 0.199272 0.856388 -0.476330
vn 0.069955 0.544440 0.835878
vn -0.105912 0.854472 -0.508586
vn 0.226890 0.526490 0.819347
vn -0.260988 0.853589 -0.450856
vn 0.370591 0.523115 0.767472
vn -0.362978 0.851638 -0.378100
vn 0.484165 0.533073 0.693843
vn -0.484408 0.829249 -0.278739
vn 0.589826 0.518386 0.619178
vn -0.565904 0.812409 -0.140518
vn 0.702966 0.515439 0.490063
vn -0.576691 0.816074 -0.038096
vn 0.769732 0.560774 0.305032
vn -0.585632 0.810411 0.016436
vn 0.752759 0.620898 0.218722
vn -0.637836 0.763185 0.103510
vn 0.704604 0.676613 0.213842
vn 0.665167 0.739691 0.102032
vn -0.707410 0.615268 0.347874
vn -0.692057 0.685382 0.226513
vn 0.623670 0.777519 -0.080628
vn -0.667013 0.587332 0.458405
vn 0.598687 0.768920 -0.224357
vn -0.559378 0.596438 0.575637
vn 0.531945 0.762019 -0.369271
vn -0.429394 0.614151 0.662147
vn 0.448417 0.748940 -0.487864
vn -0.326290 0.634544 0.700635
vn 0.359943 0.731899 -0.578588
vn -0.235840 0.660268 0.713040
vn 0.180170 0.718526 -0.671758
vn -0.178026 0.690686 0.700899
vn 0.015520 0.699858 -0.714114
vn -0.072857 0.713384 0.696975
vn -0.555076 0.583835 0.592476
vn -0.455633 0.555737 0.695381
vn 0.484379 0.805966 -0.340289
vn 0.590139 0.774438 -0.227997
vn -0.326270 0.540718 0.775353
vn 0.332309 0.832582 -0.443146
vn -0.616922 0.644116 0.452241
vn 0.683529 0.723565 -0.096136
vn -0.647003 0.689830 0.324841
vn 0.737861 0.673498 0.044280
vn -0.673305 0.713158 0.195105
vn 0.736804 0.654259 0.170484
vn -0.715173 0.697368 0.046955
vn 0.670505 0.659519 0.339790
vn -0.725413 0.673824 -0.140490
vn 0.562013 0.684258 0.464685
vn -0.639048 0.691619 -0.336573
vn 0.496081 0.696088 0.519004
vn -0.514419 0.720169 -0.465543
vn 0.400633 0.683204 0.610512
vn -0.128750 0.692697 -0.709644
vn -0.314998 0.694138 -0.647262
vn 0.160456 0.707402 0.688357
vn 0.080002 0.718301 0.691118
vn -0.436273 0.710157 -0.552578
vn 0.252633 0.685631 0.682706
vn -0.514419 0.720169 -0.465543
vn 0.400633 0.683204 0.610512
vn 0.362128 -0.695290 0.620835
vn 0.185538 -0.708816 0.680555
vn 0.080002 0.718301 0.691118
vn 0.160456 0.707402 0.688357
vn 0.619803 -0.751925 -0.224617
vn -0.797783 -0.581515 -0.159317
vn 0.640445 -0.754435 -0.143726
vn -0.772029 -0.581521 -0.256523
vn 0.553067 -0.822237 0.134325
vn -0.600128 -0.509694 -0.616489
vn 0.472617 -0.855794 0.210357
vn -0.499241 -0.453727 -0.738167
vn 0.354049 -0.878863 0.319765
vn -0.385622 -0.438746 -0.811663
vn 0.206164 -0.894854 0.395895
vn -0.296655 -0.431214 -0.852086
vn 0.077200 -0.898444 0.432248
vn -0.108813 -0.425615 -0.898338
vn -0.044511 -0.873537 0.484719
vn 0.097375 -0.466152 -0.879329
vn -0.169634 -0.835568 0.522542
vn 0.216046 -0.547258 -0.808599
vn -0.108813 -0.425615 -0.898338
vn 0.097375 -0.466152 -0.879329
vn 0.081522 0.861728 -0.500778
vn -0.105912 0.854472 -0.508586
vn -0.327714 -0.805670 0.493457
vn 0.335052 -0.601585 -0.725146
vn -0.496603 -0.776338 0.388181
vn 0.432617 -0.627846 -0.647033
vn -0.595432 -0.764968 0.245530
vn 0.534297 -0.623804 -0.570434
vn 0.646896 -0.624707 -0.437342
vn 0.699860 -0.648648 -0.299084
vn 0.737861 0.673498 0.044280
vn 0.683529 0.723565 -0.096136
vn 0.706041 -0.685576 -0.177458
vn 0.736804 0.654259 0.170484
vn 0.681349 -0.731299 -0.031072
vn 0.670505 0.659519 0.339790
vn 0.639750 -0.763230 0.090556
vn 0.562013 0.684258 0.464685
vn -0.523169 -0.620364 -0.584331
vn 0.616499 -0.755081 0.223117
vn -0.384759 -0.652370 -0.652973
vn 0.536713 -0.739783 0.405783
vn -0.600128 -0.509694 -0.616489
vn -0.499241 -0.453727 -0.738167
vn -0.484408 0.829249 -0.278739
vn -0.565904 0.812409 -0.140518
vn -0.667909 -0.565919 -0.483357
vn -0.576691 0.816074 -0.038096
vn -0.797783 -0.581515 -0.159317
vn -0.772029 -0.581521 -0.256523
vn -0.637836 0.763185 0.103510
vn -0.692057 0.685382 0.226513
vn -0.481963 -0.811584 0.330218
vn -0.563271 -0.790348 0.240992
vn -0.559378 0.596438 0.575637
vn -0.429394 0.614151 0.662147
vn -0.180414 -0.805722 0.564149
vn -0.270050 -0.836996 0.475932
vn -0.235840 0.660268 0.713040
vn -0.178026 0.690686 0.700899
vn -0.067007 -0.752274 0.655434
vn -0.072857 0.713384 0.696975
vn 0.427793 -0.719447 0.547165
vn 0.252633 0.685631 0.682706
vn 0.536713 -0.739783 0.405783
vn 0.400633 0.683204 0.610512
vn 0.536713 -0.739783 0.405783
vn 0.400633 0.683204 0.610512
vn 0.496081 0.696088 0.519004
vn 0.616499 -0.755081 0.223117
vn 0.590139 0.774438 -0.227997
vn 0.534297 -0.623804 -0.570434
vn 0.484379 0.805966 -0.340289
vn 0.432617 -0.627846 -0.647033
vn 0.332309 0.832582 -0.443146
vn 0.335052 -0.601585 -0.725146
vn 0.199272 0.856388 -0.476330
vn 0.216046 -0.547258 -0.808599
vn -0.260988 0.853589 -0.450856
vn -0.296655 -0.431214 -0.852086
vn -0.362978 0.851638 -0.378100
vn -0.385622 -0.438746 -0.811663
vn -0.585632 0.810411 0.016436
vn -0.727376 -0.589150 -0.351891
vn -0.707410 0.615268 0.347874
vn -0.767948 -0.640474 -0.007009
vn -0.667013 0.587332 0.458405
vn -0.672288 -0.728438 0.131932
vn -0.326290 0.634544 0.700635
vn -0.405252 -0.824567 0.394791
f 1/1/1 2/2/2 3/3/3
f 1/1/1 4/4/4 5/5/5
f 1/1/1 6/6/6 7/7/7
f 1/1/1 8/8/8 9/9/9
f 1/1/1 5/5/5 2/2/2
f 1/1/1 9/9/9 6/6/6
f 1/1/1 7/7/7 4/4/4
f 1/1/1 3/3/3 8/8/8
f 10/10/10 11/11/11 12/12/12
f 12/12/12 13/13/13 10/10/10
f 12/12/12 14/14/14 15/15/15
f 12/12/12 15/15/15 16/16/16
f 12/12/12 17/17/17 18/18/18
f 12/12/12 16/16/16 19/19/19
f 20/20/20 21/21/21 22/22/22
f 21/21/21 23/23/23 22/22/22
f 23/23/23 24/24/24 22/22/22
f 25/25/25 26/26/26 22/22/22
f 26/26/26 27/27/27 22/22/22
f 27/27/27 28/28/28 22/22/22
f 29/29/29 22/22/22 28/28/28
f 29/29/29 30/30/30 22/22/22
f 30/30/30 31/31/31 22/22/22
f 32/32/32 33/33/33 22/22/22
f 22/22/22 33/33/33 34/34/34
f 35/35/35 25/25/25 22/22/22
f 24/24/24 35/35/35 22/22/22
f 34/34/34 20/20/20 22/22/22
f 31/31/31 32/32/32 22/22/22
f 36/36/36 12/12/12 37/37/37
f 38/38/38 39/39/39 12/12/12
f 12/12/12 40/40/40 38/38/38
f 12/12/12 41/41/41 40/40/40
f 13/13/13 12/12/12 18/18/18
f 42/42/42 37/37/37 12/12/12
f 12/12/12 43/43/43 42/42/42
f 11/11/11 41/41/41 12/12/12
f 39/39/39 14/14/14 12/12/12
f 43/43/43 12/12/12 19/19/19
f 17/17/17 12/12/12 36/36/36
f 44/44/44 45/45/45 46/46/46
f 44/44/44 47/47/47 45/45/45
f 48/48/48 44/44/44 46/46/46
f 23/23/23 49/49/49 50/50/50
f 51/51/51 52/52/52 53/53/53
f 52/52/52 51/51/51 54/54/54
f 54/54/54 51/51/51 55/55/55
f 55/55/55 51/51/51 56/56/56
f 57/57/57 51/51/51 58/58/58
f 51/51/51 57/57/57 59/59/59
f 51/51/51 59/59/59 56/56/56
f 58/58/58 51/51/51 60/60/60
f 60/60/60 51/51/51 61/61/61
f 61/61/61 51/51/51 62/62/62
f 63/63/63 51/51/51 64/64/64
f 51/51/51 63/63/63 65/65/65
f 51/51/51 65/65/65 66/66/66
f 64/64/64 51/51/51 67/67/67
f 67/67/67 51/51/51 68/68/68
f 68/68/68 51/51/51 69/69/69
f 70/70/70 51/51/51 71/71/71
f 51/51/51 70/70/70 72/72/72
f 51/51/51 72/72/72 73/73/73
f 71/71/71 51/51/51 74/74/74
f 51/51/51 75/75/75 76/76/76
f 77/77/77 51/51/51 78/78/78
f 78/78/78 51/51/51 53/53/53
f 51/51/51 79/79/79 69/69/69
f 79/79/79 51/51/51 80/80/80
f 80/80/80 51/51/51 73/73/73
f 81/81/81 51/51/51 82/82/82
f 51/51/51 81/81/81 74/74/74
f 83/83/83 51/51/51 84/84/84
f 51/51/51 83/83/83 85/85/85
f 51/51/51 85/85/85 86/86/86
f 51/51/51 86/86/86 82/82/82
f 87/87/87 51/51/51 66/66/66
f 51/51/51 87/87/87 88/88/88
f 51/51/51 88/88/88 89/89/89
f 51/51/51 89/89/89 62/62/62
f 84/84/84 51/51/51 90/90/90
f 90/90/90 51/51/51 76/76/76
f 91/91/91 92/92/92 93/93/93
f 92/92/92 94/94/94 93/93/93
f 95/95/95 91/91/91 93/93/93
f 96/96/96 95/95/95 93/93/93
f 97/97/97 96/96/96 93/93/93
f 98/98/98 99/99/99 93/93/93
f 100/100/100 98/98/98 93/93/93
f 94/94/94 101/101/101 93/93/93
f 101/101/101 102/102/102 93/93/93
f 103/103/103 100/100/100 93/93/93
f 104/104/104 103/103/103 93/93/93
f 105/105/105 104/104/104 93/93/93
f 106/106/106 105/105/105 93/93/93
f 107/107/107 106/106/106 93/93/93
f 108/108/108 107/107/107 93/93/93
f 109/109/109 108/108/108 93/93/93
f 110/110/110 109/109/109 93/93/93
f 111/111/111 110/110/110 93/93/93
f 112/112/112 111/111/111 93/93/93
f 113/113/113 112/112/112 93/93/93
f 114/114/114 113/113/113 93/93/93
f 102/102/102 115/115/115 93/93/93
f 115/115/115 116/116/116 93/93/93
f 116/116/116 117/117/117 93/93/93
f 117/117/117 118/118/118 93/93/93
f 118/118/118 119/119/119 93/93/93
f 119/119/119 120/120/120 93/93/93
f 120/120/120 121/121/121 93/93/93
f 121/121/121 122/122/122 93/93/93
f 123/123/123 124/124/124 93/93/93
f 122/122/122 123/123/123 93/93/93
f 124/124/124 125/125/125 93/93/93
f 125/125/125 126/126/126 93/93/93
f 126/126/126 127/127/127 93/93/93
f 127/127/127 128/128/128 93/93/93
f 128/128/128 129/129/129 93/93/93
f 129/129/129 130/130/130 93/93/93
f 130/130/130 114/114/114 93/93/93
f 93/93/93 99/99/99 97/97/97
f 75/75/75 51/51/51 77/77/77
f 131/131/131 132/132/132 133/133/133
f 131/131/131 133/133/133 134/134/134
f 135/135/135 136/136/136 133/133/133
f 135/135/135 133/133/133 132/132/132
f 137/137/137 138/138/138 136/136/136
f 137/137/137 136/136/136 135/135/135
f 137/137/137 139/139/139 140/140/140
f 137/137/137 140/140/140 138/138/138
f 141/141/141 142/142/142 140/140/140
f 141/141/141 140/140/140 139/139/139
f 141/141/141 143/143/143 144/144/144
f 141/141/141 144/144/144 142/142/142
f 145/145/145 146/146/146 147/147/147
f 145/145/145 147/147/147 148/148/148
f 131/131/131 134/134/134 146/146/146
f 131/131/131 146/146/146 145/145/145
f 149/149/149 135/135/135 132/132/132
f 149/149/149 132/132/132 150/150/150
f 151/151/151 137/137/137 135/135/135
f 151/151/151 135/135/135 149/149/149
f 137/137/137 151/151/151 152/152/152
f 137/137/137 152/152/152 139/139/139
f 153/153/153 141/141/141 139/139/139
f 153/153/153 139/139/139 152/152/152
f 141/141/141 153/153/153 154/154/154
f 141/141/141 154/154/154 143/143/143
f 155/155/155 145/145/145 148/148/148
f 155/155/155 148/148/148 156/156/156
f 157/157/157 131/131/131 145/145/145
f 157/157/157 145/145/145 155/155/155
f 131/131/131 157/157/157 150/150/150
f 131/131/131 150/150/150 132/132/132
f 158/158/158 159/159/159 160/160/160
f 158/158/158 160/160/160 161/161/161
f 159/159/159 162/162/162 163/163/163
f 159/159/159 163/163/163 164/164/164
f 159/159/159 164/164/164 165/165/165
f 159/159/159 165/165/165 160/160/160
f 166/166/166 164/164/164 163/163/163
f 166/166/166 163/163/163 167/167/167
f 166/166/166 168/168/168 165/165/165
f 166/166/166 165/165/165 164/164/164
f 166/166/166 169/169/169 170/170/170
f 166/166/166 170/170/170 168/168/168
f 169/169/169 171/171/171 172/172/172
f 169/169/169 172/172/172 173/173/173
f 169/169/169 173/173/173 174/174/174
f 169/169/169 174/174/174 170/170/170
f 173/173/173 175/175/175 176/176/176
f 173/173/173 176/176/176 174/174/174
f 175/175/175 177/177/177 178/178/178
f 175/175/175 178/178/178 179/179/179
f 175/175/175 179/179/179 180/180/180
f 175/175/175 180/180/180 176/176/176
f 179/179/179 178/178/178 181/181/181
f 179/179/179 181/181/181 158/158/158
f 179/179/179 158/158/158 161/161/161
f 179/179/179 161/161/161 180/180/180
f 182/182/182 183/183/183 184/184/184
f 182/182/182 184/184/184 185/185/185
f 186/186/186 187/187/187 184/184/184
f 186/186/186 184/184/184 183/183/183
f 187/187/187 186/186/186 188/188/188
f 187/187/187 188/188/188 189/189/189
f 190/190/190 191/191/191 192/192/192
f 190/190/190 192/192/192 193/193/193
f 194/194/194 195/195/195 196/196/196
f 194/194/194 196/196/196 197/197/197
f 198/198/198 199/199/199 182/182/182
f 198/198/198 182/182/182 185/185/185
f 200/200/200 201/201/201 202/202/202
f 200/200/200 202/202/202 203/203/203
f 204/204/204 205/205/205 202/202/202
f 204/204/204 202/202/202 201/201/201
f 205/205/205 204/204/204 206/206/206
f 205/205/205 206/206/206 207/207/207
f 208/208/208 209/209/209 210/210/210
f 208/208/208 210/210/210 211/211/211
f 212/212/212 213/213/213 209/209/209
f 212/212/212 209/209/209 208/208/208
f 213/213/213 212/212/212 214/214/214
f 213/213/213 214/214/214 215/215/215
f 216/216/216 217/217/217 215/215/215
f 216/216/216 215/215/215 214/214/214
f 200/200/200 203/203/203 217/217/217
f 200/200/200 217/217/217 216/216/216
f 134/134/134 212/212/212 208/208/208
f 134/134/134 208/208/208 146/146/146
f 146/146/146 208/208/208 211/211/211
f 146/146/146 211/211/211 147/147/147
f 204/204/204 142/142/142 144/144/144
f 204/204/204 144/144/144 206/206/206
f 200/200/200 138/138/138 140/140/140
f 200/200/200 140/140/140 201/201/201
f 200/200/200 216/216/216 136/136/136
f 200/200/200 136/136/136 138/138/138
f 134/134/134 133/133/133 214/214/214
f 134/134/134 214/214/214 212/212/212
f 166/166/166 167/167/167 171/171/171
f 166/166/166 171/171/171 169/169/169
f 193/193/193 192/192/192 195/195/195
f 193/193/193 195/195/195 194/194/194
f 158/158/158 181/181/181 162/162/162
f 158/158/158 162/162/162 159/159/159
f 204/204/204 201/201/201 140/140/140
f 204/204/204 140/140/140 142/142/142
f 173/173/173 172/172/172 177/177/177
f 173/173/173 177/177/177 175/175/175
f 216/216/216 214/214/214 133/133/133
f 216/216/216 133/133/133 136/136/136
f 197/197/197 196/196/196 199/199/199
f 197/197/197 199/199/199 198/198/198
f 2/2/2 177/177/177 172/172/172
f 2/2/2 172/172/172 3/3/3
f 4/4/4 181/181/181 178/178/178
f 4/4/4 178/178/178 5/5/5
f 6/6/6 163/163/163 162/162/162
f 6/6/6 162/162/162 7/7/7
f 8/8/8 171/171/171 167/167/167
f 8/8/8 167/167/167 9/9/9
f 5/5/5 178/178/178 177/177/177
f 5/5/5 177/177/177 2/2/2
f 9/9/9 167/167/167 163/163/163
f 9/9/9 163/163/163 6/6/6
f 7/7/7 162/162/162 181/181/181
f 7/7/7 181/181/181 4/4/4
f 3/3/3 172/172/172 171/171/171
f 3/3/3 171/171/171 8/8/8
f 218/218/218 219/219/219 220/220/220
f 218/218/218 220/220/220 221/221/221
f 219/219/219 222/222/222 223/223/223
f 219/219/219 223/223/223 220/220/220
f 222/222/222 224/224/224 225/225/225
f 222/222/222 225/225/225 223/223/223
f 224/224/224 226/226/226 227/227/227
f 224/224/224 227/227/227 225/225/225
f 226/226/226 228/228/228 229/229/229
f 226/226/226 229/229/229 227/227/227
f 230/230/230 231/231/231 232/232/232
f 230/230/230 232/232/232 233/233/233
f 233/233/233 232/232/232 234/234/234
f 233/233/233 234/234/234 235/235/235
f 221/221/221 220/220/220 236/236/236
f 221/221/221 236/236/236 237/237/237
f 220/220/220 223/223/223 238/238/238
f 220/220/220 238/238/238 236/236/236
f 223/223/223 225/225/225 239/239/239
f 223/223/223 239/239/239 238/238/238
f 225/225/225 227/227/227 240/240/240
f 225/225/225 240/240/240 239/239/239
f 227/227/227 229/229/229 241/241/241
f 227/227/227 241/241/241 240/240/240
f 229/229/229 233/233/233 235/235/235
f 229/229/229 235/235/235 241/241/241
f 235/235/235 234/234/234 242/242/242
f 235/235/235 242/242/242 243/243/243
f 237/237/237 236/236/236 244/244/244
f 237/237/237 244/244/244 245/245/245
f 236/236/236 238/238/238 246/246/246
f 236/236/236 246/246/246 244/244/244
f 238/238/238 239/239/239 247/247/247
f 238/238/238 247/247/247 246/246/246
f 239/239/239 240/240/240 248/248/248
f 239/239/239 248/248/248 247/247/247
f 240/240/240 241/241/241 249/249/249
f 240/240/240 249/249/249 248/248/248
f 241/241/241 235/235/235 243/243/243
f 241/241/241 243/243/243 249/249/249
f 250/250/250 251/251/251 242/242/242
f 250/250/250 242/242/242 234/234/234
f 252/252/252 253/253/253 249/249/249
f 252/252/252 249/249/249 243/243/243
f 254/254/254 252/252/252 243/243/243
f 254/254/254 243/243/243 242/242/242
f 255/255/255 256/256/256 247/247/247
f 255/255/255 247/247/247 248/248/248
f 253/253/253 255/255/255 248/248/248
f 253/253/253 248/248/248 249/249/249
f 257/257/257 258/258/258 244/244/244
f 257/257/257 244/244/244 246/246/246
f 256/256/256 257/257/257 246/246/246
f 256/256/256 246/246/246 247/247/247
f 259/259/259 254/254/254 242/242/242
f 259/259/259 242/242/242 251/251/251
f 258/258/258 260/260/260 245/245/245
f 258/258/258 245/245/245 244/244/244
f 261/261/261 250/250/250 234/234/234
f 261/261/261 234/234/234 232/232/232
f 262/262/262 261/261/261 232/232/232
f 262/262/262 232/232/232 231/231/231
f 228/228/228 230/230/230 233/233/233
f 228/228/228 233/233/233 229/229/229
f 263/263/263 264/264/264 265/265/265
f 263/263/263 265/265/265 266/266/266
f 267/267/267 268/268/268 269/269/269
f 267/267/267 269/269/269 270/270/270
f 270/270/270 269/269/269 271/271/271
f 270/270/270 271/271/271 272/272/272
f 272/272/272 271/271/271 273/273/273
f 272/272/272 273/273/273 274/274/274
f 274/274/274 273/273/273 275/275/275
f 274/274/274 275/275/275 276/276/276
f 276/276/276 275/275/275 277/277/277
f 276/276/276 277/277/277 278/278/278
f 279/279/279 280/280/280 281/281/281
f 279/279/279 281/281/281 282/282/282
f 283/283/283 284/284/284 285/285/285
f 283/283/283 285/285/285 286/286/286
f 287/287/287 288/288/288 280/280/280
f 287/287/287 280/280/280 279/279/279
f 283/283/283 289/289/289 290/290/290
f 283/283/283 290/290/290 284/284/284
f 291/291/291 292/292/292 290/290/290
f 291/291/291 290/290/290 293/293/293
f 290/290/290 289/289/289 294/294/294
f 290/290/290 294/294/294 293/293/293
f 295/295/295 291/291/291 293/293/293
f 295/295/295 293/293/293 296/296/296
f 293/293/293 294/294/294 297/297/297
f 293/293/293 297/297/297 296/296/296
f 298/298/298 295/295/295 296/296/296
f 298/298/298 296/296/296 299/299/299
f 296/296/296 297/297/297 300/300/300
f 296/296/296 300/300/300 299/299/299
f 301/301/301 298/298/298 299/299/299
f 301/301/301 299/299/299 302/302/302
f 299/299/299 300/300/300 303/303/303
f 299/299/299 303/303/303 302/302/302
f 304/304/304 301/301/301 302/302/302
f 304/304/304 302/302/302 305/305/305
f 302/302/302 303/303/303 306/306/306
f 302/302/302 306/306/306 305/305/305
f 307/307/307 304/304/304 305/305/305
f 307/307/307 305/305/305 308/308/308
f 305/305/305 306/306/306 309/309/309
f 305/305/305 309/309/309 308/308/308
f 310/310/310 311/311/311 312/312/312
f 310/310/310 312/312/312 313/313/313
f 312/312/312 314/314/314 268/268/268
f 312/312/312 268/268/268 267/267/267
f 315/315/315 316/316/316 317/317/317
f 315/315/315 317/317/317 318/318/318
f 319/319/319 320/320/320 321/321/321
f 319/319/319 321/321/321 322/322/322
f 323/323/323 324/324/324 320/320/320
f 323/323/323 320/320/320 319/319/319
f 325/325/325 326/326/326 324/324/324
f 325/325/325 324/324/324 323/323/323
f 327/327/327 328/328/328 326/326/326
f 327/327/327 326/326/326 325/325/325
f 329/329/329 330/330/330 328/328/328
f 329/329/329 328/328/328 327/327/327
f 331/331/331 332/332/332 330/330/330
f 331/331/331 330/330/330 329/329/329
f 288/288/288 287/287/287 332/332/332
f 288/288/288 332/332/332 331/331/331
f 333/333/333 287/287/287 279/279/279
f 333/333/333 279/279/279 334/334/334
f 334/334/334 279/279/279 282/282/282
f 334/334/334 282/282/282 335/335/335
f 335/335/335 282/282/282 336/336/336
f 335/335/335 336/336/336 337/337/337
f 338/338/338 339/339/339 336/336/336
f 338/338/338 336/336/336 340/340/340
f 341/341/341 342/342/342 339/339/339
f 341/341/341 339/339/339 338/338/338
f 343/343/343 344/344/344 342/342/342
f 343/343/343 342/342/342 341/341/341
f 345/345/345 346/346/346 344/344/344
f 345/345/345 344/344/344 343/343/343
f 318/318/318 317/317/317 346/346/346
f 318/318/318 346/346/346 345/345/345
f 347/347/347 348/348/348 349/349/349
f 347/347/347 349/349/349 350/350/350
f 351/351/351 352/352/352 353/353/353
f 351/351/351 353/353/353 354/354/354
f 348/348/348 355/355/355 356/356/356
f 348/348/348 356/356/356 349/349/349
f 357/357/357 356/356/356 355/355/355
f 357/357/357 355/355/355 358/358/358
f 354/354/354 353/353/353 359/359/359
f 354/354/354 359/359/359 360/360/360
f 361/361/361 357/357/357 358/358/358
f 361/361/361 358/358/358 362/362/362
f 360/360/360 359/359/359 363/363/363
f 360/360/360 363/363/363 364/364/364
f 365/365/365 361/361/361 362/362/362
f 365/365/365 362/362/362 366/366/366
f 364/364/364 363/363/363 367/367/367
f 364/364/364 367/367/367 368/368/368
f 369/369/369 365/365/365 366/366/366
f 369/369/369 366/366/366 370/370/370
f 368/368/368 367/367/367 371/371/371
f 368/368/368 371/371/371 372/372/372
f 373/373/373 369/369/369 370/370/370
f 373/373/373 370/370/370 374/374/374
f 372/372/372 371/371/371 375/375/375
f 372/372/372 375/375/375 376/376/376
f 377/377/377 378/378/378 379/379/379
f 377/377/377 379/379/379 380/380/380
f 381/381/381 382/382/382 383/383/383
f 381/381/381 383/383/383 384/384/384
f 385/385/385 386/386/386 387/387/387
f 385/385/385 387/387/387 388/388/388
f 277/277/277 286/286/286 285/285/285
f 277/277/277 285/285/285 278/278/278
f 282/282/282 281/281/281 340/340/340
f 282/282/282 340/340/340 336/336/336
f 389/389/389 390/390/390 316/316/316
f 389/389/389 316/316/316 315/315/315
f 391/391/391 392/392/392 393/393/393
f 391/391/391 393/393/393 394/394/394
f 395/395/395 396/396/396 397/397/397
f 395/395/395 397/397/397 398/398/398
f 399/399/399 400/400/400 401/401/401
f 399/399/399 401/401/401 402/402/402
f 403/403/403 404/404/404 405/405/405
f 403/403/403 405/405/405 406/406/406
f 407/407/407 408/408/408 409/409/409
f 407/407/407 409/409/409 410/410/410
f 408/408/408 411/411/411 412/412/412
f 408/408/408 412/412/412 409/409/409
f 413/413/413 414/414/414 415/415/415
f 413/413/413 415/415/415 416/416/416
f 416/416/416 415/415/415 417/417/417
f 416/416/416 417/417/417 418/418/418
f 418/418/418 417/417/417 419/419/419
f 418/418/418 419/419/419 420/420/420
f 420/420/420 419/419/419 421/421/421
f 420/420/420 421/421/421 422/422/422
f 422/422/422 421/421/421 423/423/423
f 422/422/422 423/423/423 424/424/424
f 424/424/424 423/423/423 425/425/425
f 424/424/424 425/425/425 426/426/426
f 426/426/426 425/425/425 427/427/427
f 426/426/426 427/427/427 428/428/428
f 428/428/428 427/427/427 429/429/429
f 428/428/428 429/429/429 430/430/430
f 430/430/430 429/429/429 431/431/431
f 430/430/430 431/431/431 432/432/432
f 433/433/433 432/432/432 431/431/431
f 433/433/433 431/431/431 434/434/434
f 433/433/433 434/434/434 435/435/435
f 433/433/433 435/435/435 436/436/436
f 436/436/436 435/435/435 437/437/437
f 436/436/436 437/437/437 438/438/438
f 439/439/439 440/440/440 441/441/441
f 439/439/439 441/441/441 442/442/442
f 442/442/442 441/441/441 443/443/443
f 442/442/442 443/443/443 444/444/444
f 444/444/444 443/443/443 445/445/445
f 444/444/444 445/445/445 446/446/446
f 447/447/447 448/448/448 446/446/446
f 447/447/447 446/446/446 445/445/445
f 449/449/449 450/450/450 451/451/451
f 449/449/449 451/451/451 452/452/452
f 453/453/453 454/454/454 455/455/455
f 453/453/453 455/455/455 456/456/456
f 457/457/457 458/458/458 459/459/459
f 457/457/457 459/459/459 460/460/460
f 461/461/461 462/462/462 463/463/463
f 461/461/461 463/463/463 464/464/464
f 465/465/465 466/466/466 467/467/467
f 465/465/465 467/467/467 468/468/468
f 469/469/469 470/470/470 471/471/471
f 469/469/469 471/471/471 472/472/472
f 473/473/473 474/474/474 475/475/475
f 473/473/473 475/475/475 476/476/476
f 477/477/477 478/478/478 479/479/479
f 477/477/477 479/479/479 480/480/480
f 481/481/481 482/482/482 483/483/483
f 481/481/481 483/483/483 484/484/484
f 485/485/485 486/486/486 487/487/487
f 485/485/485 487/487/487 488/488/488
f 489/489/489 490/490/490 491/491/491
f 489/489/489 491/491/491 492/492/492
f 493/493/493 494/494/494 490/490/490
f 493/493/493 490/490/490 489/489/489
f 495/495/495 496/496/496 497/497/497
f 495/495/495 497/497/497 498/498/498
f 499/499/499 495/495/495 498/498/498
f 499/499/499 498/498/498 500/500/500
f 501/501/501 502/502/502 452/452/452
f 501/501/501 452/452/452 451/451/451
f 503/503/503 504/504/504 484/484/484
f 503/503/503 484/484/484 483/483/483
f 505/505/505 506/506/506 502/502/502
f 505/505/505 502/502/502 501/501/501
f 507/507/507 508/508/508 504/504/504
f 507/507/507 504/504/504 503/503/503
f 509/509/509 510/510/510 506/506/506
f 509/509/509 506/506/506 505/505/505
f 511/511/511 512/512/512 508/508/508
f 511/511/511 508/508/508 507/507/507
f 439/439/439 438/438/438 437/437/437
f 439/439/439 437/437/437 440/440/440
f 470/470/470 465/465/465 468/468/468
f 470/470/470 468/468/468 471/471/471
f 513/513/513 514/514/514 510/510/510
f 513/513/513 510/510/510 509/509/509
f 511/511/511 515/515/515 516/516/516
f 511/511/511 516/516/516 512/512/512
f 461/461/461 467/467/467 466/466/466
f 461/461/461 466/466/466 462/462/462
f 517/517/517 518/518/518 514/514/514
f 517/517/517 514/514/514 513/513/513
f 519/519/519 520/520/520 516/516/516
f 519/519/519 516/516/516 515/515/515
f 453/453/453 456/456/456 518/518/518
f 453/453/453 518/518/518 517/517/517
f 485/485/485 488/488/488 520/520/520
f 485/485/485 520/520/520 519/519/519
f 463/463/463 521/521/521 522/522/522
f 463/463/463 522/522/522 464/464/464
f 454/454/454 523/523/523 524/524/524
f 454/454/454 524/524/524 455/455/455
f 525/525/525 526/526/526 487/487/487
f 525/525/525 487/487/487 486/486/486
f 527/527/527 522/522/522 521/521/521
f 527/527/527 521/521/521 528/528/528
f 529/529/529 527/527/527 528/528/528
f 529/529/529 528/528/528 530/530/530
f 531/531/531 532/532/532 524/524/524
f 531/531/531 524/524/524 523/523/523
f 533/533/533 534/534/534 526/526/526
f 533/533/533 526/526/526 525/525/525
f 535/535/535 536/536/536 532/532/532
f 535/535/535 532/532/532 531/531/531
f 537/537/537 538/538/538 534/534/534
f 537/537/537 534/534/534 533/533/533
f 539/539/539 529/529/529 530/530/530
f 539/539/539 530/530/530 540/540/540
f 459/459/459 539/539/539 540/540/540
f 459/459/459 540/540/540 460/460/460
f 541/541/541 542/542/542 536/536/536
f 541/541/541 536/536/536 535/535/535
f 543/543/543 544/544/544 538/538/538
f 543/543/543 538/538/538 537/537/537
f 545/545/545 546/546/546 542/542/542
f 545/545/545 542/542/542 541/541/541
f 547/547/547 548/548/548 544/544/544
f 547/547/547 544/544/544 543/543/543
f 549/549/549 458/458/458 457/457/457
f 549/549/549 457/457/457 550/550/550
f 551/551/551 552/552/552 546/546/546
f 551/551/551 546/546/546 545/545/545
f 553/553/553 554/554/554 548/548/548
f 553/553/553 548/548/548 547/547/547
f 555/555/555 556/556/556 552/552/552
f 555/555/555 552/552/552 551/551/551
f 557/557/557 558/558/558 554/554/554
f 557/557/557 554/554/554 553/553/553
f 559/559/559 549/549/549 550/550/550
f 559/559/559 550/550/550 560/560/560
f 561/561/561 559/559/559 560/560/560
f 561/561/561 560/560/560 562/562/562
f 563/563/563 564/564/564 556/556/556
f 563/563/563 556/556/556 555/555/555
f 565/565/565 566/566/566 558/558/558
f 565/565/565 558/558/558 557/557/557
f 567/567/567 568/568/568 564/564/564
f 567/567/567 564/564/564 563/563/563
f 569/569/569 570/570/570 566/566/566
f 569/569/569 566/566/566 565/565/565
f 448/448/448 447/447/447 571/571/571
f 448/448/448 571/571/571 572/572/572
f 450/450/450 449/449/449 573/573/573
f 450/450/450 573/573/573 574/574/574
f 575/575/575 576/576/576 577/577/577
f 575/575/575 577/577/577 578/578/578
f 579/579/579 580/580/580 581/581/581
f 579/579/579 581/581/581 582/582/582
f 583/583/583 584/584/584 585/585/585
f 583/583/583 585/585/585 586/586/586
f 577/577/577 587/587/587 588/588/588
f 577/577/577 588/588/588 578/578/578
f 575/575/575 589/589/589 590/590/590
f 575/575/575 590/590/590 576/576/576
f 590/590/590 589/589/589 588/588/588
f 590/590/590 588/588/588 587/587/587
f 491/491/491 490/490/490 495/495/495
f 491/491/491 495/495/495 499/499/499
f 489/489/489 492/492/492 591/591/591
f 489/489/489 591/591/591 592/592/592
f 493/493/493 489/489/489 592/592/592
f 493/493/493 592/592/592 593/593/593
f 490/490/490 494/494/494 496/496/496
f 490/490/490 496/496/496 495/495/495
f 23/23/23 50/50/50 594/594/594
f 23/23/23 594/594/594 24/24/24
f 595/595/595 29/29/29 28/28/28
f 595/595/595 28/28/28 596/596/596
f 597/597/597 30/30/30 29/29/29
f 597/597/597 29/29/29 595/595/595
f 598/598/598 31/31/31 30/30/30
f 598/598/598 30/30/30 597/597/597
f 20/20/20 599/599/599 600/600/600
f 20/20/20 600/600/600 21/21/21
f 35/35/35 601/601/601 602/602/602
f 35/35/35 602/602/602 25/25/25
f 603/603/603 26/26/26 25/25/25
f 603/603/603 25/25/25 602/602/602
f 604/604/604 27/27/27 26/26/26
f 604/604/604 26/26/26 603/603/603
f 596/596/596 28/28/28 27/27/27
f 596/596/596 27/27/27 604/604/604
f 583/583/583 586/586/586 479/479/479
f 583/583/583 479/479/479 478/478/478
f 605/605/605 606/606/606 477/477/477
f 605/605/605 477/477/477 480/480/480
f 607/607/607 608/608/608 609/609/609
f 607/607/607 609/609/609 610/610/610
f 474/474/474 469/469/469 472/472/472
f 474/474/474 472/472/472 475/475/475
f 561/561/561 562/562/562 611/611/611
f 561/561/561 611/611/611 612/612/612
f 568/568/568 567/567/567 613/613/613
f 568/568/568 613/613/613 614/614/614
f 570/570/570 569/569/569 615/615/615
f 570/570/570 615/615/615 616/616/616
f 414/414/414 413/413/413 617/617/617
f 414/414/414 617/617/617 618/618/618
f 619/619/619 620/620/620 267/267/267
f 619/619/619 267/267/267 270/270/270
f 621/621/621 619/619/619 270/270/270
f 621/621/621 270/270/270 272/272/272
f 622/622/622 623/623/623 274/274/274
f 622/622/622 274/274/274 276/276/276
f 624/624/624 622/622/622 276/276/276
f 624/624/624 276/276/276 278/278/278
f 278/278/278 285/285/285 625/625/625
f 278/278/278 625/625/625 624/624/624
f 285/285/285 284/284/284 626/626/626
f 285/285/285 626/626/626 625/625/625
f 284/284/284 290/290/290 292/292/292
f 284/284/284 292/292/292 626/626/626
f 627/627/627 308/308/308 309/309/309
f 627/627/627 309/309/309 628/628/628
f 629/629/629 307/307/307 308/308/308
f 629/629/629 308/308/308 627/627/627
f 311/311/311 630/630/630 314/314/314
f 311/311/311 314/314/314 312/312/312
f 620/620/620 313/313/313 312/312/312
f 620/620/620 312/312/312 267/267/267
f 316/316/316 631/631/631 632/632/632
f 316/316/316 632/632/632 317/317/317
f 321/321/321 320/320/320 633/633/633
f 321/321/321 633/633/633 634/634/634
f 390/390/390 635/635/635 631/631/631
f 390/390/390 631/631/631 316/316/316
f 320/320/320 324/324/324 636/636/636
f 320/320/320 636/636/636 633/633/633
f 324/324/324 326/326/326 637/637/637
f 324/324/324 637/637/637 636/636/636
f 326/326/326 328/328/328 638/638/638
f 326/326/326 638/638/638 637/637/637
f 328/328/328 330/330/330 639/639/639
f 328/328/328 639/639/639 638/638/638
f 330/330/330 332/332/332 640/640/640
f 330/330/330 640/640/640 639/639/639
f 332/332/332 287/287/287 333/333/333
f 332/332/332 333/333/333 640/640/640
f 339/339/339 641/641/641 337/337/337
f 339/339/339 337/337/337 336/336/336
f 342/342/342 642/642/642 641/641/641
f 342/342/342 641/641/641 339/339/339
f 344/344/344 643/643/643 642/642/642
f 344/344/344 642/642/642 342/342/342
f 346/346/346 644/644/644 643/643/643
f 346/346/346 643/643/643 344/344/344
f 317/317/317 632/632/632 644/644/644
f 317/317/317 644/644/644 346/346/346
f 388/388/388 387/387/387 352/352/352
f 388/388/388 352/352/352 351/351/351
f 645/645/645 347/347/347 350/350/350
f 645/645/645 350/350/350 646/646/646
f 647/647/647 648/648/648 649/649/649
f 647/647/647 649/649/649 650/650/650
f 651/651/651 652/652/652 653/653/653
f 651/651/651 653/653/653 654/654/654
f 654/654/654 653/653/653 376/376/376
f 654/654/654 376/376/376 375/375/375
f 655/655/655 656/656/656 657/657/657
f 655/655/655 657/657/657 658/658/658
f 650/650/650 649/649/649 659/659/659
f 650/650/650 659/659/659 660/660/660
f 660/660/660 659/659/659 661/661/661
f 660/660/660 661/661/661 662/662/662
f 663/663/663 664/664/664 46/46/46
f 663/663/663 46/46/46 665/665/665
f 662/662/662 661/661/661 666/666/666
f 662/662/662 666/666/666 667/667/667
f 380/380/380 383/383/383 382/382/382
f 380/380/380 382/382/382 377/377/377
f 668/668/668 669/669/669 667/667/667
f 668/668/668 667/667/667 666/666/666
f 669/669/669 668/668/668 670/670/670
f 669/669/669 670/670/670 671/671/671
f 384/384/384 645/645/645 646/646/646
f 384/384/384 646/646/646 381/381/381
f 386/386/386 385/385/385 671/671/671
f 386/386/386 671/671/671 670/670/670
f 672/672/672 673/673/673 674/674/674
f 672/672/672 674/674/674 675/675/675
f 393/393/393 676/676/676 677/677/677
f 393/393/393 677/677/677 394/394/394
f 677/677/677 678/678/678 679/679/679
f 677/677/677 679/679/679 394/394/394
f 680/680/680 681/681/681 673/673/673
f 680/680/680 673/673/673 672/672/672
f 673/673/673 681/681/681 682/682/682
f 673/673/673 682/682/682 679/679/679
f 679/679/679 682/682/682 391/391/391
f 679/679/679 391/391/391 394/394/394
f 623/623/623 621/621/621 272/272/272
f 623/623/623 272/272/272 274/274/274
f 683/683/683 684/684/684 685/685/685
f 683/683/683 685/685/685 686/686/686
f 687/687/687 688/688/688 686/686/686
f 687/687/687 686/686/686 685/685/685
f 689/689/689 690/690/690 688/688/688
f 689/689/689 688/688/688 687/687/687
f 691/691/691 692/692/692 690/690/690
f 691/691/691 690/690/690 689/689/689
f 693/693/693 694/694/694 692/692/692
f 693/693/693 692/692/692 691/691/691
f 395/395/395 398/398/398 694/694/694
f 395/395/395 694/694/694 693/693/693
f 399/399/399 402/402/402 397/397/397
f 399/399/399 397/397/397 396/396/396
f 401/401/401 400/400/400 403/403/403
f 401/401/401 403/403/403 406/406/406
f 405/405/405 404/404/404 407/407/407
f 405/405/405 407/407/407 410/410/410
f 412/412/412 411/411/411 695/695/695
f 412/412/412 695/695/695 696/696/696
f 665/665/665 46/46/46 45/45/45
f 665/665/665 45/45/45 697/697/697
f 698/698/698 699/699/699 700/700/700
f 698/698/698 700/700/700 701/701/701
f 658/658/658 702/702/702 703/703/703
f 658/658/658 703/703/703 655/655/655
f 704/704/704 373/373/373 374/374/374
f 704/704/704 374/374/374 705/705/705
f 49/49/49 23/23/23 21/21/21
f 49/49/49 21/21/21 600/600/600
f 706/706/706 707/707/707 708/708/708
f 706/706/706 708/708/708 709/709/709
f 31/31/31 598/598/598 710/710/710
f 31/31/31 710/710/710 32/32/32
f 32/32/32 710/710/710 711/711/711
f 32/32/32 711/711/711 33/33/33
f 34/34/34 33/33/33 711/711/711
f 34/34/34 711/711/711 712/712/712
f 34/34/34 712/712/712 599/599/599
f 34/34/34 599/599/599 20/20/20
f 24/24/24 594/594/594 601/601/601
f 24/24/24 601/601/601 35/35/35
f 378/378/378 706/706/706 709/709/709
f 378/378/378 709/709/709 379/379/379
f 673/673/673 679/679/679 678/678/678
f 673/673/673 678/678/678 674/674/674
f 476/476/476 608/608/608 607/607/607
f 476/476/476 607/607/607 473/473/473
f 657/657/657 656/656/656 713/713/713
f 657/657/657 713/713/713 714/714/714
f 714/714/714 713/713/713 703/703/703
f 714/714/714 703/703/703 702/702/702
f 697/697/697 45/45/45 700/700/700
f 697/697/697 700/700/700 699/699/699
f 715/715/715 716/716/716 717/717/717
f 715/715/715 717/717/717 718/718/718
f 719/719/719 715/715/715 718/718/718
f 719/719/719 718/718/718 720/720/720
f 719/719/719 720/720/720 721/721/721
f 719/719/719 721/721/721 722/722/722
f 723/723/723 724/724/724 725/725/725
f 723/723/723 725/725/725 726/726/726
f 726/726/726 725/725/725 727/727/727
f 726/726/726 727/727/727 728/728/728
f 728/728/728 727/727/727 729/729/729
f 728/728/728 729/729/729 730/730/730
f 731/731/731 732/732/732 715/715/715
f 731/731/731 715/715/715 719/719/719
f 716/716/716 715/715/715 732/732/732
f 716/716/716 732/732/732 733/733/733
f 725/725/725 724/724/724 720/720/720
f 725/725/725 720/720/720 718/718/718
f 718/718/718 717/717/717 727/727/727
f 718/718/718 727/727/727 725/725/725
f 729/729/729 727/727/727 717/717/717
f 729/729/729 717/717/717 734/734/734
f 735/735/735 716/716/716 733/733/733
f 735/735/735 733/733/733 736/736/736
f 716/716/716 735/735/735 734/734/734
f 716/716/716 734/734/734 717/717/717
f 734/734/734 735/735/735 737/737/737
f 734/734/734 737/737/737 738/738/738
f 739/739/739 740/740/740 741/741/741
f 739/739/739 741/741/741 742/742/742
f 743/743/743 741/741/741 740/740/740
f 743/743/743 740/740/740 744/744/744
f 745/745/745 743/743/743 744/744/744
f 745/745/745 744/744/744 746/746/746
f 747/747/747 748/748/748 749/749/749
f 747/747/747 749/749/749 750/750/750
f 751/751/751 747/747/747 750/750/750
f 751/751/751 750/750/750 752/752/752
f 752/752/752 753/753/753 754/754/754
f 752/752/752 754/754/754 751/751/751
f 748/748/748 747/747/747 740/740/740
f 748/748/748 740/740/740 739/739/739
f 744/744/744 740/740/740 747/747/747
f 744/744/744 747/747/747 751/751/751
f 751/751/751 754/754/754 746/746/746
f 751/751/751 746/746/746 744/744/744
f 755/755/755 756/756/756 739/739/739
f 755/755/755 739/739/739 742/742/742
f 757/757/757 758/758/758 742/742/742
f 757/757/757 742/742/742 741/741/741
f 741/741/741 743/743/743 759/759/759
f 741/741/741 759/759/759 757/757/757
f 743/743/743 745/745/745 760/760/760
f 743/743/743 760/760/760 759/759/759
f 761/761/761 762/762/762 745/745/745
f 761/761/761 745/745/745 746/746/746
f 763/763/763 764/764/764 765/765/765
f 763/763/763 765/765/765 766/766/766
f 767/767/767 763/763/763 766/766/766
f 767/767/767 766/766/766 768/768/768
f 769/769/769 767/767/767 768/768/768
f 769/769/769 768/768/768 770/770/770
f 771/771/771 772/772/772 773/773/773
f 771/771/771 773/773/773 774/774/774
f 774/774/774 773/773/773 775/775/775
f 774/774/774 775/775/775 776/776/776
f 776/776/776 775/775/775 777/777/777
f 776/776/776 777/777/777 778/778/778
f 778/778/778 777/777/777 779/779/779
f 778/778/778 779/779/779 780/780/780
f 775/775/775 773/773/773 770/770/770
f 775/775/775 770/770/770 768/768/768
f 781/781/781 782/782/782 774/774/774
f 781/781/781 774/774/774 776/776/776
f 776/776/776 778/778/778 783/783/783
f 776/776/776 783/783/783 781/781/781
f 778/778/778 780/780/780 784/784/784
f 778/778/778 784/784/784 783/783/783
f 777/777/777 775/775/775 768/768/768
f 777/777/777 768/768/768 766/766/766
f 766/766/766 765/765/765 779/779/779
f 766/766/766 779/779/779 777/777/777
f 785/785/785 786/786/786 780/780/780
f 785/785/785 780/780/780 779/779/779
f 787/787/787 788/788/788 789/789/789
f 787/787/787 789/789/789 790/790/790
f 787/787/787 790/790/790 791/791/791
f 787/787/787 791/791/791 792/792/792
f 792/792/792 791/791/791 793/793/793
f 792/792/792 793/793/793 794/794/794
f 794/794/794 793/793/793 795/795/795
f 794/794/794 795/795/795 796/796/796
f 797/797/797 798/798/798 799/799/799
f 797/797/797 799/799/799 800/800/800
f 800/800/800 799/799/799 801/801/801
f 800/800/800 801/801/801 802/802/802
f 802/802/802 801/801/801 803/803/803
f 802/802/802 803/803/803 804/804/804
f 799/799/799 798/798/798 793/793/793
f 799/799/799 793/793/793 791/791/791
f 791/791/791 790/790/790 801/801/801
f 791/791/791 801/801/801 799/799/799
f 803/803/803 801/801/801 790/790/790
f 803/803/803 790/790/790 789/789/789
f 792/792/792 794/794/794 805/805/805
f 792/792/792 805/805/805 806/806/806
f 787/787/787 792/792/792 806/806/806
f 787/787/787 806/806/806 807/807/807
f 788/788/788 787/787/787 807/807/807
f 788/788/788 807/807/807 808/808/808
f 809/809/809 810/810/810 789/789/789
f 809/809/809 789/789/789 788/788/788
f 811/811/811 812/812/812 813/813/813
f 811/811/811 813/813/813 814/814/814
f 815/815/815 816/816/816 817/817/817
f 815/815/815 817/817/817 818/818/818
f 819/819/819 820/820/820 821/821/821
f 819/819/819 821/821/821 822/822/822
f 823/823/823 824/824/824 825/825/825
f 823/823/823 825/825/825 826/826/826
f 827/827/827 828/828/828 829/829/829
f 827/827/827 829/829/829 830/830/830
f 831/831/831 828/828/828 827/827/827
f 831/831/831 827/827/827 832/832/832
f 831/831/831 832/832/832 833/833/833
f 831/831/831 833/833/833 834/834/834
f 835/835/835 836/836/836 837/837/837
f 835/835/835 837/837/837 838/838/838
f 839/839/839 840/840/840 841/841/841
f 839/839/839 841/841/841 842/842/842
f 843/843/843 840/840/840 839/839/839
f 843/843/843 839/839/839 844/844/844
f 843/843/843 844/844/844 845/845/845
f 843/843/843 845/845/845 846/846/846
f 847/847/847 848/848/848 849/849/849
f 847/847/847 849/849/849 850/850/850
f 851/851/851 852/852/852 853/853/853
f 851/851/851 853/853/853 854/854/854
f 855/855/855 852/852/852 851/851/851
f 855/855/855 851/851/851 856/856/856
f 855/855/855 856/856/856 857/857/857
f 855/855/855 857/857/857 858/858/858
f 859/859/859 860/860/860 861/861/861
f 859/859/859 861/861/861 862/862/862
f 863/863/863 864/864/864 865/865/865
f 863/863/863 865/865/865 866/866/866
f 867/867/867 868/868/868 869/869/869
f 867/867/867 869/869/869 870/870/870
f 871/871/871 872/872/872 834/834/834
f 871/871/871 834/834/834 833/833/833
f 873/873/873 874/874/874 875/875/875
f 873/873/873 875/875/875 876/876/876
f 877/877/877 878/878/878 846/846/846
f 877/877/877 846/846/846 845/845/845
f 879/879/879 880/880/880 881/881/881
f 879/879/879 881/881/881 882/882/882
f 883/883/883 884/884/884 858/858/858
f 883/883/883 858/858/858 857/857/857
f 885/885/885 886/886/886 887/887/887
f 885/885/885 887/887/887 888/888/888
f 889/889/889 890/890/890 891/891/891
f 889/889/889 891/891/891 892/892/892
f 893/893/893 894/894/894 895/895/895
f 893/893/893 895/895/895 896/896/896
f 897/897/897 894/894/894 893/893/893
f 897/897/897 893/893/893 898/898/898
f 897/897/897 898/898/898 899/899/899
f 897/897/897 899/899/899 900/900/900
f 901/901/901 902/902/902 903/903/903
f 901/901/901 903/903/903 904/904/904
f 905/905/905 906/906/906 907/907/907
f 905/905/905 907/907/907 908/908/908
f 909/909/909 906/906/906 905/905/905
f 909/909/909 905/905/905 910/910/910
f 909/909/909 910/910/910 911/911/911
f 909/909/909 911/911/911 912/912/912
f 913/913/913 914/914/914 915/915/915
f 913/913/913 915/915/915 916/916/916
f 917/917/917 918/918/918 919/919/919
f 917/917/917 919/919/919 920/920/920
f 921/921/921 922/922/922 923/923/923
f 921/921/921 923/923/923 924/924/924
f 925/925/925 926/926/926 927/927/927
f 925/925/925 927/927/927 928/928/928
f 830/830/830 829/829/829 900/900/900
f 830/830/830 900/900/900 899/899/899
f 842/842/842 841/841/841 912/912/912
f 842/842/842 912/912/912 911/911/911
f 929/929/929 930/930/930 931/931/931
f 929/929/929 931/931/931 932/932/932
f 854/854/854 853/853/853 812/812/812
f 854/854/854 812/812/812 811/811/811
f 933/933/933 934/934/934 935/935/935
f 933/933/933 935/935/935 936/936/936
f 935/935/935 934/934/934 937/937/937
f 935/935/935 937/937/937 938/938/938
f 939/939/939 940/940/940 941/941/941
f 939/939/939 941/941/941 942/942/942
f 866/866/866 865/865/865 820/820/820
f 866/866/866 820/820/820 819/819/819
f 943/943/943 944/944/944 945/945/945
f 943/943/943 945/945/945 946/946/946
f 947/947/947 948/948/948 949/949/949
f 947/947/947 949/949/949 950/950/950
f 825/825/825 824/824/824 951/951/951
f 825/825/825 951/951/951 952/952/952
f 953/953/953 954/954/954 955/955/955
f 953/953/953 955/955/955 956/956/956
f 957/957/957 958/958/958 959/959/959
f 957/957/957 959/959/959 960/960/960
f 837/837/837 836/836/836 961/961/961
f 837/837/837 961/961/961 962/962/962
f 963/963/963 964/964/964 965/965/965
f 963/963/963 965/965/965 966/966/966
f 967/967/967 968/968/968 969/969/969
f 967/967/967 969/969/969 970/970/970
f 971/971/971 972/972/972 967/967/967
f 971/971/971 967/967/967 970/970/970
f 849/849/849 848/848/848 973/973/973
f 849/849/849 973/973/973 974/974/974
f 975/975/975 976/976/976 977/977/977
f 975/975/975 977/977/977 978/978/978
f 979/979/979 980/980/980 981/981/981
f 979/979/979 981/981/981 982/982/982
f 983/983/983 984/984/984 979/979/979
f 983/983/983 979/979/979 982/982/982
f 861/861/861 860/860/860 889/889/889
f 861/861/861 889/889/889 892/892/892
f 896/896/896 895/895/895 864/864/864
f 896/896/896 864/864/864 863/863/863
f 985/985/985 986/986/986 987/987/987
f 985/985/985 987/987/987 988/988/988
f 987/987/987 986/986/986 989/989/989
f 987/987/987 989/989/989 990/990/990
f 991/991/991 992/992/992 993/993/993
f 991/991/991 993/993/993 994/994/994
f 908/908/908 907/907/907 872/872/872
f 908/908/908 872/872/872 871/871/871
f 995/995/995 996/996/996 997/997/997
f 995/995/995 997/997/997 998/998/998
f 997/997/997 996/996/996 999/999/999
f 997/997/997 999/999/999 1000/1000/1000
f 1001/1001/1001 1002/1002/1002 1003/1003/1003
f 1001/1001/1001 1003/1003/1003 1004/1004/1004
f 920/920/920 919/919/919 1005/1005/1005
f 920/920/920 1005/1005/1005 1006/1006/1006
f 1007/1007/1007 1008/1008/1008 1009/1009/1009
f 1007/1007/1007 1009/1009/1009 1010/1010/1010
f 1009/1009/1009 1008/1008/1008 1011/1011/1011
f 1009/1009/1009 1011/1011/1011 1012/1012/1012
f 1013/1013/1013 1014/1014/1014 1015/1015/1015
f 1013/1013/1013 1015/1015/1015 1016/1016/1016
f 928/928/928 927/927/927 884/884/884
f 928/928/928 884/884/884 883/883/883
f 1017/1017/1017 1018/1018/1018 1019/1019/1019
f 1017/1017/1017 1019/1019/1019 1020/1020/1020
f 1019/1019/1019 1018/1018/1018 1021/1021/1021
f 1019/1019/1019 1021/1021/1021 1022/1022/1022
f 891/891/891 890/890/890 1023/1023/1023
f 891/891/891 1023/1023/1023 1024/1024/1024
f 1025/1025/1025 1026/1026/1026 1027/1027/1027
f 1025/1025/1025 1027/1027/1027 1028/1028/1028
f 1029/1029/1029 1030/1030/1030 1031/1031/1031
f 1029/1029/1029 1031/1031/1031 1032/1032/1032
f 1033/1033/1033 1034/1034/1034 1029/1029/1029
f 1033/1033/1033 1029/1029/1029 1032/1032/1032
f 903/903/903 902/902/902 1035/1035/1035
f 903/903/903 1035/1035/1035 1036/1036/1036
f 1037/1037/1037 1038/1038/1038 1039/1039/1039
f 1037/1037/1037 1039/1039/1039 1040/1040/1040
f 1041/1041/1041 1042/1042/1042 1043/1043/1043
f 1041/1041/1041 1043/1043/1043 1044/1044/1044
f 1045/1045/1045 1046/1046/1046 1041/1041/1041
f 1045/1045/1045 1041/1041/1041 1044/1044/1044
f 1047/1047/1047 1048/1048/1048 1046/1046/1046
f 1047/1047/1047 1046/1046/1046 1045/1045/1045
f 1037/1037/1037 1049/1049/1049 1050/1050/1050
f 1037/1037/1037 1050/1050/1050 1038/1038/1038
f 1035/1035/1035 1051/1051/1051 1052/1052/1052
f 1035/1035/1035 1052/1052/1052 1036/1036/1036
f 1053/1053/1053 960/960/960 959/959/959
f 1053/1053/1053 959/959/959 1054/1054/1054
f 1055/1055/1055 1034/1034/1034 1033/1033/1033
f 1055/1055/1055 1033/1033/1033 1056/1056/1056
f 1025/1025/1025 1057/1057/1057 1058/1058/1058
f 1025/1025/1025 1058/1058/1058 1026/1026/1026
f 1023/1023/1023 1059/1059/1059 1060/1060/1060
f 1023/1023/1023 1060/1060/1060 1024/1024/1024
f 1061/1061/1061 950/950/950 949/949/949
f 1061/1061/1061 949/949/949 1062/1062/1062
f 1022/1022/1022 1021/1021/1021 1063/1063/1063
f 1022/1022/1022 1063/1063/1063 1064/1064/1064
f 1013/1013/1013 921/921/921 924/924/924
f 1013/1013/1013 924/924/924 1014/1014/1014
f 1012/1012/1012 1011/1011/1011 1065/1065/1065
f 1012/1012/1012 1065/1065/1065 1066/1066/1066
f 1001/1001/1001 1067/1067/1067 1068/1068/1068
f 1001/1001/1001 1068/1068/1068 1002/1002/1002
f 1039/1039/1039 1000/1000/1000 999/999/999
f 1039/1039/1039 999/999/999 1040/1040/1040
f 991/991/991 901/901/901 904/904/904
f 991/991/991 904/904/904 992/992/992
f 1027/1027/1027 990/990/990 989/989/989
f 1027/1027/1027 989/989/989 1028/1028/1028
f 885/885/885 1069/1069/1069 1070/1070/1070
f 885/885/885 1070/1070/1070 886/886/886
f 887/887/887 984/984/984 983/983/983
f 887/887/887 983/983/983 888/888/888
f 975/975/975 1017/1017/1017 1020/1020/1020
f 975/975/975 1020/1020/1020 976/976/976
f 973/973/973 1016/1016/1016 1015/1015/1015
f 973/973/973 1015/1015/1015 974/974/974
f 879/879/879 1071/1071/1071 1072/1072/1072
f 879/879/879 1072/1072/1072 880/880/880
f 881/881/881 972/972/972 971/971/971
f 881/881/881 971/971/971 882/882/882
f 963/963/963 1007/1007/1007 1010/1010/1010
f 963/963/963 1010/1010/1010 964/964/964
f 961/961/961 1004/1004/1004 1003/1003/1003
f 961/961/961 1003/1003/1003 962/962/962
f 873/873/873 1043/1043/1043 1042/1042/1042
f 873/873/873 1042/1042/1042 874/874/874
f 875/875/875 958/958/958 957/957/957
f 875/875/875 957/957/957 876/876/876
f 953/953/953 995/995/995 998/998/998
f 953/953/953 998/998/998 954/954/954
f 951/951/951 994/994/994 993/993/993
f 951/951/951 993/993/993 952/952/952
f 867/867/867 1031/1031/1031 1030/1030/1030
f 867/867/867 1030/1030/1030 868/868/868
f 869/869/869 948/948/948 947/947/947
f 869/869/869 947/947/947 870/870/870
f 943/943/943 985/985/985 988/988/988
f 943/943/943 988/988/988 944/944/944
f 939/939/939 859/859/859 862/862/862
f 939/939/939 862/862/862 940/940/940
f 977/977/977 938/938/938 937/937/937
f 977/977/977 937/937/937 978/978/978
f 929/929/929 847/847/847 850/850/850
f 929/929/929 850/850/850 930/930/930
f 968/968/968 1073/1073/1073 1074/1074/1074
f 968/968/968 1074/1074/1074 969/969/969
f 1075/1075/1075 1076/1076/1076 1077/1077/1077
f 1075/1075/1075 1077/1077/1077 1078/1078/1078
f 1049/1049/1049 1077/1077/1077 1076/1076/1076
f 1049/1049/1049 1076/1076/1076 1050/1050/1050
f 835/835/835 838/838/838 1052/1052/1052
f 835/835/835 1052/1052/1052 1051/1051/1051
f 1053/1053/1053 1054/1054/1054 1055/1055/1055
f 1053/1053/1053 1055/1055/1055 1056/1056/1056
f 955/955/955 1079/1079/1079 1080/1080/1080
f 955/955/955 1080/1080/1080 956/956/956
f 1057/1057/1057 1080/1080/1080 1079/1079/1079
f 1057/1057/1057 1079/1079/1079 1058/1058/1058
f 823/823/823 826/826/826 1060/1060/1060
f 823/823/823 1060/1060/1060 1059/1059/1059
f 1061/1061/1061 1062/1062/1062 1070/1070/1070
f 1061/1061/1061 1070/1070/1070 1069/1069/1069
f 1063/1063/1063 946/946/946 945/945/945
f 1063/1063/1063 945/945/945 1064/1064/1064
f 821/821/821 926/926/926 925/925/925
f 821/821/821 925/925/925 822/822/822
f 942/942/942 941/941/941 923/923/923
f 942/942/942 923/923/923 922/922/922
f 815/815/815 981/981/981 980/980/980
f 815/815/815 980/980/980 816/816/816
f 817/817/817 1081/1081/1081 1082/1082/1082
f 817/817/817 1082/1082/1082 818/818/818
f 1082/1082/1082 1081/1081/1081 1072/1072/1072
f 1082/1082/1082 1072/1072/1072 1071/1071/1071
f 1065/1065/1065 933/933/933 936/936/936
f 1065/1065/1065 936/936/936 1066/1066/1066
f 813/813/813 918/918/918 917/917/917
f 813/813/813 917/917/917 814/814/814
f 932/932/932 931/931/931 915/915/915
f 932/932/932 915/915/915 914/914/914
f 1083/1083/1083 1084/1084/1084 1085/1085/1085
f 1083/1083/1083 1085/1085/1085 1086/1086/1086
f 1084/1084/1084 1087/1087/1087 1088/1088/1088
f 1084/1084/1084 1088/1088/1088 1085/1085/1085
f 1083/1083/1083 1086/1086/1086 1089/1089/1089
f 1083/1083/1083 1089/1089/1089 1090/1090/1090
f 1090/1090/1090 1089/1089/1089 1091/1091/1091
f 1090/1090/1090 1091/1091/1091 1092/1092/1092
f 1092/1092/1092 1091/1091/1091 1093/1093/1093
f 1092/1092/1092 1093/1093/1093 1094/1094/1094
f 1094/1094/1094 1093/1093/1093 1095/1095/1095
f 1094/1094/1094 1095/1095/1095 1096/1096/1096
f 1096/1096/1096 1095/1095/1095 1097/1097/1097
f 1096/1096/1096 1097/1097/1097 1098/1098/1098
f 1098/1098/1098 1097/1097/1097 1099/1099/1099
f 1098/1098/1098 1099/1099/1099 1100/1100/1100
f 1100/1100/1100 1099/1099/1099 1101/1101/1101
f 1100/1100/1100 1101/1101/1101 1102/1102/1102
f 1102/1102/1102 1101/1101/1101 1103/1103/1103
f 1102/1102/1102 1103/1103/1103 1104/1104/1104
f 1104/1104/1104 1103/1103/1103 1105/1105/1105
f 1104/1104/1104 1105/1105/1105 1106/1106/1106
f 1106/1106/1106 1105/1105/1105 1107/1107/1107
f 1106/1106/1106 1107/1107/1107 1108/1108/1108
f 1108/1108/1108 1107/1107/1107 1109/1109/1109
f 1108/1108/1108 1109/1109/1109 1110/1110/1110
f 1110/1110/1110 1109/1109/1109 1111/1111/1111
f 1110/1110/1110 1111/1111/1111 1112/1112/1112
f 1112/1112/1112 1111/1111/1111 1113/1113/1113
f 1112/1112/1112 1113/1113/1113 1114/1114/1114
f 1114/1114/1114 1113/1113/1113 1115/1115/1115
f 1114/1114/1114 1115/1115/1115 1116/1116/1116
f 1116/1116/1116 1115/1115/1115 1117/1117/1117
f 1116/1116/1116 1117/1117/1117 1118/1118/1118
f 1118/1118/1118 1117/1117/1117 1119/1119/1119
f 1118/1118/1118 1119/1119/1119 1120/1120/1120
f 1121/1121/1121 1122/1122/1122 1123/1123/1123
f 1121/1121/1121 1123/1123/1123 1124/1124/1124
f 1124/1124/1124 1123/1123/1123 1125/1125/1125
f 1124/1124/1124 1125/1125/1125 1126/1126/1126
f 1126/1126/1126 1125/1125/1125 1127/1127/1127
f 1126/1126/1126 1127/1127/1127 1128/1128/1128
f 1128/1128/1128 1127/1127/1127 1129/1129/1129
f 1128/1128/1128 1129/1129/1129 1130/1130/1130
f 1130/1130/1130 1129/1129/1129 1131/1131/1131
f 1130/1130/1130 1131/1131/1131 1132/1132/1132
f 1132/1132/1132 1131/1131/1131 1133/1133/1133
f 1132/1132/1132 1133/1133/1133 1134/1134/1134
f 1135/1135/1135 1136/1136/1136 1137/1137/1137
f 1135/1135/1135 1137/1137/1137 1138/1138/1138
f 1138/1138/1138 1137/1137/1137 1139/1139/1139
f 1138/1138/1138 1139/1139/1139 1140/1140/1140
f 1140/1140/1140 1139/1139/1139 1141/1141/1141
f 1140/1140/1140 1141/1141/1141 1142/1142/1142
f 1142/1142/1142 1141/1141/1141 1143/1143/1143
f 1142/1142/1142 1143/1143/1143 1144/1144/1144
f 1144/1144/1144 1143/1143/1143 1145/1145/1145
f 1144/1144/1144 1145/1145/1145 1146/1146/1146
f 1146/1146/1146 1145/1145/1145 1147/1147/1147
f 1146/1146/1146 1147/1147/1147 1148/1148/1148
f 1148/1148/1148 1147/1147/1147 1149/1149/1149
f 1148/1148/1148 1149/1149/1149 1150/1150/1150
f 1150/1150/1150 1149/1149/1149 1151/1151/1151
f 1150/1150/1150 1151/1151/1151 1152/1152/1152
f 1152/1152/1152 1151/1151/1151 1153/1153/1153
f 1152/1152/1152 1153/1153/1153 1154/1154/1154
f 1154/1154/1154 1153/1153/1153 1155/1155/1155
f 1154/1154/1154 1155/1155/1155 1156/1156/1156
f 1156/1156/1156 1155/1155/1155 1157/1157/1157
f 1156/1156/1156 1157/1157/1157 1158/1158/1158
f 1158/1158/1158 1157/1157/1157 1159/1159/1159
f 1158/1158/1158 1159/1159/1159 1160/1160/1160
f 1160/1160/1160 1159/1159/1159 1161/1161/1161
f 1160/1160/1160 1161/1161/1161 1162/1162/1162
f 1162/1162/1162 1161/1161/1161 1088/1088/1088
f 1162/1162/1162 1088/1088/1088 1087/1087/1087
f 1163/1163/1163 1164/1164/1164 1165/1165/1165
f 1163/1163/1163 1165/1165/1165 1166/1166/1166
f 1164/1164/1164 1167/1167/1167 1168/1168/1168
f 1164/1164/1164 1168/1168/1168 1165/1165/1165
f 1166/1166/1166 1165/1165/1165 1169/1169/1169
f 1166/1166/1166 1169/1169/1169 1170/1170/1170
f 1165/1165/1165 1168/1168/1168 1171/1171/1171
f 1165/1165/1165 1171/1171/1171 1169/1169/1169
f 1096/1096/1096 1098/1098/1098 1172/1172/1172
f 1096/1096/1096 1172/1172/1172 1173/1173/1173
f 1098/1098/1098 1100/1100/1100 1174/1174/1174
f 1098/1098/1098 1174/1174/1174 1172/1172/1172
f 1172/1172/1172 1174/1174/1174 1167/1167/1167
f 1172/1172/1172 1167/1167/1167 1164/1164/1164
f 1173/1173/1173 1172/1172/1172 1164/1164/1164
f 1173/1173/1173 1164/1164/1164 1163/1163/1163
f 1102/1102/1102 1104/1104/1104 1175/1175/1175
f 1102/1102/1102 1175/1175/1175 1176/1176/1176
f 1104/1104/1104 1106/1106/1106 1177/1177/1177
f 1104/1104/1104 1177/1177/1177 1175/1175/1175
f 1178/1178/1178 1179/1179/1179 1180/1180/1180
f 1178/1178/1178 1180/1180/1180 1181/1181/1181
f 1182/1182/1182 1183/1183/1183 1178/1178/1178
f 1182/1182/1182 1178/1178/1178 1181/1181/1181
f 1182/1182/1182 1181/1181/1181 1184/1184/1184
f 1182/1182/1182 1184/1184/1184 1185/1185/1185
f 1181/1181/1181 1180/1180/1180 1186/1186/1186
f 1181/1181/1181 1186/1186/1186 1184/1184/1184
f 1110/1110/1110 1112/1112/1112 1187/1187/1187
f 1110/1110/1110 1187/1187/1187 1188/1188/1188
f 1112/1112/1112 1114/1114/1114 1189/1189/1189
f 1112/1112/1112 1189/1189/1189 1187/1187/1187
f 1187/1187/1187 1189/1189/1189 1190/1190/1190
f 1187/1187/1187 1190/1190/1190 1191/1191/1191
f 1188/1188/1188 1187/1187/1187 1191/1191/1191
f 1188/1188/1188 1191/1191/1191 1192/1192/1192
f 1191/1191/1191 1190/1190/1190 1193/1193/1193
f 1191/1191/1191 1193/1193/1193 1194/1194/1194
f 1192/1192/1192 1191/1191/1191 1194/1194/1194
f 1192/1192/1192 1194/1194/1194 1195/1195/1195
f 1194/1194/1194 1193/1193/1193 1196/1196/1196
f 1194/1194/1194 1196/1196/1196 1197/1197/1197
f 1195/1195/1195 1194/1194/1194 1197/1197/1197
f 1195/1195/1195 1197/1197/1197 1198/1198/1198
f 1118/1118/1118 1120/1120/1120 1199/1199/1199
f 1118/1118/1118 1199/1199/1199 1200/1200/1200
f 1121/1121/1121 1124/1124/1124 1201/1201/1201
f 1121/1121/1121 1201/1201/1201 1202/1202/1202
f 1202/1202/1202 1201/1201/1201 1203/1203/1203
f 1202/1202/1202 1203/1203/1203 1204/1204/1204
f 1200/1200/1200 1199/1199/1199 1205/1205/1205
f 1200/1200/1200 1205/1205/1205 1206/1206/1206
f 1204/1204/1204 1203/1203/1203 1207/1207/1207
f 1204/1204/1204 1207/1207/1207 1208/1208/1208
f 1206/1206/1206 1205/1205/1205 1209/1209/1209
f 1206/1206/1206 1209/1209/1209 1210/1210/1210
f 1208/1208/1208 1207/1207/1207 1211/1211/1211
f 1208/1208/1208 1211/1211/1211 1212/1212/1212
f 1210/1210/1210 1209/1209/1209 1213/1213/1213
f 1210/1210/1210 1213/1213/1213 1214/1214/1214
f 1215/1215/1215 1216/1216/1216 1217/1217/1217
f 1215/1215/1215 1217/1217/1217 1218/1218/1218
f 1219/1219/1219 1220/1220/1220 1221/1221/1221
f 1219/1219/1219 1221/1221/1221 1222/1222/1222
f 1216/1216/1216 1223/1223/1223 1224/1224/1224
f 1216/1216/1216 1224/1224/1224 1217/1217/1217
f 1220/1220/1220 1225/1225/1225 1226/1226/1226
f 1220/1220/1220 1226/1226/1226 1221/1221/1221
f 1219/1219/1219 1222/1222/1222 1227/1227/1227
f 1219/1219/1219 1227/1227/1227 1228/1228/1228
f 1215/1215/1215 1218/1218/1218 1229/1229/1229
f 1215/1215/1215 1229/1229/1229 1230/1230/1230
f 1228/1228/1228 1227/1227/1227 1231/1231/1231
f 1228/1228/1228 1231/1231/1231 1232/1232/1232
f 1230/1230/1230 1229/1229/1229 1233/1233/1233
f 1230/1230/1230 1233/1233/1233 1234/1234/1234
f 1232/1232/1232 1231/1231/1231 1235/1235/1235
f 1232/1232/1232 1235/1235/1235 1236/1236/1236
f 1234/1234/1234 1233/1233/1233 1237/1237/1237
f 1234/1234/1234 1237/1237/1237 1238/1238/1238
f 1236/1236/1236 1235/1235/1235 1239/1239/1239
f 1236/1236/1236 1239/1239/1239 1240/1240/1240
f 1238/1238/1238 1237/1237/1237 1241/1241/1241
f 1238/1238/1238 1241/1241/1241 1242/1242/1242
f 1242/1242/1242 1241/1241/1241 1243/1243/1243
f 1242/1242/1242 1243/1243/1243 1244/1244/1244
f 1240/1240/1240 1239/1239/1239 1245/1245/1245
f 1240/1240/1240 1245/1245/1245 1246/1246/1246
f 1246/1246/1246 1245/1245/1245 1247/1247/1247
f 1246/1246/1246 1247/1247/1247 1248/1248/1248
f 1244/1244/1244 1243/1243/1243 1249/1249/1249
f 1244/1244/1244 1249/1249/1249 1250/1250/1250
f 1248/1248/1248 1247/1247/1247 1251/1251/1251
f 1248/1248/1248 1251/1251/1251 1252/1252/1252
f 1250/1250/1250 1249/1249/1249 1253/1253/1253
f 1250/1250/1250 1253/1253/1253 1254/1254/1254
f 1252/1252/1252 1251/1251/1251 1255/1255/1255
f 1252/1252/1252 1255/1255/1255 1256/1256/1256
f 1254/1254/1254 1253/1253/1253 1257/1257/1257
f 1254/1254/1254 1257/1257/1257 1258/1258/1258
f 1256/1256/1256 1255/1255/1255 1259/1259/1259
f 1256/1256/1256 1259/1259/1259 1260/1260/1260
f 1258/1258/1258 1257/1257/1257 1261/1261/1261
f 1258/1258/1258 1261/1261/1261 1262/1262/1262
f 1262/1262/1262 1261/1261/1261 1263/1263/1263
f 1262/1262/1262 1263/1263/1263 1264/1264/1264
f 1260/1260/1260 1259/1259/1259 1265/1265/1265
f 1260/1260/1260 1265/1265/1265 1266/1266/1266
f 1266/1266/1266 1265/1265/1265 1267/1267/1267
f 1266/1266/1266 1267/1267/1267 1268/1268/1268
f 1264/1264/1264 1263/1263/1263 1269/1269/1269
f 1264/1264/1264 1269/1269/1269 1270/1270/1270
f 1268/1268/1268 1267/1267/1267 1271/1271/1271
f 1268/1268/1268 1271/1271/1271 1272/1272/1272
f 1270/1270/1270 1269/1269/1269 1273/1273/1273
f 1270/1270/1270 1273/1273/1273 1274/1274/1274
f 1274/1274/1274 1273/1273/1273 1275/1275/1275
f 1274/1274/1274 1275/1275/1275 1276/1276/1276
f 1272/1272/1272 1271/1271/1271 1277/1277/1277
f 1272/1272/1272 1277/1277/1277 1278/1278/1278
f 1278/1278/1278 1277/1277/1277 1279/1279/1279
f 1278/1278/1278 1279/1279/1279 1280/1280/1280
f 1276/1276/1276 1275/1275/1275 1281/1281/1281
f 1276/1276/1276 1281/1281/1281 1282/1282/1282
f 1282/1282/1282 1281/1281/1281 1283/1283/1283
f 1282/1282/1282 1283/1283/1283 1284/1284/1284
f 1280/1280/1280 1279/1279/1279 1285/1285/1285
f 1280/1280/1280 1285/1285/1285 1286/1286/1286
f 1284/1284/1284 1283/1283/1283 1287/1287/1287
f 1284/1284/1284 1287/1287/1287 1288/1288/1288
f 1286/1286/1286 1285/1285/1285 1289/1289/1289
f 1286/1286/1286 1289/1289/1289 1290/1290/1290
f 1288/1288/1288 1287/1287/1287 1291/1291/1291
f 1288/1288/1288 1291/1291/1291 1292/1292/1292
f 1290/1290/1290 1289/1289/1289 1293/1293/1293
f 1290/1290/1290 1293/1293/1293 1294/1294/1294
f 1292/1292/1292 1291/1291/1291 1295/1295/1295
f 1292/1292/1292 1295/1295/1295 1296/1296/1296
f 1294/1294/1294 1293/1293/1293 1297/1297/1297
f 1294/1294/1294 1297/1297/1297 1298/1298/1298
f 1298/1298/1298 1297/1297/1297 1299/1299/1299
f 1298/1298/1298 1299/1299/1299 1300/1300/1300
f 1296/1296/1296 1295/1295/1295 1301/1301/1301
f 1296/1296/1296 1301/1301/1301 1302/1302/1302
f 1300/1300/1300 1299/1299/1299 1303/1303/1303
f 1300/1300/1300 1303/1303/1303 1304/1304/1304
f 1302/1302/1302 1301/1301/1301 1305/1305/1305
f 1302/1302/1302 1305/1305/1305 1306/1306/1306
f 1306/1306/1306 1305/1305/1305 1307/1307/1307
f 1306/1306/1306 1307/1307/1307 1308/1308/1308
f 1304/1304/1304 1303/1303/1303 1309/1309/1309
f 1304/1304/1304 1309/1309/1309 1310/1310/1310
f 1310/1310/1310 1309/1309/1309 1311/1311/1311
f 1310/1310/1310 1311/1311/1311 1312/1312/1312
f 1308/1308/1308 1307/1307/1307 1313/1313/1313
f 1308/1308/1308 1313/1313/1313 1314/1314/1314
f 1312/1312/1312 1311/1311/1311 1315/1315/1315
f 1312/1312/1312 1315/1315/1315 1316/1316/1316
f 1314/1314/1314 1313/1313/1313 1317/1317/1317
f 1314/1314/1314 1317/1317/1317 1318/1318/1318
f 1318/1318/1318 1317/1317/1317 1319/1319/1319
f 1318/1318/1318 1319/1319/1319 1320/1320/1320
f 1316/1316/1316 1315/1315/1315 1321/1321/1321
f 1316/1316/1316 1321/1321/1321 1322/1322/1322
f 1320/1320/1320 1319/1319/1319 1323/1323/1323
f 1320/1320/1320 1323/1323/1323 1324/1324/1324
f 1322/1322/1322 1321/1321/1321 1325/1325/1325
f 1322/1322/1322 1325/1325/1325 1326/1326/1326
f 1324/1324/1324 1323/1323/1323 1327/1327/1327
f 1324/1324/1324 1327/1327/1327 1328/1328/1328
f 1326/1326/1326 1325/1325/1325 1329/1329/1329
f 1326/1326/1326 1329/1329/1329 1330/1330/1330
f 1328/1328/1328 1327/1327/1327 1331/1331/1331
f 1328/1328/1328 1331/1331/1331 1332/1332/1332
f 1330/1330/1330 1329/1329/1329 1333/1333/1333
f 1330/1330/1330 1333/1333/1333 1334/1334/1334
f 1332/1332/1332 1331/1331/1331 1335/1335/1335
f 1332/1332/1332 1335/1335/1335 1336/1336/1336
f 1334/1334/1334 1333/1333/1333 1337/1337/1337
f 1334/1334/1334 1337/1337/1337 1338/1338/1338
f 1336/1336/1336 1335/1335/1335 1339/1339/1339
f 1336/1336/1336 1339/1339/1339 1340/1340/1340
f 1338/1338/1338 1337/1337/1337 1341/1341/1341
f 1338/1338/1338 1341/1341/1341 1342/1342/1342
f 1340/1340/1340 1339/1339/1339 1343/1343/1343
f 1340/1340/1340 1343/1343/1343 1344/1344/1344
f 1342/1342/1342 1341/1341/1341 1345/1345/1345
f 1342/1342/1342 1345/1345/1345 1346/1346/1346
f 1347/1347/1347 1348/1348/1348 1349/1349/1349
f 1347/1347/1347 1349/1349/1349 1350/1350/1350
f 1351/1351/1351 1352/1352/1352 1353/1353/1353
f 1351/1351/1351 1353/1353/1353 1354/1354/1354
f 1350/1350/1350 1349/1349/1349 1355/1355/1355
f 1350/1350/1350 1355/1355/1355 1356/1356/1356
f 1354/1354/1354 1353/1353/1353 1357/1357/1357
f 1354/1354/1354 1357/1357/1357 1358/1358/1358
f 1358/1358/1358 1357/1357/1357 1359/1359/1359
f 1358/1358/1358 1359/1359/1359 1360/1360/1360
f 1356/1356/1356 1355/1355/1355 1361/1361/1361
f 1356/1356/1356 1361/1361/1361 1362/1362/1362
f 1362/1362/1362 1361/1361/1361 1363/1363/1363
f 1362/1362/1362 1363/1363/1363 1364/1364/1364
f 1360/1360/1360 1359/1359/1359 1365/1365/1365
f 1360/1360/1360 1365/1365/1365 1366/1366/1366
f 1366/1366/1366 1365/1365/1365 1367/1367/1367
f 1366/1366/1366 1367/1367/1367 1368/1368/1368
f 1364/1364/1364 1363/1363/1363 1369/1369/1369
f 1364/1364/1364 1369/1369/1369 1370/1370/1370
f 1368/1368/1368 1367/1367/1367 1371/1371/1371
f 1368/1368/1368 1371/1371/1371 1372/1372/1372
f 1370/1370/1370 1369/1369/1369 1373/1373/1373
f 1370/1370/1370 1373/1373/1373 1374/1374/1374
f 1375/1375/1375 1376/1376/1376 1377/1377/1377
f 1375/1375/1375 1377/1377/1377 1378/1378/1378
f 1379/1379/1379 1375/1375/1375 1378/1378/1378
f 1379/1379/1379 1378/1378/1378 1380/1380/1380
f 1378/1378/1378 1377/1377/1377 1381/1381/1381
f 1378/1378/1378 1381/1381/1381 1382/1382/1382
f 1380/1380/1380 1378/1378/1378 1382/1382/1382
f 1380/1380/1380 1382/1382/1382 1383/1383/1383
f 1383/1383/1383 1382/1382/1382 1384/1384/1384
f 1383/1383/1383 1384/1384/1384 1385/1385/1385
f 1382/1382/1382 1381/1381/1381 1386/1386/1386
f 1382/1382/1382 1386/1386/1386 1384/1384/1384
f 1160/1160/1160 1162/1162/1162 1387/1387/1387
f 1160/1160/1160 1387/1387/1387 1388/1388/1388
f 1162/1162/1162 1087/1087/1087 1389/1389/1389
f 1162/1162/1162 1389/1389/1389 1387/1387/1387
f 1387/1387/1387 1389/1389/1389 1390/1390/1390
f 1387/1387/1387 1390/1390/1390 1391/1391/1391
f 1388/1388/1388 1387/1387/1387 1391/1391/1391
f 1388/1388/1388 1391/1391/1391 1392/1392/1392
f 1391/1391/1391 1390/1390/1390 1393/1393/1393
f 1391/1391/1391 1393/1393/1393 1394/1394/1394
f 1392/1392/1392 1391/1391/1391 1394/1394/1394
f 1392/1392/1392 1394/1394/1394 1395/1395/1395
f 1152/1152/1152 1154/1154/1154 1396/1396/1396
f 1152/1152/1152 1396/1396/1396 1397/1397/1397
f 1154/1154/1154 1156/1156/1156 1398/1398/1398
f 1154/1154/1154 1398/1398/1398 1396/1396/1396
f 1396/1396/1396 1398/1398/1398 1399/1399/1399
f 1396/1396/1396 1399/1399/1399 1400/1400/1400
f 1397/1397/1397 1396/1396/1396 1400/1400/1400
f 1397/1397/1397 1400/1400/1400 1401/1401/1401
f 1400/1400/1400 1399/1399/1399 1402/1402/1402
f 1400/1400/1400 1402/1402/1402 1403/1403/1403
f 1401/1401/1401 1400/1400/1400 1403/1403/1403
f 1401/1401/1401 1403/1403/1403 1404/1404/1404
f 1403/1403/1403 1402/1402/1402 1405/1405/1405
f 1403/1403/1403 1405/1405/1405 1406/1406/1406
f 1404/1404/1404 1403/1403/1403 1406/1406/1406
f 1404/1404/1404 1406/1406/1406 1407/1407/1407
f 1408/1408/1408 1409/1409/1409 1410/1410/1410
f 1408/1408/1408 1410/1410/1410 1411/1411/1411
f 1412/1412/1412 1408/1408/1408 1411/1411/1411
f 1412/1412/1412 1411/1411/1411 1413/1413/1413
f 1411/1411/1411 1410/1410/1410 1414/1414/1414
f 1411/1411/1411 1414/1414/1414 1415/1415/1415
f 1413/1413/1413 1411/1411/1411 1415/1415/1415
f 1413/1413/1413 1415/1415/1415 1416/1416/1416
f 1416/1416/1416 1415/1415/1415 1417/1417/1417
f 1416/1416/1416 1417/1417/1417 1418/1418/1418
f 1415/1415/1415 1414/1414/1414 1419/1419/1419
f 1415/1415/1415 1419/1419/1419 1417/1417/1417
f 1135/1135/1135 1138/1138/1138 1420/1420/1420
f 1135/1135/1135 1420/1420/1420 1421/1421/1421
f 1138/1138/1138 1140/1140/1140 1422/1422/1422
f 1138/1138/1138 1422/1422/1422 1420/1420/1420
f 1420/1420/1420 1422/1422/1422 1423/1423/1423
f 1420/1420/1420 1423/1423/1423 1424/1424/1424
f 1421/1421/1421 1420/1420/1420 1424/1424/1424
f 1421/1421/1421 1424/1424/1424 1425/1425/1425
f 1425/1425/1425 1424/1424/1424 1426/1426/1426
f 1425/1425/1425 1426/1426/1426 1427/1427/1427
f 1424/1424/1424 1423/1423/1423 1428/1428/1428
f 1424/1424/1424 1428/1428/1428 1426/1426/1426
f 1426/1426/1426 1428/1428/1428 1429/1429/1429
f 1426/1426/1426 1429/1429/1429 1430/1430/1430
f 1427/1427/1427 1426/1426/1426 1430/1430/1430
f 1427/1427/1427 1430/1430/1430 1431/1431/1431
f 1128/1128/1128 1130/1130/1130 1432/1432/1432
f 1128/1128/1128 1432/1432/1432 1433/1433/1433
f 1130/1130/1130 1132/1132/1132 1434/1434/1434
f 1130/1130/1130 1434/1434/1434 1432/1432/1432
f 1432/1432/1432 1434/1434/1434 1435/1435/1435
f 1432/1432/1432 1435/1435/1435 1436/1436/1436
f 1433/1433/1433 1432/1432/1432 1436/1436/1436
f 1433/1433/1433 1436/1436/1436 1437/1437/1437
f 1437/1437/1437 1436/1436/1436 1438/1438/1438
f 1437/1437/1437 1438/1438/1438 1439/1439/1439
f 1436/1436/1436 1435/1435/1435 1440/1440/1440
f 1436/1436/1436 1440/1440/1440 1438/1438/1438
f 1438/1438/1438 1440/1440/1440 1441/1441/1441
f 1438/1438/1438 1441/1441/1441 1442/1442/1442
f 1439/1439/1439 1438/1438/1438 1442/1442/1442
f 1439/1439/1439 1442/1442/1442 1443/1443/1443
f 1444/1444/1444 1445/1445/1445 1446/1446/1446
f 1444/1444/1444 1446/1446/1446 1447/1447/1447
f 1448/1448/1448 1444/1444/1444 1447/1447/1447
f 1448/1448/1448 1447/1447/1447 1449/1449/1449
f 1447/1447/1447 1446/1446/1446 1450/1450/1450
f 1447/1447/1447 1450/1450/1450 1451/1451/1451
f 1449/1449/1449 1447/1447/1447 1451/1451/1451
f 1449/1449/1449 1451/1451/1451 1452/1452/1452
f 1452/1452/1452 1451/1451/1451 1453/1453/1453
f 1452/1452/1452 1453/1453/1453 1454/1454/1454
f 1451/1451/1451 1450/1450/1450 1455/1455/1455
f 1451/1451/1451 1455/1455/1455 1453/1453/1453
f 1456/1456/1456 1457/1457/1457 1458/1458/1458
f 1456/1456/1456 1458/1458/1458 1459/1459/1459
f 1457/1457/1457 1460/1460/1460 1461/1461/1461
f 1457/1457/1457 1461/1461/1461 1458/1458/1458
f 1458/1458/1458 1461/1461/1461 1462/1462/1462
f 1458/1458/1458 1462/1462/1462 1463/1463/1463
f 1459/1459/1459 1458/1458/1458 1463/1463/1463
f 1459/1459/1459 1463/1463/1463 1464/1464/1464
f 1465/1465/1465 1464/1464/1464 1463/1463/1463
f 1465/1465/1465 1463/1463/1463 1466/1466/1466
f 1463/1463/1463 1462/1462/1462 1467/1467/1467
f 1463/1463/1463 1467/1467/1467 1466/1466/1466
f 1466/1466/1466 1467/1467/1467 1468/1468/1468
f 1466/1466/1466 1468/1468/1468 1469/1469/1469
f 1465/1465/1465 1466/1466/1466 1469/1469/1469
f 1465/1465/1465 1469/1469/1469 1470/1470/1470
f 1471/1471/1471 1472/1472/1472 1473/1473/1473
f 1471/1471/1471 1473/1473/1473 1474/1474/1474
f 1472/1472/1472 1475/1475/1475 1476/1476/1476
f 1472/1472/1472 1476/1476/1476 1473/1473/1473
f 1473/1473/1473 1476/1476/1476 1477/1477/1477
f 1473/1473/1473 1477/1477/1477 1478/1478/1478
f 1474/1474/1474 1473/1473/1473 1478/1478/1478
f 1474/1474/1474 1478/1478/1478 1479/1479/1479
f 1479/1479/1479 1478/1478/1478 1480/1480/1480
f 1479/1479/1479 1480/1480/1480 1481/1481/1481
f 1478/1478/1478 1477/1477/1477 1482/1482/1482
f 1478/1478/1478 1482/1482/1482 1480/1480/1480
f 1480/1480/1480 1482/1482/1482 1483/1483/1483
f 1480/1480/1480 1483/1483/1483 1484/1484/1484
f 1481/1481/1481 1480/1480/1480 1484/1484/1484
f 1481/1481/1481 1484/1484/1484 1485/1485/1485
f 1486/1486/1486 1487/1487/1487 1488/1488/1488
f 1486/1486/1486 1488/1488/1488 1489/1489/1489
f 1490/1490/1490 1491/1491/1491 1492/1492/1492
f 1490/1490/1490 1492/1492/1492 1493/1493/1493
f 1493/1493/1493 1492/1492/1492 1494/1494/1494
f 1493/1493/1493 1494/1494/1494 1495/1495/1495
f 1489/1489/1489 1488/1488/1488 1496/1496/1496
f 1489/1489/1489 1496/1496/1496 1497/1497/1497
f 1495/1495/1495 1494/1494/1494 1498/1498/1498
f 1495/1495/1495 1498/1498/1498 1499/1499/1499
f 1497/1497/1497 1496/1496/1496 1500/1500/1500
f 1497/1497/1497 1500/1500/1500 1501/1501/1501
f 1499/1499/1499 1498/1498/1498 1502/1502/1502
f 1499/1499/1499 1502/1502/1502 1503/1503/1503
f 1501/1501/1501 1500/1500/1500 1504/1504/1504
f 1501/1501/1501 1504/1504/1504 1505/1505/1505
f 1506/1506/1506 1507/1507/1507 1508/1508/1508
f 1506/1506/1506 1508/1508/1508 1509/1509/1509
f 1507/1507/1507 1510/1510/1510 1511/1511/1511
f 1507/1507/1507 1511/1511/1511 1508/1508/1508
f 1508/1508/1508 1511/1511/1511 1512/1512/1512
f 1508/1508/1508 1512/1512/1512 1513/1513/1513
f 1509/1509/1509 1508/1508/1508 1513/1513/1513
f 1509/1509/1509 1513/1513/1513 1514/1514/1514
f 1513/1513/1513 1512/1512/1512 1515/1515/1515
f 1513/1513/1513 1515/1515/1515 1516/1516/1516
f 1514/1514/1514 1513/1513/1513 1516/1516/1516
f 1514/1514/1514 1516/1516/1516 1517/1517/1517
f 1516/1516/1516 1515/1515/1515 1518/1518/1518
f 1516/1516/1516 1518/1518/1518 1519/1519/1519
f 1517/1517/1517 1516/1516/1516 1519/1519/1519
f 1517/1517/1517 1519/1519/1519 1520/1520/1520
f 1521/1521/1521 1522/1522/1522 1523/1523/1523
f 1521/1521/1521 1523/1523/1523 1524/1524/1524
f 1522/1522/1522 1525/1525/1525 1526/1526/1526
f 1522/1522/1522 1526/1526/1526 1523/1523/1523
f 1527/1527/1527 1528/1528/1528 1529/1529/1529
f 1527/1527/1527 1529/1529/1529 1530/1530/1530
f 1531/1531/1531 1532/1532/1532 1527/1527/1527
f 1531/1531/1531 1527/1527/1527 1530/1530/1530
f 1531/1531/1531 1530/1530/1530 1533/1533/1533
f 1531/1531/1531 1533/1533/1533 1534/1534/1534
f 1530/1530/1530 1529/1529/1529 1535/1535/1535
f 1530/1530/1530 1535/1535/1535 1533/1533/1533
f 1536/1536/1536 1537/1537/1537 1538/1538/1538
f 1536/1536/1536 1538/1538/1538 1539/1539/1539
f 1537/1537/1537 1540/1540/1540 1541/1541/1541
f 1537/1537/1537 1541/1541/1541 1538/1538/1538
f 1538/1538/1538 1541/1541/1541 1542/1542/1542
f 1538/1538/1538 1542/1542/1542 1543/1543/1543
f 1539/1539/1539 1538/1538/1538 1543/1543/1543
f 1539/1539/1539 1543/1543/1543 1544/1544/1544
f 1544/1544/1544 1543/1543/1543 1545/1545/1545
f 1544/1544/1544 1545/1545/1545 1546/1546/1546
f 1543/1543/1543 1542/1542/1542 1547/1547/1547
f 1543/1543/1543 1547/1547/1547 1545/1545/1545
f 1546/1546/1546 1545/1545/1545 1548/1548/1548
f 1546/1546/1546 1548/1548/1548 1549/1549/1549
f 1545/1545/1545 1547/1547/1547 1550/1550/1550
f 1545/1545/1545 1550/1550/1550 1548/1548/1548
f 1551/1551/1551 1552/1552/1552 1553/1553/1553
f 1551/1551/1551 1553/1553/1553 1554/1554/1554
f 1555/1555/1555 1551/1551/1551 1554/1554/1554
f 1555/1555/1555 1554/1554/1554 1556/1556/1556
f 1554/1554/1554 1553/1553/1553 1557/1557/1557
f 1554/1554/1554 1557/1557/1557 1558/1558/1558
f 1556/1556/1556 1554/1554/1554 1558/1558/1558
f 1556/1556/1556 1558/1558/1558 1559/1559/1559
f 1559/1559/1559 1558/1558/1558 1560/1560/1560
f 1559/1559/1559 1560/1560/1560 1561/1561/1561
f 1558/1558/1558 1557/1557/1557 1562/1562/1562
f 1558/1558/1558 1562/1562/1562 1560/1560/1560
f 1563/1563/1563 1564/1564/1564 1565/1565/1565
f 1563/1563/1563 1565/1565/1565 1566/1566/1566
f 1564/1564/1564 1567/1567/1567 1568/1568/1568
f 1564/1564/1564 1568/1568/1568 1565/1565/1565
f 1565/1565/1565 1568/1568/1568 1569/1569/1569
f 1565/1565/1565 1569/1569/1569 1570/1570/1570
f 1566/1566/1566 1565/1565/1565 1570/1570/1570
f 1566/1566/1566 1570/1570/1570 1571/1571/1571
f 1570/1570/1570 1569/1569/1569 1572/1572/1572
f 1570/1570/1570 1572/1572/1572 1573/1573/1573
f 1571/1571/1571 1570/1570/1570 1573/1573/1573
f 1571/1571/1571 1573/1573/1573 1574/1574/1574
f 1394/1394/1394 1393/1393/1393 1575/1575/1575
f 1394/1394/1394 1575/1575/1575 1576/1576/1576
f 1395/1395/1395 1394/1394/1394 1576/1576/1576
f 1395/1395/1395 1576/1576/1576 1577/1577/1577
f 1573/1573/1573 1572/1572/1572 1578/1578/1578
f 1573/1573/1573 1578/1578/1578 1579/1579/1579
f 1574/1574/1574 1573/1573/1573 1579/1579/1579
f 1574/1574/1574 1579/1579/1579 1580/1580/1580
f 1581/1581/1581 1582/1582/1582 1583/1583/1583
f 1581/1581/1581 1583/1583/1583 1584/1584/1584
f 1582/1582/1582 1585/1585/1585 1586/1586/1586
f 1582/1582/1582 1586/1586/1586 1583/1583/1583
f 1583/1583/1583 1586/1586/1586 1587/1587/1587
f 1583/1583/1583 1587/1587/1587 1588/1588/1588
f 1584/1584/1584 1583/1583/1583 1588/1588/1588
f 1584/1584/1584 1588/1588/1588 1589/1589/1589
f 1588/1588/1588 1587/1587/1587 1590/1590/1590
f 1588/1588/1588 1590/1590/1590 1591/1591/1591
f 1589/1589/1589 1588/1588/1588 1591/1591/1591
f 1589/1589/1589 1591/1591/1591 1592/1592/1592
f 1591/1591/1591 1590/1590/1590 1593/1593/1593
f 1591/1591/1591 1593/1593/1593 1594/1594/1594
f 1592/1592/1592 1591/1591/1591 1594/1594/1594
f 1592/1592/1592 1594/1594/1594 1595/1595/1595
f 1596/1596/1596 1597/1597/1597 1598/1598/1598
f 1596/1596/1596 1598/1598/1598 1599/1599/1599
f 1597/1597/1597 1596/1596/1596 1600/1600/1600
f 1597/1597/1597 1600/1600/1600 1601/1601/1601
f 1599/1599/1599 1598/1598/1598 1602/1602/1602
f 1599/1599/1599 1602/1602/1602 1603/1603/1603
f 1603/1603/1603 1602/1602/1602 1604/1604/1604
f 1603/1603/1603 1604/1604/1604 1605/1605/1605
f 1606/1606/1606 1607/1607/1607 1605/1605/1605
f 1606/1606/1606 1605/1605/1605 1604/1604/1604
f 1608/1608/1608 1609/1609/1609 1610/1610/1610
f 1608/1608/1608 1610/1610/1610 1611/1611/1611
f 1611/1611/1611 1610/1610/1610 1612/1612/1612
f 1611/1611/1611 1612/1612/1612 1613/1613/1613
f 1614/1614/1614 1615/1615/1615 1601/1601/1601
f 1614/1614/1614 1601/1601/1601 1600/1600/1600
f 1615/1615/1615 1614/1614/1614 1616/1616/1616
f 1615/1615/1615 1616/1616/1616 1617/1617/1617
f 1613/1613/1613 1612/1612/1612 1618/1618/1618
f 1613/1613/1613 1618/1618/1618 1619/1619/1619
f 1619/1619/1619 1618/1618/1618 1620/1620/1620
f 1619/1619/1619 1620/1620/1620 1621/1621/1621
f 1621/1621/1621 1620/1620/1620 1622/1622/1622
f 1621/1621/1621 1622/1622/1622 1623/1623/1623
f 1623/1623/1623 1622/1622/1622 1624/1624/1624
f 1623/1623/1623 1624/1624/1624 1625/1625/1625
f 1626/1626/1626 1627/1627/1627 1628/1628/1628
f 1626/1626/1626 1628/1628/1628 1629/1629/1629
f 1629/1629/1629 1628/1628/1628 1630/1630/1630
f 1629/1629/1629 1630/1630/1630 1631/1631/1631
f 1631/1631/1631 1630/1630/1630 1632/1632/1632
f 1631/1631/1631 1632/1632/1632 1633/1633/1633
f 1633/1633/1633 1632/1632/1632 1634/1634/1634
f 1633/1633/1633 1634/1634/1634 1635/1635/1635
f 1635/1635/1635 1634/1634/1634 1636/1636/1636
f 1635/1635/1635 1636/1636/1636 1637/1637/1637
f 1637/1637/1637 1636/1636/1636 1638/1638/1638
f 1637/1637/1637 1638/1638/1638 1639/1639/1639
f 1639/1639/1639 1638/1638/1638 1640/1640/1640
f 1639/1639/1639 1640/1640/1640 1641/1641/1641
f 1641/1641/1641 1640/1640/1640 1642/1642/1642
f 1641/1641/1641 1642/1642/1642 1643/1643/1643
f 1644/1644/1644 1645/1645/1645 1617/1617/1617
f 1644/1644/1644 1617/1617/1617 1616/1616/1616
f 1645/1645/1645 1644/1644/1644 1646/1646/1646
f 1645/1645/1645 1646/1646/1646 1647/1647/1647
f 1648/1648/1648 1649/1649/1649 1647/1647/1647
f 1648/1648/1648 1647/1647/1647 1646/1646/1646
f 1649/1649/1649 1648/1648/1648 1650/1650/1650
f 1649/1649/1649 1650/1650/1650 1651/1651/1651
f 1652/1652/1652 1653/1653/1653 1651/1651/1651
f 1652/1652/1652 1651/1651/1651 1650/1650/1650
f 1653/1653/1653 1652/1652/1652 1654/1654/1654
f 1653/1653/1653 1654/1654/1654 1655/1655/1655
f 1656/1656/1656 1657/1657/1657 1655/1655/1655
f 1656/1656/1656 1655/1655/1655 1654/1654/1654
f 1657/1657/1657 1656/1656/1656 1658/1658/1658
f 1657/1657/1657 1658/1658/1658 1659/1659/1659
f 1660/1660/1660 1661/1661/1661 1662/1662/1662
f 1660/1660/1660 1662/1662/1662 1663/1663/1663
f 1661/1661/1661 1660/1660/1660 1659/1659/1659
f 1661/1661/1661 1659/1659/1659 1658/1658/1658
f 1664/1664/1664 1665/1665/1665 1663/1663/1663
f 1664/1664/1664 1663/1663/1663 1662/1662/1662
f 1665/1665/1665 1664/1664/1664 1666/1666/1666
f 1665/1665/1665 1666/1666/1666 1667/1667/1667
f 1668/1668/1668 1669/1669/1669 1667/1667/1667
f 1668/1668/1668 1667/1667/1667 1666/1666/1666
f 1669/1669/1669 1668/1668/1668 1670/1670/1670
f 1669/1669/1669 1670/1670/1670 1671/1671/1671
f 1672/1672/1672 1673/1673/1673 1671/1671/1671
f 1672/1672/1672 1671/1671/1671 1670/1670/1670
f 1673/1673/1673 1672/1672/1672 1674/1674/1674
f 1673/1673/1673 1674/1674/1674 1675/1675/1675
f 1675/1675/1675 1674/1674/1674 1643/1643/1643
f 1675/1675/1675 1643/1643/1643 1642/1642/1642
f 1676/1676/1676 1677/1677/1677 1678/1678/1678
f 1676/1676/1676 1678/1678/1678 1679/1679/1679
f 1456/1456/1456 1676/1676/1676 1679/1679/1679
f 1456/1456/1456 1679/1679/1679 1680/1680/1680
f 1456/1456/1456 1680/1680/1680 1681/1681/1681
f 1456/1456/1456 1681/1681/1681 1457/1457/1457
f 1457/1457/1457 1681/1681/1681 1682/1682/1682
f 1457/1457/1457 1682/1682/1682 1460/1460/1460
f 1683/1683/1683 1684/1684/1684 1685/1685/1685
f 1683/1683/1683 1685/1685/1685 1471/1471/1471
f 1471/1471/1471 1685/1685/1685 1686/1686/1686
f 1471/1471/1471 1686/1686/1686 1472/1472/1472
f 1472/1472/1472 1686/1686/1686 1687/1687/1687
f 1472/1472/1472 1687/1687/1687 1475/1475/1475
f 1475/1475/1475 1687/1687/1687 1688/1688/1688
f 1475/1475/1475 1688/1688/1688 1689/1689/1689
f 1689/1689/1689 1688/1688/1688 1690/1690/1690
f 1689/1689/1689 1690/1690/1690 1486/1486/1486
f 1486/1486/1486 1690/1690/1690 1691/1691/1691
f 1486/1486/1486 1691/1691/1691 1487/1487/1487
f 1490/1490/1490 1692/1692/1692 1693/1693/1693
f 1490/1490/1490 1693/1693/1693 1491/1491/1491
f 1491/1491/1491 1693/1693/1693 1694/1694/1694
f 1491/1491/1491 1694/1694/1694 1695/1695/1695
f 1695/1695/1695 1694/1694/1694 1696/1696/1696
f 1695/1695/1695 1696/1696/1696 1506/1506/1506
f 1506/1506/1506 1696/1696/1696 1697/1697/1697
f 1506/1506/1506 1697/1697/1697 1507/1507/1507
f 1507/1507/1507 1697/1697/1697 1698/1698/1698
f 1507/1507/1507 1698/1698/1698 1510/1510/1510
f 1510/1510/1510 1698/1698/1698 1699/1699/1699
f 1510/1510/1510 1699/1699/1699 1700/1700/1700
f 1700/1700/1700 1699/1699/1699 1701/1701/1701
f 1700/1700/1700 1701/1701/1701 1521/1521/1521
f 1521/1521/1521 1701/1701/1701 1702/1702/1702
f 1521/1521/1521 1702/1702/1702 1522/1522/1522
f 1522/1522/1522 1702/1702/1702 1703/1703/1703
f 1522/1522/1522 1703/1703/1703 1525/1525/1525
f 1525/1525/1525 1703/1703/1703 1704/1704/1704
f 1525/1525/1525 1704/1704/1704 1536/1536/1536
f 1536/1536/1536 1704/1704/1704 1705/1705/1705
f 1536/1536/1536 1705/1705/1705 1537/1537/1537
f 1537/1537/1537 1705/1705/1705 1706/1706/1706
f 1537/1537/1537 1706/1706/1706 1540/1540/1540
f 1540/1540/1540 1706/1706/1706 1707/1707/1707
f 1540/1540/1540 1707/1707/1707 1708/1708/1708
f 1708/1708/1708 1707/1707/1707 1709/1709/1709
f 1708/1708/1708 1709/1709/1709 1710/1710/1710
f 1710/1710/1710 1709/1709/1709 1711/1711/1711
f 1710/1710/1710 1711/1711/1711 1712/1712/1712
f 1712/1712/1712 1711/1711/1711 1713/1713/1713
f 1712/1712/1712 1713/1713/1713 1714/1714/1714
f 1714/1714/1714 1713/1713/1713 1715/1715/1715
f 1714/1714/1714 1715/1715/1715 1716/1716/1716
f 1716/1716/1716 1715/1715/1715 1717/1717/1717
f 1716/1716/1716 1717/1717/1717 1563/1563/1563
f 1563/1563/1563 1717/1717/1717 1718/1718/1718
f 1563/1563/1563 1718/1718/1718 1564/1564/1564
f 1564/1564/1564 1718/1718/1718 1719/1719/1719
f 1564/1564/1564 1719/1719/1719 1567/1567/1567
f 1567/1567/1567 1719/1719/1719 1720/1720/1720
f 1567/1567/1567 1720/1720/1720 1721/1721/1721
f 1721/1721/1721 1720/1720/1720 1722/1722/1722
f 1721/1721/1721 1722/1722/1722 1581/1581/1581
f 1581/1581/1581 1722/1722/1722 1723/1723/1723
f 1581/1581/1581 1723/1723/1723 1582/1582/1582
f 1582/1582/1582 1723/1723/1723 1724/1724/1724
f 1582/1582/1582 1724/1724/1724 1585/1585/1585
f 1585/1585/1585 1724/1724/1724 1725/1725/1725
f 1585/1585/1585 1725/1725/1725 1726/1726/1726
f 1726/1726/1726 1725/1725/1725 1727/1727/1727
f 1726/1726/1726 1727/1727/1727 1728/1728/1728
f 1728/1728/1728 1727/1727/1727 1729/1729/1729
f 1728/1728/1728 1729/1729/1729 1730/1730/1730
f 1730/1730/1730 1729/1729/1729 1678/1678/1678
f 1730/1730/1730 1678/1678/1678 1677/1677/1677
f 1731/1731/1731 1732/1732/1732 1733/1733/1733
f 1731/1731/1731 1733/1733/1733 1734/1734/1734
f 1732/1732/1732 1735/1735/1735 1736/1736/1736
f 1732/1732/1732 1736/1736/1736 1733/1733/1733
f 1731/1731/1731 1734/1734/1734 1737/1737/1737
f 1731/1731/1731 1737/1737/1737 1738/1738/1738
f 1738/1738/1738 1737/1737/1737 1739/1739/1739
f 1738/1738/1738 1739/1739/1739 1740/1740/1740
f 1740/1740/1740 1739/1739/1739 1741/1741/1741
f 1740/1740/1740 1741/1741/1741 1742/1742/1742
f 1742/1742/1742 1741/1741/1741 1743/1743/1743
f 1742/1742/1742 1743/1743/1743 1744/1744/1744
f 1744/1744/1744 1743/1743/1743 1745/1745/1745
f 1744/1744/1744 1745/1745/1745 1746/1746/1746
f 1746/1746/1746 1745/1745/1745 1747/1747/1747
f 1746/1746/1746 1747/1747/1747 1748/1748/1748
f 1748/1748/1748 1747/1747/1747 1749/1749/1749
f 1748/1748/1748 1749/1749/1749 1750/1750/1750
f 1750/1750/1750 1749/1749/1749 1751/1751/1751
f 1750/1750/1750 1751/1751/1751 1752/1752/1752
f 1753/1753/1753 1754/1754/1754 1755/1755/1755
f 1753/1753/1753 1755/1755/1755 1756/1756/1756
f 1756/1756/1756 1755/1755/1755 1757/1757/1757
f 1756/1756/1756 1757/1757/1757 1758/1758/1758
f 1758/1758/1758 1757/1757/1757 1759/1759/1759
f 1758/1758/1758 1759/1759/1759 1760/1760/1760
f 1760/1760/1760 1759/1759/1759 1761/1761/1761
f 1760/1760/1760 1761/1761/1761 1762/1762/1762
f 1762/1762/1762 1761/1761/1761 1763/1763/1763
f 1762/1762/1762 1763/1763/1763 1764/1764/1764
f 1764/1764/1764 1763/1763/1763 1765/1765/1765
f 1764/1764/1764 1765/1765/1765 1766/1766/1766
f 1767/1767/1767 1768/1768/1768 1769/1769/1769
f 1767/1767/1767 1769/1769/1769 1770/1770/1770
f 1770/1770/1770 1769/1769/1769 1771/1771/1771
f 1770/1770/1770 1771/1771/1771 1772/1772/1772
f 1772/1772/1772 1771/1771/1771 1773/1773/1773
f 1772/1772/1772 1773/1773/1773 1774/1774/1774
f 1774/1774/1774 1773/1773/1773 1775/1775/1775
f 1774/1774/1774 1775/1775/1775 1776/1776/1776
f 1777/1777/1777 1778/1778/1778 1779/1779/1779
f 1777/1777/1777 1779/1779/1779 1780/1780/1780
f 1781/1781/1781 1782/1782/1782 1783/1783/1783
f 1781/1781/1781 1783/1783/1783 1784/1784/1784
f 1782/1782/1782 1752/1752/1752 1751/1751/1751
f 1782/1782/1782 1751/1751/1751 1783/1783/1783
f 1753/1753/1753 1785/1785/1785 1786/1786/1786
f 1753/1753/1753 1786/1786/1786 1754/1754/1754
f 1785/1785/1785 1781/1781/1781 1784/1784/1784
f 1785/1785/1785 1784/1784/1784 1786/1786/1786
f 1787/1787/1787 1788/1788/1788 1789/1789/1789
f 1787/1787/1787 1789/1789/1789 1790/1790/1790
f 1788/1788/1788 1776/1776/1776 1775/1775/1775
f 1788/1788/1788 1775/1775/1775 1789/1789/1789
f 1787/1787/1787 1790/1790/1790 1791/1791/1791
f 1787/1787/1787 1791/1791/1791 1792/1792/1792
f 1792/1792/1792 1791/1791/1791 1793/1793/1793
f 1792/1792/1792 1793/1793/1793 1794/1794/1794
f 1794/1794/1794 1793/1793/1793 1795/1795/1795
f 1794/1794/1794 1795/1795/1795 1796/1796/1796
f 1797/1797/1797 1798/1798/1798 1799/1799/1799
f 1797/1797/1797 1799/1799/1799 1800/1800/1800
f 1800/1800/1800 1799/1799/1799 1801/1801/1801
f 1800/1800/1800 1801/1801/1801 1802/1802/1802
f 1802/1802/1802 1801/1801/1801 1803/1803/1803
f 1802/1802/1802 1803/1803/1803 1804/1804/1804
f 1777/1777/1777 1805/1805/1805 1806/1806/1806
f 1777/1777/1777 1806/1806/1806 1778/1778/1778
f 1805/1805/1805 1804/1804/1804 1803/1803/1803
f 1805/1805/1805 1803/1803/1803 1806/1806/1806
f 1766/1766/1766 1765/1765/1765 1807/1807/1807
f 1766/1766/1766 1807/1807/1807 1808/1808/1808
f 1808/1808/1808 1807/1807/1807 1809/1809/1809
f 1808/1808/1808 1809/1809/1809 1810/1810/1810
f 1809/1809/1809 1768/1768/1768 1767/1767/1767
f 1809/1809/1809 1767/1767/1767 1810/1810/1810
f 1780/1780/1780 1779/1779/1779 1736/1736/1736
f 1780/1780/1780 1736/1736/1736 1735/1735/1735
f 1372/1372/1372 1371/1371/1371 1226/1226/1226
f 1372/1372/1372 1226/1226/1226 1225/1225/1225
f 1374/1374/1374 1373/1373/1373 1224/1224/1224
f 1374/1374/1374 1224/1224/1224 1223/1223/1223
f 1134/1134/1134 1133/1133/1133 1136/1136/1136
f 1134/1134/1134 1136/1136/1136 1135/1135/1135
f 1460/1460/1460 1682/1682/1682 1684/1684/1684
f 1460/1460/1460 1684/1684/1684 1683/1683/1683
f 1607/1607/1607 1606/1606/1606 1609/1609/1609
f 1607/1607/1607 1609/1609/1609 1608/1608/1608
f 1146/1146/1146 1148/1148/1148 1409/1409/1409
f 1146/1146/1146 1409/1409/1409 1408/1408/1408
f 1728/1728/1728 1730/1730/1730 1444/1444/1444
f 1728/1728/1728 1444/1444/1444 1448/1448/1448
f 1730/1730/1730 1677/1677/1677 1445/1445/1445
f 1730/1730/1730 1445/1445/1445 1444/1444/1444
f 1144/1144/1144 1146/1146/1146 1408/1408/1408
f 1144/1144/1144 1408/1408/1408 1412/1412/1412
f 1175/1175/1175 1177/1177/1177 1179/1179/1179
f 1175/1175/1175 1179/1179/1179 1178/1178/1178
f 1527/1527/1527 1532/1532/1532 1524/1524/1524
f 1527/1527/1527 1524/1524/1524 1523/1523/1523
f 1523/1523/1523 1526/1526/1526 1528/1528/1528
f 1523/1523/1523 1528/1528/1528 1527/1527/1527
f 1178/1178/1178 1183/1183/1183 1176/1176/1176
f 1178/1178/1178 1176/1176/1176 1175/1175/1175
f 1090/1090/1090 1092/1092/1092 1376/1376/1376
f 1090/1090/1090 1376/1376/1376 1375/1375/1375
f 1710/1710/1710 1712/1712/1712 1551/1551/1551
f 1710/1710/1710 1551/1551/1551 1555/1555/1555
f 1712/1712/1712 1714/1714/1714 1552/1552/1552
f 1712/1712/1712 1552/1552/1552 1551/1551/1551
f 1083/1083/1083 1090/1090/1090 1375/1375/1375
f 1083/1083/1083 1375/1375/1375 1379/1379/1379
f 1811/1811/1811 1812/1812/1812 1813/1813/1813
f 1811/1811/1811 1813/1813/1813 1814/1814/1814
f 1815/1815/1815 1816/1816/1816 1812/1812/1812
f 1815/1815/1815 1812/1812/1812 1811/1811/1811
f 1817/1817/1817 1818/1818/1818 1819/1819/1819
f 1817/1817/1817 1819/1819/1819 1820/1820/1820
f 1820/1820/1820 1819/1819/1819 1816/1816/1816
f 1820/1820/1820 1816/1816/1816 1815/1815/1815
f 1814/1814/1814 1813/1813/1813 1821/1821/1821
f 1814/1814/1814 1821/1821/1821 1822/1822/1822
f 1822/1822/1822 1821/1821/1821 1823/1823/1823
f 1822/1822/1822 1823/1823/1823 1824/1824/1824
f 1824/1824/1824 1823/1823/1823 1825/1825/1825
f 1824/1824/1824 1825/1825/1825 1826/1826/1826
f 1826/1826/1826 1825/1825/1825 1827/1827/1827
f 1826/1826/1826 1827/1827/1827 1828/1828/1828
f 1828/1828/1828 1827/1827/1827 1829/1829/1829
f 1828/1828/1828 1829/1829/1829 1830/1830/1830
f 1830/1830/1830 1829/1829/1829 1831/1831/1831
f 1830/1830/1830 1831/1831/1831 1832/1832/1832
f 1832/1832/1832 1831/1831/1831 1833/1833/1833
f 1832/1832/1832 1833/1833/1833 1834/1834/1834
f 1835/1835/1835 1836/1836/1836 1837/1837/1837
f 1835/1835/1835 1837/1837/1837 1838/1838/1838
f 1838/1838/1838 1837/1837/1837 1839/1839/1839
f 1838/1838/1838 1839/1839/1839 1840/1840/1840
f 1834/1834/1834 1833/1833/1833 1836/1836/1836
f 1834/1834/1834 1836/1836/1836 1835/1835/1835
f 1840/1840/1840 1839/1839/1839 1841/1841/1841
f 1840/1840/1840 1841/1841/1841 1842/1842/1842
f 1842/1842/1842 1841/1841/1841 1843/1843/1843
f 1842/1842/1842 1843/1843/1843 1844/1844/1844
f 1844/1844/1844 1843/1843/1843 1845/1845/1845
f 1844/1844/1844 1845/1845/1845 1846/1846/1846
f 1846/1846/1846 1845/1845/1845 1847/1847/1847
f 1846/1846/1846 1847/1847/1847 1848/1848/1848
f 1848/1848/1848 1847/1847/1847 1849/1849/1849
f 1848/1848/1848 1849/1849/1849 1850/1850/1850
f 1850/1850/1850 1849/1849/1849 1851/1851/1851
f 1850/1850/1850 1851/1851/1851 1852/1852/1852
f 1853/1853/1853 1854/1854/1854 1818/1818/1818
f 1853/1853/1853 1818/1818/1818 1817/1817/1817
f 1855/1855/1855 1856/1856/1856 1854/1854/1854
f 1855/1855/1855 1854/1854/1854 1853/1853/1853
f 1857/1857/1857 1858/1858/1858 1856/1856/1856
f 1857/1857/1857 1856/1856/1856 1855/1855/1855
f 1859/1859/1859 1860/1860/1860 1858/1858/1858
f 1859/1859/1859 1858/1858/1858 1857/1857/1857
f 1861/1861/1861 1862/1862/1862 1860/1860/1860
f 1861/1861/1861 1860/1860/1860 1859/1859/1859
f 1863/1863/1863 1864/1864/1864 1862/1862/1862
f 1863/1863/1863 1862/1862/1862 1861/1861/1861
f 1865/1865/1865 1866/1866/1866 1864/1864/1864
f 1865/1865/1865 1864/1864/1864 1863/1863/1863
f 1867/1867/1867 1868/1868/1868 1866/1866/1866
f 1867/1867/1867 1866/1866/1866 1865/1865/1865
f 1869/1869/1869 1870/1870/1870 1871/1871/1871
f 1869/1869/1869 1871/1871/1871 1872/1872/1872
f 1873/1873/1873 1874/1874/1874 1870/1870/1870
f 1873/1873/1873 1870/1870/1870 1869/1869/1869
f 1875/1875/1875 1876/1876/1876 1874/1874/1874
f 1875/1875/1875 1874/1874/1874 1873/1873/1873
f 1852/1852/1852 1851/1851/1851 1876/1876/1876
f 1852/1852/1852 1876/1876/1876 1875/1875/1875
f 1877/1877/1877 1878/1878/1878 1879/1879/1879
f 1877/1877/1877 1879/1879/1879 1880/1880/1880
f 1881/1881/1881 1882/1882/1882 1883/1883/1883
f 1881/1881/1881 1883/1883/1883 1884/1884/1884
f 1885/1885/1885 1886/1886/1886 1882/1882/1882
f 1885/1885/1885 1882/1882/1882 1881/1881/1881
f 1887/1887/1887 1888/1888/1888 1889/1889/1889
f 1887/1887/1887 1889/1889/1889 1890/1890/1890
f 1891/1891/1891 1892/1892/1892 1893/1893/1893
f 1891/1891/1891 1893/1893/1893 1894/1894/1894
f 1894/1894/1894 1893/1893/1893 1888/1888/1888
f 1894/1894/1894 1888/1888/1888 1887/1887/1887
f 1890/1890/1890 1889/1889/1889 1886/1886/1886
f 1890/1890/1890 1886/1886/1886 1885/1885/1885
f 1895/1895/1895 1896/1896/1896 1897/1897/1897
f 1895/1895/1895 1897/1897/1897 1898/1898/1898
f 1899/1899/1899 1900/1900/1900 1901/1901/1901
f 1899/1899/1899 1901/1901/1901 1902/1902/1902
f 1902/1902/1902 1901/1901/1901 1903/1903/1903
f 1902/1902/1902 1903/1903/1903 1904/1904/1904
f 1905/1905/1905 1906/1906/1906 1907/1907/1907
f 1905/1905/1905 1907/1907/1907 1908/1908/1908
f 1909/1909/1909 1910/1910/1910 1911/1911/1911
f 1909/1909/1909 1911/1911/1911 1912/1912/1912
f 1908/1908/1908 1907/1907/1907 1910/1910/1910
f 1908/1908/1908 1910/1910/1910 1909/1909/1909
f 1913/1913/1913 1914/1914/1914 1892/1892/1892
f 1913/1913/1913 1892/1892/1892 1891/1891/1891
f 1898/1898/1898 1897/1897/1897 1900/1900/1900
f 1898/1898/1898 1900/1900/1900 1899/1899/1899
f 1915/1915/1915 1916/1916/1916 1917/1917/1917
f 1915/1915/1915 1917/1917/1917 1918/1918/1918
f 1916/1916/1916 1919/1919/1919 1920/1920/1920
f 1916/1916/1916 1920/1920/1920 1917/1917/1917
f 1919/1919/1919 1921/1921/1921 1922/1922/1922
f 1919/1919/1919 1922/1922/1922 1920/1920/1920
f 1921/1921/1921 1923/1923/1923 1924/1924/1924
f 1921/1921/1921 1924/1924/1924 1922/1922/1922
f 1923/1923/1923 1925/1925/1925 1926/1926/1926
f 1923/1923/1923 1926/1926/1926 1924/1924/1924
f 1925/1925/1925 1927/1927/1927 1928/1928/1928
f 1925/1925/1925 1928/1928/1928 1926/1926/1926
f 1927/1927/1927 1929/1929/1929 1930/1930/1930
f 1927/1927/1927 1930/1930/1930 1928/1928/1928
f 1929/1929/1929 1931/1931/1931 1932/1932/1932
f 1929/1929/1929 1932/1932/1932 1930/1930/1930
f 1931/1931/1931 1933/1933/1933 1934/1934/1934
f 1931/1931/1931 1934/1934/1934 1932/1932/1932
f 1935/1935/1935 1936/1936/1936 1937/1937/1937
f 1935/1935/1935 1937/1937/1937 1938/1938/1938
f 1936/1936/1936 1939/1939/1939 1940/1940/1940
f 1936/1936/1936 1940/1940/1940 1937/1937/1937
f 1933/1933/1933 1935/1935/1935 1938/1938/1938
f 1933/1933/1933 1938/1938/1938 1934/1934/1934
f 1939/1939/1939 1941/1941/1941 1942/1942/1942
f 1939/1939/1939 1942/1942/1942 1940/1940/1940
f 1941/1941/1941 1943/1943/1943 1944/1944/1944
f 1941/1941/1941 1944/1944/1944 1942/1942/1942
f 1943/1943/1943 1945/1945/1945 1946/1946/1946
f 1943/1943/1943 1946/1946/1946 1944/1944/1944
f 1945/1945/1945 1947/1947/1947 1948/1948/1948
f 1945/1945/1945 1948/1948/1948 1946/1946/1946
f 1947/1947/1947 1949/1949/1949 1950/1950/1950
f 1947/1947/1947 1950/1950/1950 1948/1948/1948
f 1949/1949/1949 1951/1951/1951 1952/1952/1952
f 1949/1949/1949 1952/1952/1952 1950/1950/1950
f 1953/1953/1953 1954/1954/1954 1955/1955/1955
f 1953/1953/1953 1955/1955/1955 1956/1956/1956
f 1954/1954/1954 1957/1957/1957 1958/1958/1958
f 1954/1954/1954 1958/1958/1958 1955/1955/1955
f 1959/1959/1959 1953/1953/1953 1956/1956/1956
f 1959/1959/1959 1956/1956/1956 1960/1960/1960
f 1961/1961/1961 1959/1959/1959 1960/1960/1960
f 1961/1961/1961 1960/1960/1960 1962/1962/1962
f 1963/1963/1963 1961/1961/1961 1962/1962/1962
f 1963/1963/1963 1962/1962/1962 1964/1964/1964
f 1965/1965/1965 1963/1963/1963 1964/1964/1964
f 1965/1965/1965 1964/1964/1964 1966/1966/1966
f 1967/1967/1967 1965/1965/1965 1966/1966/1966
f 1967/1967/1967 1966/1966/1966 1968/1968/1968
f 1969/1969/1969 1967/1967/1967 1968/1968/1968
f 1969/1969/1969 1968/1968/1968 1970/1970/1970
f 1971/1971/1971 1969/1969/1969 1970/1970/1970
f 1971/1971/1971 1970/1970/1970 1972/1972/1972
f 1973/1973/1973 1974/1974/1974 1975/1975/1975
f 1973/1973/1973 1975/1975/1975 1976/1976/1976
f 1974/1974/1974 1977/1977/1977 1978/1978/1978
f 1974/1974/1974 1978/1978/1978 1975/1975/1975
f 1951/1951/1951 1973/1973/1973 1976/1976/1976
f 1951/1951/1951 1976/1976/1976 1952/1952/1952
f 1957/1957/1957 1915/1915/1915 1918/1918/1918
f 1957/1957/1957 1918/1918/1918 1958/1958/1958
f 1977/1977/1977 1979/1979/1979 1980/1980/1980
f 1977/1977/1977 1980/1980/1980 1978/1978/1978
f 1981/1981/1981 1982/1982/1982 1983/1983/1983
f 1981/1981/1981 1983/1983/1983 1984/1984/1984
f 1912/1912/1912 1911/1911/1911 1914/1914/1914
f 1912/1912/1912 1914/1914/1914 1913/1913/1913
f 1884/1884/1884 1883/1883/1883 1985/1985/1985
f 1884/1884/1884 1985/1985/1985 1986/1986/1986
f 1986/1986/1986 1985/1985/1985 1987/1987/1987
f 1986/1986/1986 1987/1987/1987 1988/1988/1988
f 1988/1988/1988 1987/1987/1987 1878/1878/1878
f 1988/1988/1988 1878/1878/1878 1877/1877/1877
f 1880/1880/1880 1879/1879/1879 1989/1989/1989
f 1880/1880/1880 1989/1989/1989 1990/1990/1990
f 1990/1990/1990 1989/1989/1989 1991/1991/1991
f 1990/1990/1990 1991/1991/1991 1992/1992/1992
f 1992/1992/1992 1991/1991/1991 1993/1993/1993
f 1992/1992/1992 1993/1993/1993 1994/1994/1994
f 1994/1994/1994 1993/1993/1993 1995/1995/1995
f 1994/1994/1994 1995/1995/1995 1996/1996/1996
f 1996/1996/1996 1995/1995/1995 1997/1997/1997
f 1996/1996/1996 1997/1997/1997 1998/1998/1998
f 1998/1998/1998 1997/1997/1997 1999/1999/1999
f 1998/1998/1998 1999/1999/1999 2000/2000/2000
f 2000/2000/2000 1999/1999/1999 2001/2001/2001
f 2000/2000/2000 2001/2001/2001 2002/2002/2002
f 2003/2003/2003 2004/2004/2004 2005/2005/2005
f 2003/2003/2003 2005/2005/2005 2006/2006/2006
f 2002/2002/2002 2001/2001/2001 2007/2007/2007
f 2002/2002/2002 2007/2007/2007 2008/2008/2008
f 2008/2008/2008 2007/2007/2007 2009/2009/2009
f 2008/2008/2008 2009/2009/2009 2010/2010/2010
f 2010/2010/2010 2009/2009/2009 2011/2011/2011
f 2010/2010/2010 2011/2011/2011 2012/2012/2012
f 2012/2012/2012 2011/2011/2011 1896/1896/1896
f 2012/2012/2012 1896/1896/1896 1895/1895/1895
f 2013/2013/2013 2014/2014/2014 2015/2015/2015
f 2013/2013/2013 2015/2015/2015 2016/2016/2016
f 2014/2014/2014 2017/2017/2017 2018/2018/2018
f 2014/2014/2014 2018/2018/2018 2015/2015/2015
f 2017/2017/2017 2019/2019/2019 2020/2020/2020
f 2017/2017/2017 2020/2020/2020 2018/2018/2018
f 2019/2019/2019 2021/2021/2021 2022/2022/2022
f 2019/2019/2019 2022/2022/2022 2020/2020/2020
f 1904/1904/1904 1903/1903/1903 2023/2023/2023
f 1904/1904/1904 2023/2023/2023 2024/2024/2024
f 2024/2024/2024 2023/2023/2023 2025/2025/2025
f 2024/2024/2024 2025/2025/2025 2026/2026/2026
f 2027/2027/2027 2028/2028/2028 2029/2029/2029
f 2027/2027/2027 2029/2029/2029 2030/2030/2030
f 2031/2031/2031 2027/2027/2027 2030/2030/2030
f 2031/2031/2031 2030/2030/2030 2032/2032/2032
f 2033/2033/2033 2034/2034/2034 2035/2035/2035
f 2033/2033/2033 2035/2035/2035 2036/2036/2036
f 2037/2037/2037 2038/2038/2038 2039/2039/2039
f 2037/2037/2037 2039/2039/2039 2040/2040/2040
f 2041/2041/2041 2042/2042/2042 2043/2043/2043
f 2041/2041/2041 2043/2043/2043 2044/2044/2044
f 2045/2045/2045 2041/2041/2041 2044/2044/2044
f 2045/2045/2045 2044/2044/2044 2046/2046/2046
f 1982/1982/1982 2045/2045/2045 2046/2046/2046
f 1982/1982/1982 2046/2046/2046 1983/1983/1983
f 2047/2047/2047 1981/1981/1981 1984/1984/1984
f 2047/2047/2047 1984/1984/1984 2048/2048/2048
f 2049/2049/2049 2047/2047/2047 2048/2048/2048
f 2049/2049/2049 2048/2048/2048 2050/2050/2050
f 2051/2051/2051 2052/2052/2052 2053/2053/2053
f 2051/2051/2051 2053/2053/2053 2054/2054/2054
f 2054/2054/2054 2053/2053/2053 2022/2022/2022
f 2054/2054/2054 2022/2022/2022 2021/2021/2021
f 2013/2013/2013 2016/2016/2016 2055/2055/2055
f 2013/2013/2013 2055/2055/2055 2056/2056/2056
f 2056/2056/2056 2055/2055/2055 2057/2057/2057
f 2056/2056/2056 2057/2057/2057 2058/2058/2058
f 2058/2058/2058 2057/2057/2057 2059/2059/2059
f 2058/2058/2058 2059/2059/2059 2060/2060/2060
f 2060/2060/2060 2059/2059/2059 2061/2061/2061
f 2060/2060/2060 2061/2061/2061 2062/2062/2062
f 2062/2062/2062 2061/2061/2061 2005/2005/2005
f 2062/2062/2062 2005/2005/2005 2004/2004/2004
f 2003/2003/2003 2006/2006/2006 2063/2063/2063
f 2003/2003/2003 2063/2063/2063 2064/2064/2064
f 2064/2064/2064 2063/2063/2063 2065/2065/2065
f 2064/2064/2064 2065/2065/2065 2066/2066/2066
f 2028/2028/2028 2066/2066/2066 2065/2065/2065
f 2028/2028/2028 2065/2065/2065 2029/2029/2029
f 2031/2031/2031 2032/2032/2032 2067/2067/2067
f 2031/2031/2031 2067/2067/2067 2068/2068/2068
f 2068/2068/2068 2067/2067/2067 2035/2035/2035
f 2068/2068/2068 2035/2035/2035 2034/2034/2034
f 2033/2033/2033 2036/2036/2036 2069/2069/2069
f 2033/2033/2033 2069/2069/2069 2070/2070/2070
f 2070/2070/2070 2069/2069/2069 2071/2071/2071
f 2070/2070/2070 2071/2071/2071 2072/2072/2072
f 2072/2072/2072 2071/2071/2071 2039/2039/2039
f 2072/2072/2072 2039/2039/2039 2038/2038/2038
f 2037/2037/2037 2040/2040/2040 2073/2073/2073
f 2037/2037/2037 2073/2073/2073 2074/2074/2074
f 2074/2074/2074 2073/2073/2073 2043/2043/2043
f 2074/2074/2074 2043/2043/2043 2042/2042/2042
o Flame
g Flame
usemtl Flame_mat
v 0.000000 1.952355 -1.638774
v 0.000000 1.952355 2.311470
v 0.000000 5.902599 2.311470
v 0.000000 5.902599 -1.638774
v -1.975122 1.952355 0.336348
v 1.975122 1.952355 0.336348
v 1.975122 5.902599 0.336348
v -1.975122 5.902599 0.336348
vt 0.531230 0.471969
vt 0.964092 0.471969
vt 0.964092 0.039108
vt 0.531230 0.039108
vt 0.035325 0.468294
vt 0.468186 0.468294
vt 0.468186 0.035433
vt 0.035325 0.035433
vn -1.000000 0.000000 0.000000
vn -1.000000 0.000000 0.000000
vn -1.000000 0.000000 0.000000
vn -1.000000 0.000000 0.000000
vn 0.000000 -0.000000 1.000000
vn 0.000000 -0.000000 1.000000
vn 0.000000 -0.000000 1.000000
vn 0.000000 -0.000000 1.000000
f 2075/2075/2075 2076/2076/2076 2077/2077/2077
f 2075/2075/2075 2077/2077/2077 2078/2078/2078
f 2079/2079/2079 2080/2080/2080 2081/2081/2081
f 2079/2079/2079 2081/2081/2081 2082/2082/2082