# Wavefront OBJ converted from pathway.glb
mtllib pathway.mtl
o pathway
v 0.633534 -0.574535 -0.144564
v 0.688142 -0.621763 -0.141429
v 0.630077 -0.681161 -0.138202
v 0.630077 -0.681161 -0.138202
v 0.562741 -0.621331 -0.132133
v 0.562741 -0.621331 -0.132133
v 0.686264 -0.512552 -0.147134
v 0.742692 -0.560570 -0.145372
v 0.745753 -0.671043 -0.141340
v 0.690428 -0.731154 -0.133921
v 0.690428 -0.731154 -0.133921
v 0.605447 -0.697886 -0.069695
v 0.540833 -0.645658 -0.068570
v 0.487661 -0.572038 -0.138914
v 0.487661 -0.572038 -0.138914
v 0.531191 -0.489319 -0.143536
v 0.584928 -0.532444 -0.136517
v 0.630618 -0.465592 -0.143072
v 0.736264 -0.449055 -0.148240
v 0.794230 -0.498035 -0.147310
v 0.799531 -0.609900 -0.144286
v 0.802930 -0.721130 -0.141005
v 0.747078 -0.782340 -0.135880
v 0.747078 -0.782340 -0.135880
v 0.667222 -0.748208 -0.067512
v 0.593944 -0.702100 0.000329
v 0.530854 -0.651215 0.002282
v 0.476283 -0.595693 -0.069616
v 0.422030 -0.531516 -0.138223
v 0.422030 -0.531516 -0.138223
v 0.471935 -0.445162 -0.145555
v 0.574656 -0.418361 -0.149591
v 0.678178 -0.400697 -0.148871
v 0.784784 -0.385259 -0.151308
v 0.843841 -0.434784 -0.149202
v 0.851880 -0.547869 -0.145846
v 0.856515 -0.660389 -0.142829
v 0.860676 -0.772545 -0.139820
v 0.806644 -0.831465 -0.132003
v 0.806644 -0.831465 -0.132003
v 0.727505 -0.798215 -0.062644
v 0.656626 -0.753558 0.005043
v 0.507446 -0.672339 0.065936
v 0.507446 -0.672339 0.065936
v 0.566980 -0.727415 0.061565
v 0.566980 -0.727415 0.061565
v 0.472910 -0.599538 0.004255
v 0.412345 -0.551800 -0.069671
v 0.355301 -0.494342 -0.138016
v 0.355301 -0.494342 -0.138016
v 0.389683 -0.435470 -0.144733
v 0.518411 -0.369436 -0.149956
v 0.619370 -0.352741 -0.152483
v 0.724810 -0.336534 -0.153157
v 0.831414 -0.321599 -0.155082
v 0.891626 -0.371455 -0.153110
v 0.902464 -0.484997 -0.148569
v 0.909185 -0.599288 -0.146662
v 0.914157 -0.712186 -0.142309
v 0.918307 -0.825538 -0.138035
v 0.862573 -0.886799 -0.134487
v 0.862573 -0.886799 -0.134487
v 0.787956 -0.848183 -0.058251
v 0.715640 -0.805449 0.013885
v 0.715640 -0.805449 0.013885
v 0.627966 -0.778787 0.061829
v 0.627966 -0.778787 0.061829
v 0.450899 -0.618686 0.072149
v 0.450899 -0.618686 0.072149
v 0.450758 -0.730780 0.036237
v 0.510960 -0.785585 0.037255
v 0.409388 -0.560208 0.001506
v 0.351188 -0.507475 -0.068166
v 0.292289 -0.451125 -0.135023
v 0.292289 -0.451125 -0.135023
v 0.324061 -0.394576 -0.144484
v 0.420275 -0.383320 -0.147066
v 0.458669 -0.321056 -0.151136
v 0.559911 -0.304875 -0.153946
v 0.664268 -0.288066 -0.155823
v 0.770974 -0.272680 -0.152592
v 0.877580 -0.258338 -0.158627
v 0.939086 -0.307923 -0.156179
v 0.951387 -0.421971 -0.150567
v 0.960874 -0.536525 -0.147887
v 0.967236 -0.651233 -0.143623
v 0.971758 -0.764827 -0.138977
v 0.976158 -0.878643 -0.138257
v 0.920705 -0.940450 -0.134362
v 0.920705 -0.940450 -0.134362
v 0.846394 -0.899881 -0.054578
v 0.778193 -0.852585 0.027207
v 0.778193 -0.852585 0.027207
v 0.680467 -0.839141 0.062199
v 0.680467 -0.839141 0.062199
v 0.571474 -0.837726 0.036456
v 0.384223 -0.676379 0.037179
v 0.402643 -0.586763 0.067020
v 0.402643 -0.586763 0.067020
v 0.462771 -0.837996 -0.001747
v 0.400250 -0.786598 -0.000837
v 0.349478 -0.515829 0.002483
v 0.287744 -0.464456 -0.065685
v 0.223760 -0.413317 -0.136677
v 0.223760 -0.413317 -0.136677
v 0.258932 -0.352001 -0.143641
v 0.358744 -0.335918 -0.147399
v 0.396791 -0.274227 -0.152136
v 0.499045 -0.257528 -0.153652
v 0.603212 -0.240467 -0.156407
v 0.710056 -0.223504 -0.160837
v 0.815168 -0.210725 -0.145453
v 0.924385 -0.195313 -0.160575
v 0.986127 -0.244604 -0.157726
v 0.999395 -0.358677 -0.154504
v 1.010920 -0.473498 -0.150121
v 1.019120 -0.589667 -0.146758
v 1.024880 -0.704988 -0.145885
v 1.028510 -0.818859 -0.140044
v 1.023980 -0.923156 -0.110318
v 0.973492 -0.984604 -0.110337
v 0.973492 -0.984604 -0.110337
v 0.901517 -0.953586 -0.050439
v 0.832054 -0.911673 0.028443
v 0.832054 -0.911673 0.028443
v 0.734801 -0.896988 0.059953
v 0.628079 -0.893625 0.041877
v 0.523002 -0.890264 -0.001441
v 0.337925 -0.732637 -0.007213
v 0.340046 -0.545658 0.063478
v 0.340046 -0.545658 0.063478
v 0.360056 -0.837340 -0.050827
v 0.417538 -0.890931 -0.041720
v 0.287852 -0.471872 0.005271
v 0.223041 -0.423841 -0.066026
v 0.155362 -0.373754 -0.136827
v 0.155362 -0.373754 -0.136827
v 0.191657 -0.311360 -0.145102
v 0.294776 -0.291337 -0.148671
v 0.332231 -0.229178 -0.150636
v 0.435955 -0.211478 -0.153667
v 0.540645 -0.193971 -0.158529
v 0.647087 -0.176320 -0.161410
v 0.749698 -0.166471 -0.148117
v 0.861109 -0.147223 -0.158168
v 0.971441 -0.132999 -0.161258
v 1.032850 -0.181216 -0.158663
v 1.046750 -0.294870 -0.157011
v 1.059950 -0.410599 -0.151859
v 1.070390 -0.526655 -0.149124
v 1.077370 -0.644044 -0.145049
v 1.081600 -0.759584 -0.143770
v 1.076960 -0.866043 -0.117441
v 1.073340 -0.980198 -0.133978
v 1.023120 -1.045520 -0.129514
v 1.023120 -1.045520 -0.129514
v 0.961382 -1.006170 -0.043991
v 0.892691 -0.962435 0.034938
v 0.892691 -0.962435 0.034938
v 0.789451 -0.954794 0.073374
v 0.684566 -0.949689 0.041991
v 0.581144 -0.943467 -0.000006
v 0.477084 -0.942089 -0.040824
v 0.297051 -0.788370 -0.051723
v 0.270048 -0.682156 -0.007643
v 0.304641 -0.617759 0.035710
v 0.275474 -0.502472 0.071335
v 0.275474 -0.502472 0.071335
v 0.374357 -0.944441 -0.079498
v 0.317306 -0.892835 -0.087021
v 0.222335 -0.431875 0.008075
v 0.155454 -0.386679 -0.063859
v 0.126521 -0.267895 -0.132958
v 0.095405 -0.327156 -0.113687
v 0.095405 -0.327156 -0.113687
v 0.228720 -0.248700 -0.148640
v 0.264578 -0.185448 -0.152312
v 0.370820 -0.166822 -0.154252
v 0.476484 -0.148457 -0.156451
v 0.583163 -0.130194 -0.162949
v 0.685117 -0.119610 -0.147277
v 0.796741 -0.101126 -0.166457
v 0.908679 -0.085345 -0.156119
v 1.019040 -0.070786 -0.163149
v 1.080130 -0.117845 -0.160545
v 1.093630 -0.230681 -0.159031
v 1.107810 -0.346250 -0.152448
v 1.120570 -0.463670 -0.148252
v 1.129330 -0.581834 -0.148435
v 1.134820 -0.699637 -0.145815
v 1.131780 -0.810761 -0.121033
v 1.128890 -0.924884 -0.136140
v 1.062590 -1.086730 -0.126984
v 1.062590 -1.086730 -0.126984
v 1.121510 -1.033120 -0.133149
v 1.018180 -1.067300 -0.045577
v 0.949430 -1.020470 0.032453
v 0.949430 -1.020470 0.032453
v 0.846740 -1.011420 0.068228
v 0.740671 -1.005340 0.040768
v 0.637238 -0.997288 0.000134
v 0.534160 -0.994527 -0.039253
v 0.428786 -0.997521 -0.072866
v 0.254285 -0.847749 -0.085767
v 0.232466 -0.741254 -0.051231
v 0.237116 -0.574005 0.038647
v 0.203763 -0.636245 -0.008517
v 0.210216 -0.463526 0.073793
v 0.210216 -0.463526 0.073793
v 0.275808 -0.949547 -0.121011
v 0.332349 -0.998336 -0.116598
v 0.155186 -0.394429 0.009974
v 0.089609 -0.347440 -0.059323
v 0.160963 -0.209227 -0.141509
v 0.028320 -0.306219 -0.138963
v 0.028320 -0.306219 -0.138963
v 0.061872 -0.238682 -0.146150
v 0.194546 -0.141489 -0.138107
v 0.302569 -0.123026 -0.155616
v 0.410842 -0.103868 -0.158020
v 0.517205 -0.085784 -0.161241
v 0.619967 -0.074350 -0.151524
v 0.731773 -0.054497 -0.166392
v 0.844474 -0.037974 -0.169718
v 0.958321 -0.025597 -0.157415
v 1.066010 -0.007913 -0.162336
v 1.127140 -0.053680 -0.160078
v 1.140510 -0.166164 -0.159158
v 1.154250 -0.281312 -0.155608
v 1.169920 -0.400369 -0.152150
v 1.181460 -0.518847 -0.150531
v 1.187490 -0.636996 -0.148023
v 1.187320 -0.751422 -0.123992
v 1.184530 -0.870150 -0.141346
v 1.180000 -0.980827 -0.132899
v 1.171030 -1.085340 -0.131673
v 1.102060 -1.127950 -0.124454
v 1.102060 -1.127950 -0.124454
v 1.009020 -1.075730 0.038823
v 1.009020 -1.075730 0.038823
v 0.903275 -1.066330 0.055641
v 0.796569 -1.058980 0.039942
v 0.692747 -1.050990 0.000216
v 0.588707 -1.047820 -0.036412
v 0.487074 -1.046300 -0.076251
v 0.389658 -1.046680 -0.115937
v 0.219218 -0.899629 -0.126040
v 0.190207 -0.804494 -0.084293
v 0.167088 -0.696833 -0.049863
v 0.170939 -0.533453 0.040320
v 0.136602 -0.595460 -0.003804
v 0.141672 -0.424562 0.078005
v 0.141672 -0.424562 0.078005
v 0.088375 -0.354432 0.010862
v 0.020108 -0.313082 -0.061695
v 0.095412 -0.172612 -0.149141
v -0.043639 -0.270373 -0.137945
v -0.043639 -0.270373 -0.137945
v -0.009085 -0.201590 -0.143438
v 0.131856 -0.108113 -0.153110
v 0.231589 -0.077382 -0.146175
v 0.342575 -0.060706 -0.161284
v 0.451013 -0.041207 -0.165929
v 0.553259 -0.029996 -0.152159
v 0.666239 -0.008214 -0.165780
v 0.778778 0.009359 -0.171639
v 0.893188 0.023200 -0.175954
v 1.009640 0.032514 -0.149549
v 1.111000 0.056473 -0.163931
v 1.173430 0.011250 -0.162141
v 1.187760 -0.101525 -0.159334
v 1.200110 -0.215418 -0.157560
v 1.214270 -0.332406 -0.153094
v 1.232590 -0.456241 -0.152338
v 1.241510 -0.574709 -0.144787
v 1.241740 -0.689688 -0.126303
v 1.241710 -0.811814 -0.141402
v 1.238030 -0.928690 -0.132786
v 1.231230 -1.038050 -0.133828
v 1.159270 -1.183860 -0.120589
v 1.159270 -1.183860 -0.120589
v 1.221380 -1.140440 -0.131867
v 1.079850 -1.129310 -0.043398
v 1.065570 -1.135970 0.040787
v 1.065570 -1.135970 0.040787
v 0.956945 -1.125290 0.062823
v 0.851191 -1.115860 0.041600
v 0.747880 -1.105040 -0.001455
v 0.643223 -1.100450 -0.037690
v 0.542278 -1.098160 -0.075418
v 0.443226 -1.097600 -0.111257
v 0.156241 -0.856388 -0.126729
v 0.127852 -0.759484 -0.084636
v 0.101992 -0.654287 -0.049444
v 0.071072 -0.553502 -0.004632
v 0.105152 -0.492757 0.039554
v 0.072434 -0.386212 0.073824
v 0.072434 -0.386212 0.073824
v 0.017648 -0.318136 0.009714
v -0.049653 -0.279438 -0.064197
v 0.026127 -0.134533 -0.145974
v -0.115041 -0.234887 -0.138615
v -0.115041 -0.234887 -0.138615
v -0.080224 -0.165035 -0.142902
v 0.062943 -0.068894 -0.152292
v 0.167428 -0.042101 -0.158026
v 0.272019 -0.016268 -0.154766
v 0.382512 0.000768 -0.167384
v 0.485616 0.013352 -0.151925
v 0.600445 0.037626 -0.164303
v 0.712340 0.056238 -0.174115
v 0.826026 0.072107 -0.175865
v 0.942445 0.084127 -0.179389
v 1.054810 0.096091 -0.149571
v 1.152390 0.125068 -0.166826
v 1.219340 0.077161 -0.161228
v 1.235140 -0.036681 -0.160380
v 1.247660 -0.150790 -0.159576
v 1.258320 -0.265151 -0.158419
v 1.275070 -0.386338 -0.154616
v 1.297110 -0.515935 -0.154185
v 1.300180 -0.631721 -0.126194
v 1.300150 -0.748511 -0.145561
v 1.294910 -0.875031 -0.138254
v 1.289610 -0.989091 -0.135001
v 1.281170 -1.096250 -0.131880
v 1.135760 -1.191470 -0.041562
v 1.268880 -1.202330 -0.130068
v 1.207680 -1.242720 -0.121799
v 1.207680 -1.242720 -0.121799
v 1.127330 -1.193880 0.042383
v 1.127330 -1.193880 0.042383
v 1.013840 -1.182190 0.061785
v 0.905710 -1.171650 0.032050
v 0.801306 -1.160600 -0.002492
v 0.696625 -1.154250 -0.037451
v 0.595012 -1.150850 -0.076319
v 0.495003 -1.149710 -0.107422
v 0.092780 -0.813996 -0.127281
v 0.064274 -0.715845 -0.085055
v 0.036291 -0.613655 -0.049414
v 0.003299 -0.516715 -0.001305
v 0.035941 -0.456166 0.043421
v 0.002234 -0.349330 0.075090
v 0.002234 -0.349330 0.075090
v -0.053288 -0.283447 0.010663
v -0.122155 -0.246997 -0.064830
v -0.043767 -0.097030 -0.147126
v -0.189216 -0.203148 -0.140332
v -0.189216 -0.203148 -0.140332
v -0.152785 -0.130066 -0.143405
v -0.006356 -0.030531 -0.152237
v 0.100385 -0.003477 -0.157559
v 0.206709 0.021821 -0.161644
v 0.312621 0.043321 -0.164988
v 0.417238 0.054511 -0.149901
v 0.533963 0.083419 -0.167722
v 0.645472 0.102905 -0.170731
v 0.758667 0.118766 -0.176958
v 0.874235 0.133410 -0.180005
v 0.990284 0.146370 -0.184442
v 1.092640 0.160474 -0.137044
v 1.188770 0.176371 -0.111434
v 1.253590 0.129904 -0.108079
v 1.282050 0.027785 -0.157791
v 1.296150 -0.086706 -0.164129
v 1.306220 -0.200581 -0.160239
v 1.313530 -0.313007 -0.158765
v 1.302920 -0.410792 -0.155858
v 1.358320 -0.461796 -0.156956
v 1.356110 -0.570711 -0.135993
v 1.360340 -0.683840 -0.133828
v 1.365860 -0.805863 -0.142608
v 1.346330 -0.940863 -0.138198
v 1.340540 -1.050510 -0.137856
v 1.330390 -1.157400 -0.133769
v 1.181170 -1.257540 -0.045000
v 1.314880 -1.263690 -0.129902
v 1.251270 -1.307340 -0.122629
v 1.251270 -1.307340 -0.122629
v 1.065750 -1.242950 0.058595
v 1.165900 -1.265570 0.033370
v 1.165900 -1.265570 0.033370
v 0.959191 -1.229690 0.031873
v 0.854027 -1.217720 -0.003604
v 0.749066 -1.209020 -0.037200
v 0.649164 -1.201860 -0.079204
v 0.547858 -1.201970 -0.109134
v 0.028991 -0.773849 -0.125572
v 0.000090 -0.674966 -0.085268
v -0.030307 -0.575308 -0.048800
v -0.062758 -0.478806 -0.002580
v -0.034115 -0.420712 0.045086
v -0.069467 -0.314167 0.077123
v -0.069467 -0.314167 0.077123
v -0.125715 -0.251374 0.009097
v -0.194990 -0.214072 -0.065643
v -0.114994 -0.060309 -0.146711
v -0.262751 -0.168564 -0.138006
v -0.262751 -0.168564 -0.138006
v -0.225996 -0.094980 -0.142802
v -0.076533 0.007154 -0.152367
v 0.032068 0.035497 -0.156735
v 0.139552 0.061706 -0.161521
v 0.248005 0.084460 -0.161328
v 0.351087 0.100284 -0.159912
v 0.466796 0.129329 -0.168778
v 0.578832 0.148990 -0.170125
v 0.691564 0.164874 -0.179296
v 0.806695 0.180194 -0.180849
v 0.920108 0.195799 -0.183233
v 1.035730 0.215086 -0.178994
v 1.123910 0.222523 -0.110493
v 1.229060 0.245574 -0.101478
v 1.297130 0.200382 -0.090373
v 1.318340 0.081663 -0.102063
v 1.345630 -0.021196 -0.160307
v 1.355110 -0.136863 -0.160585
v 1.362590 -0.250337 -0.160628
v 1.365010 -0.358796 -0.159188
v 1.418690 -0.408361 -0.155474
v 1.414760 -0.514373 -0.138379
v 1.412700 -0.621672 -0.145534
v 1.421760 -0.734379 -0.147954
v 1.401220 -0.892706 -0.140368
v 1.398710 -1.003240 -0.133522
v 1.390680 -1.111090 -0.135389
v 1.377960 -1.218690 -0.131586
v 1.230910 -1.319770 -0.046174
v 1.360520 -1.326600 -0.133935
v 1.294430 -1.371470 -0.128328
v 1.294430 -1.371470 -0.128328
v 1.113680 -1.306350 0.066277
v 1.007320 -1.291440 0.037698
v 1.217950 -1.327150 0.033195
v 1.217950 -1.327150 0.033195
v 0.904245 -1.276180 -0.001616
v 0.800601 -1.264710 -0.037882
v 0.700460 -1.255370 -0.078188
v 0.598795 -1.254020 -0.108147
v -0.036040 -0.736459 -0.118925
v -0.065175 -0.635540 -0.087736
v -0.097934 -0.538031 -0.047829
v -0.133361 -0.442236 -0.004565
v -0.103957 -0.385490 0.044373
v -0.142961 -0.286082 0.068348
v -0.142961 -0.286082 0.068348
v -0.197720 -0.218945 0.007681
v -0.268802 -0.184641 -0.065397
v -0.187270 -0.024247 -0.149443
v -0.336340 -0.133635 -0.137405
v -0.336340 -0.133635 -0.137405
v -0.298982 -0.059869 -0.143813
v -0.147887 0.044522 -0.151018
v -0.037504 0.074472 -0.155922
v 0.071410 0.102085 -0.160966
v 0.180236 0.126961 -0.164628
v 0.288996 0.149233 -0.164132
v 0.399338 0.173344 -0.170797
v 0.510716 0.195565 -0.172704
v 0.624962 0.211840 -0.170467
v 0.739941 0.225626 -0.182283
v 0.852382 0.241665 -0.183737
v 0.963335 0.258263 -0.181033
v 1.059220 0.267339 -0.119241
v 1.163480 0.286826 -0.090359
v 1.365520 0.151164 -0.099009
v 1.380380 0.028830 -0.102343
v 1.405010 -0.074386 -0.155635
v 1.412910 -0.188653 -0.162167
v 1.418020 -0.300115 -0.156395
v 1.473040 -0.350985 -0.153955
v 1.470930 -0.457171 -0.135575
v 1.468250 -0.562575 -0.147012
v 1.471320 -0.673684 -0.146106
v 1.472420 -0.777942 -0.143088
v 1.450370 -0.852796 -0.143768
v 1.455910 -0.957772 -0.137902
v 1.450640 -1.065620 -0.134661
v 1.439750 -1.173140 -0.132407
v 1.424570 -1.281280 -0.134957
v 1.278640 -1.382120 -0.045017
v 1.339300 -1.435480 -0.125715
v 1.339300 -1.435480 -0.125715
v 1.405840 -1.390120 -0.132829
v 1.162220 -1.369580 0.067108
v 1.056010 -1.352730 0.035316
v 0.952999 -1.335980 -0.000367
v 1.270090 -1.388350 0.037673
v 1.270090 -1.388350 0.037673
v 0.850145 -1.322360 -0.035564
v 0.748915 -1.310860 -0.073574
v 0.647741 -1.305690 -0.104084
v -0.101217 -0.698808 -0.114548
v -0.131362 -0.597605 -0.089420
v -0.165744 -0.501279 -0.048812
v -0.173208 -0.350170 0.041315
v -0.202579 -0.406586 -0.005372
v -0.211337 -0.249226 0.071803
v -0.211337 -0.249226 0.071803
v -0.269741 -0.187561 0.008022
v -0.341988 -0.153395 -0.064622
v -0.259775 0.011775 -0.149717
v -0.405609 -0.093489 -0.115236
v -0.405609 -0.093489 -0.115236
v -0.370443 -0.020927 -0.123029
v -0.219624 0.081387 -0.150271
v -0.107930 0.112621 -0.154019
v 0.002570 0.141466 -0.157878
v 0.112038 0.168257 -0.160743
v 0.221562 0.192589 -0.165548
v 0.332891 0.215601 -0.163825
v 0.440094 0.242404 -0.175650
v 0.554839 0.260138 -0.177900
v 0.672748 0.271637 -0.178053
v 0.785929 0.286891 -0.184501
v 0.896248 0.304774 -0.182943
v 0.993557 0.311180 -0.125667
v 1.095740 0.328538 -0.085289
v 1.423700 0.089448 -0.073902
v 1.442280 -0.025759 -0.103055
v 1.463780 -0.128077 -0.157730
v 1.470050 -0.240994 -0.157918
v 1.525770 -0.294033 -0.155635
v 1.527720 -0.401561 -0.137040
v 1.525570 -0.508458 -0.149426
v 1.526040 -0.616920 -0.148023
v 1.525530 -0.721741 -0.146759
v 1.510300 -1.018940 -0.136693
v 1.511570 -0.913843 -0.141752
v 1.500620 -1.126530 -0.133270
v 1.487380 -1.234750 -0.135543
v 1.470540 -1.343900 -0.133526
v 1.327450 -1.443410 -0.043840
v 1.450020 -1.454200 -0.129180
v 1.381110 -1.501230 -0.125616
v 1.381110 -1.501230 -0.125616
v 1.208280 -1.433760 0.066890
v 1.102990 -1.415070 0.032916
v 1.001330 -1.396130 -0.002952
v 0.899181 -1.380610 -0.036540
v 1.306770 -1.460750 0.042386
v 1.306770 -1.460750 0.042386
v 0.797635 -1.367970 -0.070488
v 0.695227 -1.359320 -0.100720
v -0.166182 -0.658411 -0.119956
v -0.199253 -0.561440 -0.089676
v -0.234690 -0.465666 -0.047166
v -0.243963 -0.316391 0.042164
v -0.272760 -0.373179 -0.003239
v -0.282175 -0.215959 0.074245
v -0.282175 -0.215959 0.074245
v -0.341901 -0.154504 0.009097
v -0.417822 -0.120650 -0.060733
v -0.332018 0.048511 -0.131669
v -0.179570 0.150324 -0.155471
v -0.290596 0.118762 -0.130047
v -0.067450 0.180357 -0.157007
v 0.043304 0.208309 -0.159595
v 0.153423 0.234330 -0.162111
v 0.263225 0.258677 -0.169503
v 0.375636 0.282608 -0.166128
v 0.477667 0.310695 -0.181930
v 0.604209 0.317545 -0.181695
v 0.720388 0.330655 -0.184232
v 0.830209 0.348980 -0.183478
v 0.928077 0.355020 -0.127996
v 1.032400 0.373667 -0.099203
v 1.489470 0.031756 -0.076516
v 1.500980 -0.083779 -0.100910
v 1.521940 -0.182787 -0.159275
v 1.582280 -0.346262 -0.142075
v 1.578960 -0.239076 -0.158853
v 1.581530 -0.453662 -0.154183
v 1.581570 -0.561602 -0.152922
v 1.581730 -0.669131 -0.147868
v 1.578450 -0.772595 -0.147347
v 1.512060 -0.818077 -0.141526
v 1.562080 -1.078460 -0.137487
v 1.570460 -0.971979 -0.140434
v 1.566770 -0.875882 -0.138992
v 1.549300 -1.187500 -0.136715
v 1.533760 -1.296680 -0.133938
v 1.515560 -1.407050 -0.131737
v 1.365600 -1.512880 -0.044885
v 1.423340 -1.567740 -0.126828
v 1.423340 -1.567740 -0.126828
v 1.493230 -1.518870 -0.129128
v 1.249330 -1.501320 0.066843
v 1.146900 -1.478950 0.034642
v 1.046040 -1.458740 -0.003138
v 0.946230 -1.439480 -0.037939
v 0.845070 -1.424440 -0.070294
v 1.347110 -1.529230 0.040062
v 1.347110 -1.529230 0.040062
v 0.742691 -1.416270 -0.102235
v -0.233198 -0.621991 -0.122453
v -0.266900 -0.525176 -0.089844
v -0.302992 -0.429146 -0.049604
v -0.314302 -0.282712 0.042103
v -0.343553 -0.339707 -0.001674
v -0.355571 -0.184704 0.074897
v -0.355571 -0.184704 0.074897
v -0.417488 -0.125589 0.010136
v -0.486651 -0.063297 -0.039996
v -0.476940 -0.055260 -0.120545
v -0.476940 -0.055260 -0.120545
v -0.433913 0.013159 -0.161461
v -0.393855 0.083627 -0.155782
v -0.138663 0.218681 -0.158183
v -0.252380 0.189088 -0.133676
v -0.351786 0.152220 -0.153459
v -0.025587 0.247124 -0.159795
v 0.084896 0.274975 -0.164590
v 0.194558 0.300689 -0.167582
v 0.304065 0.326087 -0.174720
v 0.412364 0.352618 -0.160622
v 0.656471 0.372764 -0.185312
v 0.764522 0.391445 -0.179990
v 0.864571 0.400168 -0.131925
v 0.966888 0.416240 -0.095571
v 1.551680 -0.027453 -0.077983
v 1.558630 -0.141406 -0.094610
v 1.634810 -0.293118 -0.138151
v 1.637420 -0.398735 -0.158828
v 1.622430 -0.189268 -0.108578
v 1.637580 -0.507125 -0.155431
v 1.637370 -0.615188 -0.151662
v 1.636220 -0.721326 -0.146226
v 1.632230 -0.827004 -0.145318
v 1.626190 -1.030180 -0.135408
v 1.611890 -1.139600 -0.138816
v 1.626880 -0.931413 -0.144960
v 1.597110 -1.248920 -0.133671
v 1.579780 -1.359330 -0.132811
v 1.559790 -1.470680 -0.132243
v 1.404360 -1.581350 -0.047248
v 1.535700 -1.584250 -0.128903
v 1.466600 -1.633760 -0.125189
v 1.466600 -1.633760 -0.125189
v 1.286690 -1.570690 0.060589
v 1.188410 -1.543990 0.033793
v 1.090760 -1.521080 -0.006723
v 0.994419 -1.498310 -0.048251
v 0.891244 -1.483490 -0.072161
v 0.787470 -1.471750 -0.098342
v 1.384370 -1.597260 0.033279
v 1.384370 -1.597260 0.033279
v -0.300637 -0.586998 -0.120652
v -0.334911 -0.488748 -0.091229
v -0.374408 -0.398652 -0.044930
v -0.385598 -0.250435 0.041494
v -0.414473 -0.307556 -0.002619
v -0.429836 -0.155319 0.070493
v -0.429836 -0.155319 0.070493
v -0.493954 -0.085679 0.006230
v -0.563974 -0.047209 -0.024072
v -0.553905 -0.016778 -0.095298
v -0.498571 0.059951 -0.172779
v -0.462241 0.126194 -0.177756
v -0.095013 0.285448 -0.159920
v -0.214319 0.260134 -0.137265
v -0.311362 0.221763 -0.154105
v -0.421014 0.191083 -0.152834
v 0.016955 0.314112 -0.162508
v 0.126050 0.342007 -0.167449
v 0.234980 0.368389 -0.171851
v 0.342991 0.395094 -0.180258
v 0.509426 0.381113 -0.185935
v 0.448244 0.422253 -0.167221
v 0.566731 0.343208 -0.183136
v 0.597691 0.411956 -0.186565
v 0.699630 0.432189 -0.177195
v 0.798472 0.439551 -0.124896
v 0.903935 0.461892 -0.100980
v 1.611570 -0.081255 -0.093864
v 1.683520 -0.241158 -0.109616
v 1.692540 -0.345288 -0.150934
v 1.693160 -0.453620 -0.157058
v 1.671570 -0.134412 -0.080371
v 1.693220 -0.561989 -0.153577
v 1.692740 -0.669748 -0.149047
v 1.690410 -0.777227 -0.147567
v 1.686200 -0.883675 -0.144412
v 1.681980 -0.988414 -0.141118
v 1.677810 -1.090770 -0.129102
v 1.660470 -1.201560 -0.135265
v 1.643760 -1.311550 -0.132280
v 1.624990 -1.422620 -0.132576
v 1.604110 -1.534510 -0.131285
v 1.447870 -1.646120 -0.044869
v 1.576240 -1.650720 -0.128007
v 1.493280 -1.706490 -0.118439
v 1.493280 -1.706490 -0.118439
v 1.323890 -1.638160 0.055898
v 1.226920 -1.611180 0.035675
v 1.126810 -1.587480 0.004956
v 1.032980 -1.562680 -0.040054
v 0.936276 -1.543730 -0.075470
v 0.831155 -1.529240 -0.093215
v 1.424360 -1.662960 0.033203
v 1.424360 -1.662960 0.033203
v -0.368024 -0.552534 -0.123323
v -0.404514 -0.456847 -0.089222
v -0.444481 -0.366119 -0.044890
v -0.484897 -0.274596 -0.004646
v -0.457796 -0.217985 0.040009
v -0.502638 -0.118773 0.074728
v -0.502638 -0.118773 0.074728
v -0.640506 -0.024541 -0.015642
v -0.623426 0.019747 -0.087589
v -0.623426 0.019747 -0.087589
v -0.541939 -0.002658 -0.168461
v -0.541939 -0.002658 -0.168461
v -0.455427 -0.021050 -0.141003
v -0.455427 -0.021050 -0.141003
v -0.051032 0.352229 -0.162844
v -0.167296 0.325252 -0.151631
v -0.269909 0.291773 -0.159030
v -0.380226 0.259992 -0.151880
v -0.488388 0.230013 -0.154207
v -0.537345 0.167660 -0.172063
v 0.057815 0.381954 -0.163933
v 0.166336 0.409950 -0.169707
v 0.274318 0.437632 -0.179123
v 0.380613 0.464770 -0.182956
v 0.478058 0.488919 -0.165070
v 0.537899 0.450535 -0.188434
v 0.635657 0.472240 -0.174143
v 0.734441 0.482054 -0.124089
v 0.838223 0.501255 -0.091376
v 1.731690 -0.189862 -0.073208
v 1.739600 -0.298344 -0.103110
v 1.748960 -0.401188 -0.150316
v 1.748200 -0.509381 -0.155577
v 1.748670 -0.617672 -0.154482
v 1.747440 -0.726189 -0.151357
v 1.744190 -0.834097 -0.148312
v 1.739440 -0.942423 -0.143242
v 1.732210 -1.049870 -0.143850
v 1.724730 -1.154180 -0.130677
v 1.707330 -1.264140 -0.132413
v 1.689110 -1.374960 -0.132157
v 1.669950 -1.486120 -0.132159
v 1.647520 -1.598460 -0.130578
v 1.484910 -1.713340 -0.042306
v 1.618260 -1.713920 -0.117995
v 1.538800 -1.771270 -0.113260
v 1.538800 -1.771270 -0.113260
v 1.365140 -1.702490 0.065126
v 1.265730 -1.679340 0.034473
v 1.164930 -1.654730 0.009434
v 1.070640 -1.626930 -0.031134
v 0.975780 -1.604620 -0.071974
v 0.873932 -1.586990 -0.096180
v 1.461260 -1.730170 0.034357
v 1.461260 -1.730170 0.034357
v -0.437478 -0.520617 -0.123066
v -0.474154 -0.425099 -0.086104
v -0.514087 -0.332378 -0.048312
v -0.555703 -0.241125 -0.005982
v -0.528974 -0.184377 0.038234
v -0.575924 -0.087817 0.066815
v -0.575924 -0.087817 0.066815
v -0.646958 -0.051353 0.068075
v -0.646958 -0.051353 0.068075
v -0.682217 0.042356 0.004888
v -0.682217 0.042356 0.004888
v -0.705251 0.031599 -0.099798
v -0.705251 0.031599 -0.099798
v -0.590294 0.055018 -0.151937
v -0.590294 0.055018 -0.151937
v -0.540237 0.102882 -0.173219
v -0.118172 0.389059 -0.163608
v -0.009604 0.420260 -0.164819
v -0.222206 0.362389 -0.139206
v -0.338636 0.329684 -0.156453
v -0.447825 0.297941 -0.149367
v -0.620871 0.189299 -0.154604
v -0.555371 0.265976 -0.144562
v 0.098022 0.450226 -0.168523
v 0.206164 0.479291 -0.175046
v 0.313409 0.508289 -0.180931
v 0.422506 0.536912 -0.188786
v 0.510603 0.552396 -0.155552
v 0.571913 0.511959 -0.170033
v 0.670538 0.524094 -0.122928
v 0.777106 0.545238 -0.097291
v 1.793920 -0.244560 -0.091085
v 1.794260 -0.356676 -0.097903
v 1.801430 -0.460659 -0.141521
v 1.804980 -0.565033 -0.159753
v 1.804050 -0.674587 -0.156413
v 1.801200 -0.784207 -0.154582
v 1.797310 -0.893033 -0.144572
v 1.790710 -1.003130 -0.144433
v 1.781160 -1.112860 -0.143356
v 1.771410 -1.217520 -0.126929
v 1.752820 -1.328060 -0.133510
v 1.734690 -1.438480 -0.132792
v 1.714480 -1.549650 -0.130742
v 1.690220 -1.661240 -0.128079
v 1.524470 -1.778080 -0.036833
v 1.589570 -1.828730 -0.109667
v 1.589570 -1.828730 -0.109667
v 1.666240 -1.773260 -0.114566
v 1.409350 -1.766360 0.071896
v 1.306130 -1.746930 0.032938
v 1.207990 -1.719880 -0.000403
v 1.116120 -1.687760 -0.040034
v 1.014150 -1.666400 -0.068482
v 0.915081 -1.646720 -0.098472
v 1.499340 -1.794720 0.035423
v 1.499340 -1.794720 0.035423
v -0.508331 -0.491647 -0.114253
v -0.543842 -0.390568 -0.092595
v -0.584324 -0.298439 -0.050240
v -0.601610 -0.151161 0.037181
v -0.627060 -0.208034 -0.005291
v -0.672590 -0.117635 0.038955
v -0.716123 -0.015927 0.053676
v -0.716123 -0.015927 0.053676
v -0.748921 0.088530 0.007643
v -0.748921 0.088530 0.007643
v -0.761553 0.085560 -0.099775
v -0.761553 0.085560 -0.099775
v -0.644186 0.106393 -0.122957
v -0.581902 0.145812 -0.173660
v -0.172514 0.417760 -0.150000
v -0.075682 0.456348 -0.168151
v 0.030355 0.488971 -0.168059
v -0.294668 0.400345 -0.143279
v -0.407369 0.367459 -0.153844
v -0.515154 0.336130 -0.147433
v -0.659840 0.232786 -0.135548
v -0.621039 0.304172 -0.146304
v 0.137843 0.519502 -0.173519
v 0.245506 0.549987 -0.178222
v 0.353548 0.582070 -0.185260
v 0.448603 0.594824 -0.148962
v 0.542775 0.606089 -0.105352
v 0.605720 0.560023 -0.103442
v 0.713989 0.588649 -0.095292
v 1.849400 -0.304068 -0.077368
v 1.846350 -0.418244 -0.085839
v 1.854810 -0.519970 -0.130571
v 1.862170 -0.621797 -0.159649
v 1.859800 -0.732670 -0.157830
v 1.854670 -0.843270 -0.159024
v 1.849100 -0.953796 -0.144359
v 1.840340 -1.065960 -0.147646
v 1.829120 -1.176310 -0.142504
v 1.818090 -1.281650 -0.121164
v 1.798210 -1.392200 -0.132167
v 1.780150 -1.502230 -0.131157
v 1.759450 -1.612900 -0.128040
v 1.733360 -1.723110 -0.129245
v 1.549850 -1.847630 -0.036373
v 1.711310 -1.827470 -0.084458
v 1.639530 -1.870360 -0.090940
v 1.639530 -1.870360 -0.090940
v 1.639530 -1.870360 -0.090940
v 1.450020 -1.832150 0.074285
v 1.346960 -1.815190 0.034602
v 1.247130 -1.786000 -0.005200
v 1.148770 -1.758140 -0.031391
v 1.051500 -1.729500 -0.066693
v 0.952907 -1.706570 -0.095158
v 1.530700 -1.860560 0.038552
v 1.530700 -1.860560 0.038552
v -0.579310 -0.459337 -0.112825
v -0.615599 -0.359542 -0.091566
v -0.655038 -0.264331 -0.051405
v -0.697824 -0.173538 -0.005071
v -0.743788 -0.085133 0.045826
v -0.782876 0.020764 0.042093
v -0.825244 0.113189 -0.000769
v -0.825244 0.113189 -0.000769
v -0.815021 0.140896 -0.084248
v -0.815021 0.140896 -0.084248
v -0.707740 0.154455 -0.123736
v -0.252615 0.460596 -0.163612
v -0.131017 0.487099 -0.148843
v -0.036940 0.525922 -0.171350
v 0.069857 0.558537 -0.173023
v -0.364481 0.436665 -0.142691
v -0.475805 0.405501 -0.150338
v -0.582648 0.374931 -0.144597
v -0.727060 0.276038 -0.132085
v -0.688829 0.346177 -0.133918
v 0.177267 0.590649 -0.178054
v 0.284840 0.622025 -0.181469
v 0.385298 0.640245 -0.148786
v 0.483512 0.655686 -0.115792
v 0.590577 0.678183 -0.094625
v 0.653831 0.634150 -0.091686
v 1.905660 -0.364261 -0.079386
v 1.904570 -0.475254 -0.088835
v 1.914390 -0.574949 -0.133043
v 1.921430 -0.678354 -0.158838
v 1.914030 -0.791294 -0.156626
v 1.907670 -0.903456 -0.150668
v 1.899330 -1.016400 -0.146132
v 1.889150 -1.128730 -0.143570
v 1.877030 -1.239820 -0.139566
v 1.861250 -1.348670 -0.118475
v 1.844720 -1.455590 -0.133721
v 1.825430 -1.566390 -0.129559
v 1.803800 -1.677120 -0.126796
v 1.778340 -1.783570 -0.124802
v 1.580440 -1.917200 -0.027224
v 1.580440 -1.917200 -0.027224
v 1.755430 -1.894560 -0.112519
v 1.686820 -1.937650 -0.105779
v 1.475050 -1.890690 0.073302
v 1.388700 -1.888840 0.034748
v 1.285450 -1.855140 -0.002740
v 1.181780 -1.826520 -0.029597
v 1.086320 -1.794580 -0.065440
v 0.985612 -1.769790 -0.086832
v 1.570170 -1.922870 0.046300
v 1.570170 -1.922870 0.046300
v -0.651937 -0.427530 -0.116506
v -0.688213 -0.328953 -0.089352
v -0.726045 -0.229850 -0.051274
v -0.770267 -0.141601 0.001695
v -0.813946 -0.048889 0.054491
v -0.849039 0.060204 0.056345
v -0.849039 0.060204 0.056345
v -0.903718 0.122803 -0.015353
v -0.882649 0.158565 -0.081826
v -0.882649 0.158565 -0.081826
v -0.770261 0.204130 -0.122195
v -0.325018 0.501012 -0.159407
v -0.209671 0.528795 -0.166164
v -0.093387 0.557672 -0.153218
v 0.002040 0.595826 -0.174662
v 0.108916 0.630147 -0.176994
v -0.434999 0.474512 -0.135568
v -0.544062 0.444152 -0.151622
v -0.650545 0.414013 -0.149243
v -0.796301 0.319580 -0.132830
v -0.757649 0.386696 -0.140094
v 0.216584 0.662575 -0.180755
v 0.318392 0.681705 -0.146653
v 0.418031 0.696826 -0.114156
v 0.523149 0.717976 -0.089991
v 1.960840 -0.421861 -0.078583
v 1.964810 -0.528407 -0.098070
v 1.970670 -0.633222 -0.125884
v 1.978660 -0.736628 -0.157398
v 1.967870 -0.851601 -0.153337
v 1.959220 -0.965798 -0.149695
v 1.948520 -1.079100 -0.140172
v 1.937070 -1.192480 -0.138421
v 1.923760 -1.303740 -0.138889
v 1.906290 -1.412710 -0.120444
v 1.890530 -1.519820 -0.129224
v 1.869840 -1.632340 -0.127951
v 1.843070 -1.741750 -0.112416
v 1.820230 -1.851090 -0.128710
v 1.803300 -1.960570 -0.107612
v 1.734870 -2.002990 -0.107994
v 1.571770 -1.908760 -0.085399
v 1.571770 -1.908760 -0.085399
v 1.571770 -1.908760 -0.085399
v 1.609060 -1.980800 -0.101976
v 1.609060 -1.980800 -0.101976
v 1.500090 -1.949230 0.072319
v 1.323810 -1.928320 -0.001668
v 1.220070 -1.894600 -0.031171
v 1.121460 -1.862040 -0.064935
v 1.019780 -1.833280 -0.083781
v 1.606420 -1.988080 -0.027759
v 1.599180 -1.992770 0.050088
v 1.599180 -1.992770 0.050088
v -0.722678 -0.390427 -0.122376
v -0.760453 -0.297544 -0.086981
v -0.798317 -0.198024 -0.044777
v -0.842032 -0.107539 0.007708
v -0.883380 -0.011636 0.061226
v -0.916821 0.100018 0.068054
v -0.916821 0.100018 0.068054
v -0.978952 0.147949 -0.020154
v -0.963824 0.163366 -0.110788
v -0.963824 0.163366 -0.110788
v -0.834910 0.255420 -0.122832
v -0.867833 0.198916 -0.107101
v -0.395185 0.541093 -0.155485
v -0.282871 0.569525 -0.162681
v -0.169585 0.598603 -0.169809
v -0.055385 0.628105 -0.155620
v 0.039949 0.667782 -0.178173
v 0.147331 0.703500 -0.179175
v -0.504631 0.514322 -0.134156
v -0.612256 0.484094 -0.151645
v -0.719214 0.454569 -0.145020
v -0.865117 0.360991 -0.131481
v -0.827256 0.427719 -0.135095
v 0.249016 0.719334 -0.139940
v 0.352869 0.741920 -0.115799
v 0.451557 0.752588 -0.078359
v 2.016290 -0.480179 -0.064825
v 2.021680 -0.586943 -0.095019
v 2.020990 -0.695587 -0.110823
v 2.030070 -0.798346 -0.153587
v 2.020370 -0.914432 -0.152705
v 2.009080 -1.028510 -0.143741
v 1.997340 -1.142890 -0.142381
v 1.984660 -1.256170 -0.134397
v 1.969610 -1.368100 -0.132320
v 1.950860 -1.478470 -0.116247
v 1.933970 -1.588000 -0.128388
v 1.909620 -1.697420 -0.111930
v 1.884600 -1.805910 -0.129722
v 1.865190 -1.918620 -0.126137
v 1.847440 -2.027600 -0.112295
v 1.782210 -2.068280 -0.109805
v 1.652680 -2.049210 -0.102844
v 1.652680 -2.049210 -0.102844
v 1.530660 -2.020710 0.067981
v 1.428260 -1.971130 0.033725
v 1.360520 -2.001580 -0.001270
v 1.255700 -1.964890 -0.026258
v 1.158230 -1.930790 -0.062748
v 1.054190 -1.900230 -0.079916
v 1.643750 -2.055600 -0.024539
v 1.631780 -2.062070 0.049533
v 1.631780 -2.062070 0.049533
v -0.791154 -0.352773 -0.129728
v -0.829117 -0.260171 -0.084123
v -0.869953 -0.164781 -0.040120
v -0.912376 -0.071377 0.008070
v -0.953957 0.023248 0.056326
v -0.989809 0.130325 0.066999
v -0.989809 0.130325 0.066999
v -1.037970 0.201536 -0.108842
v -1.037970 0.201536 -0.108842
v -1.049080 0.183898 -0.019679
v -0.935168 0.232259 -0.124799
v -0.902053 0.295643 -0.126857
v -0.464535 0.581043 -0.154415
v -0.353690 0.609547 -0.159755
v -0.241576 0.638165 -0.166907
v -0.129636 0.668814 -0.170781
v -0.017600 0.699317 -0.158596
v 0.077577 0.748802 -0.179842
v 0.177372 0.748899 -0.123032
v -0.573644 0.554436 -0.139316
v -0.680766 0.523814 -0.145507
v -0.788633 0.494595 -0.135698
v -0.896931 0.466911 -0.131414
v -0.934106 0.399991 -0.127912
v 0.281241 0.776355 -0.101260
v 0.384195 0.793826 -0.077043
v 2.076270 -0.536064 -0.070838
v 2.070090 -0.648685 -0.079993
v 2.078000 -0.754158 -0.108783
v 2.082850 -0.861066 -0.150405
v 2.070680 -0.977182 -0.141246
v 2.058010 -1.092520 -0.143520
v 2.045380 -1.206900 -0.138373
v 2.031580 -1.320280 -0.134698
v 2.015010 -1.432600 -0.133114
v 1.993260 -1.547070 -0.119998
v 1.976040 -1.658000 -0.109971
v 1.947450 -1.761530 -0.129812
v 1.929000 -1.874490 -0.127170
v 1.909470 -1.986400 -0.127218
v 1.823840 -2.136180 -0.110401
v 1.888970 -2.095940 -0.109785
v 1.722390 -2.101340 -0.107311
v 1.558590 -2.092370 0.060978
v 1.462160 -2.046140 0.033572
v 1.395220 -2.075150 -0.000528
v 1.290570 -2.036750 -0.025278
v 1.190850 -2.000390 -0.053747
v 1.088580 -1.968350 -0.076240
v 1.676360 -2.124720 -0.024740
v 1.659060 -2.134970 0.042954
v 1.659060 -2.134970 0.042954
v -0.861472 -0.322341 -0.111094
v -0.901765 -0.228814 -0.073110
v -0.941125 -0.129635 -0.040542
v -0.983170 -0.035965 0.007329
v -1.025260 0.056843 0.057294
v -1.059470 0.165733 0.069615
v -1.059470 0.165733 0.069615
v -1.004580 0.267413 -0.121815
v -1.119680 0.219666 -0.015547
v -1.109430 0.237413 -0.107082
v -1.109430 0.237413 -0.107082
v -0.970512 0.332993 -0.123390
v -0.534716 0.620675 -0.153364
v -0.424364 0.649345 -0.159709
v -0.313153 0.677950 -0.164776
v -0.201864 0.708024 -0.169310
v -0.090600 0.739836 -0.173976
v 0.021317 0.772888 -0.159901
v 0.107096 0.783582 -0.106566
v 0.210264 0.809472 -0.088683
v -0.642226 0.593173 -0.135657
v -0.750950 0.563486 -0.140531
v -0.859279 0.533712 -0.134510
v -1.003210 0.438031 -0.124820
v -0.966445 0.505373 -0.127849
v 0.314675 0.837825 -0.072347
v 2.125320 -0.708375 -0.062141
v 2.136290 -0.813608 -0.114135
v 2.135260 -0.924385 -0.144643
v 2.120060 -1.040750 -0.144574
v 2.106480 -1.156700 -0.140494
v 2.093000 -1.271300 -0.136809
v 2.077950 -1.384890 -0.132446
v 2.059600 -1.498930 -0.129740
v 2.037860 -1.615230 -0.116000
v 2.011240 -1.718380 -0.127921
v 1.992950 -1.830980 -0.126839
v 1.973970 -1.942730 -0.125889
v 1.953240 -2.054390 -0.119908
v 1.759650 -2.170110 -0.105844
v 1.929870 -2.164370 -0.105316
v 1.862400 -2.205690 -0.104201
v 1.675740 -2.123610 -0.093003
v 1.675740 -2.123610 -0.093003
v 1.590090 -2.164550 0.062141
v 1.492080 -2.119730 0.034926
v 1.427400 -2.148060 -0.000516
v 1.325120 -2.108120 -0.022390
v 1.226480 -2.071060 -0.054022
v 1.124360 -2.037070 -0.077802
v 1.716320 -2.193460 -0.027384
v 1.693220 -2.206260 0.044064
v 1.693220 -2.206260 0.044064
v -0.932024 -0.288352 -0.108648
v -0.972914 -0.192558 -0.072161
v -1.012060 -0.094116 -0.040715
v -1.054070 -0.000873 0.007283
v -1.096540 0.092059 0.058763
v -1.130590 0.200538 0.071359
v -1.130590 0.200538 0.071359
v -1.074400 0.304937 -0.117019
v -1.189600 0.256574 -0.014767
v -1.179970 0.272931 -0.105265
v -1.179970 0.272931 -0.105265
v -1.040040 0.370272 -0.122387
v -0.605855 0.660607 -0.151887
v -0.495348 0.689028 -0.159773
v -0.384074 0.717370 -0.161523
v -0.272958 0.747165 -0.168253
v -0.162533 0.779131 -0.172510
v -0.050926 0.814053 -0.175082
v 0.037408 0.820941 -0.104751
v 0.141911 0.846659 -0.096290
v 0.243830 0.876237 -0.064031
v -0.715717 0.627180 -0.131849
v -0.822194 0.602574 -0.139299
v -0.929358 0.572387 -0.127245
v -1.072790 0.475925 -0.124051
v -1.036330 0.543417 -0.126858
v 2.185990 -0.766560 -0.076005
v 2.189310 -0.879334 -0.112672
v 2.184670 -0.989800 -0.144098
v 2.168200 -1.106270 -0.145543
v 2.154170 -1.221710 -0.137682
v 2.140010 -1.336460 -0.135175
v 2.123670 -1.450760 -0.130382
v 2.103530 -1.566330 -0.123000
v 2.077100 -1.676610 -0.131369
v 2.056630 -1.786280 -0.125400
v 2.038340 -1.899020 -0.125085
v 2.018150 -2.009920 -0.121865
v 1.997400 -2.120230 -0.106590
v 1.795310 -2.240280 -0.103050
v 1.695560 -2.198790 -0.096723
v 1.695560 -2.198790 -0.096723
v 1.968560 -2.233650 -0.099802
v 1.898430 -2.276660 -0.098719
v 1.624210 -2.235720 0.066397
v 1.523980 -2.192220 0.035013
v 1.359560 -2.179200 -0.025592
v 1.458470 -2.220340 0.001728
v 1.262530 -2.140140 -0.057969
v 1.162050 -2.103970 -0.083012
v 1.746850 -2.266420 -0.029616
v 1.727060 -2.279930 0.041009
v 1.727060 -2.279930 0.041009
v -1.003110 -0.253547 -0.108045
v -1.044010 -0.157935 -0.070497
v -1.082510 -0.058588 -0.041874
v -1.125090 0.034296 0.008097
v -1.167720 0.127260 0.058814
v -1.203190 0.233747 0.075539
v -1.203190 0.233747 0.075539
v -1.144370 0.341783 -0.117344
v -1.260280 0.290689 -0.015343
v -1.250890 0.307765 -0.106475
v -1.250890 0.307765 -0.106475
v -1.108850 0.408605 -0.120614
v -0.566489 0.728491 -0.152441
v -0.678143 0.698477 -0.144521
v -0.455161 0.756650 -0.159427
v -0.343998 0.785765 -0.163173
v -0.233631 0.817639 -0.171112
v -0.122669 0.854104 -0.174750
v -0.029931 0.857382 -0.121284
v 0.074406 0.884881 -0.103947
v 0.175580 0.914684 -0.076665
v -0.787814 0.664228 -0.125955
v -0.892290 0.641371 -0.135102
v -1.000060 0.610317 -0.127781
v -1.143060 0.513230 -0.123784
v -1.106770 0.580929 -0.127222
v 2.245330 -0.833135 -0.092151
v 2.237960 -0.947209 -0.108693
v 2.232260 -1.056720 -0.145825
v 2.215440 -1.172550 -0.138187
v 2.201440 -1.288200 -0.135838
v 2.185940 -1.402300 -0.132179
v 2.167220 -1.516760 -0.130506
v 2.141990 -1.629500 -0.123979
v 2.121080 -1.741970 -0.125154
v 2.102730 -1.854070 -0.123908
v 2.083280 -1.965640 -0.122618
v 2.062160 -2.076730 -0.119464
v 2.038920 -2.188250 -0.100269
v 1.827350 -2.313360 -0.098996
v 1.726280 -2.270670 -0.092596
v 1.726280 -2.270670 -0.092596
v 2.004800 -2.303040 -0.094873
v 1.931100 -2.347480 -0.077191
v 1.655290 -2.307740 0.063200
v 1.555130 -2.263870 0.037743
v 1.293240 -2.211370 -0.052470
v 1.391320 -2.250380 -0.023208
v 1.488170 -2.292740 0.005569
v 1.192270 -2.172570 -0.066005
v 1.769900 -2.338950 -0.036615
v 1.751690 -2.356940 0.025725
v 1.751690 -2.356940 0.025725
v -1.073370 -0.216703 -0.108589
v -1.115770 -0.124769 -0.068094
v -1.152860 -0.022763 -0.041827
v -1.196140 0.069276 0.008141
v -1.239190 0.161124 0.057230
v -1.275350 0.267718 0.074698
v -1.275350 0.267718 0.074698
v -1.214920 0.377556 -0.115601
v -1.332660 0.320006 -0.017639
v -1.323380 0.341983 -0.109005
v -1.323380 0.341983 -0.109005
v -1.178810 0.445662 -0.121051
v -0.640165 0.768201 -0.148253
v -0.527027 0.796106 -0.154540
v -0.750977 0.736516 -0.142595
v -0.415093 0.824525 -0.157348
v -0.304076 0.855175 -0.167011
v -0.192644 0.891957 -0.171425
v -0.096632 0.895644 -0.104055
v 0.006702 0.923707 -0.106390
v 0.106145 0.946964 -0.064446
v -0.860085 0.701209 -0.120105
v -0.964149 0.677436 -0.132159
v -1.070830 0.648155 -0.131495
v -1.212840 0.551388 -0.118960
v -1.177320 0.618612 -0.130039
v 2.293920 -0.905401 -0.077474
v 2.284700 -1.015870 -0.099828
v 2.276860 -1.125130 -0.134696
v 2.262850 -1.240190 -0.136104
v 2.248080 -1.354380 -0.134405
v 2.230480 -1.469250 -0.131145
v 2.207660 -1.582270 -0.119916
v 2.185590 -1.695980 -0.124974
v 2.166880 -1.808380 -0.121943
v 2.148380 -1.920000 -0.121660
v 2.127980 -2.031100 -0.119291
v 2.104870 -2.144080 -0.116951
v 2.078850 -2.256850 -0.099162
v 1.852820 -2.386110 -0.078503
v 1.751800 -2.348350 -0.095793
v 1.751800 -2.348350 -0.095793
v 2.037850 -2.369950 -0.099803
v 1.955430 -2.418420 -0.096733
v 1.682590 -2.380790 0.067051
v 1.583950 -2.336550 0.041603
v 1.319130 -2.283880 -0.033243
v 1.224160 -2.244970 -0.072821
v 1.422660 -2.321470 -0.024906
v 1.518680 -2.365030 0.006121
v 1.761910 -2.415910 -0.071120
v 1.761910 -2.415910 -0.071120
v 1.776500 -2.433970 0.007554
v 1.776500 -2.433970 0.007554
v -1.144220 -0.181047 -0.109648
v -1.185300 -0.086748 -0.071086
v -1.223650 0.012609 -0.042728
v -1.267280 0.103308 0.007442
v -1.309980 0.195746 0.053230
v -1.348420 0.293541 0.064948
v -1.348420 0.293541 0.064948
v -1.284650 0.414115 -0.117867
v -1.401270 0.359288 -0.013313
v -1.383260 0.393912 -0.090976
v -1.383260 0.393912 -0.090976
v -1.248490 0.483145 -0.120434
v -0.713214 0.807006 -0.144487
v -0.601176 0.836333 -0.149883
v -0.487624 0.863410 -0.158684
v -0.823299 0.774817 -0.138284
v -0.374392 0.892863 -0.166056
v -0.261917 0.928633 -0.165506
v -0.167225 0.931699 -0.102672
v -0.055557 0.967478 -0.103388
v 0.038604 0.976836 -0.055915
v -0.932502 0.737739 -0.116968
v -1.035250 0.715375 -0.131960
v -1.140540 0.687003 -0.126050
v -1.282790 0.589559 -0.113557
v -1.247470 0.656534 -0.127959
v 2.341450 -0.972644 -0.067983
v 2.328890 -1.085890 -0.086008
v 2.323450 -1.193560 -0.132577
v 2.310190 -1.308390 -0.134009
v 2.292710 -1.421980 -0.132980
v 2.271820 -1.534730 -0.116757
v 2.250460 -1.649760 -0.127014
v 2.230940 -1.762510 -0.122961
v 2.212830 -1.873920 -0.118591
v 2.193650 -1.985200 -0.118154
v 2.171760 -2.096630 -0.114800
v 2.146820 -2.211520 -0.115892
v 2.115130 -2.326750 -0.091259
v 1.868900 -2.461600 -0.090380
v 1.609260 -2.409690 0.048053
v 1.705510 -2.456410 0.064350
v 1.353780 -2.352820 -0.041411
v 1.254080 -2.314350 -0.053351
v 1.453070 -2.393930 -0.024226
v 1.545960 -2.438570 0.010699
v -1.215210 -0.146393 -0.109967
v -1.254980 -0.050172 -0.075342
v -1.294720 0.046828 -0.043012
v -1.337650 0.138605 0.004089
v -1.381510 0.228533 0.049564
v -1.420060 0.323506 0.067927
v -1.420060 0.323506 0.067927
v -1.351510 0.453751 -0.105859
v -1.456080 0.420581 -0.098416
v -1.456080 0.420581 -0.098416
v -1.472130 0.393678 -0.014926
v -1.315970 0.521003 -0.110803
v -0.676044 0.876706 -0.148458
v -0.785863 0.845891 -0.139084
v -0.560964 0.902718 -0.153985
v -0.445697 0.929715 -0.159991
v -0.894899 0.812296 -0.135894
v -0.331710 0.964374 -0.166850
v -0.236588 0.966984 -0.097402
v -0.127163 0.999884 -0.086899
v -0.019610 1.020110 -0.062619
v -1.004460 0.774730 -0.119164
v -1.105610 0.753194 -0.132731
v -1.211500 0.724258 -0.131589
v -1.350150 0.623139 -0.127956
v -1.317590 0.693217 -0.125265
v 2.392240 -1.044330 -0.062869
v 2.375500 -1.155120 -0.084337
v 2.371770 -1.262960 -0.134675
v 2.355700 -1.377100 -0.133781
v 2.335830 -1.489700 -0.115901
v 2.314280 -1.602580 -0.127621
v 2.295280 -1.716280 -0.124952
v 2.277120 -1.828060 -0.119505
v 2.258940 -1.938870 -0.117470
v 2.238810 -2.049390 -0.115060
v 2.215340 -2.161540 -0.114192
v 2.188160 -2.277070 -0.103779
v 1.770060 -2.495290 -0.076144
v 1.634440 -2.482830 0.056752
v 1.383140 -2.424910 -0.042288
v 1.285240 -2.384760 -0.066019
v 1.479330 -2.467450 -0.018251
v 1.572800 -2.511530 0.016938
v -1.284720 -0.110479 -0.113725
v -1.325690 -0.015727 -0.076434
v -1.365680 0.081534 -0.044278
v -1.409330 0.172115 0.002179
v -1.454090 0.260581 0.048946
v -1.490030 0.360131 0.072735
v -1.490030 0.360131 0.072735
v -1.421630 0.488665 -0.118277
v -1.529400 0.453176 -0.103706
v -1.529400 0.453176 -0.103706
v -1.542250 0.429249 -0.015270
v -1.386590 0.555952 -0.122459
v -0.638867 0.944105 -0.151272
v -0.748353 0.916131 -0.140251
v -0.858226 0.885041 -0.139640
v -0.519539 0.968165 -0.155766
v -0.403329 0.997220 -0.159359
v -0.965854 0.851601 -0.135807
v -0.303914 1.005220 -0.105268
v -0.195627 1.036310 -0.082990
v -0.088482 1.059040 -0.052157
v -1.074460 0.814565 -0.126278
v -1.176440 0.790838 -0.131230
v -1.282210 0.761618 -0.128370
v -1.423630 0.660312 -0.123336
v -1.388640 0.729511 -0.123865
v 2.441270 -1.111950 -0.082069
v 2.420180 -1.225160 -0.087493
v 2.417420 -1.334930 -0.126048
v 2.401230 -1.448810 -0.110008
v 2.377750 -1.554990 -0.129816
v 2.359470 -1.669700 -0.126287
v 2.341560 -1.781750 -0.122147
v 2.323920 -1.892150 -0.116201
v 2.304330 -2.003290 -0.115619
v 2.283220 -2.114200 -0.112779
v 2.257500 -2.226940 -0.112742
v 2.153160 -2.393130 -0.107433
v 2.229980 -2.342090 -0.104771
v 1.412240 -2.496790 -0.044636
v 1.313480 -2.456430 -0.060237
v 1.505440 -2.541310 -0.012160
v -1.355010 -0.075765 -0.116117
v -1.395610 0.020633 -0.081288
v -1.437200 0.115680 -0.047279
v -1.480510 0.204059 0.002729
v -1.524540 0.294079 0.048365
v -1.561890 0.391645 0.070245
v -1.561890 0.391645 0.070245
v -1.494580 0.522742 -0.118180
v -1.613200 0.464197 -0.016076
v -1.601910 0.487163 -0.102984
v -1.601910 0.487163 -0.102984
v -1.459060 0.591573 -0.120020
v -0.602487 1.011180 -0.153941
v -0.714831 0.985361 -0.143840
v -0.822979 0.955939 -0.141804
v -0.929749 0.924950 -0.140304
v -0.472003 1.029670 -0.146808
v -0.367081 1.048070 -0.113963
v -1.036190 0.890318 -0.137112
v -0.266460 1.068070 -0.070682
v -0.159446 1.097490 -0.046894
v -1.142290 0.857308 -0.133342
v -1.246550 0.829723 -0.131073
v -1.352980 0.798527 -0.127864
v -1.494880 0.696265 -0.122770
v -1.459340 0.765399 -0.127284
v 2.461400 -1.295070 -0.074007
v 2.461310 -1.407430 -0.103252
v 2.442100 -1.509310 -0.132482
v 2.423640 -1.622950 -0.124867
v 2.405780 -1.735030 -0.122557
v 2.388430 -1.846000 -0.119841
v 2.370130 -1.956410 -0.115577
v 2.349560 -2.067000 -0.113130
v 2.325120 -2.178640 -0.113256
v 2.299440 -2.290960 -0.115207
v 1.437710 -2.570150 -0.037151
v 1.339980 -2.526860 -0.053574
v -1.424980 -0.039667 -0.119802
v -1.467400 0.054354 -0.081856
v -1.509150 0.148196 -0.046370
v -1.551350 0.239222 0.000359
v -1.594230 0.328472 0.047004
v -1.629910 0.430306 0.070627
v -1.629910 0.430306 0.070627
v -1.566040 0.557686 -0.114201
v -1.682690 0.501562 -0.013691
v -1.673070 0.523780 -0.101076
v -1.673070 0.523780 -0.101076
v -1.530390 0.627179 -0.118041
v -0.684230 1.055190 -0.150891
v -0.540788 1.066160 -0.152161
v -0.788790 1.025460 -0.146014
v -0.894643 0.995253 -0.143487
v -1.000270 0.963295 -0.140588
v -0.436480 1.078130 -0.104741
v -0.334311 1.104720 -0.070605
v -1.105990 0.930698 -0.130156
v -0.229946 1.133780 -0.041693
v -1.211000 0.898946 -0.134535
v -1.317070 0.867519 -0.130924
v -1.423610 0.835109 -0.129734
v -1.530190 0.801445 -0.126079
v -1.565890 0.731797 -0.122352
v 2.511900 -1.360020 -0.075745
v 2.505730 -1.469290 -0.110433
v 2.489020 -1.577020 -0.125709
v 2.470200 -1.688500 -0.123130
v 2.452370 -1.799730 -0.119430
v 2.435020 -1.910230 -0.115592
v 2.415600 -2.021030 -0.114795
v 2.392220 -2.131810 -0.114606
v 2.366330 -2.244200 -0.109350
v 1.368400 -2.599290 -0.054982
v -1.496500 -0.006805 -0.118682
v -1.539750 0.084668 -0.079402
v -1.580780 0.181579 -0.045648
v -1.621620 0.273717 0.000001
v -1.663600 0.363084 0.045118
v -1.702360 0.460403 0.065273
v -1.702360 0.460403 0.065273
v -1.637390 0.592827 -0.113286
v -1.754920 0.534524 -0.011466
v -1.745090 0.558492 -0.099468
v -1.745090 0.558492 -0.099468
v -1.601640 0.662423 -0.117651
v -0.756245 1.096320 -0.145115
v -0.656915 1.127350 -0.146850
v -0.586156 1.089130 -0.152204
v -0.506959 1.098920 -0.085475
v -0.860731 1.066130 -0.143072
v -0.965435 1.034680 -0.143402
v -1.070830 1.003160 -0.135615
v -0.401881 1.139420 -0.073872
v -0.299141 1.170960 -0.043399
v -1.175370 0.970054 -0.136636
v -1.281350 0.937364 -0.132881
v -1.387830 0.904929 -0.128590
v -1.494300 0.871313 -0.128924
v -1.601070 0.837232 -0.123709
v -1.636840 0.767409 -0.122024
v 2.564160 -1.422110 -0.088663
v 2.550520 -1.533400 -0.104942
v 2.535710 -1.642520 -0.122846
v 2.516500 -1.753870 -0.122012
v 2.499060 -1.864190 -0.118571
v 2.480780 -1.975660 -0.115489
v 2.459040 -2.086350 -0.114872
v 2.432820 -2.197530 -0.106871
v -1.568350 0.026667 -0.120988
v -1.610480 0.121128 -0.081644
v -1.651600 0.216437 -0.046146
v -1.692400 0.307289 0.001509
v -1.735150 0.396462 0.045424
v -1.771700 0.496051 0.073892
v -1.771700 0.496051 0.073892
v -1.709000 0.627967 -0.111858
v -1.824960 0.569764 -0.008246
v -1.818880 0.593836 -0.098704
v -1.818880 0.593836 -0.098704
v -1.672470 0.697788 -0.114963
v -0.828182 1.135900 -0.143601
v -0.726454 1.166190 -0.136595
v -0.639514 1.160290 -0.052560
v -0.574536 1.132920 -0.088804
v -0.470129 1.166360 -0.066953
v -0.931333 1.106050 -0.143425
v -1.035960 1.075440 -0.139266
v -1.140130 1.042690 -0.138823
v -0.367070 1.203950 -0.052243
v -1.245670 1.009010 -0.132728
v -1.351970 0.975393 -0.131737
v -1.458500 0.941713 -0.127129
v -1.565000 0.907194 -0.125944
v -1.671610 0.872909 -0.121882
v -1.707510 0.803100 -0.118430
v 2.610100 -1.486040 -0.083235
v 2.597120 -1.597440 -0.100347
v 2.581420 -1.707990 -0.119079
v 2.562930 -1.818850 -0.120743
v 2.545410 -1.929690 -0.116315
v 2.525280 -2.041590 -0.116408
v 2.500570 -2.152500 -0.109535
v 2.469920 -2.261530 -0.127842
v 2.406220 -2.307560 -0.122967
v -1.640060 0.062398 -0.122152
v -1.682550 0.153344 -0.075635
v -1.721710 0.250516 -0.043391
v -1.763120 0.342164 0.000789
v -1.805170 0.432689 0.046273
v -1.839770 0.535141 0.080643
v -1.839770 0.535141 0.080643
v -1.780210 0.663640 -0.108911
v -1.895040 0.604515 -0.003884
v -1.877040 0.641054 -0.075660
v -1.877040 0.641054 -0.075660
v -1.743160 0.733414 -0.112923
v -0.797324 1.203140 -0.133489
v -0.898407 1.177080 -0.144521
v -0.709892 1.201340 -0.055518
v -0.607841 1.234160 -0.048834
v -0.538239 1.199590 -0.061892
v -0.435254 1.233550 -0.053718
v -1.001230 1.147330 -0.135162
v -1.104730 1.115790 -0.142102
v -1.209960 1.082620 -0.136115
v -1.316130 1.046910 -0.134113
v -1.422630 1.012420 -0.135524
v -1.529120 0.977608 -0.130030
v -1.635490 0.942849 -0.123391
v -1.777500 0.838681 -0.107303
v -1.740850 0.908166 -0.107523
v 2.659570 -1.549010 -0.094062
v 2.644860 -1.662580 -0.100536
v 2.627190 -1.773010 -0.119921
v 2.609080 -1.884170 -0.120872
v 2.590280 -1.996560 -0.118145
v 2.567820 -2.109010 -0.117751
v 2.535390 -2.217010 -0.126566
v -1.711110 0.096775 -0.120772
v -1.750320 0.193500 -0.086382
v -1.792460 0.286076 -0.045072
v -1.833880 0.377298 0.001893
v -1.874790 0.469043 0.048715
v -1.911090 0.570915 0.080309
v -1.911090 0.570915 0.080309
v -1.848580 0.701742 -0.101559
v -1.965320 0.640365 -0.003708
v -1.952470 0.657358 -0.098454
v -1.952470 0.657358 -0.098454
v -1.813220 0.769160 -0.109335
v -0.869294 1.243590 -0.125198
v -0.777129 1.247260 -0.065624
v -0.966995 1.220140 -0.133026
v -0.669110 1.274030 -0.047506
v -0.499307 1.265140 -0.044787
v -0.561451 1.301030 -0.032427
v -1.067590 1.190700 -0.144363
v -1.173460 1.157110 -0.140498
v -1.280010 1.121140 -0.137349
v -1.386710 1.084430 -0.135702
v -1.493270 1.048960 -0.131331
v -1.599360 1.013450 -0.126311
v -1.704780 0.978646 -0.111017
v -1.848350 0.873314 -0.114616
v -1.812390 0.943209 -0.116733
v 2.706940 -1.615110 -0.086875
v 2.693110 -1.730120 -0.105906
v 2.672980 -1.839110 -0.121784
v 2.654690 -1.950600 -0.121515
v 2.633300 -2.065120 -0.121469
v 2.605310 -2.175270 -0.109563
v -1.781670 0.130588 -0.118928
v -1.821150 0.226507 -0.080950
v -1.863880 0.321533 -0.043664
v -1.904600 0.412500 0.004434
v -1.945340 0.505539 0.050971
v -1.981570 0.607877 0.082277
v -1.981570 0.607877 0.082277
v -1.920200 0.732620 -0.106197
v -2.024980 0.694571 -0.096467
v -2.024980 0.694571 -0.096467
v -2.037970 0.671607 -0.005082
v -1.884290 0.803734 -0.111313
v -0.934008 1.288030 -0.118633
v -0.842128 1.311650 -0.095018
v -0.735459 1.317370 -0.047230
v -1.025550 1.272090 -0.151312
v -0.628623 1.340870 -0.038396
v -1.134980 1.234190 -0.144351
v -1.242970 1.196250 -0.139971
v -1.350400 1.158320 -0.137116
v -1.457470 1.121230 -0.133016
v -1.563810 1.085130 -0.128875
v -1.669100 1.049300 -0.118425
v -1.775890 1.013530 -0.118572
v -1.919310 0.908269 -0.116340
v -1.883310 0.978494 -0.118569
v 2.756510 -1.681730 -0.104733
v 2.737320 -1.798760 -0.110581
v 2.718190 -1.905840 -0.128255
v 2.698590 -2.018870 -0.124699
v 2.673770 -2.135170 -0.120763
v 2.634800 -2.240430 -0.143189
v 2.568910 -2.282610 -0.134648
v -1.852080 0.164641 -0.117850
v -1.894240 0.256607 -0.071753
v -1.934070 0.354844 -0.041751
v -1.974670 0.448839 0.005742
v -2.015550 0.542744 0.053200
v -2.053700 0.645092 0.086388
v -2.053700 0.645092 0.086388
v -1.990170 0.766345 -0.108114
v -2.107330 0.709263 -0.008834
v -2.095480 0.731254 -0.099437
v -2.095480 0.731254 -0.099437
v -1.955080 0.837845 -0.113720
v -0.995352 1.328410 -0.111577
v -0.899192 1.356940 -0.099944
v -0.801427 1.367780 -0.057262
v -0.693818 1.383310 -0.038793
v -1.091460 1.320240 -0.150702
v -1.203950 1.274200 -0.143762
v -1.313340 1.233930 -0.139779
v -1.421140 1.195150 -0.135116
v -1.528440 1.157370 -0.132093
v -1.633750 1.120790 -0.116507
v -1.738390 1.085940 -0.117812
v -1.847270 1.048230 -0.119157
v -1.989730 0.943160 -0.115703
v -1.953970 1.013480 -0.115111
v 2.782720 -1.861600 -0.128691
v 2.763400 -1.973170 -0.126339
v 2.740970 -2.088110 -0.129180
v 2.706060 -2.200270 -0.144969
v -1.922100 0.199245 -0.118484
v -1.964880 0.290070 -0.068522
v -2.004170 0.390262 -0.039596
v -2.044820 0.485255 0.006986
v -2.086270 0.578885 0.053967
v -2.128030 0.676700 0.079246
v -2.128030 0.676700 0.079246
v -2.060260 0.801833 -0.106506
v -2.177730 0.745823 -0.014287
v -2.166850 0.767068 -0.099348
v -2.166850 0.767068 -0.099348
v -2.025100 0.872693 -0.111410
v -0.964445 1.391730 -0.087644
v -1.058970 1.374390 -0.079036
v -0.863729 1.411340 -0.060240
v -0.759306 1.429780 -0.038231
v -1.159140 1.362380 -0.148814
v -1.274880 1.311960 -0.142201
v -1.384170 1.270210 -0.138456
v -1.491750 1.231230 -0.133719
v -1.598120 1.192630 -0.119161
v -1.703830 1.155950 -0.116896
v -1.809530 1.121140 -0.120169
v -1.917930 1.083420 -0.117160
v -2.060080 0.978135 -0.115924
v -2.024700 1.048090 -0.117000
v 2.827950 -1.927200 -0.130121
v 2.807160 -2.041140 -0.131054
v 2.778870 -2.160950 -0.137479
v -1.994780 0.229672 -0.109055
v -2.035760 0.325671 -0.066787
v -2.074180 0.426856 -0.039426
v -2.115330 0.520816 0.007621
v -2.157060 0.613978 0.052905
v -2.195450 0.716617 0.064393
v -2.195450 0.716617 0.064393
v -2.130610 0.837451 -0.107785
v -2.247280 0.784116 -0.013432
v -2.237290 0.802405 -0.099190
v -2.237290 0.802405 -0.099190
v -2.095290 0.907957 -0.110740
v -1.031340 1.435440 -0.092283
v -0.928779 1.451520 -0.058931
v -1.129970 1.405620 -0.068573
v -0.825458 1.476010 -0.038211
v -1.231980 1.396720 -0.145298
v -1.346470 1.349620 -0.139725
v -1.454660 1.305660 -0.135742
v -1.560010 1.265170 -0.119743
v -1.667340 1.227500 -0.126032
v -1.774540 1.190360 -0.120435
v -1.881360 1.154180 -0.119949
v -1.988450 1.118260 -0.119833
v -2.130590 1.013000 -0.113751
v -2.095300 1.082780 -0.119353
v -2.065250 0.266120 -0.107329
v -2.105610 0.362811 -0.067298
v -2.144810 0.463030 -0.041059
v -2.185560 0.556449 0.007351
v -2.227650 0.651371 0.054284
v -2.255750 0.763518 0.075146
v -2.255750 0.763518 0.075146
v -2.200850 0.872990 -0.109963
v -2.318070 0.816424 -0.014643
v -2.306850 0.839241 -0.098226
v -2.306850 0.839241 -0.098226
v -2.165420 0.943333 -0.113233
v -1.105710 1.465060 -0.085623
v -0.996022 1.489240 -0.046443
v -1.208400 1.435570 -0.069341
v -1.305530 1.432440 -0.144406
v -1.417840 1.383220 -0.138433
v -1.522760 1.340030 -0.115859
v -1.630070 1.300240 -0.128110
v -1.738400 1.262190 -0.123989
v -1.846080 1.223610 -0.125255
v -1.952640 1.187550 -0.122371
v -2.059380 1.152600 -0.121964
v -2.201120 1.048260 -0.113256
v -2.166020 1.117580 -0.120474
v -2.135750 0.300661 -0.101990
v -2.176390 0.397478 -0.065751
v -2.215390 0.498333 -0.045464
v -2.255570 0.592861 0.007843
v -2.294910 0.690284 0.063240
v -2.326230 0.799869 0.066577
v -2.326230 0.799869 0.066577
v -2.271080 0.909040 -0.109044
v -2.377030 0.874191 -0.100684
v -2.377030 0.874191 -0.100684
v -2.387260 0.854471 -0.016289
v -2.235810 0.978868 -0.113789
v -1.172520 1.500740 -0.062117
v -1.065870 1.524010 -0.037612
v -1.279260 1.475320 -0.079458
v -1.382490 1.470240 -0.144317
v -1.485330 1.413950 -0.122194
v -1.592970 1.374400 -0.128718
v -1.701540 1.335650 -0.126643
v -1.809280 1.296210 -0.124894
v -1.917680 1.256560 -0.121585
v -2.022610 1.223210 -0.121752
v -2.130550 1.186980 -0.122015
v -2.271820 1.083410 -0.119034
v -2.236960 1.152560 -0.120794
v -2.205190 0.336691 -0.100535
v -2.248570 0.426145 -0.061147
v -2.286030 0.532633 -0.043586
v -2.325250 0.628745 0.012214
v -2.361990 0.728703 0.072426
v -2.394020 0.838300 0.068734
v -2.394020 0.838300 0.068734
v -2.342020 0.944117 -0.112269
v -2.458020 0.889080 -0.017164
v -2.448210 0.908748 -0.102179
v -2.448210 0.908748 -0.102179
v -2.306920 1.013970 -0.115363
v -1.134210 1.564930 -0.040126
v -1.242450 1.538350 -0.059077
v -1.349730 1.509200 -0.070822
v -1.449600 1.488530 -0.099229
v -1.554120 1.452540 -0.128043
v -1.664080 1.410780 -0.128249
v -1.772670 1.369440 -0.126399
v -1.880660 1.328500 -0.127449
v -1.989400 1.289580 -0.117209
v -2.094680 1.256670 -0.124889
v -2.201730 1.221460 -0.121579
v -2.342840 1.118850 -0.119851
v -2.307960 1.187940 -0.122003
v -2.166570 0.236459 -0.133924
v -2.236880 0.268018 -0.123963
v -2.276740 0.368648 -0.096080
v -2.318930 0.464480 -0.064131
v -2.354420 0.570650 -0.040299
v -2.394400 0.665264 0.017181
v -2.429790 0.767981 0.076607
v -2.466100 0.871427 0.066795
v -2.466100 0.871427 0.066795
v -2.413070 0.979027 -0.113047
v -2.518770 0.944454 -0.102672
v -2.518770 0.944454 -0.102672
v -2.528630 0.924958 -0.016987
v -2.377890 1.049150 -0.116820
v -1.205050 1.600680 -0.029058
v -1.311760 1.577340 -0.064458
v -1.420870 1.546330 -0.065638
v -1.507590 1.535580 -0.131357
v -1.624840 1.489210 -0.129204
v -1.735760 1.444550 -0.128951
v -1.847380 1.394640 -0.127003
v -1.952910 1.361600 -0.128272
v -2.060900 1.321930 -0.113661
v -2.166460 1.289720 -0.124986
v -2.272960 1.256540 -0.122675
v -2.379000 1.223710 -0.122517
v -2.413940 1.154260 -0.121073
v -2.310320 0.296885 -0.108313
v -2.352030 0.399066 -0.081914
v -2.388320 0.503358 -0.066524
v -2.423210 0.608736 -0.035591
v -2.463800 0.702237 0.021237
v -2.498500 0.805467 0.076753
v -2.534200 0.908248 0.068969
v -2.534200 0.908248 0.068969
v -2.484030 1.014200 -0.113266
v -2.600010 0.958392 -0.015916
v -2.589530 0.979973 -0.102144
v -2.589530 0.979973 -0.102144
v -2.448960 1.084420 -0.118694
v -1.275070 1.636510 -0.035711
v -1.386610 1.607680 -0.052200
v -1.487470 1.591150 -0.070428
v -1.580580 1.576030 -0.130833
v -1.697110 1.523120 -0.129892
v -1.808140 1.476630 -0.129022
v -1.916960 1.433290 -0.128863
v -2.025220 1.394880 -0.129628
v -2.131090 1.355420 -0.112555
v -2.237820 1.324670 -0.125693
v -2.344140 1.292370 -0.125514
v -2.450200 1.259230 -0.124712
v -2.485060 1.189690 -0.121188
v -2.386890 0.333811 -0.108360
v -2.422990 0.440332 -0.082983
v -2.457630 0.541978 -0.058587
v -2.493120 0.645941 -0.033401
v -2.532620 0.741264 0.024610
v -2.567590 0.844094 0.081962
v -2.603190 0.946754 0.071976
v -2.603190 0.946754 0.071976
v -2.554990 1.049520 -0.114987
v -2.672150 0.990145 -0.015124
v -2.661030 1.014190 -0.106859
v -2.661030 1.014190 -0.106859
v -2.520140 1.119870 -0.117421
v -1.347830 1.679140 -0.034652
v -1.455440 1.652030 -0.042341
v -1.558200 1.627290 -0.071538
v -1.656060 1.607090 -0.128785
v -1.770150 1.554560 -0.130072
v -1.880370 1.508080 -0.130451
v -1.988590 1.466910 -0.129553
v -2.095770 1.429260 -0.121726
v -2.204010 1.390190 -0.123592
v -2.309160 1.359730 -0.128643
v -2.415460 1.328200 -0.126638
v -2.556920 1.225270 -0.119634
v -2.521750 1.294660 -0.125115
v -2.459610 0.374154 -0.105624
v -2.491820 0.479830 -0.086748
v -2.526450 0.580100 -0.058175
v -2.563280 0.683019 -0.027740
v -2.600920 0.781601 0.026788
v -2.637320 0.882647 0.084478
v -2.668590 0.992461 0.075071
v -2.668590 0.992461 0.075071
v -2.626490 1.085570 -0.117115
v -2.740800 1.029430 -0.015350
v -2.730270 1.054470 -0.101535
v -2.730270 1.054470 -0.101535
v -2.591980 1.155940 -0.116741
v -1.420430 1.721110 -0.037181
v -1.528710 1.692550 -0.050561
v -1.630990 1.660720 -0.075654
v -1.731040 1.637590 -0.131205
v -1.844360 1.583590 -0.132138
v -1.952940 1.539060 -0.130978
v -2.059780 1.499910 -0.127034
v -2.167610 1.462270 -0.128634
v -2.274960 1.426380 -0.121885
v -2.381150 1.395560 -0.128232
v -2.487530 1.364090 -0.128370
v -2.594170 1.330320 -0.117281
v -2.629030 1.261620 -0.112809
v -2.558730 0.518312 -0.090623
v -2.596180 0.617599 -0.056154
v -2.632080 0.722198 -0.023262
v -2.669940 0.820989 0.028943
v -2.707730 0.920295 0.086996
v -2.737490 1.034190 0.075857
v -2.737490 1.034190 0.075857
v -2.696800 1.123050 -0.114932
v -2.811930 1.064850 -0.013420
v -2.798120 1.089410 -0.104836
v -2.798120 1.089410 -0.104836
v -2.666520 1.194390 -0.108674
v -1.498110 1.756190 -0.048933
v -1.601720 1.727350 -0.060609
v -1.704860 1.692630 -0.078795
v -1.807720 1.661460 -0.130906
v -1.917540 1.613110 -0.134075
v -2.025350 1.570700 -0.128123
v -2.132250 1.533000 -0.130451
v -2.239490 1.496730 -0.131425
v -2.347410 1.460470 -0.123369
v -2.453130 1.431700 -0.129224
v -2.561250 1.399380 -0.116099
v -2.694560 1.295260 -0.129992
v -2.661490 1.364970 -0.130787
v -2.628530 0.554626 -0.088801
v -2.665090 0.657530 -0.053746
v -2.700490 0.762147 -0.021224
v -2.740700 0.856742 0.032855
v -2.778180 0.956054 0.082619
v -2.813470 1.061960 0.082388
v -2.813470 1.061960 0.082388
v -2.766290 1.158730 -0.122600
v -2.882590 1.100220 -0.016560
v -2.870300 1.123950 -0.108886
v -2.870300 1.123950 -0.108886
v -2.730400 1.227390 -0.127205
v -1.571370 1.794910 -0.064917
v -1.676140 1.759710 -0.071957
v -1.778330 1.724200 -0.084726
v -1.885720 1.693570 -0.138904
v -1.991330 1.640880 -0.129372
v -2.097730 1.603060 -0.133615
v -2.203950 1.566970 -0.131983
v -2.311240 1.531320 -0.134422
v -2.419940 1.494570 -0.120537
v -2.526600 1.467170 -0.111117
v -2.625690 1.432920 -0.133386
v -2.766240 1.330990 -0.126529
v -2.731540 1.399900 -0.128981
v -2.699590 0.590423 -0.076557
v -2.734190 0.697912 -0.053859
v -2.768510 0.802030 -0.024353
v -2.809510 0.893812 0.030577
v -2.847820 0.990594 0.070605
v -2.887450 1.092360 0.082052
v -2.887450 1.092360 0.082052
v -2.836490 1.193020 -0.121387
v -2.952600 1.136570 -0.019051
v -2.941070 1.159750 -0.109917
v -2.941070 1.159750 -0.109917
v -2.801330 1.262180 -0.124598
v -1.648100 1.826800 -0.067690
v -1.751920 1.787040 -0.074557
v -1.851920 1.753050 -0.090170
v -1.954720 1.706760 -0.121409
v -2.064080 1.672540 -0.135066
v -2.169720 1.636170 -0.133351
v -2.275870 1.601100 -0.133699
v -2.383090 1.566330 -0.131124
v -2.492870 1.530190 -0.115959
v -2.587370 1.500140 -0.137484
v -2.696350 1.467700 -0.131080
v -2.801730 1.435290 -0.127197
v -2.836620 1.366380 -0.124318
v -2.772130 0.624024 -0.061708
v -2.803970 0.735344 -0.052186
v -2.838120 0.838326 -0.023458
v -2.879780 0.928328 0.028236
v -2.921100 1.019710 0.067831
v -2.963080 1.117160 0.082240
v -2.963080 1.117160 0.082240
v -2.906150 1.228570 -0.119725
v -3.023650 1.171100 -0.018318
v -3.011540 1.195900 -0.109471
v -3.011540 1.195900 -0.109471
v -2.871480 1.297480 -0.124437
v -1.727100 1.854160 -0.056820
v -1.825860 1.812550 -0.067122
v -1.926130 1.769820 -0.094698
v -2.029800 1.741270 -0.136434
v -2.136150 1.705110 -0.134847
v -2.241420 1.670110 -0.134435
v -2.347310 1.636120 -0.131605
v -2.454450 1.602490 -0.129938
v -2.562570 1.563690 -0.118871
v -2.662310 1.534790 -0.133754
v -2.767060 1.503660 -0.127825
v -2.906610 1.402110 -0.125079
v -2.871630 1.471030 -0.126046
v -2.844070 0.659855 -0.068283
v -2.871110 0.773881 -0.061799
v -2.907990 0.873157 -0.022560
v -2.949180 0.963591 0.022940
v -2.993470 1.051580 0.066077
v -3.033400 1.152210 0.080560
v -3.033400 1.152210 0.080560
v -2.976440 1.264640 -0.120428
v -3.093670 1.207420 -0.017770
v -3.082380 1.232270 -0.109849
v -3.082380 1.232270 -0.109849
v -2.941550 1.333230 -0.124778
v -1.799100 1.880680 -0.051141
v -1.900170 1.838680 -0.074230
v -1.998400 1.807150 -0.122115
v -2.103320 1.772990 -0.135498
v -2.207890 1.738480 -0.134387
v -2.312610 1.704550 -0.133282
v -2.417960 1.671740 -0.128579
v -2.523290 1.637120 -0.130515
v -2.630440 1.601130 -0.125983
v -2.733090 1.571300 -0.130835
v -2.837020 1.539720 -0.126993
v -2.976440 1.437920 -0.125549
v -2.941360 1.507090 -0.125687
v -2.912360 0.699172 -0.062116
v -2.940660 0.810828 -0.059166
v -2.978260 0.907510 -0.021534
v -3.021180 0.996195 0.023546
v -3.065180 1.085100 0.066393
v -3.101820 1.189240 0.071030
v -3.101820 1.189240 0.071030
v -3.047110 1.300360 -0.121376
v -3.164310 1.242030 -0.013834
v -3.154600 1.267850 -0.107970
v -3.154600 1.267850 -0.107970
v -3.011740 1.368820 -0.125192
v -1.872930 1.910760 -0.051440
v -1.978480 1.857160 -0.063737
v -2.071230 1.839970 -0.127081
v -2.175140 1.806140 -0.136948
v -2.278860 1.773070 -0.133549
v -2.383280 1.740520 -0.130744
v -2.488030 1.707920 -0.128120
v -2.593880 1.673410 -0.128940
v -2.700000 1.637160 -0.126056
v -2.802610 1.608160 -0.129709
v -2.906630 1.576280 -0.125662
v -3.011060 1.543040 -0.126420
v -3.046310 1.473830 -0.125710
v -2.979400 0.737109 -0.061687
v -3.010390 0.846527 -0.056248
v -3.049600 0.941089 -0.020345
v -3.092720 1.029940 0.022358
v -3.135410 1.121490 0.065677
v -3.172610 1.223210 0.072758
v -3.172610 1.223210 0.072758
v -3.117820 1.335480 -0.122969
v -3.236170 1.276950 -0.007831
v -3.222200 1.309420 -0.083328
v -3.222200 1.309420 -0.083328
v -3.081660 1.404640 -0.123664
v -1.946400 1.938860 -0.059170
v -2.051920 1.882100 -0.058299
v -2.143340 1.872720 -0.129071
v -2.246150 1.840290 -0.133505
v -2.349250 1.808790 -0.133121
v -2.453530 1.776990 -0.128755
v -2.557970 1.744700 -0.127095
v -2.663200 1.710520 -0.129609
v -2.767910 1.676870 -0.127884
v -2.871720 1.645490 -0.129889
v -2.976480 1.612460 -0.127587
v -3.116560 1.509870 -0.113806
v -3.080170 1.579180 -0.116708
v -3.048440 0.772989 -0.058991
v -3.080930 0.880822 -0.051789
v -3.121220 0.974542 -0.021215
v -3.165070 1.062670 0.024065
v -3.206480 1.155890 0.066178
v -3.242870 1.257650 0.081717
v -3.242870 1.257650 0.081717
v -3.188620 1.373190 -0.112460
v -3.307060 1.310600 -0.008438
v -3.291790 1.335930 -0.100032
v -3.291790 1.335930 -0.100032
v -3.151840 1.440810 -0.122932
v -2.019370 1.963380 -0.075866
v -2.123930 1.911740 -0.054970
v -2.214000 1.906690 -0.127141
v -2.315830 1.876440 -0.133892
v -2.419480 1.845160 -0.132174
v -2.523260 1.814200 -0.129617
v -2.627880 1.781610 -0.129936
v -2.732470 1.747600 -0.131108
v -2.837010 1.714590 -0.131284
v -2.941400 1.682110 -0.130271
v -3.046210 1.648470 -0.126263
v -3.150520 1.614490 -0.128590
v -3.185440 1.545390 -0.126960
v -3.079320 0.716323 -0.102702
v -3.000580 0.682931 -0.111030
v -3.116750 0.811981 -0.059985
v -3.152600 0.913897 -0.052853
v -3.192670 1.008620 -0.021945
v -3.236550 1.097300 0.025070
v -3.277740 1.190310 0.068513
v -3.316640 1.289940 0.090356
v -3.316640 1.289940 0.090356
v -3.256930 1.405370 -0.123025
v -3.375610 1.347400 -0.010138
v -3.360690 1.375280 -0.100264
v -3.360690 1.375280 -0.100264
v -3.221490 1.476250 -0.125871
v -2.093580 1.981060 -0.078864
v -2.195380 1.942200 -0.052886
v -2.283540 1.942760 -0.127289
v -2.385810 1.912130 -0.134678
v -2.488900 1.883030 -0.134143
v -2.592960 1.851200 -0.130492
v -2.697290 1.818600 -0.129959
v -2.801740 1.784570 -0.133088
v -2.906610 1.751220 -0.133657
v -3.011610 1.717810 -0.130270
v -3.116370 1.684100 -0.131738
v -3.221550 1.650950 -0.127668
v -3.256450 1.581920 -0.125329
v -3.147720 0.752975 -0.099064
v -3.187240 0.845444 -0.062184
v -3.224220 0.946616 -0.050725
v -3.263820 1.043830 -0.023294
v -3.307200 1.132830 0.025582
v -3.348880 1.224450 0.066631
v -3.388700 1.323540 0.086002
v -3.388700 1.323540 0.086002
v -3.326630 1.442750 -0.119331
v -3.445210 1.383980 -0.012208
v -3.430990 1.410180 -0.099807
v -3.430990 1.410180 -0.099807
v -3.291390 1.512690 -0.122336
v -2.158420 2.015000 -0.059869
v -2.263440 1.980810 -0.051259
v -2.354510 1.975490 -0.121654
v -2.454790 1.950200 -0.132853
v -2.558080 1.920640 -0.130954
v -2.662620 1.889360 -0.129992
v -2.766500 1.855220 -0.134543
v -2.871560 1.821080 -0.135724
v -2.976660 1.787600 -0.128083
v -3.081830 1.753820 -0.132156
v -3.187160 1.720320 -0.130339
v -3.327020 1.618420 -0.124575
v -3.291960 1.687080 -0.126788
v -3.215230 0.785752 -0.103973
v -3.256810 0.880654 -0.069352
v -3.294650 0.981728 -0.052746
v -3.334690 1.077950 -0.022394
v -3.376970 1.168710 0.022934
v -3.420140 1.258140 0.066717
v -3.459350 1.360630 0.082117
v -3.459350 1.360630 0.082117
v -3.396780 1.478920 -0.120573
v -3.515450 1.419080 -0.014544
v -3.502020 1.444590 -0.106040
v -3.502020 1.444590 -0.106040
v -3.361460 1.548700 -0.121437
v -2.224710 2.048320 -0.040493
v -2.331780 2.020120 -0.047344
v -2.420530 2.016650 -0.127963
v -2.522950 1.988970 -0.130908
v -2.627430 1.958460 -0.135888
v -2.732650 1.927160 -0.130462
v -2.836460 1.891510 -0.134431
v -2.941480 1.857630 -0.130009
v -3.046820 1.823700 -0.133553
v -3.152370 1.790020 -0.132018
v -3.257390 1.756560 -0.128491
v -3.397460 1.653650 -0.121736
v -3.362160 1.723050 -0.125081
v -3.285280 0.818582 -0.104584
v -3.325450 0.917642 -0.074904
v -3.365120 1.016630 -0.055739
v -3.404960 1.112910 -0.024085
v -3.447160 1.203470 0.018756
v -3.492490 1.291990 0.064751
v -3.530320 1.394330 0.076951
v -3.530320 1.394330 0.076951
v -3.467330 1.514780 -0.119987
v -3.571430 1.481890 -0.105873
v -3.571430 1.481890 -0.105873
v -3.585450 1.454160 -0.017182
v -3.432270 1.584270 -0.122987
v -2.291110 2.089200 -0.038301
v -2.397570 2.063040 -0.056718
v -2.490750 2.051560 -0.124036
v -2.591370 2.027590 -0.139719
v -2.697300 1.996230 -0.138857
v -2.801410 1.961980 -0.129661
v -2.906480 1.927920 -0.136275
v -3.011840 1.893740 -0.135466
v -3.117410 1.859890 -0.133871
v -3.222720 1.826150 -0.130350
v -3.327770 1.792700 -0.126257
v -3.467780 1.689410 -0.123814
v -3.432890 1.758530 -0.125591
v -3.354640 0.854191 -0.106801
v -3.398580 0.945934 -0.063584
v -3.435870 1.050400 -0.057138
v -3.476450 1.144750 -0.021160
v -3.517290 1.238050 0.017256
v -3.561430 1.327680 0.061707
v -3.598910 1.430190 0.071478
v -3.598910 1.430190 0.071478
v -3.537860 1.550480 -0.119999
v -3.656510 1.487350 -0.018532
v -3.643380 1.514700 -0.105559
v -3.643380 1.514700 -0.105559
v -3.502730 1.620050 -0.122461
v -2.357360 2.129010 -0.039749
v -2.462230 2.105040 -0.067284
v -2.555350 2.095770 -0.130464
v -2.659990 2.066350 -0.142370
v -2.763360 2.036120 -0.129345
v -2.870480 1.998760 -0.133258
v -2.976690 1.964320 -0.137351
v -3.082270 1.930020 -0.134159
v -3.187760 1.896010 -0.131365
v -3.293040 1.862190 -0.127472
v -3.397860 1.827960 -0.129035
v -3.538620 1.724550 -0.126559
v -3.503720 1.793950 -0.126157
v -3.424900 0.889224 -0.113796
v -3.470170 0.979112 -0.062432
v -3.506690 1.083770 -0.056432
v -3.545020 1.182160 -0.027510
v -3.587970 1.271930 0.017937
v -3.631270 1.362960 0.059222
v -3.668590 1.463430 0.072016
v -3.668590 1.463430 0.072016
v -3.608720 1.585240 -0.119060
v -3.727710 1.520690 -0.017318
v -3.716200 1.546330 -0.100828
v -3.716200 1.546330 -0.100828
v -3.573390 1.655230 -0.122153
v -2.423280 2.169130 -0.041801
v -2.527920 2.145930 -0.071515
v -2.625600 2.132330 -0.121078
v -2.727670 2.107080 -0.142916
v -2.834040 2.070100 -0.129096
v -2.940720 2.035760 -0.138106
v -3.046890 2.000460 -0.134449
v -3.152600 1.966060 -0.133785
v -3.257980 1.932050 -0.130659
v -3.363480 1.897980 -0.126515
v -3.468470 1.863660 -0.126102
v -3.574090 1.828980 -0.127299
v -3.609400 1.759770 -0.128344
v -3.498790 0.919572 -0.107202
v -3.541930 1.012800 -0.059793
v -3.577500 1.118040 -0.056663
v -3.616660 1.214300 -0.022721
v -3.658210 1.307810 0.015368
v -3.701700 1.397740 0.057382
v -3.739540 1.495350 0.075369
v -3.739540 1.495350 0.075369
v -3.679820 1.619200 -0.123355
v -3.785890 1.583740 -0.103188
v -3.785890 1.583740 -0.103188
v -3.797130 1.558440 -0.015819
v -3.644310 1.689970 -0.120506
v -2.485010 2.210210 -0.059502
v -2.592580 2.188840 -0.065340
v -2.692150 2.174490 -0.115447
v -2.796740 2.145360 -0.140300
v -2.903540 2.107500 -0.133514
v -3.010980 2.071390 -0.136940
v -3.117150 2.036260 -0.134881
v -3.222920 2.002010 -0.133723
v -3.328240 1.967980 -0.131775
v -3.433470 1.933710 -0.127931
v -3.539160 1.899070 -0.125402
v -3.679940 1.794610 -0.126983
v -3.644570 1.864310 -0.128217
v -3.572050 0.954569 -0.103692
v -3.613750 1.047340 -0.058277
v -3.647680 1.152950 -0.050710
v -3.687130 1.249910 -0.023641
v -3.729790 1.341930 0.016595
v -3.772350 1.433110 0.056882
v -3.808010 1.533660 0.078209
v -3.808010 1.533660 0.078209
v -3.750230 1.654660 -0.120785
v -3.867630 1.593750 -0.017229
v -3.855120 1.621900 -0.102888
v -3.855120 1.621900 -0.102888
v -3.714810 1.724700 -0.124133
v -2.545670 2.247540 -0.084442
v -2.657310 2.232660 -0.062674
v -2.762220 2.208660 -0.105437
v -2.863200 2.184960 -0.131665
v -2.973750 2.143530 -0.138409
v -3.081280 2.106700 -0.136011
v -3.187540 2.071960 -0.134154
v -3.293320 2.038070 -0.132137
v -3.398560 2.003780 -0.130763
v -3.503780 1.968790 -0.123904
v -3.609380 1.933980 -0.130335
v -3.750320 1.829840 -0.126644
v -3.715120 1.899520 -0.129100
v -3.644830 0.989806 -0.103844
v -3.682370 1.086680 -0.067867
v -3.717960 1.189110 -0.055114
v -3.757240 1.286470 -0.026252
v -3.800480 1.377720 0.016001
v -3.842680 1.469470 0.057707
v -3.876680 1.571210 0.075712
v -3.820450 1.690330 -0.119212
v -3.785160 1.760200 -0.121764
v -2.613860 2.293090 -0.060774
v -2.729220 2.268300 -0.064141
v -2.832770 2.243810 -0.103244
v -2.933800 2.218190 -0.132925
v -3.044890 2.177280 -0.135536
v -3.151450 2.141780 -0.134425
v -3.258160 2.107830 -0.132235
v -3.364230 2.074440 -0.132464
v -3.469340 2.039180 -0.127804
v -3.574250 2.004040 -0.131200
v -3.680040 1.969080 -0.131128
v -3.753040 1.121530 -0.069397
v -3.788150 1.225360 -0.058632
v -3.827810 1.322310 -0.028491
v -3.870740 1.414070 0.014682
v -2.690700 2.338220 -0.053363
v -2.801600 2.305650 -0.066782
v -2.902280 2.280420 -0.106613
v -3.007460 2.247380 -0.137718
v -3.115610 2.210690 -0.134271
v -3.222620 2.177130 -0.133010
v -3.329190 2.144010 -0.129523
v -3.434130 2.109220 -0.128815
v -3.539550 2.074210 -0.127912
v -3.645080 2.038970 -0.133338
v -3.823850 1.156180 -0.067993
v -3.858200 1.261560 -0.061987
v -3.899310 1.356120 -0.027750
v -2.765230 2.377280 -0.068924
v -2.870980 2.346980 -0.070563
v -2.971430 2.314330 -0.118802
v -3.079520 2.278180 -0.136162
v -3.187190 2.245060 -0.134614
v -3.294250 2.213640 -0.132700
v -3.399330 2.179260 -0.125086
v -3.504780 2.144710 -0.124652
v -3.610330 2.109440 -0.129389
v -3.894200 1.192010 -0.066607
v -2.838570 2.414490 -0.080885
v -2.940670 2.392700 -0.053582
v -3.045150 2.346890 -0.138492
v -3.152860 2.310390 -0.137144
v -3.259070 2.281980 -0.133421
v -3.364250 2.250060 -0.125961
v -3.469510 2.215320 -0.120739
v -3.575270 2.180350 -0.125466
v -2.910690 2.448990 -0.090296
v -3.010620 2.408590 -0.096060
v -3.118650 2.374120 -0.129503
v -3.224770 2.347180 -0.135492
v -3.328480 2.319630 -0.120577
v -3.433770 2.286140 -0.117509
v -3.539850 2.251380 -0.122621
v -2.982110 2.479360 -0.076687
v -3.085150 2.435710 -0.091348
v -3.191080 2.407520 -0.120878
v -3.291850 2.387900 -0.118608
v -3.397090 2.356730 -0.113948
v -3.504000 2.322580 -0.118301
v -3.051840 2.510550 -0.085631
v -3.153370 2.470800 -0.086197
v -3.255870 2.448450 -0.125075
v -3.359110 2.426770 -0.112263
v -3.466780 2.393710 -0.112386
v -3.119920 2.544010 -0.095013
v -3.218520 2.506340 -0.081339
v -3.320310 2.493950 -0.115796
v -3.427730 2.464160 -0.109222
v -3.182440 2.573900 -0.063958
v -3.284060 2.545050 -0.066356
v -3.388560 2.532840 -0.107484
v -3.244620 2.595320 -0.019538
vt 0.130876 0.344327
vt 0.131570 0.335039
vt 0.142004 0.336558
vt 0.386789 0.489700
vt 0.140796 0.348128
vt 0.387458 0.500340
vt 0.120565 0.343561
vt 0.121229 0.334024
vt 0.132306 0.325284
vt 0.142528 0.326461
vt 0.387432 0.480613
vt 0.395700 0.489211
vt 0.395752 0.498801
vt 0.141501 0.359706
vt 0.386508 0.510127
vt 0.129785 0.361479
vt 0.130048 0.352593
vt 0.119841 0.352933
vt 0.110275 0.343193
vt 0.110938 0.333423
vt 0.122010 0.324344
vt 0.133154 0.315512
vt 0.143572 0.316661
vt 0.387277 0.471569
vt 0.396073 0.480005
vt 0.404758 0.489493
vt 0.404919 0.498846
vt 0.395530 0.508117
vt 0.142257 0.369629
vt 0.386540 0.518395
vt 0.129737 0.371017
vt 0.119313 0.362363
vt 0.109680 0.352928
vt 0.100104 0.343004
vt 0.100718 0.333078
vt 0.111703 0.323621
vt 0.122892 0.314561
vt 0.134080 0.305579
vt 0.144074 0.306712
vt 0.387867 0.462625
vt 0.396792 0.470921
vt 0.405459 0.480111
vt 0.243393 0.381428
vt 0.413216 0.497764
vt 0.244780 0.371047
vt 0.412759 0.488104
vt 0.405075 0.508017
vt 0.395453 0.516690
vt 0.143449 0.379411
vt 0.386520 0.526328
vt 0.134919 0.380321
vt 0.118515 0.371950
vt 0.109237 0.362709
vt 0.099636 0.352964
vt 0.090102 0.343001
vt 0.090666 0.332930
vt 0.101465 0.323146
vt 0.112700 0.313735
vt 0.123877 0.304611
vt 0.135165 0.295538
vt 0.145610 0.296672
vt 0.387658 0.453131
vt 0.397450 0.461832
vt 0.242761 0.349615
vt 0.406698 0.470883
vt 0.245587 0.360788
vt 0.412888 0.478811
vt 0.241896 0.391387
vt 0.413912 0.507102
vt 0.254232 0.383009
vt 0.255439 0.372575
vt 0.404664 0.516025
vt 0.395574 0.525167
vt 0.143686 0.389266
vt 0.386837 0.534779
vt 0.135644 0.390271
vt 0.127284 0.381110
vt 0.118053 0.381859
vt 0.108811 0.372550
vt 0.099253 0.362964
vt 0.089567 0.353023
vt 0.080172 0.343016
vt 0.080602 0.332831
vt 0.091322 0.322855
vt 0.102361 0.313136
vt 0.113622 0.303729
vt 0.124900 0.294599
vt 0.136284 0.285466
vt 0.146757 0.286529
vt 0.387778 0.443724
vt 0.398021 0.452645
vt 0.242764 0.339502
vt 0.408497 0.462034
vt 0.247955 0.350746
vt 0.413065 0.468918
vt 0.256382 0.362309
vt 0.253499 0.394077
vt 0.242257 0.398852
vt 0.413202 0.513418
vt 0.265198 0.373724
vt 0.264479 0.384144
vt 0.404715 0.524441
vt 0.395827 0.533617
vt 0.144983 0.399285
vt 0.386577 0.542878
vt 0.136147 0.400298
vt 0.127041 0.391131
vt 0.117907 0.391872
vt 0.108512 0.382497
vt 0.098958 0.372950
vt 0.089245 0.363118
vt 0.079718 0.353139
vt 0.070188 0.342946
vt 0.070562 0.332758
vt 0.081257 0.322681
vt 0.092138 0.312728
vt 0.103428 0.303019
vt 0.114862 0.293630
vt 0.126213 0.284571
vt 0.136739 0.277081
vt 0.146875 0.277656
vt 0.390958 0.435772
vt 0.398662 0.443401
vt 0.244883 0.329412
vt 0.408781 0.452219
vt 0.249976 0.340702
vt 0.257887 0.352168
vt 0.266153 0.363477
vt 0.263618 0.394741
vt 0.242698 0.408511
vt 0.412682 0.521584
vt 0.273679 0.384586
vt 0.274809 0.374523
vt 0.405003 0.532904
vt 0.395724 0.541844
vt 0.146062 0.409423
vt 0.386505 0.551180
vt 0.137055 0.410402
vt 0.127290 0.401191
vt 0.118100 0.402029
vt 0.108519 0.392577
vt 0.098920 0.383011
vt 0.089137 0.373272
vt 0.080140 0.363331
vt 0.069954 0.353199
vt 0.060234 0.342795
vt 0.060528 0.332724
vt 0.071162 0.322614
vt 0.081996 0.312417
vt 0.093117 0.302483
vt 0.104611 0.292808
vt 0.116175 0.283561
vt 0.126997 0.275919
vt 0.139347 0.267603
vt 0.149777 0.267853
vt 0.388618 0.425921
vt 0.399594 0.434041
vt 0.245535 0.319232
vt 0.409712 0.443031
vt 0.251673 0.330617
vt 0.259518 0.342030
vt 0.267339 0.353379
vt 0.275689 0.364431
vt 0.273283 0.394876
vt 0.263418 0.405656
vt 0.253341 0.406832
vt 0.242854 0.418525
vt 0.413629 0.530125
vt 0.284287 0.375062
vt 0.283301 0.384930
vt 0.405309 0.541110
vt 0.395958 0.549826
vt 0.137253 0.420493
vt 0.145339 0.419209
vt 0.389409 0.559911
vt 0.127872 0.411319
vt 0.118722 0.412407
vt 0.108836 0.402764
vt 0.099024 0.393160
vt 0.089229 0.383445
vt 0.080160 0.373627
vt 0.070210 0.363420
vt 0.059955 0.352961
vt 0.050273 0.342580
vt 0.050471 0.332630
vt 0.061053 0.322624
vt 0.071770 0.312337
vt 0.082830 0.302057
vt 0.094350 0.292140
vt 0.106027 0.282588
vt 0.117238 0.274425
vt 0.129502 0.266035
vt 0.151002 0.260601
vt 0.389029 0.418978
vt 0.141156 0.258553
vt 0.399517 0.423822
vt 0.247402 0.308921
vt 0.409510 0.433177
vt 0.253403 0.320356
vt 0.261160 0.331963
vt 0.268766 0.343451
vt 0.276873 0.354503
vt 0.285638 0.365360
vt 0.283269 0.394929
vt 0.273171 0.405192
vt 0.253749 0.417202
vt 0.263583 0.416061
vt 0.243603 0.428298
vt 0.413893 0.538193
vt 0.292915 0.385050
vt 0.293705 0.375449
vt 0.405506 0.549101
vt 0.396489 0.557964
vt 0.128774 0.421381
vt 0.148714 0.427802
vt 0.386150 0.565897
vt 0.139362 0.429458
vt 0.119199 0.423045
vt 0.109490 0.413210
vt 0.099404 0.403395
vt 0.089589 0.393698
vt 0.080485 0.383863
vt 0.070298 0.373739
vt 0.060167 0.363263
vt 0.050082 0.352345
vt 0.040240 0.342480
vt 0.040308 0.332625
vt 0.050875 0.322659
vt 0.061639 0.312451
vt 0.072662 0.301744
vt 0.083972 0.291512
vt 0.095645 0.281878
vt 0.106995 0.273165
vt 0.119769 0.264414
vt 0.131356 0.256447
vt 0.142779 0.249416
vt 0.152229 0.253348
vt 0.389441 0.412033
vt 0.248601 0.298513
vt 0.410439 0.423517
vt 0.255151 0.310308
vt 0.262601 0.322069
vt 0.270225 0.333592
vt 0.278308 0.344774
vt 0.286445 0.355582
vt 0.294463 0.365804
vt 0.292023 0.394741
vt 0.283501 0.404901
vt 0.273380 0.415388
vt 0.254415 0.427192
vt 0.264239 0.426169
vt 0.244560 0.438415
vt 0.414386 0.546442
vt 0.405566 0.557372
vt 0.396147 0.565709
vt 0.130084 0.431002
vt 0.150422 0.438027
vt 0.386244 0.573956
vt 0.140834 0.439673
vt 0.120767 0.432124
vt 0.109955 0.424076
vt 0.100161 0.413796
vt 0.090070 0.403991
vt 0.080952 0.394191
vt 0.070453 0.384091
vt 0.060275 0.373713
vt 0.050311 0.362855
vt 0.040078 0.351426
vt 0.030246 0.342702
vt 0.030169 0.332753
vt 0.040658 0.322665
vt 0.051431 0.312698
vt 0.062335 0.302305
vt 0.073702 0.290959
vt 0.085096 0.280998
vt 0.096577 0.272203
vt 0.109451 0.262906
vt 0.121609 0.254378
vt 0.133411 0.246752
vt 0.153607 0.243127
vt 0.390051 0.402418
vt 0.144667 0.239973
vt 0.399923 0.413248
vt 0.250626 0.288054
vt 0.410818 0.413424
vt 0.257158 0.300243
vt 0.264426 0.312065
vt 0.271782 0.323749
vt 0.279755 0.335102
vt 0.287721 0.345894
vt 0.295690 0.356355
vt 0.292216 0.404598
vt 0.283458 0.414825
vt 0.273782 0.425415
vt 0.264757 0.436198
vt 0.255082 0.437153
vt 0.245792 0.448564
vt 0.413799 0.554637
vt 0.405378 0.565412
vt 0.395791 0.573383
vt 0.131319 0.441118
vt 0.152156 0.448168
vt 0.386120 0.581938
vt 0.142416 0.449867
vt 0.121901 0.442289
vt 0.111377 0.433452
vt 0.100774 0.424527
vt 0.090933 0.414324
vt 0.081576 0.404539
vt 0.070658 0.394436
vt 0.060496 0.384206
vt 0.050330 0.373577
vt 0.040387 0.362370
vt 0.030124 0.351567
vt 0.020114 0.343621
vt 0.019901 0.332995
vt 0.030426 0.322673
vt 0.041227 0.312672
vt 0.052187 0.302846
vt 0.063342 0.291864
vt 0.075028 0.279691
vt 0.086199 0.270535
vt 0.098603 0.261646
vt 0.111898 0.252546
vt 0.123990 0.244403
vt 0.135609 0.237114
vt 0.400292 0.402964
vt 0.147433 0.230309
vt 0.156049 0.233600
vt 0.390024 0.392915
vt 0.252030 0.277223
vt 0.411137 0.403326
vt 0.258868 0.290000
vt 0.266358 0.302160
vt 0.273610 0.313970
vt 0.281378 0.325457
vt 0.289299 0.336403
vt 0.297189 0.347006
vt 0.292530 0.414442
vt 0.283649 0.424775
vt 0.274435 0.435361
vt 0.265901 0.446071
vt 0.256342 0.447162
vt 0.247145 0.458700
vt 0.413919 0.562724
vt 0.405465 0.573280
vt 0.395683 0.581067
vt 0.132742 0.451255
vt 0.154506 0.458312
vt 0.385875 0.589627
vt 0.144289 0.460089
vt 0.123167 0.452430
vt 0.112439 0.443377
vt 0.101899 0.434235
vt 0.091768 0.424845
vt 0.082447 0.414796
vt 0.071012 0.404851
vt 0.060661 0.394725
vt 0.050617 0.384148
vt 0.040459 0.373230
vt 0.030465 0.362134
vt 0.020402 0.352529
vt 0.011037 0.343718
vt 0.010878 0.333425
vt 0.020200 0.322700
vt 0.031056 0.312509
vt 0.041959 0.302779
vt 0.052966 0.293449
vt 0.063787 0.287100
vt 0.064890 0.277444
vt 0.075884 0.269364
vt 0.087182 0.260301
vt 0.099507 0.250430
vt 0.114807 0.242174
vt 0.126536 0.234420
vt 0.138239 0.227329
vt 0.400002 0.392770
vt 0.150287 0.220842
vt 0.159440 0.224136
vt 0.390068 0.382994
vt 0.261389 0.279992
vt 0.256787 0.267798
vt 0.410151 0.392824
vt 0.268423 0.292189
vt 0.275653 0.304149
vt 0.283172 0.315841
vt 0.290636 0.326891
vt 0.298729 0.337536
vt 0.293060 0.424150
vt 0.284168 0.434581
vt 0.275380 0.445230
vt 0.266888 0.455852
vt 0.257825 0.457176
vt 0.248773 0.468865
vt 0.414146 0.570691
vt 0.405236 0.580914
vt 0.395549 0.588825
vt 0.134316 0.461472
vt 0.156438 0.468605
vt 0.386143 0.597624
vt 0.146177 0.470387
vt 0.124573 0.462610
vt 0.113554 0.453462
vt 0.102846 0.444268
vt 0.092327 0.434708
vt 0.082904 0.425178
vt 0.071361 0.415345
vt 0.060920 0.405177
vt 0.050965 0.394651
vt 0.040742 0.383830
vt 0.030635 0.373209
vt 0.019856 0.362636
vt 0.011149 0.353990
vt 0.000681 0.344792
vt 0.000000 0.334254
vt 0.010858 0.323002
vt 0.020505 0.312347
vt 0.031716 0.302544
vt 0.042847 0.293117
vt 0.053814 0.284598
vt 0.054808 0.275229
vt 0.065705 0.267551
vt 0.077053 0.259591
vt 0.088031 0.250059
vt 0.105750 0.240129
vt 0.117200 0.231963
vt 0.128955 0.224580
vt 0.140930 0.217703
vt 0.399988 0.382800
vt 0.153408 0.211296
vt 0.162905 0.214756
vt 0.389482 0.373143
vt 0.264274 0.270196
vt 0.271157 0.282498
vt 0.259326 0.257711
vt 0.410262 0.382810
vt 0.277963 0.294488
vt 0.285147 0.306251
vt 0.292370 0.317489
vt 0.300339 0.328281
vt 0.293874 0.433779
vt 0.284961 0.444393
vt 0.276506 0.455127
vt 0.268364 0.466009
vt 0.259361 0.467152
vt 0.251474 0.478693
vt 0.413001 0.577898
vt 0.405026 0.588569
vt 0.395564 0.596228
vt 0.136096 0.471748
vt 0.158371 0.478930
vt 0.386187 0.605661
vt 0.148076 0.480664
vt 0.126072 0.472888
vt 0.114763 0.463678
vt 0.103808 0.454442
vt 0.093115 0.445006
vt 0.082617 0.435377
vt 0.071946 0.425726
vt 0.061301 0.415821
vt 0.050975 0.405163
vt 0.041116 0.394245
vt 0.031020 0.383758
vt 0.020899 0.373467
vt 0.011570 0.364146
vt 0.001160 0.354761
vt 0.000083 0.323385
vt 0.011634 0.312515
vt 0.021424 0.302107
vt 0.032728 0.292578
vt 0.043721 0.283549
vt 0.044772 0.273941
vt 0.055525 0.266060
vt 0.066806 0.258311
vt 0.078007 0.249523
vt 0.088611 0.241461
vt 0.097999 0.238053
vt 0.108289 0.229473
vt 0.119738 0.221801
vt 0.131596 0.214740
vt 0.143932 0.208080
vt 0.400277 0.372929
vt 0.166072 0.205204
vt 0.389967 0.363234
vt 0.156519 0.201735
vt 0.267226 0.260354
vt 0.273957 0.272787
vt 0.280535 0.284880
vt 0.261730 0.247641
vt 0.410972 0.372846
vt 0.287417 0.296721
vt 0.294452 0.308234
vt 0.301998 0.319262
vt 0.294715 0.443444
vt 0.285963 0.454190
vt 0.277738 0.465004
vt 0.260887 0.477074
vt 0.269811 0.475951
vt 0.252652 0.488635
vt 0.413402 0.585889
vt 0.405046 0.596105
vt 0.395641 0.603811
vt 0.137851 0.482044
vt 0.159032 0.489194
vt 0.388994 0.614130
vt 0.149053 0.491066
vt 0.127663 0.483169
vt 0.116101 0.473918
vt 0.104877 0.464611
vt 0.093924 0.455254
vt 0.083256 0.445704
vt 0.072465 0.435863
vt 0.061851 0.426747
vt 0.051421 0.416150
vt 0.041356 0.404747
vt 0.031380 0.394126
vt 0.021197 0.383999
vt 0.012121 0.374328
vt 0.001869 0.364992
vt 0.001585 0.312611
vt 0.012609 0.301908
vt 0.022570 0.291895
vt 0.033737 0.282637
vt 0.034962 0.272791
vt 0.045544 0.264385
vt 0.056956 0.256467
vt 0.068072 0.248151
vt 0.078888 0.240215
vt 0.110472 0.219146
vt 0.099641 0.227026
vt 0.122223 0.211953
vt 0.134416 0.205085
vt 0.146895 0.198519
vt 0.400565 0.363125
vt 0.159725 0.192248
vt 0.169696 0.195839
vt 0.390135 0.353277
vt 0.270480 0.250700
vt 0.276993 0.263177
vt 0.283246 0.275293
vt 0.289848 0.287202
vt 0.266441 0.238352
vt 0.411760 0.362394
vt 0.296712 0.298831
vt 0.303983 0.310249
vt 0.295441 0.453299
vt 0.287247 0.464031
vt 0.279122 0.474913
vt 0.262611 0.487036
vt 0.271507 0.485825
vt 0.254405 0.498566
vt 0.413686 0.593588
vt 0.405155 0.603847
vt 0.396118 0.611719
vt 0.139166 0.492360
vt 0.117640 0.484253
vt 0.128776 0.493399
vt 0.106128 0.474867
vt 0.094953 0.465464
vt 0.084023 0.455980
vt 0.073382 0.446404
vt 0.062383 0.436520
vt 0.052101 0.428041
vt 0.041858 0.415385
vt 0.031802 0.404286
vt 0.021626 0.394246
vt 0.012580 0.384490
vt 0.002254 0.375034
vt 0.002625 0.301366
vt 0.014126 0.291373
vt 0.023855 0.281670
vt 0.035830 0.262919
vt 0.025352 0.271441
vt 0.047184 0.254817
vt 0.058280 0.246586
vt 0.069254 0.238372
vt 0.080153 0.230829
vt 0.089731 0.234274
vt 0.112720 0.209218
vt 0.101171 0.216462
vt 0.091519 0.224169
vt 0.124905 0.202238
vt 0.137274 0.195535
vt 0.149977 0.189017
vt 0.400600 0.352925
vt 0.173391 0.186373
vt 0.390137 0.343206
vt 0.163133 0.182820
vt 0.274454 0.241320
vt 0.280339 0.253771
vt 0.286437 0.265900
vt 0.292500 0.277844
vt 0.299055 0.289612
vt 0.270606 0.228978
vt 0.411626 0.352190
vt 0.306407 0.300992
vt 0.296677 0.463069
vt 0.288502 0.473854
vt 0.280442 0.484826
vt 0.264332 0.496948
vt 0.273252 0.495767
vt 0.256591 0.508616
vt 0.413747 0.601183
vt 0.405276 0.611285
vt 0.398689 0.622182
vt 0.160567 0.499538
vt 0.388264 0.622420
vt 0.151050 0.500290
vt 0.140663 0.501486
vt 0.107566 0.485204
vt 0.118718 0.494781
vt 0.130381 0.502332
vt 0.096146 0.475597
vt 0.085044 0.466215
vt 0.074189 0.456756
vt 0.063457 0.447291
vt 0.052297 0.438028
vt 0.032299 0.414153
vt 0.022133 0.404321
vt 0.012786 0.394546
vt 0.002733 0.385099
vt 0.004067 0.290375
vt 0.015602 0.280974
vt 0.026322 0.261497
vt 0.037401 0.253185
vt 0.015992 0.270689
vt 0.048494 0.244906
vt 0.059575 0.236691
vt 0.070496 0.228719
vt 0.081670 0.221080
vt 0.102875 0.206220
vt 0.115293 0.199372
vt 0.092826 0.213680
vt 0.127575 0.192577
vt 0.140242 0.185967
vt 0.153212 0.179562
vt 0.400462 0.342807
vt 0.166667 0.173414
vt 0.176904 0.176835
vt 0.390503 0.333145
vt 0.279007 0.232194
vt 0.284032 0.244532
vt 0.289663 0.256528
vt 0.295232 0.268376
vt 0.301799 0.280334
vt 0.308774 0.292125
vt 0.275037 0.219965
vt 0.410918 0.342193
vt 0.298010 0.472774
vt 0.289789 0.483728
vt 0.282483 0.494608
vt 0.266280 0.506855
vt 0.275191 0.505625
vt 0.259132 0.518620
vt 0.413163 0.608594
vt 0.404726 0.620051
vt 0.400769 0.628241
vt 0.391480 0.631112
vt 0.151314 0.510595
vt 0.141844 0.511862
vt 0.097430 0.485748
vt 0.108597 0.496233
vt 0.120181 0.503422
vt 0.131580 0.512503
vt 0.086090 0.476273
vt 0.075090 0.467040
vt 0.064248 0.457708
vt 0.053518 0.448498
vt 0.042528 0.430103
vt 0.042543 0.439601
vt 0.042064 0.421245
vt 0.032712 0.423262
vt 0.022770 0.414183
vt 0.013574 0.404428
vt 0.002873 0.395137
vt 0.005401 0.280045
vt 0.016757 0.260372
vt 0.027591 0.251515
vt 0.038824 0.243197
vt 0.006103 0.269739
vt 0.049921 0.234930
vt 0.060977 0.226765
vt 0.072200 0.218816
vt 0.083427 0.211140
vt 0.094476 0.203596
vt 0.105111 0.196224
vt 0.117951 0.189589
vt 0.130488 0.182945
vt 0.143354 0.176435
vt 0.156433 0.170081
vt 0.400920 0.332880
vt 0.170446 0.164126
vt 0.182262 0.168511
vt 0.391565 0.323193
vt 0.283345 0.223227
vt 0.288119 0.235444
vt 0.293666 0.247751
vt 0.298903 0.259491
vt 0.304779 0.271087
vt 0.311408 0.283220
vt 0.278897 0.210835
vt 0.411065 0.332340
vt 0.299480 0.482436
vt 0.291601 0.493428
vt 0.284302 0.504406
vt 0.277030 0.515493
vt 0.268293 0.516870
vt 0.260656 0.529003
vt 0.413670 0.616787
vt 0.401863 0.635014
vt 0.163249 0.520496
vt 0.392432 0.639135
vt 0.160951 0.510337
vt 0.381987 0.631961
vt 0.155809 0.499914
vt 0.385502 0.625240
vt 0.087290 0.486258
vt 0.098616 0.496305
vt 0.109937 0.504443
vt 0.121387 0.513506
vt 0.132669 0.522487
vt 0.143121 0.522841
vt 0.076047 0.477189
vt 0.065096 0.468023
vt 0.054287 0.458892
vt 0.043555 0.449892
vt 0.033386 0.441576
vt 0.033276 0.432429
vt 0.023404 0.423897
vt 0.014003 0.414335
vt 0.003586 0.404976
vt 0.007152 0.259249
vt 0.018302 0.250171
vt 0.029089 0.241379
vt 0.040396 0.233214
vt 0.051499 0.224912
vt 0.062716 0.216768
vt 0.074023 0.208881
vt 0.085448 0.201118
vt 0.097077 0.193682
vt 0.108140 0.186506
vt 0.120816 0.179938
vt 0.133604 0.173389
vt 0.146502 0.166913
vt 0.159739 0.160686
vt 0.401416 0.323012
vt 0.173603 0.154929
vt 0.185410 0.158831
vt 0.392383 0.313164
vt 0.286793 0.214062
vt 0.292343 0.226254
vt 0.297739 0.238698
vt 0.302614 0.250708
vt 0.308108 0.262367
vt 0.314290 0.274396
vt 0.283120 0.201915
vt 0.411379 0.322477
vt 0.301312 0.492122
vt 0.293410 0.503119
vt 0.286025 0.514247
vt 0.278831 0.525439
vt 0.270116 0.526865
vt 0.263027 0.539024
vt 0.412627 0.624321
vt 0.264485 0.549217
vt 0.412749 0.632404
vt 0.258563 0.559994
vt 0.404352 0.645147
vt 0.168423 0.529926
vt 0.390900 0.644873
vt 0.158337 0.519762
vt 0.383994 0.641357
vt 0.150037 0.518206
vt 0.088567 0.496058
vt 0.077195 0.487129
vt 0.098691 0.504848
vt 0.111159 0.514489
vt 0.122522 0.523438
vt 0.146853 0.533181
vt 0.133827 0.532199
vt 0.066069 0.478207
vt 0.055051 0.469162
vt 0.044095 0.460207
vt 0.033075 0.451030
vt 0.024213 0.443021
vt 0.024035 0.433560
vt 0.014462 0.424194
vt 0.003769 0.414696
vt 0.008440 0.248608
vt 0.020097 0.240030
vt 0.031099 0.231378
vt 0.041932 0.223062
vt 0.053229 0.214808
vt 0.064706 0.206749
vt 0.076024 0.198856
vt 0.087864 0.191152
vt 0.099871 0.183784
vt 0.111080 0.176815
vt 0.123996 0.170330
vt 0.136728 0.163802
vt 0.149668 0.157433
vt 0.162944 0.151454
vt 0.402277 0.313307
vt 0.187438 0.149163
vt 0.392969 0.303710
vt 0.176039 0.145408
vt 0.290020 0.204622
vt 0.296397 0.216940
vt 0.301499 0.229294
vt 0.305728 0.241374
vt 0.311613 0.253699
vt 0.317486 0.265594
vt 0.286980 0.193071
vt 0.411672 0.312864
vt 0.303392 0.501728
vt 0.295116 0.513030
vt 0.287747 0.524169
vt 0.272074 0.536984
vt 0.280675 0.535413
vt 0.273824 0.546950
vt 0.266209 0.559145
vt 0.410852 0.640228
vt 0.258662 0.570460
vt 0.404634 0.654142
vt 0.167104 0.539902
vt 0.390797 0.654219
vt 0.156554 0.529277
vt 0.148760 0.525817
vt 0.089445 0.503898
vt 0.078518 0.496763
vt 0.067166 0.488206
vt 0.100315 0.515289
vt 0.112395 0.524524
vt 0.123622 0.533359
vt 0.144947 0.540545
vt 0.134871 0.541950
vt 0.056025 0.479342
vt 0.044862 0.470455
vt 0.033549 0.461651
vt 0.024386 0.452708
vt 0.015305 0.443740
vt 0.015274 0.433674
vt 0.004013 0.424576
vt 0.010132 0.238288
vt 0.022289 0.229908
vt 0.032982 0.221294
vt 0.043472 0.212780
vt 0.055041 0.204576
vt 0.066848 0.196681
vt 0.078380 0.188831
vt 0.090661 0.181197
vt 0.102780 0.173953
vt 0.114063 0.167064
vt 0.127161 0.160714
vt 0.139841 0.154208
vt 0.152747 0.147928
vt 0.166092 0.142246
vt 0.402519 0.303784
vt 0.177660 0.136569
vt 0.187610 0.140779
vt 0.395461 0.296195
vt 0.420451 1.000000
vt 0.293792 0.195412
vt 0.300427 0.207529
vt 0.305555 0.220224
vt 0.310453 0.232657
vt 0.315363 0.245040
vt 0.320834 0.257128
vt 0.291434 0.184834
vt 0.412242 0.303463
vt 0.305274 0.511603
vt 0.297197 0.522891
vt 0.289472 0.534153
vt 0.282337 0.545430
vt 0.275599 0.556859
vt 0.267569 0.568914
vt 0.261922 0.580328
vt 0.403548 0.661098
vt 0.165135 0.549680
vt 0.392686 0.663612
vt 0.156404 0.539559
vt 0.091323 0.515511
vt 0.079152 0.504861
vt 0.068490 0.498032
vt 0.057115 0.489396
vt 0.101821 0.525327
vt 0.113564 0.534549
vt 0.124654 0.543344
vt 0.145488 0.550841
vt 0.135415 0.552205
vt 0.045809 0.480660
vt 0.034536 0.471850
vt 0.024471 0.462762
vt 0.014856 0.453697
vt 0.004071 0.444252
vt 0.003788 0.434308
vt 0.012135 0.227843
vt 0.023835 0.219501
vt 0.034206 0.210900
vt 0.044820 0.202297
vt 0.056975 0.194460
vt 0.068899 0.186571
vt 0.081081 0.178830
vt 0.093375 0.171328
vt 0.105660 0.164122
vt 0.117667 0.157460
vt 0.130219 0.151040
vt 0.143012 0.144602
vt 0.156000 0.138415
vt 0.168850 0.132952
vt 0.403877 0.294000
vt 0.420451 0.987260
vt 0.181781 0.126874
vt 0.191263 0.130732
vt 0.298035 0.188391
vt 0.304979 0.197618
vt 0.309848 0.211010
vt 0.315074 0.224057
vt 0.319517 0.236498
vt 0.324818 0.248944
vt 0.294832 0.176008
vt 0.413390 0.294053
vt 0.307428 0.521617
vt 0.299365 0.532808
vt 0.291155 0.544194
vt 0.284265 0.555427
vt 0.276875 0.566938
vt 0.268110 0.578811
vt 0.411097 0.656280
vt 0.401713 0.666388
vt 0.168363 0.558069
vt 0.393011 0.669307
vt 0.155965 0.549855
vt 0.092533 0.526129
vt 0.081108 0.516237
vt 0.069127 0.506322
vt 0.058412 0.499301
vt 0.046868 0.490788
vt 0.103098 0.535553
vt 0.114747 0.544604
vt 0.125830 0.553395
vt 0.146231 0.561370
vt 0.136541 0.562463
vt 0.035486 0.482049
vt 0.025199 0.472889
vt 0.015519 0.463651
vt 0.004962 0.454305
vt 0.013899 0.217706
vt 0.024949 0.209181
vt 0.035836 0.200595
vt 0.046487 0.191895
vt 0.059071 0.184255
vt 0.071422 0.176451
vt 0.083724 0.168926
vt 0.096237 0.161477
vt 0.108714 0.154384
vt 0.120910 0.147890
vt 0.133302 0.141372
vt 0.146432 0.134950
vt 0.159429 0.129393
vt 0.172726 0.123446
vt 0.184884 0.116856
vt 0.194418 0.120749
vt 0.196567 0.144907
vt 0.396355 0.295320
vt 0.414386 0.991953
vt 0.201496 0.135540
vt 0.394395 0.284828
vt 0.302277 0.181368
vt 0.314584 0.201488
vt 0.319336 0.214928
vt 0.323908 0.227745
vt 0.328821 0.240589
vt 0.403995 0.284286
vt 0.299870 0.167713
vt 0.414059 0.284302
vt 0.308933 0.531831
vt 0.301416 0.542747
vt 0.293088 0.554165
vt 0.285937 0.565513
vt 0.278028 0.577018
vt 0.268781 0.588907
vt 0.412554 0.664606
vt 0.401091 0.673351
vt 0.174532 0.566901
vt 0.389338 0.674144
vt 0.155562 0.560497
vt 0.163568 0.559612
vt 0.093615 0.536489
vt 0.082360 0.526963
vt 0.070964 0.517385
vt 0.059051 0.507734
vt 0.048208 0.500839
vt 0.036456 0.492379
vt 0.104215 0.545838
vt 0.115769 0.554750
vt 0.126744 0.563635
vt 0.147123 0.571692
vt 0.137462 0.572836
vt 0.026421 0.482979
vt 0.015812 0.473874
vt 0.006568 0.464393
vt 0.015471 0.207481
vt 0.026639 0.198796
vt 0.038186 0.190595
vt 0.048902 0.181836
vt 0.061579 0.173999
vt 0.074015 0.166476
vt 0.086661 0.158981
vt 0.099139 0.151665
vt 0.111768 0.144701
vt 0.124250 0.138235
vt 0.137040 0.131651
vt 0.149838 0.125841
vt 0.163240 0.120186
vt 0.176250 0.113616
vt 0.188555 0.107152
vt 0.197614 0.110844
vt 0.205276 0.125784
vt 0.394445 0.274461
vt 0.307517 0.172796
vt 0.310612 0.187288
vt 0.319463 0.192135
vt 0.323901 0.205908
vt 0.328281 0.218722
vt 0.333150 0.231948
vt 0.404575 0.274369
vt 0.304661 0.159089
vt 0.414162 0.274420
vt 0.310241 0.541850
vt 0.302574 0.552758
vt 0.294861 0.564177
vt 0.287392 0.575611
vt 0.279733 0.587049
vt 0.271067 0.598844
vt 0.412398 0.672064
vt 0.176148 0.577531
vt 0.389546 0.682594
vt 0.401113 0.681323
vt 0.165539 0.569174
vt 0.156552 0.570556
vt 0.094702 0.546756
vt 0.083515 0.537387
vt 0.072255 0.527895
vt 0.060737 0.518575
vt 0.048922 0.509227
vt 0.037055 0.503096
vt 0.028451 0.492686
vt 0.105378 0.556084
vt 0.116721 0.564909
vt 0.127672 0.573911
vt 0.138603 0.583078
vt 0.148233 0.581848
vt 0.017384 0.483952
vt 0.007369 0.474551
vt 0.016825 0.196978
vt 0.029070 0.189042
vt 0.039888 0.180193
vt 0.051329 0.171558
vt 0.064038 0.163972
vt 0.076921 0.156502
vt 0.089562 0.149098
vt 0.102217 0.141893
vt 0.115010 0.135057
vt 0.128196 0.128592
vt 0.140735 0.121927
vt 0.153934 0.117023
vt 0.166914 0.110334
vt 0.179919 0.103839
vt 0.201487 0.101334
vt 0.192422 0.097618
vt 0.205481 0.114553
vt 0.313021 0.164489
vt 0.315892 0.178099
vt 0.324517 0.182969
vt 0.328761 0.196852
vt 0.332921 0.210067
vt 0.337605 0.223222
vt 0.404724 0.264508
vt 0.310334 0.150757
vt 0.413504 0.264386
vt 0.311943 0.551504
vt 0.304497 0.562730
vt 0.296498 0.574286
vt 0.288980 0.585701
vt 0.281515 0.597054
vt 0.272508 0.608812
vt 0.412697 0.679952
vt 0.167089 0.579080
vt 0.401607 0.689307
vt 0.177801 0.587707
vt 0.389735 0.690631
vt 0.157795 0.580531
vt 0.095885 0.557085
vt 0.084737 0.547780
vt 0.073507 0.538381
vt 0.062110 0.529085
vt 0.050538 0.519924
vt 0.038434 0.510782
vt 0.029859 0.502640
vt 0.019080 0.493862
vt 0.106483 0.566177
vt 0.117826 0.575239
vt 0.128941 0.584249
vt 0.149461 0.591942
vt 0.139809 0.593247
vt 0.007983 0.485142
vt 0.030722 0.178734
vt 0.041725 0.169594
vt 0.053796 0.161272
vt 0.066932 0.153986
vt 0.079826 0.146562
vt 0.092582 0.139230
vt 0.105339 0.132138
vt 0.118422 0.125357
vt 0.131784 0.118752
vt 0.144646 0.113667
vt 0.157607 0.106990
vt 0.170535 0.100450
vt 0.183490 0.094096
vt 0.209733 0.105431
vt 0.196308 0.088141
vt 0.205628 0.092018
vt 0.211019 0.117708
vt 0.395914 0.264513
vt 0.318161 0.155763
vt 0.321291 0.169433
vt 0.329704 0.174118
vt 0.333557 0.187866
vt 0.337624 0.201022
vt 0.342119 0.214308
vt 0.404549 0.254293
vt 0.315185 0.141818
vt 0.413827 0.254190
vt 0.313600 0.561459
vt 0.305991 0.572919
vt 0.298074 0.584399
vt 0.290595 0.595778
vt 0.283117 0.607179
vt 0.274135 0.618889
vt 0.412886 0.687845
vt 0.168392 0.589209
vt 0.401665 0.697381
vt 0.179421 0.597759
vt 0.389931 0.698577
vt 0.159172 0.590612
vt 0.097101 0.567536
vt 0.085997 0.558197
vt 0.074726 0.548769
vt 0.063412 0.539471
vt 0.051880 0.530410
vt 0.039922 0.521450
vt 0.031225 0.512744
vt 0.020541 0.503818
vt 0.009204 0.495444
vt 0.108443 0.576421
vt 0.119141 0.585637
vt 0.130097 0.594492
vt 0.150783 0.602076
vt 0.141134 0.603424
vt 0.032410 0.167987
vt 0.044476 0.159062
vt 0.056805 0.151140
vt 0.070075 0.143980
vt 0.082880 0.136640
vt 0.095724 0.129368
vt 0.108643 0.122356
vt 0.121930 0.115642
vt 0.135445 0.109994
vt 0.148176 0.103765
vt 0.161165 0.097077
vt 0.174054 0.090726
vt 0.186696 0.084473
vt 0.214225 0.096368
vt 0.217344 0.109916
vt 0.395640 0.254616
vt 0.200428 0.078830
vt 0.210123 0.082855
vt 0.322942 0.146835
vt 0.326453 0.160642
vt 0.338446 0.178916
vt 0.334865 0.165428
vt 0.342200 0.192054
vt 0.346372 0.205333
vt 0.404450 0.244088
vt 0.320385 0.132737
vt 0.413620 0.243723
vt 0.315247 0.571533
vt 0.307637 0.582980
vt 0.299631 0.594461
vt 0.292195 0.605872
vt 0.284740 0.617293
vt 0.275992 0.629000
vt 0.413396 0.695635
vt 0.169872 0.599304
vt 0.401556 0.705164
vt 0.181197 0.607800
vt 0.389739 0.706456
vt 0.160372 0.600699
vt 0.087151 0.568610
vt 0.098505 0.577947
vt 0.075994 0.559165
vt 0.064690 0.549809
vt 0.053241 0.540748
vt 0.041193 0.531973
vt 0.032856 0.522542
vt 0.021833 0.513764
vt 0.010623 0.505487
vt 0.109945 0.586750
vt 0.120345 0.595892
vt 0.131525 0.604746
vt 0.152227 0.612237
vt 0.142582 0.613619
vt 0.035106 0.156740
vt 0.047730 0.148821
vt 0.060148 0.141085
vt 0.073207 0.134006
vt 0.086136 0.126648
vt 0.098992 0.119565
vt 0.112166 0.112791
vt 0.125561 0.106823
vt 0.138749 0.100430
vt 0.151660 0.093796
vt 0.164599 0.087318
vt 0.177578 0.081050
vt 0.190458 0.074963
vt 0.219265 0.087460
vt 0.222359 0.101237
vt 0.396357 0.244543
vt 0.204755 0.069765
vt 0.214552 0.074046
vt 0.328179 0.138168
vt 0.331534 0.151991
vt 0.347218 0.183480
vt 0.343440 0.170237
vt 0.340110 0.156873
vt 0.350934 0.197000
vt 0.403740 0.234322
vt 0.326848 0.124380
vt 0.411854 0.233327
vt 0.316642 0.581674
vt 0.309470 0.593001
vt 0.301128 0.604535
vt 0.293831 0.615956
vt 0.286554 0.627338
vt 0.277833 0.639125
vt 0.413256 0.703480
vt 0.171467 0.609377
vt 0.401242 0.712470
vt 0.183179 0.617958
vt 0.389381 0.714344
vt 0.161832 0.610809
vt 0.088529 0.579307
vt 0.077250 0.569654
vt 0.100036 0.588430
vt 0.065941 0.560165
vt 0.054602 0.550943
vt 0.042501 0.542144
vt 0.033611 0.532397
vt 0.022979 0.523775
vt 0.012296 0.515173
vt 0.111468 0.597092
vt 0.121986 0.606123
vt 0.133028 0.615001
vt 0.153461 0.622410
vt 0.144067 0.623839
vt 0.038615 0.146166
vt 0.051117 0.138717
vt 0.063627 0.131222
vt 0.076567 0.123912
vt 0.089415 0.116747
vt 0.102517 0.109824
vt 0.115670 0.103582
vt 0.129147 0.097216
vt 0.142082 0.090597
vt 0.154973 0.084017
vt 0.167914 0.077673
vt 0.181253 0.071468
vt 0.194498 0.065576
vt 0.224455 0.079254
vt 0.228502 0.092660
vt 0.396151 0.234048
vt 0.209254 0.061226
vt 0.220400 0.066114
vt 0.333669 0.129816
vt 0.336873 0.143507
vt 0.352465 0.175306
vt 0.356218 0.188221
vt 0.348532 0.161612
vt 0.345346 0.148243
vt 0.234235 0.086447
vt 0.399526 0.225631
vt 0.333353 0.116005
vt 0.409716 0.222913
vt 0.318214 0.591789
vt 0.310736 0.603155
vt 0.302722 0.614622
vt 0.295587 0.625978
vt 0.288285 0.637370
vt 0.280755 0.648740
vt 0.411991 0.710396
vt 0.172996 0.619426
vt 0.401749 0.720761
vt 0.181998 0.628144
vt 0.391609 0.723685
vt 0.163207 0.620922
vt 0.089962 0.589871
vt 0.078602 0.580440
vt 0.067424 0.570682
vt 0.101455 0.598879
vt 0.055998 0.561138
vt 0.043828 0.552151
vt 0.035188 0.542495
vt 0.023102 0.533593
vt 0.014144 0.524480
vt 0.113100 0.607417
vt 0.123429 0.616419
vt 0.134173 0.625219
vt 0.154694 0.632601
vt 0.145404 0.634034
vt 0.041784 0.136087
vt 0.054742 0.128772
vt 0.067129 0.121154
vt 0.079989 0.113784
vt 0.092992 0.106946
vt 0.105877 0.100522
vt 0.119535 0.093984
vt 0.132548 0.087422
vt 0.145310 0.080815
vt 0.158215 0.074332
vt 0.171283 0.068117
vt 0.185023 0.061959
vt 0.198818 0.056467
vt 0.231248 0.071832
vt 0.342471 0.135355
vt 0.339875 0.121735
vt 0.357211 0.166499
vt 0.360837 0.179859
vt 0.353790 0.152979
vt 0.350875 0.139855
vt 0.319887 0.601842
vt 0.312186 0.613218
vt 0.304445 0.624650
vt 0.297204 0.636016
vt 0.290255 0.647342
vt 0.282901 0.658507
vt 0.412355 0.717751
vt 0.173721 0.629404
vt 0.184876 0.637763
vt 0.390640 0.730692
vt 0.401507 0.728584
vt 0.164207 0.630831
vt 0.080055 0.591313
vt 0.091326 0.600398
vt 0.068809 0.581314
vt 0.057457 0.571370
vt 0.102942 0.609191
vt 0.045428 0.562144
vt 0.036677 0.552406
vt 0.024844 0.543513
vt 0.014198 0.533843
vt 0.114750 0.617731
vt 0.124847 0.626629
vt 0.135784 0.635451
vt 0.156581 0.642182
vt 0.146856 0.644131
vt 0.045248 0.125332
vt 0.058333 0.118641
vt 0.070681 0.110833
vt 0.083637 0.103807
vt 0.096399 0.097287
vt 0.109877 0.090934
vt 0.122974 0.084246
vt 0.135758 0.077616
vt 0.148509 0.071063
vt 0.161369 0.064735
vt 0.174678 0.058632
vt 0.188434 0.052653
vt 0.241896 0.079551
vt 0.348036 0.127216
vt 0.362538 0.158005
vt 0.366080 0.171311
vt 0.359366 0.144700
vt 0.356345 0.131557
vt 0.321384 0.611836
vt 0.313874 0.623226
vt 0.306128 0.634705
vt 0.299077 0.646057
vt 0.292322 0.657367
vt 0.284196 0.668598
vt 0.412933 0.725804
vt 0.175641 0.639373
vt 0.187141 0.647885
vt 0.389930 0.738427
vt 0.401424 0.736508
vt 0.166146 0.640854
vt 0.070362 0.592580
vt 0.081284 0.601845
vt 0.092754 0.610918
vt 0.058978 0.581988
vt 0.047297 0.572102
vt 0.104235 0.619576
vt 0.037958 0.562335
vt 0.026174 0.553417
vt 0.015176 0.543978
vt 0.116053 0.628059
vt 0.126275 0.636874
vt 0.137200 0.645661
vt 0.158199 0.652665
vt 0.148442 0.654295
vt 0.048886 0.115081
vt 0.062244 0.108652
vt 0.074495 0.100590
vt 0.087146 0.093590
vt 0.100232 0.087952
vt 0.113364 0.081112
vt 0.126182 0.074435
vt 0.138775 0.067856
vt 0.151693 0.061425
vt 0.164659 0.055170
vt 0.178214 0.049256
vt 0.203100 0.047454
vt 0.192003 0.043343
vt 0.367891 0.149556
vt 0.371321 0.162962
vt 0.364987 0.136410
vt 0.323038 0.621822
vt 0.315376 0.633298
vt 0.307944 0.644778
vt 0.301029 0.655926
vt 0.294080 0.667277
vt 0.286301 0.678508
vt 0.412587 0.733340
vt 0.177623 0.649567
vt 0.401283 0.744403
vt 0.189088 0.658026
vt 0.389992 0.746296
vt 0.167889 0.651115
vt 0.060759 0.593904
vt 0.071692 0.603632
vt 0.082833 0.612651
vt 0.094042 0.621408
vt 0.048889 0.581722
vt 0.038466 0.572183
vt 0.105569 0.629852
vt 0.028005 0.563209
vt 0.016460 0.554296
vt 0.116892 0.638384
vt 0.127547 0.647139
vt 0.138719 0.655843
vt 0.159851 0.662825
vt 0.150134 0.664395
vt 0.066088 0.099025
vt 0.078228 0.090484
vt 0.090728 0.084733
vt 0.103685 0.077991
vt 0.116537 0.071308
vt 0.129228 0.064656
vt 0.141904 0.058146
vt 0.154804 0.051858
vt 0.168152 0.045895
vt 0.181698 0.040010
vt 0.373481 0.141370
vt 0.376545 0.154889
vt 0.324548 0.631879
vt 0.317210 0.643366
vt 0.309887 0.654770
vt 0.302676 0.666003
vt 0.295703 0.677175
vt 0.287324 0.688550
vt 0.412586 0.741517
vt 0.179330 0.659671
vt 0.401546 0.752512
vt 0.190639 0.668227
vt 0.390197 0.754404
vt 0.169556 0.661256
vt 0.062324 0.605770
vt 0.050412 0.591668
vt 0.073173 0.614391
vt 0.084212 0.623111
vt 0.095408 0.631675
vt 0.040422 0.581697
vt 0.029338 0.573068
vt 0.106534 0.640196
vt 0.017933 0.564402
vt 0.117800 0.648714
vt 0.128962 0.657363
vt 0.140305 0.665988
vt 0.151734 0.674520
vt 0.161531 0.672928
vt 0.069010 0.088817
vt 0.081392 0.081147
vt 0.094042 0.074683
vt 0.106899 0.068146
vt 0.119635 0.061524
vt 0.132257 0.054908
vt 0.145123 0.048485
vt 0.158297 0.042477
vt 0.171730 0.036605
vt 0.381987 0.146469
vt 0.326419 0.641852
vt 0.319382 0.653234
vt 0.311719 0.664794
vt 0.304313 0.675969
vt 0.297289 0.687056
vt 0.289673 0.698417
vt 0.411875 0.748912
vt 0.181067 0.669779
vt 0.401804 0.760249
vt 0.192457 0.678372
vt 0.390370 0.762334
vt 0.171284 0.671362
vt 0.063402 0.616402
vt 0.052754 0.608423
vt 0.051463 0.598144
vt 0.043224 0.590613
vt 0.074346 0.624981
vt 0.085481 0.633489
vt 0.096522 0.642059
vt 0.030914 0.582751
vt 0.019347 0.574442
vt 0.107828 0.650423
vt 0.119110 0.658967
vt 0.130393 0.667582
vt 0.141885 0.676108
vt 0.153341 0.684628
vt 0.163200 0.683031
vt 0.071716 0.078648
vt 0.084520 0.071594
vt 0.097220 0.064828
vt 0.110127 0.058342
vt 0.122744 0.051749
vt 0.135550 0.045155
vt 0.148583 0.038983
vt 0.161864 0.033237
vt 0.328316 0.651908
vt 0.320884 0.663397
vt 0.313361 0.674845
vt 0.306048 0.685918
vt 0.299124 0.697071
vt 0.290951 0.708366
vt 0.412948 0.756825
vt 0.182813 0.679914
vt 0.402182 0.768138
vt 0.194359 0.688750
vt 0.390434 0.770431
vt 0.172925 0.681432
vt 0.064714 0.626909
vt 0.053796 0.618620
vt 0.046262 0.609080
vt 0.044874 0.600243
vt 0.033148 0.591909
vt 0.075557 0.635376
vt 0.086515 0.643938
vt 0.097730 0.652290
vt 0.021232 0.584034
vt 0.109036 0.660712
vt 0.120490 0.669219
vt 0.131899 0.677745
vt 0.143457 0.686204
vt 0.154944 0.694692
vt 0.164778 0.693109
vt 0.074740 0.068989
vt 0.087522 0.061858
vt 0.100452 0.055076
vt 0.113301 0.048553
vt 0.125959 0.041929
vt 0.139009 0.035497
vt 0.152170 0.029614
vt 0.166062 0.024505
vt 0.175512 0.027628
vt 0.329946 0.662118
vt 0.322770 0.673376
vt 0.314970 0.684761
vt 0.307685 0.695960
vt 0.300539 0.707140
vt 0.291812 0.718441
vt 0.413767 0.765070
vt 0.184446 0.690047
vt 0.402709 0.775976
vt 0.193438 0.698395
vt 0.393322 0.779138
vt 0.174540 0.691508
vt 0.055268 0.628816
vt 0.065778 0.637361
vt 0.047390 0.619539
vt 0.036193 0.611410
vt 0.034759 0.601532
vt 0.023346 0.593392
vt 0.076413 0.645798
vt 0.087592 0.654176
vt 0.098824 0.662604
vt 0.110465 0.670938
vt 0.122069 0.679402
vt 0.133575 0.687836
vt 0.145044 0.696262
vt 0.166173 0.703105
vt 0.156255 0.704584
vt 0.077708 0.059043
vt 0.090642 0.051922
vt 0.103720 0.045354
vt 0.116558 0.038769
vt 0.129505 0.032160
vt 0.142778 0.025929
vt 0.156517 0.021079
vt 0.331620 0.672156
vt 0.323830 0.683511
vt 0.316557 0.694858
vt 0.309264 0.706024
vt 0.301881 0.717175
vt 0.293393 0.728613
vt 0.413686 0.773083
vt 0.185531 0.700068
vt 0.402692 0.783943
vt 0.197872 0.707503
vt 0.390405 0.785033
vt 0.176067 0.701527
vt 0.056365 0.639390
vt 0.047915 0.630045
vt 0.066290 0.647781
vt 0.036675 0.620828
vt 0.024747 0.602466
vt 0.025496 0.611668
vt 0.077117 0.656018
vt 0.088481 0.664482
vt 0.100155 0.672836
vt 0.111945 0.681149
vt 0.123546 0.689541
vt 0.135102 0.697881
vt 0.146341 0.706200
vt 0.168080 0.713126
vt 0.158208 0.714709
vt 0.080815 0.049069
vt 0.094069 0.041752
vt 0.107118 0.035549
vt 0.119980 0.028957
vt 0.133392 0.022456
vt 0.146626 0.016971
vt 0.333307 0.682100
vt 0.325553 0.693420
vt 0.318145 0.705015
vt 0.310805 0.716088
vt 0.303281 0.727319
vt 0.294745 0.738785
vt 0.413897 0.781195
vt 0.187832 0.709882
vt 0.199463 0.717890
vt 0.390620 0.793283
vt 0.402491 0.791492
vt 0.177895 0.711564
vt 0.056536 0.649513
vt 0.046733 0.641735
vt 0.037202 0.631041
vt 0.065694 0.657846
vt 0.026564 0.621702
vt 0.077712 0.666351
vt 0.089674 0.674704
vt 0.101622 0.683000
vt 0.113433 0.691322
vt 0.125086 0.699643
vt 0.136512 0.707873
vt 0.148246 0.716268
vt 0.169856 0.723181
vt 0.159950 0.724784
vt 0.084284 0.038837
vt 0.097900 0.031919
vt 0.110711 0.025758
vt 0.123768 0.019183
vt 0.137549 0.012903
vt 0.151757 0.008949
vt 0.160905 0.012592
vt 0.334973 0.692046
vt 0.327674 0.703346
vt 0.319856 0.714882
vt 0.312204 0.726170
vt 0.304583 0.737480
vt 0.296153 0.749147
vt 0.414386 0.789431
vt 0.189664 0.719740
vt 0.401961 0.799613
vt 0.201050 0.728029
vt 0.390196 0.801353
vt 0.179759 0.721537
vt 0.056862 0.658976
vt 0.046458 0.651131
vt 0.037167 0.641757
vt 0.027110 0.631726
vt 0.065686 0.668380
vt 0.078773 0.676583
vt 0.091089 0.684904
vt 0.103118 0.693173
vt 0.115038 0.701466
vt 0.126446 0.709639
vt 0.137945 0.717881
vt 0.150059 0.726346
vt 0.171554 0.733173
vt 0.161602 0.734808
vt 0.101299 0.022409
vt 0.114207 0.015917
vt 0.127796 0.009495
vt 0.142283 0.004589
vt 0.336585 0.701994
vt 0.329377 0.713270
vt 0.321336 0.724898
vt 0.313602 0.736266
vt 0.306061 0.747616
vt 0.298519 0.759326
vt 0.413442 0.797100
vt 0.191257 0.729743
vt 0.401217 0.807657
vt 0.202734 0.738191
vt 0.390169 0.809374
vt 0.181399 0.731484
vt 0.047555 0.660573
vt 0.056300 0.669091
vt 0.037428 0.651567
vt 0.027244 0.642088
vt 0.066406 0.678639
vt 0.080196 0.686846
vt 0.092661 0.695045
vt 0.104693 0.703275
vt 0.116409 0.711405
vt 0.128109 0.719617
vt 0.139722 0.727973
vt 0.151718 0.736386
vt 0.173254 0.743165
vt 0.163400 0.744812
vt 0.104679 0.012700
vt 0.118005 0.006182
vt 0.132604 0.000000
vt 0.338637 0.711901
vt 0.330905 0.723382
vt 0.322725 0.734993
vt 0.315126 0.746336
vt 0.307687 0.757682
vt 0.299655 0.769410
vt 0.411471 0.805357
vt 0.192911 0.739785
vt 0.401279 0.815874
vt 0.204396 0.748220
vt 0.390151 0.817289
vt 0.183040 0.741481
vt 0.048178 0.670873
vt 0.038163 0.661403
vt 0.058233 0.678861
vt 0.027463 0.652500
vt 0.068288 0.688840
vt 0.081662 0.697171
vt 0.094267 0.705086
vt 0.106073 0.712965
vt 0.118160 0.721274
vt 0.129957 0.729605
vt 0.141724 0.737972
vt 0.153491 0.746387
vt 0.174931 0.753164
vt 0.165188 0.754810
vt 0.340046 0.722033
vt 0.332238 0.733502
vt 0.324238 0.745124
vt 0.316640 0.756383
vt 0.309013 0.767897
vt 0.299053 0.779253
vt 0.412777 0.814113
vt 0.194581 0.749809
vt 0.401095 0.823450
vt 0.205822 0.758271
vt 0.390233 0.825336
vt 0.184725 0.751482
vt 0.050603 0.680872
vt 0.039105 0.671275
vt 0.061069 0.689312
vt 0.070131 0.699221
vt 0.083551 0.707164
vt 0.095479 0.714789
vt 0.107896 0.722937
vt 0.119900 0.731317
vt 0.132012 0.739591
vt 0.143701 0.747939
vt 0.155336 0.756391
vt 0.176602 0.763196
vt 0.166951 0.764827
vt 0.341587 0.732022
vt 0.333858 0.743533
vt 0.325891 0.755186
vt 0.318042 0.766465
vt 0.309791 0.777873
vt 0.300667 0.789386
vt 0.411630 0.822129
vt 0.196140 0.759870
vt 0.207554 0.768244
vt 0.389879 0.833186
vt 0.400835 0.831612
vt 0.186376 0.761521
vt 0.051514 0.690539
vt 0.040617 0.681195
vt 0.062503 0.699725
vt 0.072032 0.710117
vt 0.085161 0.716527
vt 0.097470 0.724726
vt 0.109603 0.733078
vt 0.121751 0.741292
vt 0.133941 0.749557
vt 0.145286 0.757943
vt 0.157156 0.766423
vt 0.178415 0.773241
vt 0.168696 0.774881
vt 0.342968 0.742015
vt 0.336148 0.753259
vt 0.327532 0.765174
vt 0.319401 0.776470
vt 0.310602 0.787792
vt 0.301663 0.799385
vt 0.411859 0.830271
vt 0.197930 0.769933
vt 0.400687 0.839457
vt 0.209384 0.778291
vt 0.389651 0.841046
vt 0.188146 0.771602
vt 0.041596 0.691432
vt 0.052849 0.700686
vt 0.064157 0.709642
vt 0.074349 0.718480
vt 0.086478 0.726635
vt 0.099069 0.734904
vt 0.111475 0.743061
vt 0.123849 0.751187
vt 0.135858 0.759541
vt 0.147326 0.768000
vt 0.158957 0.776464
vt 0.180129 0.783338
vt 0.170422 0.784972
vt 0.351148 0.730458
vt 0.352897 0.740201
vt 0.344872 0.751921
vt 0.337442 0.763524
vt 0.328595 0.775204
vt 0.320643 0.786467
vt 0.311473 0.797855
vt 0.303606 0.809439
vt 0.411579 0.838010
vt 0.199700 0.779993
vt 0.211029 0.788361
vt 0.389549 0.849010
vt 0.400671 0.847445
vt 0.189895 0.781675
vt 0.043039 0.701529
vt 0.054154 0.710878
vt 0.065592 0.719878
vt 0.074478 0.728119
vt 0.088049 0.736795
vt 0.101002 0.744942
vt 0.114518 0.752762
vt 0.125897 0.761235
vt 0.137844 0.769451
vt 0.149330 0.777995
vt 0.160729 0.786556
vt 0.172098 0.795097
vt 0.181859 0.793442
vt 0.355050 0.750066
vt 0.347030 0.762099
vt 0.338597 0.773727
vt 0.329652 0.785281
vt 0.321874 0.796525
vt 0.312673 0.807881
vt 0.304792 0.819350
vt 0.411816 0.845980
vt 0.201425 0.790063
vt 0.400778 0.855190
vt 0.212690 0.798437
vt 0.389579 0.856964
vt 0.191650 0.791765
vt 0.044748 0.711555
vt 0.056434 0.720980
vt 0.066081 0.730232
vt 0.075798 0.738803
vt 0.090012 0.746906
vt 0.103151 0.754925
vt 0.115812 0.762955
vt 0.127941 0.771302
vt 0.139659 0.779313
vt 0.151118 0.788090
vt 0.162453 0.796700
vt 0.173843 0.805220
vt 0.183568 0.803549
vt 0.356896 0.760875
vt 0.348028 0.772645
vt 0.339576 0.783897
vt 0.330932 0.795411
vt 0.322862 0.806676
vt 0.313688 0.818029
vt 0.305853 0.829480
vt 0.412155 0.854197
vt 0.203164 0.800146
vt 0.400855 0.862777
vt 0.214639 0.808493
vt 0.388938 0.864794
vt 0.193335 0.801879
vt 0.045816 0.722380
vt 0.056862 0.731524
vt 0.067706 0.740353
vt 0.078245 0.749030
vt 0.092278 0.756909
vt 0.105378 0.764845
vt 0.117757 0.772977
vt 0.129563 0.781266
vt 0.141779 0.789561
vt 0.152935 0.798193
vt 0.164155 0.806859
vt 0.185286 0.813743
vt 0.175590 0.815372
vt 0.358048 0.771535
vt 0.349102 0.782838
vt 0.340714 0.793982
vt 0.332178 0.805555
vt 0.323697 0.816872
vt 0.314808 0.828241
vt 0.305898 0.839774
vt 0.412481 0.863067
vt 0.204876 0.810340
vt 0.400774 0.871059
vt 0.215604 0.818771
vt 0.389571 0.873238
vt 0.195017 0.812109
vt 0.047008 0.733141
vt 0.058362 0.742246
vt 0.069823 0.750483
vt 0.080796 0.759164
vt 0.094916 0.766850
vt 0.107663 0.774764
vt 0.119671 0.782905
vt 0.131704 0.791266
vt 0.143362 0.799708
vt 0.154658 0.808420
vt 0.165918 0.817101
vt 0.177222 0.825628
vt 0.186843 0.824020
vt 0.350142 0.792753
vt 0.341953 0.804115
vt 0.333128 0.815715
vt 0.324685 0.827072
vt 0.316073 0.838457
vt 0.306660 0.850138
vt 0.412524 0.871653
vt 0.206269 0.820518
vt 0.400986 0.879026
vt 0.217177 0.828501
vt 0.389106 0.880960
vt 0.196517 0.822799
vt 0.049468 0.743909
vt 0.060467 0.752506
vt 0.072159 0.760609
vt 0.084108 0.768969
vt 0.097424 0.776722
vt 0.109803 0.784715
vt 0.121786 0.792975
vt 0.133621 0.801380
vt 0.145335 0.809852
vt 0.156376 0.818671
vt 0.167603 0.827462
vt 0.188639 0.833416
vt 0.178979 0.835285
vt 0.351513 0.802804
vt 0.342872 0.814344
vt 0.334014 0.825893
vt 0.326146 0.837181
vt 0.317668 0.848539
vt 0.309288 0.860194
vt 0.413357 0.878990
vt 0.207972 0.830477
vt 0.400543 0.886949
vt 0.219132 0.838653
vt 0.388550 0.888865
vt 0.198280 0.831975
vt 0.051300 0.754497
vt 0.062953 0.762728
vt 0.074553 0.770669
vt 0.086826 0.779542
vt 0.100032 0.786521
vt 0.112025 0.794721
vt 0.123716 0.803032
vt 0.135518 0.811489
vt 0.147232 0.820003
vt 0.157912 0.829018
vt 0.169329 0.836737
vt 0.190291 0.843602
vt 0.180622 0.845242
vt 0.352834 0.812942
vt 0.343805 0.824629
vt 0.334977 0.836029
vt 0.327443 0.847188
vt 0.319474 0.858449
vt 0.311625 0.870242
vt 0.413294 0.886514
vt 0.209704 0.840401
vt 0.400181 0.894955
vt 0.220794 0.848752
vt 0.388378 0.896850
vt 0.199989 0.842012
vt 0.053846 0.764919
vt 0.065895 0.772704
vt 0.077227 0.780534
vt 0.090334 0.787726
vt 0.102358 0.796513
vt 0.114032 0.804741
vt 0.125649 0.813124
vt 0.137261 0.821639
vt 0.148969 0.830310
vt 0.159592 0.837871
vt 0.171024 0.846745
vt 0.182229 0.855247
vt 0.191905 0.853628
vt 0.354444 0.823069
vt 0.345062 0.834763
vt 0.336353 0.846060
vt 0.329115 0.857157
vt 0.321938 0.868329
vt 0.314656 0.880042
vt 0.413317 0.893470
vt 0.211257 0.850364
vt 0.400241 0.902810
vt 0.222369 0.858845
vt 0.388395 0.904864
vt 0.201633 0.852007
vt 0.056772 0.775227
vt 0.068696 0.782345
vt 0.081176 0.789543
vt 0.092718 0.798182
vt 0.104427 0.806500
vt 0.115956 0.814795
vt 0.127383 0.823232
vt 0.138888 0.831825
vt 0.150822 0.840123
vt 0.161596 0.848314
vt 0.172584 0.856848
vt 0.193510 0.863640
vt 0.183790 0.865251
vt 0.356184 0.833315
vt 0.346222 0.844709
vt 0.337901 0.856008
vt 0.330701 0.867092
vt 0.324029 0.878319
vt 0.316264 0.890055
vt 0.413063 0.901341
vt 0.212849 0.860434
vt 0.400270 0.910819
vt 0.223965 0.868995
vt 0.388306 0.912921
vt 0.203234 0.862030
vt 0.059356 0.784743
vt 0.071736 0.792078
vt 0.083292 0.799926
vt 0.094970 0.808255
vt 0.106384 0.816514
vt 0.117748 0.824834
vt 0.128977 0.833302
vt 0.140517 0.841634
vt 0.152212 0.850048
vt 0.163111 0.858467
vt 0.174122 0.866882
vt 0.195089 0.873642
vt 0.185321 0.875260
vt 0.357049 0.843430
vt 0.347493 0.854782
vt 0.339527 0.865963
vt 0.332644 0.877096
vt 0.325861 0.888362
vt 0.317673 0.900023
vt 0.411789 0.909325
vt 0.214510 0.870516
vt 0.400743 0.918669
vt 0.225704 0.879227
vt 0.388512 0.920964
vt 0.204863 0.872052
vt 0.061824 0.794725
vt 0.075532 0.801637
vt 0.085491 0.810014
vt 0.096992 0.818262
vt 0.108150 0.826541
vt 0.119318 0.834934
vt 0.130519 0.843357
vt 0.142065 0.851750
vt 0.153741 0.860038
vt 0.164529 0.868515
vt 0.175574 0.876917
vt 0.186881 0.885259
vt 0.196655 0.883655
vt 0.358073 0.853315
vt 0.348903 0.864779
vt 0.341308 0.875971
vt 0.334468 0.887140
vt 0.327305 0.898466
vt 0.319363 0.910003
vt 0.411978 0.917103
vt 0.216248 0.880557
vt 0.401482 0.926625
vt 0.226046 0.889424
vt 0.391632 0.929516
vt 0.206410 0.882062
vt 0.064610 0.804521
vt 0.078392 0.811184
vt 0.087586 0.820021
vt 0.098758 0.828258
vt 0.109764 0.836594
vt 0.120814 0.845028
vt 0.131978 0.853443
vt 0.143476 0.861798
vt 0.154799 0.870137
vt 0.165892 0.878558
vt 0.177144 0.886949
vt 0.198008 0.893713
vt 0.188179 0.895206
vt 0.359417 0.863254
vt 0.350489 0.874755
vt 0.343163 0.886000
vt 0.336404 0.897190
vt 0.328994 0.908508
vt 0.320829 0.919957
vt 0.413099 0.924923
vt 0.217496 0.890800
vt 0.401372 0.934364
vt 0.228873 0.898699
vt 0.389465 0.936311
vt 0.207956 0.892128
vt 0.067896 0.813996
vt 0.080699 0.820940
vt 0.089372 0.829967
vt 0.100289 0.838270
vt 0.111288 0.846679
vt 0.122249 0.855126
vt 0.133495 0.863538
vt 0.144901 0.871839
vt 0.156182 0.880210
vt 0.167374 0.888606
vt 0.178661 0.896955
vt 0.190065 0.905229
vt 0.199786 0.903599
vt 0.368422 0.862269
vt 0.366207 0.851502
vt 0.360453 0.873352
vt 0.352390 0.884761
vt 0.344937 0.896059
vt 0.338090 0.907292
vt 0.330661 0.918570
vt 0.322783 0.930119
vt 0.414188 0.932679
vt 0.219527 0.900371
vt 0.401108 0.942346
vt 0.230013 0.908873
vt 0.389384 0.944614
vt 0.209606 0.902083
vt 0.071722 0.823073
vt 0.082904 0.830702
vt 0.090897 0.839958
vt 0.101898 0.848278
vt 0.112653 0.856796
vt 0.123703 0.865205
vt 0.134913 0.873586
vt 0.146348 0.881871
vt 0.157696 0.890251
vt 0.168985 0.898638
vt 0.180379 0.906980
vt 0.191642 0.915405
vt 0.201340 0.913777
vt 0.369620 0.872198
vt 0.362248 0.883264
vt 0.354264 0.894734
vt 0.346584 0.906171
vt 0.339631 0.917375
vt 0.332428 0.928602
vt 0.324721 0.940208
vt 0.413595 0.940467
vt 0.220855 0.910477
vt 0.400799 0.950358
vt 0.231704 0.918854
vt 0.389406 0.952472
vt 0.211050 0.912138
vt 0.072749 0.832404
vt 0.084021 0.840732
vt 0.092764 0.849841
vt 0.103137 0.858362
vt 0.113928 0.866865
vt 0.125009 0.875368
vt 0.136440 0.883586
vt 0.147895 0.891926
vt 0.159118 0.900316
vt 0.170600 0.908696
vt 0.181953 0.917111
vt 0.202881 0.923908
vt 0.193206 0.925490
vt 0.371316 0.881747
vt 0.363887 0.893214
vt 0.355880 0.904764
vt 0.348280 0.916171
vt 0.341130 0.927393
vt 0.334213 0.938610
vt 0.326183 0.950411
vt 0.413051 0.948590
vt 0.222436 0.920539
vt 0.400460 0.958229
vt 0.233627 0.928876
vt 0.388567 0.960295
vt 0.212601 0.922180
vt 0.073943 0.841839
vt 0.085045 0.850843
vt 0.093615 0.859857
vt 0.104240 0.868414
vt 0.115349 0.876972
vt 0.126399 0.885542
vt 0.137968 0.893638
vt 0.149288 0.901990
vt 0.160787 0.910377
vt 0.172181 0.918801
vt 0.183474 0.927186
vt 0.204503 0.933928
vt 0.194755 0.935542
vt 0.373114 0.891565
vt 0.365242 0.903199
vt 0.357539 0.914783
vt 0.349893 0.926172
vt 0.342805 0.937373
vt 0.336101 0.948747
vt 0.328045 0.960393
vt 0.412352 0.956329
vt 0.224045 0.930619
vt 0.235009 0.938948
vt 0.388544 0.968386
vt 0.400083 0.966084
vt 0.214299 0.932265
vt 0.074691 0.851869
vt 0.085755 0.860970
vt 0.095234 0.869828
vt 0.105581 0.878487
vt 0.116777 0.887128
vt 0.127975 0.895356
vt 0.139526 0.903705
vt 0.150971 0.912072
vt 0.162382 0.920486
vt 0.173726 0.928880
vt 0.185009 0.937269
vt 0.206155 0.943977
vt 0.196437 0.945612
vt 0.374603 0.901520
vt 0.367514 0.912992
vt 0.359306 0.924745
vt 0.351834 0.936065
vt 0.344444 0.947331
vt 0.337566 0.958665
vt 0.329512 0.970289
vt 0.411605 0.964194
vt 0.225679 0.940685
vt 0.399878 0.973778
vt 0.237042 0.948941
vt 0.388556 0.976086
vt 0.215910 0.942330
vt 0.075606 0.861803
vt 0.086499 0.870909
vt 0.095666 0.879928
vt 0.106807 0.888588
vt 0.117463 0.897044
vt 0.129457 0.905354
vt 0.141085 0.913792
vt 0.152513 0.922172
vt 0.163912 0.930564
vt 0.175255 0.938949
vt 0.186709 0.947257
vt 0.207923 0.954034
vt 0.198134 0.955688
vt 0.376308 0.911530
vt 0.369356 0.922997
vt 0.361080 0.934683
vt 0.353155 0.946075
vt 0.346155 0.957293
vt 0.339129 0.968646
vt 0.331218 0.980098
vt 0.411643 0.971824
vt 0.227418 0.950714
vt 0.400003 0.981502
vt 0.239179 0.958933
vt 0.389142 0.983704
vt 0.217602 0.952370
vt 0.076477 0.871726
vt 0.087314 0.880868
vt 0.097013 0.890026
vt 0.107718 0.898741
vt 0.119281 0.906994
vt 0.131027 0.915491
vt 0.142594 0.923855
vt 0.154090 0.932242
vt 0.165475 0.940623
vt 0.176855 0.949012
vt 0.188294 0.957330
vt 0.199847 0.965687
vt 0.209659 0.964090
vt 0.378513 0.921560
vt 0.371131 0.933056
vt 0.362778 0.944689
vt 0.355040 0.956004
vt 0.347687 0.967361
vt 0.340776 0.978650
vt 0.333103 0.989939
vt 0.412048 0.979373
vt 0.229356 0.960708
vt 0.240619 0.969043
vt 0.388793 0.991817
vt 0.400151 0.989649
vt 0.219334 0.962402
vt 0.077229 0.881293
vt 0.087646 0.890870
vt 0.097575 0.900167
vt 0.108927 0.908850
vt 0.120746 0.917084
vt 0.132626 0.925523
vt 0.144206 0.933901
vt 0.155682 0.942306
vt 0.167086 0.950679
vt 0.178473 0.959024
vt 0.189957 0.967390
vt 0.211357 0.974091
vt 0.201533 0.975719
vt 0.380246 0.931874
vt 0.372842 0.943187
vt 0.364245 0.954672
vt 0.356586 0.966075
vt 0.349430 0.977435
vt 0.342352 0.988722
vt 0.334149 1.000000
vt 0.412366 0.987538
vt 0.230957 0.970742
vt 0.399931 0.997561
vt 0.241896 0.979161
vt 0.388784 1.000000
vt 0.221135 0.972393
vt 0.078425 0.890467
vt 0.087956 0.900949
vt 0.099143 0.910064
vt 0.109690 0.918786
vt 0.122415 0.927144
vt 0.134266 0.935534
vt 0.145816 0.943952
vt 0.157240 0.952384
vt 0.168676 0.960731
vt 0.180078 0.969018
vt 0.191743 0.977365
vt 0.213023 0.984105
vt 0.203237 0.985751
vt 0.381987 0.942159
vt 0.374027 0.953349
vt 0.365786 0.964767
vt 0.358039 0.976180
vt 0.350968 0.987542
vt 0.343777 0.998833
vt 0.411998 0.995613
vt 0.232542 0.980772
vt 0.222731 0.982424
vt 0.078420 0.901029
vt 0.089729 0.911155
vt 0.100794 0.920089
vt 0.111608 0.928671
vt 0.124242 0.937124
vt 0.135907 0.945515
vt 0.147404 0.954040
vt 0.158840 0.962541
vt 0.170304 0.970798
vt 0.181893 0.979047
vt 0.193464 0.987400
vt 0.375679 0.963384
vt 0.367294 0.974858
vt 0.359594 0.986280
vt 0.352429 0.997647
vt 0.079417 0.912467
vt 0.091383 0.921540
vt 0.102322 0.930120
vt 0.114240 0.938569
vt 0.126103 0.947034
vt 0.137599 0.955620
vt 0.148975 0.964193
vt 0.160452 0.972470
vt 0.171985 0.980780
vt 0.183670 0.989086
vt 0.377306 0.973417
vt 0.368794 0.984930
vt 0.361372 0.996322
vt 0.081302 0.923213
vt 0.092422 0.931917
vt 0.104268 0.939911
vt 0.116465 0.948420
vt 0.127960 0.957108
vt 0.139227 0.965862
vt 0.150542 0.974182
vt 0.162039 0.982530
vt 0.173715 0.990837
vt 0.378777 0.983490
vt 0.083219 0.933692
vt 0.092639 0.942652
vt 0.106839 0.950078
vt 0.118690 0.958513
vt 0.129548 0.967407
vt 0.140620 0.975925
vt 0.152031 0.984237
vt 0.163692 0.992588
vt 0.085275 0.943836
vt 0.097076 0.951166
vt 0.109400 0.959804
vt 0.120284 0.968805
vt 0.130654 0.977499
vt 0.141979 0.985911
vt 0.153650 0.994311
vt 0.087268 0.953582
vt 0.099807 0.960993
vt 0.111251 0.969889
vt 0.120822 0.978887
vt 0.131874 0.987469
vt 0.143530 0.996002
vt 0.089476 0.963225
vt 0.101232 0.970769
vt 0.111994 0.979758
vt 0.121763 0.988851
vt 0.133284 0.997544
vt 0.091335 0.972869
vt 0.102386 0.980261
vt 0.111984 0.989932
vt 0.123022 0.998846
vt 0.092376 0.981645
vt 0.103051 0.990030
vt 0.112960 1.000000
vt 0.094012 0.989733
vn -0.081651 -0.029902 -0.996212
vn -0.030022 -0.055211 -0.998023
vn -0.364087 -0.442468 -0.819551
vn -0.364087 -0.442468 -0.819551
vn -0.347946 -0.442923 -0.826289
vn -0.347946 -0.442923 -0.826289
vn -0.037479 -0.021551 -0.999065
vn -0.005493 -0.035422 -0.999357
vn -0.028066 -0.046224 -0.998537
vn -0.373570 -0.460074 -0.805467
vn -0.373570 -0.460074 -0.805467
vn -0.610428 -0.740662 -0.280708
vn -0.600133 -0.751353 -0.274427
vn -0.291787 -0.491423 -0.820587
vn -0.291787 -0.491423 -0.820587
vn 0.007092 -0.074622 -0.997187
vn -0.033766 -0.047186 -0.998315
vn -0.023110 -0.051944 -0.998383
vn -0.013974 -0.033244 -0.999350
vn -0.002916 -0.029644 -0.999556
vn -0.013150 -0.030374 -0.999452
vn -0.026373 -0.047248 -0.998535
vn -0.381829 -0.471203 -0.795094
vn -0.381829 -0.471203 -0.795094
vn -0.611858 -0.745409 -0.264567
vn -0.601814 -0.727664 -0.329127
vn -0.628451 -0.719975 -0.294425
vn -0.557276 -0.795333 -0.238516
vn -0.330429 -0.523613 -0.785268
vn -0.330429 -0.523613 -0.785268
vn -0.023898 -0.056634 -0.998109
vn 0.001523 -0.071599 -0.997432
vn -0.009166 -0.052055 -0.998602
vn -0.011689 -0.037280 -0.999236
vn -0.009606 -0.042598 -0.999046
vn -0.011271 -0.025541 -0.999610
vn -0.010724 -0.030854 -0.999466
vn -0.019437 -0.048453 -0.998636
vn -0.397967 -0.472808 -0.786178
vn -0.397967 -0.472808 -0.786178
vn -0.610516 -0.753788 -0.243050
vn -0.593407 -0.711885 -0.375617
vn -0.272169 -0.254099 -0.928094
vn -0.272169 -0.254099 -0.928094
vn -0.232313 -0.266020 -0.935555
vn -0.232313 -0.266020 -0.935555
vn -0.583000 -0.771517 -0.254700
vn -0.545625 -0.814037 -0.199090
vn -0.372490 -0.557307 -0.742065
vn -0.372490 -0.557307 -0.742065
vn -0.036868 -0.063134 -0.997324
vn -0.020709 -0.045906 -0.998731
vn -0.000496 -0.055882 -0.998437
vn 0.002170 -0.045365 -0.998968
vn -0.022243 -0.011683 -0.999684
vn -0.004735 -0.043924 -0.999024
vn -0.014027 -0.031859 -0.999394
vn -0.008635 -0.028102 -0.999568
vn -0.008357 -0.036307 -0.999306
vn -0.022583 -0.031002 -0.999264
vn -0.429452 -0.457832 -0.778435
vn -0.429452 -0.457832 -0.778435
vn -0.636432 -0.737066 -0.227351
vn -0.560365 -0.689578 -0.458773
vn -0.560365 -0.689578 -0.458773
vn -0.211486 -0.276921 -0.937331
vn -0.211486 -0.276921 -0.937331
vn -0.233891 -0.327650 -0.915391
vn -0.233891 -0.327650 -0.915391
vn 0.260259 0.311688 -0.913847
vn 0.250832 0.296835 -0.921397
vn -0.539338 -0.804567 -0.248569
vn -0.561227 -0.811445 -0.163038
vn -0.370443 -0.573337 -0.730792
vn -0.370443 -0.573337 -0.730792
vn -0.048231 -0.070267 -0.996362
vn -0.021606 -0.041063 -0.998923
vn -0.021431 -0.040719 -0.998941
vn -0.017285 -0.044280 -0.998870
vn -0.000144 -0.053727 -0.998556
vn 0.022215 0.017054 -0.999608
vn -0.048133 -0.006135 -0.998822
vn -0.000622 -0.041158 -0.999153
vn -0.010752 -0.041330 -0.999088
vn -0.010133 -0.028656 -0.999538
vn -0.010848 -0.031238 -0.999453
vn -0.019559 -0.034971 -0.999197
vn 0.111089 -0.145382 -0.983119
vn -0.296670 -0.528214 -0.795599
vn -0.296670 -0.528214 -0.795599
vn -0.664060 -0.713691 -0.222866
vn -0.540844 -0.649259 -0.534743
vn -0.540844 -0.649259 -0.534743
vn -0.131683 -0.195650 -0.971793
vn -0.131683 -0.195650 -0.971793
vn 0.274377 0.272659 -0.922157
vn 0.273562 0.329098 -0.903802
vn -0.181958 -0.361145 -0.914585
vn -0.181958 -0.361145 -0.914585
vn 0.334556 0.368324 -0.867415
vn 0.357661 0.379010 -0.853481
vn -0.561765 -0.783577 -0.265380
vn -0.539355 -0.831139 -0.135296
vn -0.342525 -0.602432 -0.720939
vn -0.342525 -0.602432 -0.720939
vn -0.038888 -0.076246 -0.996330
vn -0.027584 -0.043636 -0.998667
vn -0.020102 -0.037052 -0.999111
vn -0.021203 -0.036417 -0.999112
vn -0.018414 -0.051203 -0.998519
vn 0.064650 0.026842 -0.997547
vn -0.030197 -0.019283 -0.999358
vn -0.033560 -0.011537 -0.999370
vn 0.003129 -0.029965 -0.999546
vn -0.000130 -0.042204 -0.999109
vn -0.002023 -0.028477 -0.999592
vn -0.009360 -0.027014 -0.999591
vn -0.022521 -0.030906 -0.999269
vn 0.091532 -0.146075 -0.985030
vn 0.010670 -0.064121 -0.997885
vn -0.435975 -0.477031 -0.763130
vn -0.435975 -0.477031 -0.763130
vn -0.642191 -0.730957 -0.230852
vn -0.553231 -0.615541 -0.561289
vn -0.553231 -0.615541 -0.561289
vn -0.067233 -0.147744 -0.986738
vn 0.285607 0.266235 -0.920624
vn 0.337914 0.354524 -0.871853
vn 0.339992 0.404876 -0.848812
vn -0.245367 -0.310019 -0.918522
vn -0.245367 -0.310019 -0.918522
vn 0.362755 0.365681 -0.857139
vn 0.363114 0.337203 -0.868587
vn -0.535771 -0.799478 -0.271634
vn -0.499196 -0.857522 -0.124337
vn -0.425279 -0.534002 -0.730739
vn -0.425279 -0.534002 -0.730739
vn -0.132429 -0.052918 -0.989779
vn -0.021660 -0.045956 -0.998709
vn -0.016209 -0.039017 -0.999107
vn -0.019909 -0.034190 -0.999217
vn -0.030888 -0.047473 -0.998395
vn 0.050824 0.043451 -0.997762
vn 0.015463 -0.037558 -0.999175
vn -0.028640 -0.067543 -0.997305
vn -0.016718 -0.001112 -0.999860
vn 0.004277 -0.025651 -0.999662
vn 0.005470 -0.038023 -0.999262
vn 0.008409 -0.034631 -0.999365
vn -0.004013 -0.021183 -0.999768
vn -0.014729 -0.021867 -0.999652
vn 0.088255 -0.132874 -0.987196
vn -0.003151 -0.065164 -0.997870
vn -0.128256 0.055703 -0.990176
vn -0.514769 -0.366734 -0.774932
vn -0.514769 -0.366734 -0.774932
vn -0.681120 -0.693991 -0.233348
vn -0.558560 -0.572355 -0.600350
vn -0.558560 -0.572355 -0.600350
vn -0.034003 -0.081687 -0.996078
vn 0.300966 0.282588 -0.910804
vn 0.356905 0.348081 -0.866867
vn 0.321279 0.338784 -0.884310
vn 0.301491 0.389237 -0.870401
vn 0.303008 0.429231 -0.850851
vn 0.241933 0.362196 -0.900157
vn -0.239612 -0.281963 -0.929023
vn -0.239612 -0.281963 -0.929023
vn 0.365033 0.310333 -0.877750
vn 0.333394 0.328646 -0.883652
vn -0.493351 -0.825455 -0.274280
vn -0.518092 -0.843185 -0.143600
vn -0.045320 -0.124002 -0.991246
vn -0.322028 -0.633472 -0.703570
vn -0.322028 -0.633472 -0.703570
vn -0.075488 -0.010899 -0.997087
vn -0.072830 -0.006515 -0.997323
vn -0.014304 -0.047005 -0.998792
vn -0.030517 -0.054777 -0.998032
vn 0.037331 0.041907 -0.998424
vn 0.002849 -0.019847 -0.999799
vn -0.027907 -0.129574 -0.991177
vn 0.033714 -0.048667 -0.998246
vn -0.022095 0.024837 -0.999447
vn 0.013002 -0.018007 -0.999753
vn 0.005041 -0.029475 -0.999553
vn 0.007423 -0.044071 -0.999001
vn -0.007243 -0.018540 -0.999802
vn -0.003661 -0.019743 -0.999798
vn 0.093402 -0.115432 -0.988914
vn -0.001246 -0.045614 -0.998958
vn -0.103306 0.044285 -0.993663
vn -0.456832 -0.472915 -0.753429
vn -0.456832 -0.472915 -0.753429
vn -0.017635 -0.047012 -0.998739
vn -0.712087 -0.671604 -0.204648
vn -0.541487 -0.551250 -0.634756
vn -0.541487 -0.551250 -0.634756
vn -0.073925 -0.011919 -0.997193
vn 0.317771 0.317129 -0.893561
vn 0.349586 0.357432 -0.866044
vn 0.329395 0.337665 -0.881749
vn 0.335421 0.342755 -0.877503
vn 0.279523 0.382258 -0.880764
vn 0.267987 0.387584 -0.882021
vn 0.212692 0.399189 -0.891858
vn 0.272777 0.455020 -0.847673
vn -0.196277 -0.289242 -0.936918
vn -0.196277 -0.289242 -0.936918
vn 0.339841 0.332796 -0.879634
vn 0.370415 0.330402 -0.868117
vn -0.479722 -0.831509 -0.280106
vn -0.473717 -0.864911 -0.165893
vn -0.013246 -0.040457 -0.999094
vn -0.194900 -0.645849 -0.738169
vn -0.194900 -0.645849 -0.738169
vn 0.038545 -0.127536 -0.991085
vn -0.004183 -0.045684 -0.998947
vn -0.078586 -0.035130 -0.996288
vn -0.015812 -0.075167 -0.997046
vn 0.032361 0.033161 -0.998926
vn 0.005293 -0.012712 -0.999905
vn -0.074593 -0.122033 -0.989719
vn 0.040000 -0.091541 -0.994998
vn 0.059631 -0.045787 -0.997170
vn -0.047115 0.044485 -0.997898
vn 0.011194 -0.021726 -0.999701
vn 0.006169 -0.016142 -0.999851
vn 0.003420 -0.038765 -0.999242
vn -0.016066 -0.021310 -0.999644
vn -0.011482 -0.025831 -0.999600
vn 0.098857 -0.099819 -0.990083
vn 0.003618 -0.038610 -0.999248
vn -0.085671 0.030605 -0.995853
vn 0.002974 -0.026791 -0.999637
vn -0.032662 -0.054636 -0.997972
vn -0.464065 -0.476887 -0.746474
vn -0.464065 -0.476887 -0.746474
vn -0.520843 -0.549802 -0.653024
vn -0.520843 -0.549802 -0.653024
vn -0.044684 -0.014504 -0.998896
vn 0.291299 0.331801 -0.897248
vn 0.340765 0.361241 -0.867977
vn 0.337103 0.341185 -0.877471
vn 0.325463 0.335835 -0.883906
vn 0.364671 0.369817 -0.854547
vn 0.243570 0.323797 -0.914237
vn 0.273603 0.401863 -0.873869
vn 0.256382 0.398998 -0.880380
vn 0.228957 0.408348 -0.883646
vn 0.274572 0.463341 -0.842571
vn -0.169490 -0.277984 -0.945515
vn -0.169490 -0.277984 -0.945515
vn -0.459183 -0.840642 -0.287181
vn -0.411755 -0.901176 -0.135425
vn 0.028817 -0.069242 -0.997184
vn -0.301904 -0.610539 -0.732186
vn -0.301904 -0.610539 -0.732186
vn -0.038260 -0.044126 -0.998293
vn 0.040054 -0.086061 -0.995484
vn -0.025304 -0.083117 -0.996219
vn -0.067390 -0.064948 -0.995611
vn 0.051197 0.039148 -0.997921
vn 0.006762 -0.005111 -0.999964
vn -0.077596 -0.110937 -0.990794
vn -0.025026 -0.059346 -0.997924
vn 0.074875 -0.106473 -0.991492
vn 0.065532 -0.039190 -0.997081
vn -0.086970 0.056580 -0.994603
vn 0.020471 -0.023715 -0.999509
vn -0.008026 -0.014592 -0.999861
vn -0.006674 -0.024088 -0.999688
vn -0.023930 -0.029829 -0.999269
vn -0.032419 -0.025450 -0.999150
vn 0.069368 -0.119345 -0.990427
vn 0.036861 -0.022613 -0.999065
vn -0.088172 0.033943 -0.995527
vn -0.006015 -0.042484 -0.999079
vn -0.019028 -0.012716 -0.999738
vn -0.484605 -0.420385 -0.767095
vn -0.484605 -0.420385 -0.767095
vn -0.048494 -0.054186 -0.997353
vn -0.701520 -0.688333 -0.184571
vn -0.535410 -0.519500 -0.665925
vn -0.535410 -0.519500 -0.665925
vn 0.029704 0.003223 -0.999554
vn 0.271609 0.309721 -0.911209
vn 0.346711 0.351334 -0.869687
vn 0.329751 0.352175 -0.875921
vn 0.324165 0.324687 -0.888536
vn 0.336749 0.337009 -0.879219
vn 0.199599 0.294602 -0.934543
vn 0.270431 0.401586 -0.874983
vn 0.259075 0.417028 -0.871188
vn 0.265869 0.475543 -0.838554
vn 0.225191 0.416436 -0.880835
vn -0.171829 -0.301896 -0.937728
vn -0.171829 -0.301896 -0.937728
vn -0.430054 -0.857918 -0.281124
vn -0.424085 -0.898707 -0.111703
vn -0.038064 -0.043529 -0.998327
vn -0.268890 -0.602560 -0.751412
vn -0.268890 -0.602560 -0.751412
vn -0.018151 -0.047186 -0.998721
vn -0.040586 -0.056225 -0.997593
vn 0.027575 -0.098885 -0.994717
vn -0.047037 -0.075170 -0.996061
vn 0.031146 0.039755 -0.998724
vn 0.012811 0.005075 -0.999905
vn -0.066090 -0.098020 -0.992988
vn -0.043250 -0.060539 -0.997228
vn -0.019145 -0.052019 -0.998463
vn 0.114100 -0.122895 -0.985839
vn 0.076396 -0.018489 -0.996906
vn 0.094327 0.310307 -0.945945
vn 0.247521 0.259481 -0.933490
vn -0.001925 0.004537 -0.999988
vn -0.017690 -0.018822 -0.999666
vn -0.027563 -0.026414 -0.999271
vn -0.040432 -0.018282 -0.999015
vn 0.034836 -0.123404 -0.991745
vn 0.008545 -0.059902 -0.998168
vn -0.075974 0.072040 -0.994504
vn -0.014295 -0.046841 -0.998800
vn -0.024940 -0.011729 -0.999620
vn -0.027317 -0.025044 -0.999313
vn -0.760207 -0.614025 -0.212269
vn -0.055998 -0.046791 -0.997334
vn -0.497718 -0.362710 -0.787857
vn -0.497718 -0.362710 -0.787857
vn -0.609761 -0.465989 -0.641128
vn -0.609761 -0.465989 -0.641128
vn 0.031488 0.019495 -0.999314
vn 0.289003 0.295079 -0.910717
vn 0.337599 0.344788 -0.875870
vn 0.341401 0.344529 -0.874497
vn 0.308495 0.333906 -0.890695
vn 0.305096 0.303438 -0.902686
vn 0.184108 0.288001 -0.939766
vn 0.244460 0.402187 -0.882318
vn 0.259657 0.435177 -0.862090
vn 0.254903 0.496058 -0.830031
vn 0.208358 0.420037 -0.883264
vn -0.168583 -0.309913 -0.935699
vn -0.168583 -0.309913 -0.935699
vn -0.393441 -0.873611 -0.286370
vn -0.407370 -0.905155 -0.121422
vn -0.025582 -0.053656 -0.998232
vn -0.264692 -0.599398 -0.755420
vn -0.264692 -0.599398 -0.755420
vn -0.019930 -0.047364 -0.998679
vn -0.032232 -0.056717 -0.997870
vn -0.034980 -0.047696 -0.998249
vn 0.007033 -0.068761 -0.997608
vn 0.004844 -0.003838 -0.999981
vn 0.029749 -0.001282 -0.999557
vn -0.051637 -0.102444 -0.993398
vn -0.055445 -0.045630 -0.997419
vn -0.017437 -0.053686 -0.998406
vn -0.021800 -0.043781 -0.998803
vn 0.184153 -0.101982 -0.977593
vn 0.257316 0.235799 -0.937116
vn 0.203740 0.338329 -0.918707
vn 0.278318 0.310996 -0.908747
vn 0.234317 0.286116 -0.929103
vn 0.006134 0.004192 -0.999972
vn -0.016967 -0.010389 -0.999802
vn -0.022240 -0.024131 -0.999461
vn -0.031129 -0.017104 -0.999369
vn 0.072765 -0.098334 -0.992490
vn -0.011536 -0.099404 -0.994980
vn -0.095760 0.053562 -0.993962
vn -0.017879 -0.016096 -0.999711
vn -0.017997 -0.030290 -0.999379
vn -0.010086 -0.013988 -0.999851
vn -0.017119 -0.029964 -0.999404
vn -0.785993 -0.562695 -0.256105
vn -0.062136 -0.013861 -0.997972
vn -0.527659 -0.353636 -0.772346
vn -0.527659 -0.353636 -0.772346
vn 0.015483 0.008745 -0.999842
vn -0.634397 -0.443855 -0.632876
vn -0.634397 -0.443855 -0.632876
vn 0.313474 0.251344 -0.915730
vn 0.330288 0.311006 -0.891171
vn 0.348744 0.321143 -0.880480
vn 0.320193 0.312585 -0.894297
vn 0.277922 0.301164 -0.912173
vn 0.153884 0.291227 -0.944196
vn 0.221254 0.384177 -0.896356
vn 0.257648 0.456521 -0.851590
vn 0.275473 0.499610 -0.821282
vn 0.215807 0.424468 -0.879349
vn -0.112697 -0.327343 -0.938161
vn -0.112697 -0.327343 -0.938161
vn -0.385340 -0.874155 -0.295579
vn -0.396052 -0.909469 -0.126530
vn -0.020956 -0.052694 -0.998391
vn -0.268976 -0.589461 -0.761701
vn -0.268976 -0.589461 -0.761701
vn -0.027838 -0.060623 -0.997773
vn -0.028550 -0.044064 -0.998621
vn -0.035052 -0.040073 -0.998582
vn -0.022352 -0.027605 -0.999369
vn 0.006430 -0.032274 -0.999458
vn 0.017526 -0.025211 -0.999529
vn -0.037263 -0.111532 -0.993062
vn -0.017504 -0.044500 -0.998856
vn -0.059474 -0.031387 -0.997736
vn -0.009956 -0.045329 -0.998923
vn 0.001094 -0.008161 -0.999966
vn 0.384725 0.203525 -0.900313
vn 0.257750 0.326080 -0.909526
vn 0.105401 0.146066 -0.983644
vn 0.117381 0.101557 -0.987881
vn 0.299451 0.300320 -0.905614
vn 0.252678 0.290713 -0.922843
vn 0.018897 0.008199 -0.999788
vn 0.003662 -0.016238 -0.999861
vn 0.009140 -0.017305 -0.999808
vn 0.107830 -0.093616 -0.989752
vn 0.028709 -0.044053 -0.998617
vn -0.101744 0.011345 -0.994746
vn -0.032499 0.002012 -0.999470
vn -0.022316 -0.046343 -0.998676
vn 0.001340 -0.019856 -0.999802
vn 0.004808 -0.019332 -0.999802
vn -0.021273 -0.003175 -0.999769
vn -0.770825 -0.591356 -0.236911
vn -0.048319 -0.013121 -0.998746
vn -0.527828 -0.369613 -0.764712
vn -0.527828 -0.369613 -0.764712
vn -0.006421 -0.004385 -0.999970
vn 0.318853 0.234542 -0.918326
vn -0.612585 -0.506978 -0.606394
vn -0.612585 -0.506978 -0.606394
vn 0.350303 0.269688 -0.896971
vn 0.350672 0.287120 -0.891398
vn 0.335241 0.270855 -0.902358
vn 0.274763 0.256221 -0.926745
vn 0.130679 0.289336 -0.948266
vn 0.228875 0.369373 -0.900655
vn 0.262261 0.463981 -0.846133
vn 0.272938 0.503165 -0.819957
vn 0.238462 0.426556 -0.872460
vn -0.102747 -0.296760 -0.949409
vn -0.102747 -0.296760 -0.949409
vn -0.399014 -0.874920 -0.274415
vn -0.397433 -0.907851 -0.133618
vn -0.016084 -0.047339 -0.998749
vn -0.346676 -0.502523 -0.792014
vn -0.346676 -0.502523 -0.792014
vn -0.147094 -0.013796 -0.989026
vn -0.019743 -0.033050 -0.999259
vn -0.031959 -0.029314 -0.999059
vn -0.033918 -0.014771 -0.999316
vn -0.015183 -0.015316 -0.999767
vn -0.000266 -0.029479 -0.999565
vn -0.049261 -0.067544 -0.996499
vn 0.003224 -0.063205 -0.997995
vn -0.034887 -0.047735 -0.998251
vn -0.041507 -0.030841 -0.998662
vn 0.004848 -0.016320 -0.999855
vn 0.225539 0.306654 -0.924714
vn 0.386091 0.359341 -0.849593
vn 0.127172 0.238849 -0.962693
vn 0.154301 0.086750 -0.984208
vn 0.342852 0.349062 -0.872129
vn 0.273820 0.282013 -0.919506
vn 0.014527 0.002807 -0.999891
vn 0.027856 -0.026799 -0.999253
vn 0.087339 -0.096522 -0.991491
vn 0.024728 -0.028428 -0.999290
vn -0.070758 0.040455 -0.996673
vn -0.033579 -0.006303 -0.999416
vn -0.000471 -0.032848 -0.999460
vn -0.001467 -0.028664 -0.999588
vn -0.024496 -0.046551 -0.998616
vn -0.003666 -0.016597 -0.999856
vn -0.011256 -0.001111 -0.999936
vn -0.016421 0.004172 -0.999856
vn -0.790298 -0.576772 -0.206793
vn -0.537815 -0.379176 -0.752981
vn -0.537815 -0.379176 -0.752981
vn -0.021712 -0.045123 -0.998746
vn -0.000099 -0.020763 -0.999784
vn 0.329220 0.259009 -0.908036
vn 0.354263 0.288487 -0.889535
vn -0.631658 -0.467182 -0.618667
vn -0.631658 -0.467182 -0.618667
vn 0.347336 0.276095 -0.896175
vn 0.333657 0.251974 -0.908395
vn 0.285440 0.204361 -0.936355
vn 0.135501 0.248164 -0.959194
vn 0.235428 0.386731 -0.891635
vn 0.249962 0.468787 -0.847206
vn 0.223425 0.429537 -0.874974
vn 0.256535 0.510269 -0.820863
vn -0.162517 -0.310230 -0.936667
vn -0.162517 -0.310230 -0.936667
vn -0.391884 -0.886479 -0.246134
vn -0.418158 -0.891151 -0.176049
vn -0.120256 0.018846 -0.992564
vn -0.354447 -0.581659 -0.732148
vn -0.354447 -0.581659 -0.732148
vn -0.014780 -0.139828 -0.990066
vn -0.118582 0.035142 -0.992322
vn -0.022428 -0.033409 -0.999190
vn -0.029457 -0.017713 -0.999409
vn -0.030099 -0.006089 -0.999528
vn -0.017486 -0.025434 -0.999524
vn -0.022625 -0.038927 -0.998986
vn -0.074964 -0.010356 -0.997132
vn 0.009203 -0.077299 -0.996966
vn -0.040427 -0.052738 -0.997790
vn -0.011625 -0.003805 -0.999925
vn 0.221161 0.292565 -0.930319
vn 0.337206 0.431200 -0.836874
vn 0.265992 0.179444 -0.947126
vn 0.239515 0.161433 -0.957378
vn 0.345956 0.374090 -0.860449
vn 0.280343 0.287221 -0.915921
vn 0.014185 -0.029120 -0.999475
vn 0.067987 -0.096047 -0.993052
vn -0.020641 -0.027503 -0.999409
vn -0.095477 0.050154 -0.994167
vn -0.030327 -0.020038 -0.999339
vn -0.009140 -0.024218 -0.999665
vn -0.020774 -0.033744 -0.999215
vn -0.009328 -0.024199 -0.999664
vn -0.024855 -0.006811 -0.999668
vn -0.011881 0.001529 -0.999928
vn 0.003655 -0.024939 -0.999682
vn -0.822096 -0.523148 -0.224666
vn -0.025286 -0.031393 -0.999187
vn -0.548872 -0.331762 -0.767251
vn -0.548872 -0.331762 -0.767251
vn 0.014833 -0.006385 -0.999870
vn 0.350302 0.261340 -0.899439
vn 0.357392 0.315769 -0.878955
vn 0.337196 0.289703 -0.895752
vn -0.624397 -0.362165 -0.692074
vn -0.624397 -0.362165 -0.692074
vn 0.325648 0.253562 -0.910857
vn 0.292973 0.211904 -0.932343
vn 0.152362 0.211272 -0.965479
vn 0.220562 0.411502 -0.884318
vn 0.250057 0.475547 -0.843402
vn 0.193842 0.439015 -0.877320
vn 0.233878 0.521858 -0.820345
vn -0.150416 -0.318545 -0.935897
vn -0.150416 -0.318545 -0.935897
vn -0.375025 -0.894022 -0.245113
vn -0.495528 -0.832606 -0.247427
vn 0.051764 -0.054736 -0.997158
vn -0.125778 0.018991 -0.991877
vn 0.022985 -0.029142 -0.999311
vn -0.014403 -0.027713 -0.999512
vn -0.023401 -0.023098 -0.999459
vn -0.033629 -0.028608 -0.999025
vn -0.010697 -0.049806 -0.998702
vn -0.027763 -0.012774 -0.999533
vn -0.107727 -0.000792 -0.994180
vn -0.001089 -0.073311 -0.997309
vn -0.008045 0.005334 -0.999953
vn 0.189819 0.311164 -0.931206
vn 0.321657 0.429271 -0.843957
vn 0.199043 0.203938 -0.958536
vn 0.217874 0.248262 -0.943874
vn 0.331219 0.357879 -0.873050
vn 0.256289 0.283910 -0.923965
vn -0.001519 -0.003766 -0.999992
vn 0.249951 0.173499 -0.952587
vn -0.111802 0.046504 -0.992642
vn -0.036005 -0.026661 -0.998996
vn -0.013335 -0.028783 -0.999497
vn -0.019905 -0.036783 -0.999125
vn 0.002564 -0.029472 -0.999562
vn 0.000776 -0.009573 -0.999954
vn -0.016335 -0.036877 -0.999186
vn -0.018467 -0.015800 -0.999705
vn -0.016391 -0.012871 -0.999783
vn 0.009382 -0.019306 -0.999770
vn -0.007786 -0.020311 -0.999763
vn -0.839891 -0.477976 -0.257140
vn -0.521435 -0.331539 -0.786249
vn -0.521435 -0.331539 -0.786249
vn -0.027347 -0.020889 -0.999408
vn 0.013058 0.030720 -0.999443
vn 0.365240 0.226361 -0.902973
vn 0.388176 0.295763 -0.872836
vn 0.324696 0.312976 -0.892535
vn 0.308910 0.242736 -0.919595
vn -0.639376 -0.310996 -0.703193
vn -0.639376 -0.310996 -0.703193
vn 0.300064 0.226529 -0.926632
vn 0.122798 0.222883 -0.967080
vn 0.224943 0.411016 -0.883440
vn 0.228376 0.500415 -0.835122
vn 0.199669 0.441718 -0.874653
vn 0.228607 0.514571 -0.826411
vn -0.113350 -0.316168 -0.941907
vn -0.113350 -0.316168 -0.941907
vn -0.420157 -0.852758 -0.310278
vn -0.445501 -0.835681 -0.321195
vn -0.260808 -0.789609 -0.555425
vn -0.260808 -0.789609 -0.555425
vn 0.191764 -0.238205 -0.952095
vn 0.255076 -0.095719 -0.962172
vn -0.108958 0.006536 -0.994025
vn 0.004813 -0.052344 -0.998618
vn 0.182655 -0.059435 -0.981379
vn -0.014282 -0.032417 -0.999372
vn -0.030011 -0.032499 -0.999021
vn -0.041290 -0.037723 -0.998435
vn 0.020228 -0.065035 -0.997678
vn -0.036597 -0.021157 -0.999106
vn 0.020563 0.018272 -0.999622
vn 0.183776 0.340789 -0.922003
vn 0.279832 0.460017 -0.842661
vn 0.175913 0.257086 -0.950243
vn 0.143718 0.186402 -0.971905
vn 0.290729 0.359462 -0.886715
vn 0.207571 0.189899 -0.959611
vn -0.056268 0.082118 -0.995033
vn 0.312659 0.328522 -0.891245
vn -0.021639 -0.027631 -0.999384
vn -0.018530 -0.043636 -0.998876
vn -0.014964 -0.020945 -0.999669
vn -0.028463 -0.027063 -0.999228
vn -0.008172 -0.053965 -0.998509
vn 0.027714 0.003722 -0.999609
vn -0.021428 -0.031559 -0.999272
vn 0.010408 -0.028457 -0.999541
vn 0.003881 -0.008115 -0.999960
vn -0.015587 -0.014206 -0.999778
vn -0.818178 -0.499343 -0.285029
vn -0.025165 -0.037145 -0.998993
vn -0.513647 -0.316119 -0.797644
vn -0.513647 -0.316119 -0.797644
vn -0.003548 0.053921 -0.998539
vn 0.344678 0.181456 -0.921016
vn 0.421904 0.206568 -0.882795
vn 0.357006 0.266724 -0.895213
vn 0.259324 0.240831 -0.935282
vn 0.283074 0.196123 -0.938832
vn -0.619250 -0.358502 -0.698574
vn -0.619250 -0.358502 -0.698574
vn 0.102440 0.215083 -0.971208
vn 0.207282 0.427528 -0.879917
vn 0.208607 0.509885 -0.834566
vn 0.213817 0.443358 -0.870469
vn 0.247482 0.500264 -0.829752
vn -0.117464 -0.289970 -0.949800
vn -0.117464 -0.289970 -0.949800
vn -0.388303 -0.832532 -0.395109
vn -0.351158 -0.844632 -0.404085
vn -0.388685 -0.811848 -0.435691
vn 0.026795 -0.113753 -0.993148
vn 0.117170 0.055701 -0.991549
vn -0.069358 -0.029052 -0.997169
vn -0.021954 -0.030165 -0.999304
vn 0.107737 -0.098915 -0.989247
vn 0.078722 0.091167 -0.992719
vn -0.024192 -0.024145 -0.999416
vn -0.034887 -0.027248 -0.999020
vn -0.057062 -0.042152 -0.997481
vn 0.053536 -0.076805 -0.995608
vn -0.128506 0.012150 -0.991634
vn -0.045096 -0.028109 -0.998587
vn 0.003745 -0.055656 -0.998443
vn 0.043892 0.053821 -0.997585
vn 0.204140 0.348161 -0.914938
vn 0.257947 0.469971 -0.844151
vn 0.159574 0.312642 -0.936371
vn 0.086235 0.145723 -0.985560
vn 0.295301 0.305236 -0.905333
vn 0.198016 0.263518 -0.944112
vn 0.048751 0.010346 -0.998757
vn 0.210333 0.217250 -0.953185
vn -0.022315 -0.029890 -0.999304
vn -0.037846 -0.033237 -0.998731
vn -0.035801 -0.019096 -0.999177
vn -0.016295 -0.027331 -0.999494
vn -0.034417 -0.057607 -0.997746
vn -0.028815 -0.041622 -0.998718
vn 0.042148 -0.006906 -0.999088
vn 0.003971 -0.009267 -0.999949
vn -0.001223 -0.003240 -0.999994
vn -0.009675 -0.018614 -0.999780
vn -0.827141 -0.482575 -0.288026
vn -0.017750 -0.081751 -0.996495
vn -0.580303 -0.376422 -0.722188
vn -0.580303 -0.376422 -0.722188
vn 0.009028 0.005912 -0.999942
vn 0.292181 0.192658 -0.936757
vn 0.410947 0.186643 -0.892349
vn 0.419167 0.169532 -0.891941
vn 0.268401 0.200073 -0.942301
vn 0.224254 0.182766 -0.957239
vn -0.614663 -0.404996 -0.676881
vn -0.614663 -0.404996 -0.676881
vn 0.094155 0.192997 -0.976671
vn 0.163993 0.449084 -0.878311
vn 0.248337 0.486103 -0.837874
vn 0.259668 0.503262 -0.824197
vn 0.222493 0.449860 -0.864941
vn -0.111639 -0.309536 -0.944312
vn -0.111639 -0.309536 -0.944312
vn -0.471590 -0.777647 -0.415773
vn -0.452960 -0.734974 -0.504619
vn -0.452960 -0.734974 -0.504619
vn -0.254358 -0.565052 -0.784868
vn -0.254358 -0.565052 -0.784868
vn -0.020113 -0.538322 -0.842499
vn -0.020113 -0.538322 -0.842499
vn -0.023082 -0.040179 -0.998926
vn -0.110437 -0.012994 -0.993798
vn 0.094854 -0.018134 -0.995326
vn -0.028283 -0.005432 -0.999585
vn 0.002216 0.146221 -0.989250
vn -0.021260 0.174756 -0.984382
vn -0.029422 -0.023538 -0.999290
vn -0.050879 -0.036404 -0.998041
vn -0.053280 -0.033263 -0.998025
vn 0.070477 -0.083805 -0.993987
vn 0.040870 0.110702 -0.993013
vn -0.073349 0.135497 -0.988059
vn 0.195766 0.396532 -0.896905
vn 0.276772 0.433654 -0.857520
vn 0.166346 0.327757 -0.930002
vn 0.234909 0.280430 -0.930686
vn 0.294937 0.280922 -0.913288
vn 0.324152 0.226139 -0.918579
vn 0.081807 0.044356 -0.995661
vn -0.049107 -0.027384 -0.998418
vn -0.061749 -0.022728 -0.997833
vn -0.050561 -0.047156 -0.997607
vn -0.008508 -0.017745 -0.999806
vn -0.081184 -0.055528 -0.995151
vn -0.037387 -0.052151 -0.997939
vn 0.045223 0.004140 -0.998968
vn -0.001989 -0.001209 -0.999997
vn 0.001613 -0.011367 -0.999934
vn -0.001571 -0.042696 -0.999087
vn -0.831467 -0.483302 -0.274010
vn -0.032152 -0.098100 -0.994657
vn -0.513592 -0.382475 -0.768073
vn -0.513592 -0.382475 -0.768073
vn 0.020259 -0.047039 -0.998688
vn 0.310153 0.211664 -0.926824
vn 0.381969 0.248248 -0.890209
vn 0.412428 0.219222 -0.884220
vn 0.339836 0.154251 -0.927749
vn 0.221811 0.176407 -0.959000
vn -0.637556 -0.403018 -0.656581
vn -0.637556 -0.403018 -0.656581
vn 0.062911 0.214651 -0.974663
vn 0.189060 0.408817 -0.892818
vn 0.259731 0.484368 -0.835420
vn 0.252613 0.514117 -0.819677
vn 0.225147 0.451963 -0.863156
vn -0.098562 -0.339899 -0.935283
vn -0.098562 -0.339899 -0.935283
vn -0.195647 -0.289292 -0.937034
vn -0.195647 -0.289292 -0.937034
vn -0.538569 -0.726697 -0.426446
vn -0.538569 -0.726697 -0.426446
vn -0.482649 -0.703069 -0.522249
vn -0.482649 -0.703069 -0.522249
vn -0.411871 -0.359094 -0.837504
vn -0.411871 -0.359094 -0.837504
vn -0.172005 -0.069375 -0.982650
vn -0.133122 0.004387 -0.991090
vn -0.000991 -0.043404 -0.999057
vn -0.013316 -0.037984 -0.999190
vn 0.010023 0.059479 -0.998179
vn -0.038639 0.006987 -0.999229
vn -0.230985 0.037165 -0.972247
vn -0.055676 0.096194 -0.993804
vn -0.038366 -0.041093 -0.998419
vn -0.052213 -0.033912 -0.998060
vn -0.052226 -0.018568 -0.998463
vn 0.187647 0.124924 -0.974260
vn 0.240752 0.394394 -0.886844
vn 0.143129 0.445106 -0.883965
vn 0.197851 0.458968 -0.866143
vn 0.217282 0.286262 -0.933189
vn 0.202432 0.168542 -0.964684
vn 0.365081 0.227859 -0.902660
vn 0.361581 0.246534 -0.899155
vn 0.099573 0.105423 -0.989430
vn -0.048387 -0.022292 -0.998580
vn -0.061274 -0.029592 -0.997682
vn -0.046805 -0.065976 -0.996723
vn -0.021834 0.007768 -0.999731
vn -0.086126 -0.076612 -0.993334
vn -0.028681 -0.070116 -0.997127
vn 0.061467 0.026462 -0.997758
vn -0.001634 -0.008244 -0.999965
vn 0.008572 -0.022865 -0.999702
vn -0.020631 -0.056033 -0.998216
vn -0.820573 -0.477049 -0.314776
vn -0.339349 -0.387374 -0.857195
vn -0.339349 -0.387374 -0.857195
vn -0.010935 -0.211579 -0.977300
vn -0.018971 -0.052060 -0.998464
vn 0.373200 0.204106 -0.905021
vn 0.359724 0.243719 -0.900666
vn 0.399867 0.244888 -0.883253
vn 0.335271 0.167100 -0.927185
vn 0.284080 0.151968 -0.946681
vn -0.681364 -0.365995 -0.633869
vn -0.681364 -0.365995 -0.633869
vn 0.081488 0.221518 -0.971746
vn 0.201954 0.369882 -0.906864
vn 0.233696 0.490934 -0.839268
vn 0.215213 0.444765 -0.869407
vn 0.246546 0.523507 -0.815571
vn 0.181626 0.418042 -0.890086
vn -0.184590 -0.245080 -0.951768
vn -0.184590 -0.245080 -0.951768
vn -0.476588 -0.742156 -0.471241
vn -0.476588 -0.742156 -0.471241
vn -0.496715 -0.623432 -0.603826
vn -0.496715 -0.623432 -0.603826
vn -0.291632 -0.252367 -0.922638
vn -0.239953 -0.000090 -0.970785
vn -0.090108 -0.050092 -0.994672
vn -0.117966 0.024563 -0.992714
vn -0.009351 -0.053227 -0.998539
vn -0.002525 -0.035221 -0.999376
vn -0.009630 0.064855 -0.997848
vn -0.040338 -0.006436 -0.999165
vn -0.160088 -0.018768 -0.986924
vn -0.077598 -0.003816 -0.996978
vn -0.037974 -0.043492 -0.998332
vn -0.042490 -0.022473 -0.998844
vn 0.097084 0.210769 -0.972703
vn 0.291886 0.367739 -0.882933
vn 0.247173 0.323763 -0.913282
vn 0.182771 0.420374 -0.888752
vn 0.113690 0.295156 -0.948661
vn 0.199542 0.064740 -0.977748
vn 0.326593 0.233251 -0.915932
vn 0.314952 0.317846 -0.894304
vn 0.125511 0.124153 -0.984293
vn -0.023310 -0.009706 -0.999681
vn -0.035095 -0.064620 -0.997293
vn -0.035560 -0.033942 -0.998791
vn 0.002649 -0.012954 -0.999913
vn -0.068158 -0.102182 -0.992428
vn -0.026435 -0.059885 -0.997855
vn 0.067319 0.044189 -0.996753
vn 0.003538 -0.024027 -0.999705
vn 0.008521 -0.018423 -0.999794
vn -0.020515 -0.130885 -0.991185
vn -0.775934 -0.476015 -0.413929
vn -0.120363 -0.115540 -0.985983
vn -0.208198 -0.047351 -0.976940
vn -0.208198 -0.047351 -0.976940
vn -0.208198 -0.047351 -0.976940
vn -0.052210 -0.037490 -0.997932
vn 0.394509 0.204043 -0.895952
vn 0.345750 0.203594 -0.915973
vn 0.380174 0.186737 -0.905868
vn 0.302322 0.139407 -0.942957
vn 0.303404 0.115088 -0.945886
vn -0.683795 -0.354641 -0.637694
vn -0.683795 -0.354641 -0.637694
vn 0.096044 0.198596 -0.975364
vn 0.182223 0.378777 -0.907371
vn 0.219739 0.480032 -0.849284
vn 0.212203 0.545771 -0.810620
vn 0.137551 0.340319 -0.930195
vn -0.172009 -0.267422 -0.948103
vn -0.319719 -0.807721 -0.495345
vn -0.319719 -0.807721 -0.495345
vn -0.311839 -0.657512 -0.685882
vn -0.311839 -0.657512 -0.685882
vn -0.235109 -0.161579 -0.958445
vn -0.017828 -0.138004 -0.990271
vn -0.056926 -0.004082 -0.998370
vn -0.127525 0.019832 -0.991637
vn -0.018622 -0.050199 -0.998566
vn -0.060385 -0.013106 -0.998089
vn 0.006098 0.068511 -0.997632
vn -0.035348 -0.042009 -0.998492
vn -0.072393 -0.069204 -0.994972
vn -0.064277 -0.064450 -0.995849
vn -0.028647 -0.033264 -0.999036
vn 0.087492 0.211654 -0.973421
vn 0.242207 0.396262 -0.885614
vn 0.219730 0.335266 -0.916141
vn 0.131354 0.122123 -0.983785
vn 0.053346 0.179221 -0.982361
vn 0.116449 0.076431 -0.990252
vn 0.261394 0.273101 -0.925791
vn 0.300362 0.302441 -0.904606
vn 0.194791 0.131794 -0.971950
vn 0.013956 -0.025464 -0.999578
vn -0.023345 -0.062545 -0.997769
vn 0.003286 -0.030055 -0.999543
vn 0.023953 -0.032438 -0.999187
vn -0.067829 -0.095547 -0.993111
vn -0.014463 -0.026178 -0.999553
vn 0.076647 0.032583 -0.996526
vn 0.005589 -0.026408 -0.999636
vn 0.064155 -0.059779 -0.996148
vn -0.096155 -0.076635 -0.992412
vn -0.922092 -0.325953 -0.208569
vn -0.922092 -0.325953 -0.208569
vn -0.179990 -0.004862 -0.983656
vn -0.087143 0.077217 -0.993199
vn 0.005491 -0.014174 -0.999885
vn 0.391052 0.203796 -0.897522
vn 0.351661 0.174129 -0.919790
vn 0.342348 0.181469 -0.921882
vn 0.301664 0.117194 -0.946184
vn 0.260079 0.089087 -0.961469
vn -0.692773 -0.338583 -0.636732
vn -0.692773 -0.338583 -0.636732
vn 0.112540 0.229566 -0.966765
vn 0.195927 0.401373 -0.894714
vn 0.191401 0.488737 -0.851177
vn 0.186277 0.560820 -0.806711
vn 0.074659 0.276923 -0.957987
vn -0.194437 -0.355611 -0.914185
vn -0.194437 -0.355611 -0.914185
vn -0.208474 -0.897828 -0.387872
vn -0.041530 -0.745815 -0.664857
vn -0.041530 -0.745815 -0.664857
vn -0.148629 -0.186810 -0.971088
vn -0.106711 -0.099142 -0.989335
vn 0.044023 -0.066378 -0.996823
vn -0.059527 -0.011859 -0.998156
vn -0.132443 0.022210 -0.990942
vn -0.017964 -0.032726 -0.999303
vn -0.047971 -0.007261 -0.998822
vn 0.043376 0.049491 -0.997832
vn -0.052131 -0.054974 -0.997126
vn -0.040353 -0.077225 -0.996197
vn -0.053300 -0.054089 -0.997113
vn 0.097242 0.263268 -0.959809
vn 0.190936 0.424345 -0.885141
vn 0.224528 0.389683 -0.893160
vn 0.149726 0.278742 -0.948623
vn 0.141247 0.134753 -0.980760
vn 0.275539 0.282272 -0.918913
vn 0.388997 0.233469 -0.891164
vn 0.252143 0.163765 -0.953732
vn 0.018458 -0.033196 -0.999278
vn 0.001619 -0.059091 -0.998251
vn 0.013734 -0.034334 -0.999316
vn 0.019716 -0.032237 -0.999286
vn -0.065776 -0.081775 -0.994478
vn 0.003414 -0.022437 -0.999742
vn 0.078112 0.024605 -0.996641
vn 0.059065 -0.094877 -0.993735
vn 0.026099 0.032039 -0.999146
vn -0.142404 -0.020651 -0.989593
vn -0.104904 -0.066816 -0.992235
vn -0.040683 -0.003149 -0.999167
vn -0.834885 0.330293 -0.440310
vn -0.834885 0.330293 -0.440310
vn -0.834885 0.330293 -0.440310
vn -0.650271 -0.256163 -0.715211
vn -0.650271 -0.256163 -0.715211
vn 0.053190 0.019399 -0.998396
vn 0.340128 0.161196 -0.926460
vn 0.337729 0.142557 -0.930385
vn 0.290250 0.128317 -0.948309
vn 0.214591 0.081073 -0.973333
vn -0.895760 -0.433737 -0.097396
vn -0.674581 -0.284688 -0.681097
vn -0.674581 -0.284688 -0.681097
vn 0.209838 0.377248 -0.902026
vn 0.167113 0.437980 -0.883316
vn 0.161569 0.507359 -0.846453
vn 0.228475 0.550763 -0.802782
vn 0.089835 0.287425 -0.953581
vn -0.176408 -0.487256 -0.855255
vn -0.176408 -0.487256 -0.855255
vn -0.337809 -0.902333 -0.267733
vn -0.140085 -0.692215 -0.707965
vn -0.140085 -0.692215 -0.707965
vn -0.035886 -0.177743 -0.983422
vn 0.008494 -0.332589 -0.943034
vn -0.101167 -0.112123 -0.988531
vn -0.056436 -0.023753 -0.998124
vn 0.050993 -0.068011 -0.996381
vn -0.060919 -0.006071 -0.998124
vn -0.136585 0.034845 -0.990015
vn 0.142615 0.348320 -0.926463
vn -0.001391 -0.024274 -0.999704
vn 0.016488 0.060938 -0.998005
vn -0.077598 -0.018304 -0.996817
vn -0.059226 -0.045247 -0.997219
vn -0.066315 -0.012809 -0.997717
vn 0.140284 0.509161 -0.849162
vn 0.189474 0.429016 -0.883201
vn 0.206628 0.412763 -0.887092
vn 0.230984 0.231269 -0.945072
vn 0.343405 0.221229 -0.912760
vn 0.446789 0.265928 -0.854203
vn 0.228782 0.177058 -0.957241
vn 0.033207 -0.052529 -0.998067
vn 0.010567 -0.039426 -0.999167
vn -0.004636 -0.035038 -0.999375
vn 0.011809 -0.030527 -0.999464
vn -0.064389 -0.074968 -0.995105
vn 0.001411 -0.016121 -0.999869
vn 0.082954 -0.049932 -0.995302
vn 0.000601 0.013796 -0.999905
vn -0.027705 0.070025 -0.997160
vn -0.087775 -0.072306 -0.993513
vn -0.087157 -0.055786 -0.994631
vn -0.032319 -0.004895 -0.999466
vn -0.595787 -0.292292 -0.748066
vn -0.595787 -0.292292 -0.748066
vn 0.072833 0.062305 -0.995396
vn 0.391887 0.190342 -0.900108
vn 0.328126 0.149358 -0.932752
vn 0.319822 0.122732 -0.939495
vn 0.293290 0.102389 -0.950525
vn 0.188958 0.060946 -0.980092
vn -0.894650 -0.425109 -0.137417
vn -0.656574 -0.267966 -0.705056
vn -0.656574 -0.267966 -0.705056
vn 0.167575 0.452041 -0.876115
vn 0.115373 0.443272 -0.888931
vn 0.192443 0.484168 -0.853549
vn 0.271974 0.538443 -0.797565
vn 0.154090 0.327128 -0.932332
vn -0.229431 -0.506680 -0.831046
vn -0.229431 -0.506680 -0.831046
vn -0.333285 -0.599040 -0.728061
vn -0.333285 -0.599040 -0.728061
vn -0.445592 -0.865700 -0.228058
vn 0.026043 -0.184389 -0.982508
vn -0.023195 -0.075711 -0.996860
vn -0.075557 -0.130317 -0.988589
vn -0.047097 -0.032126 -0.998374
vn -0.044338 -0.024131 -0.998725
vn 0.056023 -0.064486 -0.996345
vn -0.064596 0.000170 -0.997911
vn 0.098446 0.442864 -0.891168
vn 0.180220 0.549742 -0.815662
vn -0.019553 -0.016685 -0.999670
vn -0.034429 0.078499 -0.996320
vn -0.067629 -0.006322 -0.997691
vn -0.056203 -0.005507 -0.998404
vn -0.058075 -0.023370 -0.998039
vn 0.082003 0.448110 -0.890210
vn 0.204259 0.440059 -0.874429
vn 0.245981 0.275257 -0.929369
vn 0.435671 0.198613 -0.877920
vn 0.392702 0.361196 -0.845767
vn 0.211046 0.129497 -0.968860
vn 0.024225 -0.037437 -0.999005
vn -0.012399 -0.016885 -0.999781
vn -0.005367 -0.044440 -0.998998
vn -0.000813 -0.025924 -0.999664
vn -0.063922 -0.061922 -0.996032
vn 0.006746 -0.050845 -0.998684
vn -0.021483 0.026957 -0.999406
vn -0.045320 0.091791 -0.994747
vn 0.011562 -0.017841 -0.999774
vn -0.067463 -0.072257 -0.995102
vn -0.004421 -0.043675 -0.999036
vn -0.018993 -0.086156 -0.996101
vn -0.112179 -0.053721 -0.992235
vn 0.078714 0.065920 -0.994715
vn 0.384007 0.178850 -0.905843
vn 0.330355 0.146035 -0.932491
vn 0.305946 0.143078 -0.941236
vn 0.304361 0.124554 -0.944378
vn 0.205438 0.056584 -0.977033
vn -0.910471 -0.396596 -0.117279
vn -0.628280 -0.289206 -0.722235
vn -0.628280 -0.289206 -0.722235
vn 0.097871 0.442014 -0.891653
vn 0.148853 0.415801 -0.897192
vn 0.224501 0.452398 -0.863097
vn 0.275340 0.536833 -0.797495
vn 0.157686 0.348884 -0.923805
vn -0.270104 -0.497127 -0.824566
vn -0.270104 -0.497127 -0.824566
vn -0.079732 -0.072936 -0.994144
vn -0.440380 -0.866540 -0.234892
vn -0.327444 -0.600470 -0.729531
vn -0.327444 -0.600470 -0.729531
vn -0.053918 -0.021529 -0.998313
vn -0.079678 -0.107021 -0.991059
vn -0.032600 -0.034563 -0.998871
vn -0.047128 -0.021577 -0.998656
vn -0.033361 -0.019677 -0.999250
vn 0.059981 -0.063623 -0.996170
vn 0.174180 0.400828 -0.899443
vn 0.211443 0.480666 -0.851030
vn 0.109948 0.341950 -0.933264
vn -0.061861 -0.003998 -0.998077
vn -0.023822 0.064505 -0.997633
vn -0.062232 -0.017673 -0.997905
vn -0.040552 -0.024583 -0.998875
vn -0.038897 -0.006663 -0.999221
vn 0.087154 0.405787 -0.909803
vn 0.372776 0.362314 -0.854264
vn 0.318503 0.339144 -0.885177
vn 0.201514 0.107648 -0.973552
vn -0.015232 0.001525 -0.999883
vn 0.000800 -0.045515 -0.998963
vn -0.009288 -0.031760 -0.999452
vn 0.000683 -0.029765 -0.999557
vn -0.046280 -0.070958 -0.996405
vn -0.048942 0.009781 -0.998754
vn -0.059798 0.077958 -0.995162
vn 0.024700 -0.015128 -0.999581
vn 0.019423 -0.026089 -0.999471
vn -0.023758 -0.115923 -0.992974
vn -0.083384 -0.060908 -0.994654
vn 0.022948 -0.076301 -0.996821
vn 0.016954 -0.057649 -0.998193
vn -0.741540 -0.324879 -0.587002
vn -0.741540 -0.324879 -0.587002
vn 0.066205 0.015796 -0.997681
vn 0.369534 0.157926 -0.915699
vn 0.344069 0.142611 -0.928051
vn 0.314038 0.146837 -0.937987
vn 0.306128 0.141629 -0.941396
vn 0.258303 0.126467 -0.957750
vn -0.912048 -0.407361 -0.047173
vn -0.621078 -0.290572 -0.727894
vn -0.621078 -0.290572 -0.727894
vn 0.152612 0.417863 -0.895600
vn 0.191491 0.397425 -0.897432
vn 0.217671 0.442135 -0.870136
vn 0.266657 0.546836 -0.793640
vn 0.160523 0.353134 -0.921699
vn -0.259750 -0.487633 -0.833513
vn -0.259750 -0.487633 -0.833513
vn -0.067355 -0.077080 -0.994747
vn -0.430421 -0.869569 -0.242050
vn -0.310505 -0.609090 -0.729792
vn -0.310505 -0.609090 -0.729792
vn -0.041773 -0.031095 -0.998643
vn -0.100826 -0.070513 -0.992402
vn -0.048838 -0.011592 -0.998739
vn -0.038652 -0.001033 -0.999252
vn -0.048707 -0.014706 -0.998705
vn -0.029456 -0.015701 -0.999443
vn 0.257638 0.325709 -0.909690
vn 0.266503 0.377099 -0.887002
vn 0.141277 0.220353 -0.965135
vn 0.149377 0.277778 -0.948961
vn -0.055298 0.007174 -0.998444
vn -0.017914 0.069788 -0.997401
vn -0.055573 -0.020384 -0.998247
vn -0.024239 -0.031570 -0.999208
vn -0.010859 -0.026726 -0.999584
vn 0.276738 0.383847 -0.880953
vn 0.325905 0.225081 -0.918218
vn 0.204325 0.136257 -0.969374
vn 0.016575 -0.041631 -0.998996
vn 0.007303 -0.036194 -0.999318
vn -0.001770 -0.033309 -0.999444
vn -0.002326 -0.034922 -0.999387
vn -0.026383 -0.038594 -0.998907
vn -0.041575 0.046628 -0.998047
vn 0.025883 -0.023679 -0.999385
vn 0.023170 -0.016973 -0.999588
vn 0.013475 -0.064310 -0.997839
vn -0.031337 -0.119588 -0.992329
vn -0.040486 -0.063697 -0.997148
vn -0.760908 -0.328970 -0.559284
vn -0.760908 -0.328970 -0.559284
vn 0.007410 -0.092430 -0.995692
vn 0.037633 -0.134590 -0.990187
vn 0.031077 -0.001358 -0.999516
vn 0.365759 0.132545 -0.921223
vn 0.302474 0.091544 -0.948751
vn 0.360110 0.129689 -0.923851
vn 0.288955 0.114487 -0.950473
vn 0.266935 0.109779 -0.957441
vn -0.939715 -0.341666 -0.014116
vn -0.678737 -0.209748 -0.703791
vn -0.678737 -0.209748 -0.703791
vn 0.207138 0.428624 -0.879418
vn 0.188588 0.400428 -0.896712
vn 0.221226 0.433556 -0.873550
vn 0.271874 0.554232 -0.786709
vn 0.170485 0.362836 -0.916125
vn -0.219054 -0.455765 -0.862725
vn -0.219054 -0.455765 -0.862725
vn -0.051309 -0.083361 -0.995198
vn -0.384797 -0.885846 -0.259246
vn -0.273889 -0.613687 -0.740522
vn -0.273889 -0.613687 -0.740522
vn -0.029886 -0.038733 -0.998803
vn -0.066964 0.007889 -0.997724
vn -0.096152 -0.068191 -0.993028
vn -0.037315 0.012937 -0.999220
vn -0.058486 -0.009519 -0.998243
vn -0.046261 0.001073 -0.998929
vn 0.182512 0.405037 -0.895899
vn 0.258907 0.423700 -0.868012
vn 0.154561 0.239843 -0.958429
vn 0.197181 0.270033 -0.942445
vn -0.051093 0.016825 -0.998552
vn -0.010799 0.081805 -0.996590
vn -0.010623 -0.035983 -0.999296
vn -0.031703 -0.035120 -0.998880
vn -0.020912 -0.037399 -0.999082
vn 0.294323 0.214507 -0.931322
vn 0.387992 0.192576 -0.901320
vn 0.282014 0.109394 -0.953153
vn 0.040052 -0.040731 -0.998367
vn 0.008000 -0.023148 -0.999700
vn -0.006858 -0.022465 -0.999724
vn 0.026820 -0.065475 -0.997494
vn -0.003029 0.021074 -0.999773
vn 0.028414 -0.025754 -0.999264
vn 0.031982 -0.012289 -0.999413
vn 0.025937 -0.027313 -0.999290
vn -0.023034 -0.083813 -0.996215
vn -0.067229 -0.093441 -0.993353
vn 0.032211 -0.153833 -0.987572
vn -0.780111 -0.322423 -0.536163
vn -0.780111 -0.322423 -0.536163
vn -0.042767 -0.040740 -0.998254
vn -0.051681 -0.034242 -0.998076
vn -0.033203 -0.001769 -0.999447
vn 0.358084 0.122434 -0.925627
vn 0.286665 0.021125 -0.957798
vn 0.261780 0.080909 -0.961730
vn 0.374076 0.134044 -0.917660
vn 0.206678 0.055521 -0.976832
vn -0.980667 -0.192809 0.033432
vn -0.798021 -0.122614 -0.590025
vn -0.798021 -0.122614 -0.590025
vn 0.217574 0.455946 -0.863003
vn 0.204110 0.395147 -0.895655
vn 0.238077 0.443530 -0.864061
vn 0.276010 0.556069 -0.783968
vn 0.198447 0.374755 -0.905636
vn -0.150759 -0.477227 -0.865752
vn -0.150759 -0.477227 -0.865752
vn -0.033722 -0.082743 -0.996000
vn -0.429554 -0.842824 -0.324239
vn -0.368253 -0.543140 -0.754578
vn -0.368253 -0.543140 -0.754578
vn -0.025165 -0.031223 -0.999196
vn -0.055202 -0.003948 -0.998467
vn -0.056422 0.003714 -0.998400
vn -0.095653 -0.074180 -0.992647
vn -0.048391 -0.015346 -0.998711
vn -0.047422 -0.004105 -0.998866
vn 0.177929 0.431862 -0.884215
vn 0.154247 0.464065 -0.872268
vn 0.172225 0.294247 -0.940084
vn 0.190439 0.437403 -0.878869
vn -0.044828 0.020140 -0.998792
vn 0.030934 0.070627 -0.997023
vn -0.013202 -0.025465 -0.999589
vn -0.075156 -0.039200 -0.996401
vn -0.042988 -0.050997 -0.997773
vn 0.369168 0.132017 -0.919938
vn 0.439862 0.185988 -0.878595
vn 0.317405 0.121417 -0.940485
vn 0.022950 -0.005440 -0.999722
vn 0.003536 -0.018668 -0.999819
vn 0.046373 -0.081924 -0.995559
vn 0.012474 -0.007587 -0.999893
vn 0.012423 -0.004469 -0.999913
vn 0.025932 -0.024232 -0.999370
vn 0.036468 -0.016151 -0.999204
vn 0.030535 -0.031078 -0.999050
vn -0.057567 -0.070900 -0.995821
vn -0.055389 -0.092325 -0.994187
vn -0.025505 -0.055253 -0.998147
vn -0.712420 -0.296929 -0.635839
vn -0.712420 -0.296929 -0.635839
vn -0.079674 0.046375 -0.995742
vn -0.150329 0.143046 -0.978233
vn -0.143660 -0.021301 -0.989398
vn 0.354064 0.094573 -0.930427
vn 0.239209 0.054287 -0.969449
vn 0.253876 -0.021491 -0.966998
vn 0.258082 0.122700 -0.958300
vn 0.402007 0.113498 -0.908575
vn -0.620534 -0.115464 -0.775633
vn -0.620534 -0.115464 -0.775633
vn -0.880020 -0.091196 -0.466098
vn -0.880020 -0.091196 -0.466098
vn 0.240192 0.468456 -0.850210
vn 0.230031 0.383620 -0.894383
vn 0.241669 0.464554 -0.851931
vn 0.287346 0.546920 -0.786327
vn 0.224247 0.370386 -0.901403
vn -0.165432 -0.441544 -0.881857
vn -0.165432 -0.441544 -0.881857
vn -0.109984 -0.046422 -0.992849
vn -0.441063 -0.806653 -0.393415
vn -0.329427 -0.538075 -0.775857
vn -0.329427 -0.538075 -0.775857
vn -0.071555 0.004101 -0.997428
vn -0.059655 -0.001984 -0.998217
vn -0.053653 -0.014118 -0.998460
vn -0.051445 -0.011394 -0.998611
vn -0.091142 -0.086164 -0.992103
vn -0.049757 -0.010288 -0.998708
vn 0.203814 0.424136 -0.882365
vn 0.192776 0.503041 -0.842489
vn 0.092838 0.332222 -0.938621
vn 0.295777 0.494405 -0.817361
vn -0.011380 0.005325 -0.999921
vn 0.043150 0.052610 -0.997682
vn -0.010455 -0.019800 -0.999749
vn -0.011675 -0.079894 -0.996735
vn -0.029790 -0.063818 -0.997517
vn 0.372084 0.130186 -0.919024
vn 0.380426 0.209597 -0.900747
vn 0.279325 0.182063 -0.942778
vn 0.023705 -0.006546 -0.999698
vn 0.065640 -0.095142 -0.993297
vn 0.017403 -0.015971 -0.999721
vn -0.017419 0.024723 -0.999543
vn 0.005509 -0.038563 -0.999241
vn 0.028842 -0.020782 -0.999368
vn 0.030617 -0.024922 -0.999220
vn 0.027858 -0.018019 -0.999450
vn -0.051710 -0.099610 -0.993682
vn -0.051220 -0.039779 -0.997895
vn -0.132237 0.125174 -0.983283
vn 0.350197 0.058122 -0.934871
vn -0.200074 -0.025777 -0.979442
vn 0.199806 0.132215 -0.970874
vn 0.276675 0.061940 -0.958965
vn 0.307329 0.096291 -0.946719
vn 0.427887 0.078965 -0.900376
vn 0.264045 0.441302 -0.857632
vn 0.227967 0.397721 -0.888735
vn 0.251159 0.471987 -0.845072
vn 0.290554 0.538658 -0.790839
vn 0.195315 0.380118 -0.904081
vn -0.209620 -0.360540 -0.908884
vn -0.209620 -0.360540 -0.908884
vn -0.069047 -0.104003 -0.992177
vn -0.222614 -0.624268 -0.748820
vn -0.222614 -0.624268 -0.748820
vn -0.383299 -0.837084 -0.390348
vn -0.001560 -0.047197 -0.998884
vn -0.068942 -0.006814 -0.997597
vn -0.042474 -0.005196 -0.999084
vn -0.051151 -0.012034 -0.998618
vn -0.059515 0.032070 -0.997712
vn -0.065331 -0.108871 -0.991907
vn 0.189899 0.365009 -0.911431
vn 0.239802 0.511034 -0.825433
vn 0.062277 0.322423 -0.944545
vn 0.233087 0.493310 -0.838043
vn 0.026037 -0.016904 -0.999518
vn 0.028573 0.008782 -0.999553
vn -0.014087 -0.020585 -0.999689
vn 0.017798 -0.058056 -0.998155
vn -0.019973 -0.031875 -0.999292
vn 0.213516 0.144665 -0.966169
vn 0.364219 0.291462 -0.884531
vn 0.310565 0.157794 -0.937364
vn 0.115301 -0.094275 -0.988847
vn 0.016597 -0.007025 -0.999838
vn -0.031955 0.040217 -0.998680
vn 0.004459 -0.033902 -0.999415
vn 0.005111 -0.040785 -0.999155
vn 0.022166 -0.016153 -0.999624
vn 0.020053 -0.025242 -0.999480
vn 0.019397 -0.025679 -0.999482
vn -0.070783 -0.066634 -0.995264
vn -0.141966 0.085343 -0.986186
vn 0.341494 0.054240 -0.938318
vn 0.229441 0.069634 -0.970829
vn 0.236298 0.153667 -0.959453
vn 0.343771 0.061551 -0.937034
vn 0.434600 0.072462 -0.897704
vn 0.254343 0.433232 -0.864650
vn 0.235589 0.410818 -0.880753
vn 0.258879 0.474055 -0.841578
vn 0.263622 0.548465 -0.793530
vn 0.180588 0.402327 -0.897508
vn -0.181689 -0.367239 -0.912208
vn -0.181689 -0.367239 -0.912208
vn 0.007884 -0.157784 -0.987442
vn -0.280118 -0.597262 -0.751540
vn -0.280118 -0.597262 -0.751540
vn -0.404609 -0.839017 -0.363789
vn 0.033863 -0.076672 -0.996481
vn -0.065225 -0.016283 -0.997738
vn -0.048765 -0.015175 -0.998695
vn -0.008876 -0.033033 -0.999415
vn -0.021432 0.038042 -0.999046
vn 0.088925 0.353232 -0.931300
vn -0.039913 -0.110966 -0.993022
vn 0.305383 0.512352 -0.802643
vn 0.100940 0.330709 -0.938319
vn 0.131560 0.468003 -0.873879
vn 0.026979 -0.024777 -0.999329
vn 0.002596 -0.019020 -0.999816
vn -0.032948 -0.022895 -0.999195
vn -0.031776 -0.019628 -0.999302
vn -0.011623 -0.023988 -0.999645
vn 0.075282 0.180241 -0.980737
vn 0.545572 0.305514 -0.780393
vn 0.360656 0.072435 -0.929882
vn 0.081369 0.034301 -0.996094
vn -0.043338 0.056304 -0.997473
vn 0.012856 -0.031858 -0.999410
vn 0.005586 -0.041873 -0.999107
vn 0.005365 -0.029979 -0.999536
vn 0.012808 -0.021044 -0.999696
vn 0.005211 -0.009091 -0.999945
vn -0.011802 -0.032684 -0.999396
vn -0.107221 0.065034 -0.992106
vn -0.107811 0.010951 -0.994111
vn 0.243137 0.043779 -0.969003
vn 0.216010 0.055176 -0.974831
vn 0.359010 0.045415 -0.932228
vn 0.256341 0.435024 -0.863159
vn 0.232559 0.418534 -0.877921
vn 0.227299 0.484772 -0.844589
vn 0.258971 0.547062 -0.796026
vn 0.207172 0.412809 -0.886943
vn -0.158337 -0.346983 -0.924409
vn -0.158337 -0.346983 -0.924409
vn -0.059775 -0.097991 -0.993391
vn -0.418746 -0.834049 -0.359186
vn -0.310736 -0.584698 -0.749380
vn -0.310736 -0.584698 -0.749380
vn -0.045227 -0.028495 -0.998570
vn -0.024159 0.009283 -0.999665
vn -0.056786 -0.026644 -0.998031
vn -0.003408 -0.034871 -0.999386
vn -0.011006 -0.042399 -0.999040
vn 0.097237 0.393247 -0.914277
vn 0.245729 0.513883 -0.821914
vn -0.040254 -0.066276 -0.996989
vn 0.168768 0.349881 -0.921467
vn 0.127790 0.418035 -0.899398
vn 0.013104 -0.021284 -0.999688
vn -0.021460 -0.023816 -0.999486
vn -0.012536 -0.031955 -0.999411
vn -0.025150 -0.042583 -0.998776
vn -0.011848 -0.038926 -0.999172
vn 0.558302 0.237871 -0.794806
vn 0.238315 0.155665 -0.958632
vn 0.053476 0.125922 -0.990598
vn 0.019897 -0.038465 -0.999062
vn 0.014637 -0.031159 -0.999407
vn 0.003396 -0.038383 -0.999257
vn 0.004560 -0.019114 -0.999807
vn -0.003694 -0.011224 -0.999930
vn 0.018685 -0.011988 -0.999754
vn -0.039277 -0.017348 -0.999078
vn 0.258624 0.028856 -0.965547
vn 0.173026 0.030347 -0.984450
vn 0.238212 0.435583 -0.868057
vn 0.195491 0.433030 -0.879925
vn 0.219993 0.479357 -0.849600
vn 0.271035 0.535020 -0.800184
vn 0.214935 0.411292 -0.885800
vn -0.171442 -0.371518 -0.912459
vn -0.171442 -0.371518 -0.912459
vn -0.064533 -0.079198 -0.994768
vn -0.416708 -0.831128 -0.368212
vn -0.306678 -0.583436 -0.752031
vn -0.306678 -0.583436 -0.752031
vn -0.037209 -0.037403 -0.998607
vn -0.049187 0.022738 -0.998531
vn 0.196078 0.414206 -0.888812
vn -0.021614 -0.021452 -0.999536
vn -0.006481 -0.023435 -0.999704
vn -0.049153 -0.026789 -0.998432
vn 0.124908 0.536906 -0.834344
vn 0.215255 0.348058 -0.912426
vn -0.009991 -0.034166 -0.999366
vn 0.131076 0.360629 -0.923453
vn -0.006284 -0.017804 -0.999822
vn -0.022575 -0.021147 -0.999521
vn -0.007089 -0.015639 -0.999853
vn -0.033673 -0.025789 -0.999100
vn -0.036312 -0.043912 -0.998375
vn 0.356693 0.258585 -0.897722
vn 0.191404 0.187098 -0.963514
vn 0.138752 0.030816 -0.989848
vn 0.017839 -0.024095 -0.999551
vn 0.002055 -0.031214 -0.999511
vn -0.001696 -0.026759 -0.999640
vn -0.006876 -0.007736 -0.999946
vn 0.011970 -0.032760 -0.999392
vn -0.022652 0.045754 -0.998696
vn 0.175492 0.023784 -0.984194
vn 0.204198 0.455321 -0.866594
vn 0.206747 0.436370 -0.875692
vn 0.222253 0.465306 -0.856793
vn 0.257359 0.531607 -0.806945
vn 0.203810 0.399086 -0.893975
vn -0.179367 -0.335730 -0.924723
vn -0.179367 -0.335730 -0.924723
vn -0.060429 -0.082351 -0.994770
vn -0.430230 -0.828345 -0.358813
vn -0.301352 -0.588838 -0.749971
vn -0.301352 -0.588838 -0.749971
vn -0.039128 -0.046089 -0.998171
vn -0.021612 0.054845 -0.998261
vn 0.181790 0.519389 -0.834978
vn 0.178090 0.453222 -0.873426
vn 0.178728 0.538969 -0.823146
vn -0.006499 -0.005004 -0.999966
vn -0.035129 0.002549 -0.999380
vn -0.029706 -0.037038 -0.998872
vn 0.101291 0.327718 -0.939330
vn 0.190312 0.274590 -0.942540
vn -0.003154 -0.023077 -0.999729
vn -0.026001 -0.012909 -0.999579
vn -0.016968 -0.018967 -0.999676
vn -0.020547 -0.006801 -0.999766
vn -0.038895 -0.014634 -0.999136
vn -0.048480 -0.037597 -0.998116
vn 0.220897 0.200217 -0.954525
vn 0.224369 0.116357 -0.967533
vn 0.130917 0.054990 -0.989867
vn 0.009349 -0.015913 -0.999830
vn -0.012432 -0.031384 -0.999430
vn -0.012548 -0.007566 -0.999893
vn -0.009620 -0.033251 -0.999401
vn -0.052383 0.061017 -0.996761
vn 0.231615 0.466958 -0.853408
vn 0.204094 0.447550 -0.870657
vn 0.228216 0.464107 -0.855875
vn 0.253174 0.524472 -0.812916
vn 0.190239 0.409568 -0.892223
vn -0.211530 -0.295640 -0.931586
vn -0.211530 -0.295640 -0.931586
vn -0.064936 -0.076272 -0.994970
vn -0.466364 -0.806261 -0.363934
vn -0.389920 -0.535271 -0.749298
vn -0.389920 -0.535271 -0.749298
vn -0.052534 -0.042504 -0.997714
vn 0.017056 0.076186 -0.996948
vn 0.260761 0.513327 -0.817618
vn 0.152234 0.556249 -0.816953
vn 0.164309 0.606247 -0.778117
vn 0.031833 0.275239 -0.960849
vn -0.035509 0.023272 -0.999098
vn -0.010239 -0.008027 -0.999915
vn -0.014735 -0.040175 -0.999084
vn 0.135693 0.236978 -0.961992
vn -0.025332 -0.015574 -0.999558
vn -0.009474 -0.033012 -0.999410
vn -0.016735 -0.027921 -0.999470
vn -0.035598 -0.013997 -0.999268
vn -0.099860 0.020352 -0.994793
vn -0.090040 0.001943 -0.995936
vn 0.194544 0.122403 -0.973227
vn 0.179409 0.108147 -0.977812
vn 0.106062 0.070247 -0.991875
vn -0.007721 -0.010664 -0.999913
vn -0.028191 -0.018118 -0.999438
vn -0.030494 -0.011071 -0.999474
vn -0.033135 0.034594 -0.998852
vn -0.145365 0.189509 -0.971059
vn -0.144135 0.177264 -0.973552
vn 0.227552 0.493081 -0.839697
vn 0.224855 0.436212 -0.871298
vn 0.244159 0.481500 -0.841751
vn 0.256912 0.523272 -0.812516
vn 0.181705 0.431880 -0.883438
vn -0.202790 -0.319275 -0.925710
vn -0.202790 -0.319275 -0.925710
vn -0.130789 -0.072856 -0.988730
vn -0.417400 -0.823977 -0.383195
vn -0.292347 -0.595091 -0.748598
vn -0.292347 -0.595091 -0.748598
vn -0.076268 -0.023021 -0.996822
vn 0.279143 0.403224 -0.871487
vn -0.007579 0.116287 -0.993187
vn 0.311183 0.481636 -0.819263
vn -0.017701 0.182244 -0.983094
vn -0.031438 0.265302 -0.963653
vn 0.030777 0.224234 -0.974049
vn 0.011540 -0.001687 -0.999932
vn 0.003340 -0.032909 -0.999453
vn -0.030491 -0.030652 -0.999065
vn 0.002038 -0.031779 -0.999493
vn -0.019068 -0.035424 -0.999190
vn -0.035811 -0.022191 -0.999112
vn -0.099917 0.005112 -0.994983
vn -0.027609 -0.005030 -0.999606
vn -0.039266 -0.008903 -0.999189
vn 0.122627 0.088922 -0.988461
vn 0.120846 0.122289 -0.985110
vn 0.068239 0.073785 -0.994937
vn -0.037869 -0.008261 -0.999249
vn -0.047790 0.002054 -0.998855
vn -0.031499 -0.019069 -0.999322
vn -0.082936 0.181938 -0.979806
vn 0.239855 0.470205 -0.849339
vn 0.228017 0.429129 -0.873989
vn 0.211691 0.483698 -0.849249
vn 0.244146 0.528616 -0.812993
vn 0.196526 0.438030 -0.877216
vn -0.184661 -0.328693 -0.926208
vn -0.184661 -0.328693 -0.926208
vn -0.072122 -0.131325 -0.988712
vn -0.380754 -0.860671 -0.338042
vn -0.187217 -0.636274 -0.748402
vn -0.187217 -0.636274 -0.748402
vn -0.034667 -0.034817 -0.998792
vn 0.193346 0.291041 -0.936970
vn 0.396111 0.380760 -0.835534
vn 0.087672 0.101828 -0.990931
vn 0.091133 0.092449 -0.991538
vn -0.018059 0.245118 -0.969325
vn 0.030776 0.198228 -0.979673
vn 0.037837 -0.053379 -0.997857
vn -0.027896 -0.033294 -0.999056
vn -0.016569 -0.037389 -0.999164
vn -0.015882 -0.013684 -0.999780
vn -0.039493 -0.015682 -0.999097
vn -0.090364 0.007043 -0.995884
vn -0.052959 -0.021179 -0.998372
vn 0.037102 -0.043950 -0.998345
vn 0.044638 -0.048716 -0.997815
vn 0.061217 0.101249 -0.992976
vn 0.083080 0.145499 -0.985864
vn 0.003833 0.077617 -0.996976
vn -0.055838 -0.005234 -0.998426
vn -0.061167 -0.025487 -0.997802
vn -0.101919 0.131613 -0.986048
vn 0.219301 0.420548 -0.880367
vn 0.166001 0.452907 -0.875968
vn 0.183246 0.455453 -0.871196
vn 0.241358 0.523854 -0.816899
vn 0.205147 0.433705 -0.877391
vn -0.189257 -0.344258 -0.919603
vn -0.189257 -0.344258 -0.919603
vn 0.010655 -0.139117 -0.990219
vn -0.288950 -0.594229 -0.750600
vn -0.288950 -0.594229 -0.750600
vn -0.411363 -0.857715 -0.308392
vn 0.013381 -0.061826 -0.997997
vn 0.141495 0.260456 -0.955061
vn 0.346269 0.301286 -0.888439
vn 0.195195 0.112297 -0.974314
vn 0.169855 0.180835 -0.968735
vn 0.085864 0.105178 -0.990740
vn -0.031392 -0.043828 -0.998546
vn -0.022148 -0.031729 -0.999251
vn -0.023569 -0.020881 -0.999504
vn -0.034106 -0.007144 -0.999393
vn -0.088672 0.017419 -0.995909
vn -0.058713 0.003366 -0.998269
vn 0.030622 -0.041471 -0.998670
vn -0.012364 -0.027185 -0.999554
vn -0.012899 -0.013137 -0.999831
vn -0.008900 0.164285 -0.986373
vn 0.041714 0.145879 -0.988423
vn -0.041278 0.033703 -0.998579
vn -0.058286 0.001898 -0.998298
vn -0.126185 0.092368 -0.987697
vn -0.173741 0.271147 -0.946728
vn -0.098794 0.264261 -0.959378
vn 0.167969 0.462684 -0.870465
vn 0.147477 0.448517 -0.881523
vn 0.186789 0.431242 -0.882689
vn 0.251415 0.517934 -0.817640
vn 0.203965 0.436538 -0.876261
vn -0.157664 -0.365866 -0.917215
vn -0.157664 -0.365866 -0.917215
vn -0.040850 -0.083265 -0.995690
vn -0.413935 -0.849100 -0.328156
vn -0.285951 -0.574147 -0.767194
vn -0.285951 -0.574147 -0.767194
vn -0.021577 -0.049332 -0.998549
vn 0.136523 0.355179 -0.924775
vn 0.177400 0.344361 -0.921924
vn 0.268591 0.208098 -0.940507
vn 0.108183 0.102373 -0.988846
vn 0.147869 0.345006 -0.926880
vn -0.036083 -0.034158 -0.998765
vn -0.027542 -0.021078 -0.999398
vn -0.033074 -0.014880 -0.999342
vn -0.093938 0.018392 -0.995408
vn -0.065312 0.005490 -0.997850
vn 0.019542 -0.015586 -0.999688
vn -0.009562 -0.011247 -0.999891
vn -0.020660 -0.022398 -0.999536
vn -0.010746 -0.011745 -0.999873
vn -0.024114 0.074520 -0.996928
vn -0.040347 -0.002252 -0.999183
vn -0.079274 0.058716 -0.995122
vn -0.183470 0.234343 -0.954684
vn 0.170843 0.519513 -0.837209
vn 0.162572 0.418568 -0.893516
vn 0.204431 0.421415 -0.883525
vn 0.260216 0.519929 -0.813610
vn 0.219982 0.431607 -0.874828
vn -0.116805 -0.373526 -0.920237
vn -0.116805 -0.373526 -0.920237
vn -0.038562 -0.073209 -0.996571
vn -0.456486 -0.834054 -0.309798
vn -0.291130 -0.581628 -0.759574
vn -0.291130 -0.581628 -0.759574
vn -0.034129 -0.044342 -0.998433
vn 0.074447 0.326989 -0.942091
vn 0.069841 0.340563 -0.937624
vn 0.221108 0.339338 -0.914309
vn 0.160264 0.159831 -0.974048
vn 0.167804 0.427715 -0.888201
vn -0.035501 -0.021419 -0.999140
vn -0.034197 -0.014397 -0.999311
vn -0.102791 0.035664 -0.994063
vn -0.057305 -0.010754 -0.998299
vn 0.006072 -0.039555 -0.999199
vn 0.010055 -0.020991 -0.999729
vn -0.008674 -0.025055 -0.999648
vn -0.012818 -0.033443 -0.999358
vn 0.003799 -0.033126 -0.999444
vn -0.020408 -0.017539 -0.999638
vn -0.051308 0.034682 -0.998080
vn -0.110343 0.169691 -0.979300
vn 0.191526 0.502671 -0.842995
vn 0.180997 0.390145 -0.902788
vn 0.215475 0.418791 -0.882148
vn 0.273042 0.524798 -0.806248
vn 0.234499 0.392314 -0.889438
vn -0.264004 -0.417354 -0.869550
vn -0.264004 -0.417354 -0.869550
vn -0.022602 -0.074631 -0.996955
vn -0.458052 -0.847654 -0.267715
vn -0.299768 -0.587787 -0.751429
vn -0.299768 -0.587787 -0.751429
vn -0.013507 -0.045169 -0.998888
vn 0.032827 0.269880 -0.962334
vn 0.188088 0.437050 -0.879551
vn 0.089197 0.384186 -0.918937
vn 0.166181 0.207208 -0.964079
vn 0.189173 0.418616 -0.888242
vn -0.033370 -0.023549 -0.999166
vn -0.123033 0.033845 -0.991825
vn -0.036386 0.018447 -0.999168
vn 0.007237 -0.058974 -0.998233
vn 0.011208 -0.041799 -0.999063
vn -0.004640 -0.031808 -0.999483
vn 0.009539 -0.036899 -0.999274
vn -0.016211 -0.036926 -0.999187
vn -0.011416 -0.046226 -0.998866
vn 0.207871 0.457263 -0.864697
vn 0.177559 0.370326 -0.911774
vn 0.210777 0.408236 -0.888210
vn 0.273016 0.532472 -0.801209
vn 0.168285 0.369345 -0.913928
vn -0.316019 -0.474152 -0.821774
vn -0.316019 -0.474152 -0.821774
vn -0.033108 -0.080327 -0.996219
vn -0.439270 -0.864323 -0.244924
vn -0.290684 -0.592595 -0.751222
vn -0.290684 -0.592595 -0.751222
vn -0.007652 -0.031656 -0.999470
vn -0.019460 0.206156 -0.978326
vn 0.192031 0.502104 -0.843217
vn 0.208081 0.472517 -0.856405
vn 0.191736 0.396539 -0.897772
vn -0.153648 0.057679 -0.986441
vn -0.050656 0.009167 -0.998674
vn 0.039963 -0.031156 -0.998715
vn -0.010498 -0.037586 -0.999238
vn -0.001272 -0.032686 -0.999465
vn -0.003878 -0.010147 -0.999941
vn 0.004186 -0.031193 -0.999505
vn 0.002206 -0.045838 -0.998946
vn -0.009177 -0.046166 -0.998892
vn 0.158895 0.401759 -0.901855
vn 0.145970 0.351862 -0.924600
vn 0.198579 0.389633 -0.899307
vn 0.252786 0.548270 -0.797182
vn 0.111023 0.344883 -0.932057
vn -0.305949 -0.565055 -0.766229
vn -0.305949 -0.565055 -0.766229
vn -0.031147 -0.090087 -0.995447
vn -0.280532 -0.597718 -0.751022
vn -0.280532 -0.597718 -0.751022
vn -0.438194 -0.866865 -0.237761
vn 0.003160 -0.035434 -0.999367
vn 0.047505 0.232617 -0.971408
vn 0.136468 0.507836 -0.850576
vn 0.256076 0.485175 -0.836080
vn 0.011132 0.445845 -0.895041
vn -0.051359 0.048614 -0.997496
vn 0.051556 -0.033698 -0.998101
vn -0.016127 -0.017696 -0.999713
vn 0.003339 -0.025458 -0.999670
vn -0.028216 -0.023708 -0.999321
vn 0.013228 0.024731 -0.999607
vn -0.005307 -0.025204 -0.999668
vn 0.008775 -0.045301 -0.998935
vn 0.002637 -0.031485 -0.999501
vn 0.099281 0.369895 -0.923754
vn 0.112670 0.315489 -0.942217
vn 0.197635 0.402778 -0.893706
vn 0.240949 0.562928 -0.790604
vn 0.112131 0.288562 -0.950873
vn -0.315052 -0.591660 -0.742079
vn -0.315052 -0.591660 -0.742079
vn -0.020622 -0.095199 -0.995245
vn -0.432646 -0.871302 -0.231626
vn -0.290279 -0.599683 -0.745733
vn -0.290279 -0.599683 -0.745733
vn 0.006014 -0.047002 -0.998877
vn 0.096914 0.392137 -0.914788
vn 0.130962 0.236460 -0.962775
vn 0.116812 0.483104 -0.867736
vn 0.155890 0.366850 -0.917126
vn 0.091622 -0.034107 -0.995210
vn -0.004540 -0.011755 -0.999921
vn -0.001788 -0.022790 -0.999739
vn -0.011442 -0.034363 -0.999344
vn -0.029431 -0.022200 -0.999320
vn 0.024145 0.046537 -0.998625
vn -0.006501 -0.026627 -0.999624
vn -0.001216 -0.034662 -0.999398
vn 0.004067 -0.024987 -0.999680
vn 0.091132 0.345695 -0.933911
vn 0.032777 0.302480 -0.952592
vn 0.058215 0.333833 -0.940833
vn 0.119794 0.250834 -0.960589
vn 0.187140 0.434200 -0.881163
vn 0.254901 0.568874 -0.781926
vn 0.107288 0.240102 -0.964801
vn -0.313733 -0.600597 -0.735428
vn -0.313733 -0.600597 -0.735428
vn -0.031893 -0.090429 -0.995392
vn -0.292956 -0.596540 -0.747206
vn -0.292956 -0.596540 -0.747206
vn -0.443185 -0.868741 -0.221077
vn -0.006327 -0.047139 -0.998868
vn 0.158816 0.320012 -0.934008
vn 0.083988 0.235551 -0.968226
vn 0.189899 0.407582 -0.893205
vn 0.303997 0.262232 -0.915871
vn -0.002816 -0.010014 -0.999946
vn -0.003416 -0.018654 -0.999820
vn 0.008317 -0.020801 -0.999749
vn -0.028986 -0.061602 -0.997680
vn -0.023669 -0.002437 -0.999717
vn 0.038478 0.027735 -0.998874
vn 0.005749 -0.035300 -0.999360
vn 0.002612 -0.032367 -0.999473
vn -0.005971 -0.033104 -0.999434
vn -0.000737 0.257473 -0.966285
vn 0.100355 0.269718 -0.957696
vn 0.120720 0.257152 -0.958801
vn 0.192033 0.445465 -0.874462
vn 0.269696 0.561747 -0.782115
vn 0.104141 0.228943 -0.967853
vn -0.347409 -0.606077 -0.715526
vn -0.347409 -0.606077 -0.715526
vn -0.037758 -0.091232 -0.995114
vn -0.443149 -0.876955 -0.185925
vn -0.271722 -0.609483 -0.744781
vn -0.271722 -0.609483 -0.744781
vn -0.014016 -0.044004 -0.998933
vn 0.158265 0.300698 -0.940496
vn 0.050587 0.216799 -0.974905
vn 0.306194 0.401560 -0.863131
vn 0.172102 0.350700 -0.920538
vn 0.001667 -0.007693 -0.999969
vn 0.003648 -0.022466 -0.999741
vn 0.008254 -0.016740 -0.999826
vn -0.065774 -0.066510 -0.995616
vn 0.028115 -0.009374 -0.999561
vn 0.036016 0.001819 -0.999350
vn 0.004128 -0.037797 -0.999277
vn -0.007987 -0.039362 -0.999193
vn -0.022213 -0.036893 -0.999072
vn 0.085511 0.267597 -0.959729
vn 0.134273 0.245441 -0.960067
vn 0.137889 0.297869 -0.944596
vn 0.203091 0.449541 -0.869866
vn 0.270512 0.546098 -0.792843
vn 0.085884 0.226949 -0.970112
vn -0.364109 -0.619153 -0.695755
vn -0.364109 -0.619153 -0.695755
vn -0.025946 -0.087195 -0.995853
vn -0.475854 -0.868623 -0.138046
vn -0.302335 -0.580819 -0.755806
vn -0.302335 -0.580819 -0.755806
vn -0.018249 -0.031390 -0.999341
vn 0.051460 0.217890 -0.974616
vn 0.124287 0.161575 -0.979003
vn 0.260744 0.442684 -0.857930
vn 0.154348 0.332396 -0.930425
vn 0.009911 -0.012055 -0.999878
vn 0.012518 -0.029183 -0.999496
vn -0.024838 -0.006909 -0.999668
vn -0.021702 -0.077828 -0.996731
vn 0.043249 -0.026868 -0.998703
vn 0.019434 0.007918 -0.999780
vn -0.000187 -0.031455 -0.999505
vn -0.068228 -0.023732 -0.997388
vn -0.065045 -0.014862 -0.997772
vn 0.145570 0.275695 -0.950159
vn 0.168903 0.303770 -0.937654
vn 0.160275 0.328624 -0.930762
vn 0.205850 0.452042 -0.867919
vn 0.276699 0.540259 -0.794706
vn 0.083806 0.232579 -0.968960
vn -0.381153 -0.653083 -0.654374
vn -0.381153 -0.653083 -0.654374
vn -0.044601 -0.053895 -0.997550
vn -0.461250 -0.877212 -0.133220
vn -0.313495 -0.589097 -0.744772
vn -0.313495 -0.589097 -0.744772
vn -0.041698 0.004739 -0.999119
vn 0.081631 0.066621 -0.994434
vn 0.162373 0.087216 -0.982867
vn 0.230156 0.394436 -0.889634
vn 0.144403 0.307611 -0.940491
vn 0.022534 -0.028478 -0.999340
vn -0.022077 -0.014331 -0.999654
vn -0.008404 -0.029296 -0.999536
vn 0.021748 -0.077204 -0.996778
vn 0.001814 -0.025213 -0.999680
vn 0.017135 0.026236 -0.999509
vn -0.066325 0.023149 -0.997530
vn 0.028718 -0.048354 -0.998417
vn 0.035103 -0.071302 -0.996837
vn 0.194440 0.358368 -0.913108
vn 0.134010 0.348994 -0.927494
vn 0.227631 0.445877 -0.865666
vn 0.281155 0.551935 -0.785061
vn 0.110695 0.226521 -0.967696
vn -0.326932 -0.685923 -0.650097
vn -0.326932 -0.685923 -0.650097
vn -0.006287 -0.079542 -0.996812
vn -0.414966 -0.896121 -0.157389
vn -0.271190 -0.612898 -0.742168
vn -0.271190 -0.612898 -0.742168
vn 0.057598 -0.040830 -0.997505
vn 0.130884 -0.046866 -0.990289
vn 0.134323 0.040871 -0.990094
vn 0.194569 0.348873 -0.916750
vn 0.147775 0.259480 -0.954376
vn -0.030219 -0.000911 -0.999543
vn 0.001400 -0.024884 -0.999689
vn 0.022722 -0.043932 -0.998776
vn -0.005083 -0.062947 -0.998004
vn -0.013223 -0.019087 -0.999730
vn -0.055311 0.065511 -0.996318
vn 0.045643 -0.022914 -0.998695
vn 0.068899 -0.072565 -0.994981
vn 0.065848 -0.059010 -0.996083
vn 0.135531 0.366704 -0.920413
vn 0.110380 0.314107 -0.942949
vn 0.245390 0.448257 -0.859563
vn 0.296647 0.557796 -0.775155
vn 0.166564 0.234559 -0.957726
vn -0.245118 -0.601257 -0.760531
vn -0.245118 -0.601257 -0.760531
vn 0.004816 -0.121711 -0.992554
vn -0.410375 -0.890530 -0.196338
vn -0.288400 -0.598328 -0.747549
vn -0.288400 -0.598328 -0.747549
vn 0.065352 -0.065749 -0.995694
vn 0.105769 -0.058544 -0.992666
vn 0.078726 0.079857 -0.993693
vn 0.171990 0.352824 -0.919747
vn 0.062530 0.278511 -0.958395
vn 0.007048 -0.000050 -0.999975
vn 0.019850 -0.035485 -0.999173
vn 0.012359 -0.022116 -0.999679
vn -0.031229 -0.057167 -0.997876
vn -0.066832 -0.010304 -0.997711
vn 0.057952 0.015591 -0.998198
vn 0.086915 -0.068199 -0.993879
vn -0.035915 -0.009296 -0.999312
vn -0.037656 -0.010031 -0.999240
vn 0.049302 0.280675 -0.958536
vn 0.123336 0.252069 -0.959817
vn 0.267866 0.459886 -0.846613
vn 0.309614 0.536917 -0.784767
vn 0.181113 0.284073 -0.941542
vn -0.237328 -0.561008 -0.793061
vn -0.237328 -0.561008 -0.793061
vn -0.053705 -0.096099 -0.993922
vn -0.419577 -0.877508 -0.232239
vn -0.294803 -0.583112 -0.757015
vn -0.294803 -0.583112 -0.757015
vn -0.035809 -0.022036 -0.999116
vn 0.041262 0.062156 -0.997213
vn 0.042422 0.180658 -0.982631
vn 0.145234 0.375741 -0.915274
vn 0.092893 0.175600 -0.980069
vn 0.040601 -0.023171 -0.998907
vn -0.001617 -0.019176 -0.999815
vn -0.004335 -0.005216 -0.999977
vn -0.060270 -0.047153 -0.997068
vn -0.009480 -0.043847 -0.998993
vn 0.139881 -0.001975 -0.990166
vn -0.044223 -0.013751 -0.998927
vn -0.026011 -0.011313 -0.999598
vn -0.016150 -0.012055 -0.999797
vn 0.050776 0.157702 -0.986180
vn 0.150136 0.214055 -0.965215
vn 0.264612 0.485097 -0.833464
vn 0.290753 0.515153 -0.806276
vn 0.170318 0.340250 -0.924782
vn -0.216216 -0.487669 -0.845831
vn -0.216216 -0.487669 -0.845831
vn -0.045634 -0.085361 -0.995305
vn -0.437064 -0.864377 -0.248652
vn -0.294067 -0.583559 -0.756957
vn -0.294067 -0.583559 -0.756957
vn -0.016851 -0.025928 -0.999522
vn 0.002173 0.201558 -0.979474
vn 0.088432 0.237523 -0.967348
vn 0.197917 0.359134 -0.912059
vn 0.136080 0.060461 -0.988851
vn -0.006605 -0.014416 -0.999874
vn -0.006834 -0.007807 -0.999946
vn -0.029559 0.005688 -0.999547
vn -0.039033 -0.056918 -0.997616
vn 0.068788 -0.018243 -0.997465
vn 0.005320 0.049128 -0.998778
vn -0.033162 -0.012090 -0.999377
vn -0.001847 -0.009570 -0.999953
vn -0.011111 -0.007901 -0.999907
vn 0.079593 0.092724 -0.992506
vn 0.125883 0.217303 -0.967953
vn 0.241536 0.489312 -0.837994
vn 0.259436 0.517131 -0.815640
vn 0.169878 0.358556 -0.917921
vn -0.221373 -0.499291 -0.837677
vn -0.221373 -0.499291 -0.837677
vn -0.038699 -0.089609 -0.995225
vn -0.437943 -0.862819 -0.252485
vn -0.295850 -0.585179 -0.755009
vn -0.295850 -0.585179 -0.755009
vn -0.007066 -0.029233 -0.999548
vn 0.065104 0.230451 -0.970904
vn 0.147249 0.273359 -0.950575
vn 0.259304 0.380521 -0.887674
vn 0.033134 0.046575 -0.998365
vn -0.011846 -0.007825 -0.999899
vn -0.026097 -0.003553 -0.999653
vn -0.018600 0.005663 -0.999811
vn -0.012309 -0.048440 -0.998750
vn 0.025136 0.025101 -0.999369
vn -0.008098 0.018967 -0.999787
vn -0.021112 -0.016955 -0.999633
vn -0.002958 -0.007562 -0.999967
vn -0.000209 -0.007146 -0.999974
vn 0.028562 0.048574 -0.998411
vn 0.090915 0.234086 -0.967956
vn 0.217560 0.473511 -0.853496
vn 0.243745 0.521023 -0.818000
vn 0.180218 0.331718 -0.926005
vn -0.257695 -0.547336 -0.796252
vn -0.257695 -0.547336 -0.796252
vn -0.041052 -0.090392 -0.995060
vn -0.456231 -0.847529 -0.271196
vn -0.378326 -0.548880 -0.745386
vn -0.378326 -0.548880 -0.745386
vn -0.010189 -0.023411 -0.999674
vn 0.084970 0.190407 -0.978021
vn 0.175872 0.338663 -0.924325
vn 0.209507 0.470879 -0.856960
vn 0.010112 0.041266 -0.999097
vn -0.017734 -0.002575 -0.999839
vn -0.030839 -0.012000 -0.999452
vn -0.005928 0.006400 -0.999962
vn -0.000838 -0.025598 -0.999672
vn 0.008257 0.009619 -0.999920
vn -0.002358 -0.008850 -0.999958
vn -0.008944 -0.024287 -0.999665
vn -0.053054 -0.002221 -0.998589
vn -0.048594 0.025445 -0.998495
vn 0.065293 0.228644 -0.971318
vn 0.086702 0.240992 -0.966647
vn 0.209372 0.459267 -0.863271
vn 0.246150 0.518485 -0.818892
vn 0.154771 0.294398 -0.943067
vn -0.291831 -0.512573 -0.807529
vn -0.291831 -0.512573 -0.807529
vn -0.126149 -0.089122 -0.988000
vn -0.426281 -0.856787 -0.290174
vn -0.323165 -0.635894 -0.700859
vn -0.323165 -0.635894 -0.700859
vn -0.043221 0.002521 -0.999062
vn 0.038518 0.039687 -0.998469
vn 0.176113 0.354694 -0.918246
vn 0.210222 0.489758 -0.846134
vn 0.004833 0.042220 -0.999097
vn -0.018032 -0.013919 -0.999741
vn -0.018873 -0.026331 -0.999475
vn 0.005835 -0.004071 -0.999975
vn 0.007970 -0.022862 -0.999707
vn 0.014955 -0.015909 -0.999762
vn -0.002857 -0.031249 -0.999508
vn -0.029637 -0.031258 -0.999072
vn 0.015535 0.004593 -0.999869
vn -0.010289 -0.051525 -0.998619
vn 0.117927 0.303855 -0.945392
vn 0.108469 0.242175 -0.964150
vn 0.212944 0.451412 -0.866535
vn 0.244976 0.519232 -0.818771
vn 0.119771 0.309060 -0.943471
vn -0.281147 -0.479081 -0.831527
vn -0.281147 -0.479081 -0.831527
vn -0.089897 -0.170091 -0.981319
vn -0.407496 -0.866181 -0.289272
vn -0.252424 -0.641926 -0.724025
vn -0.252424 -0.641926 -0.724025
vn 0.002354 -0.017828 -0.999838
vn -0.011555 -0.162800 -0.986591
vn 0.124052 0.380983 -0.916222
vn 0.230146 0.492763 -0.839177
vn 0.015436 0.046934 -0.998779
vn -0.016059 -0.029469 -0.999437
vn -0.008752 -0.030443 -0.999498
vn 0.013647 -0.009445 -0.999862
vn 0.015320 -0.027306 -0.999510
vn 0.013728 -0.030846 -0.999430
vn -0.017085 -0.026670 -0.999498
vn -0.007514 -0.058282 -0.998272
vn 0.033509 -0.065733 -0.997274
vn 0.044323 -0.031145 -0.998532
vn 0.227114 0.521389 -0.822540
vn 0.205349 0.570327 -0.795335
vn 0.147710 0.275156 -0.949985
vn 0.131685 0.248654 -0.959599
vn 0.218627 0.451755 -0.864939
vn 0.248181 0.522828 -0.815510
vn 0.141108 0.349823 -0.926128
vn -0.218921 -0.437608 -0.872109
vn -0.218921 -0.437608 -0.872109
vn -0.035819 -0.184384 -0.982202
vn -0.436936 -0.850639 -0.292405
vn -0.320739 -0.597159 -0.735206
vn -0.320739 -0.597159 -0.735206
vn 0.013583 -0.034624 -0.999308
vn -0.267049 -0.139975 -0.953463
vn 0.142489 0.472286 -0.869852
vn 0.237892 0.490098 -0.838577
vn 0.026305 0.049568 -0.998424
vn -0.016238 -0.015047 -0.999755
vn -0.004145 -0.024807 -0.999684
vn 0.020902 -0.003473 -0.999776
vn 0.020789 -0.026991 -0.999420
vn -0.022989 -0.013261 -0.999648
vn 0.002628 -0.022018 -0.999754
vn 0.011183 -0.050283 -0.998672
vn -0.026792 -0.020396 -0.999433
vn -0.029258 -0.019011 -0.999391
vn 0.253386 0.462716 -0.849523
vn 0.176682 0.287162 -0.941447
vn 0.157186 0.269564 -0.950067
vn 0.232580 0.458083 -0.857943
vn 0.265337 0.520507 -0.811584
vn 0.192855 0.382229 -0.903719
vn -0.201986 -0.447199 -0.871329
vn -0.201986 -0.447199 -0.871329
vn -0.081632 -0.121883 -0.989182
vn -0.419278 -0.856787 -0.300204
vn -0.290225 -0.616980 -0.731509
vn -0.290225 -0.616980 -0.731509
vn -0.033942 -0.018505 -0.999252
vn -0.289467 0.032167 -0.956648
vn 0.198233 0.497395 -0.844572
vn 0.266837 0.455058 -0.849541
vn 0.016301 0.049174 -0.998657
vn 0.004208 -0.027139 -0.999623
vn 0.004748 -0.032928 -0.999446
vn 0.027968 0.007952 -0.999577
vn -0.020414 -0.012837 -0.999709
vn -0.004126 -0.012610 -0.999912
vn 0.012360 -0.022206 -0.999677
vn -0.025875 -0.015563 -0.999544
vn -0.026183 -0.019471 -0.999468
vn -0.030917 -0.015830 -0.999397
vn 0.258886 0.439698 -0.860026
vn 0.196126 0.295486 -0.934999
vn 0.146092 0.283499 -0.947779
vn 0.241915 0.463783 -0.852281
vn 0.272746 0.515381 -0.812399
vn 0.214977 0.387496 -0.896455
vn -0.197251 -0.470646 -0.859991
vn -0.197251 -0.470646 -0.859991
vn -0.047792 -0.122071 -0.991370
vn -0.416309 -0.857234 -0.303046
vn -0.284180 -0.597372 -0.749925
vn -0.284180 -0.597372 -0.749925
vn -0.013859 -0.021389 -0.999675
vn -0.077243 0.115055 -0.990351
vn 0.280122 0.452273 -0.846747
vn 0.268094 0.404646 -0.874293
vn 0.047073 0.024178 -0.998599
vn 0.013858 -0.064655 -0.997811
vn -0.011980 -0.011339 -0.999864
vn 0.012612 0.013824 -0.999825
vn -0.011983 -0.031204 -0.999441
vn 0.018537 -0.024532 -0.999527
vn -0.021377 -0.010399 -0.999717
vn -0.031832 -0.009055 -0.999452
vn -0.011542 -0.016970 -0.999789
vn -0.016963 -0.024187 -0.999564
vn 0.250784 0.398749 -0.882104
vn 0.160006 0.324322 -0.932316
vn 0.118939 0.260456 -0.958132
vn 0.228818 0.460169 -0.857839
vn 0.274850 0.514508 -0.812243
vn 0.216393 0.373638 -0.901981
vn -0.185347 -0.471793 -0.862008
vn -0.185347 -0.471793 -0.862008
vn -0.043634 -0.106209 -0.993386
vn -0.285210 -0.579240 -0.763634
vn -0.285210 -0.579240 -0.763634
vn -0.413894 -0.856527 -0.308307
vn -0.007203 -0.016729 -0.999834
vn 0.068994 0.063146 -0.995617
vn 0.331206 0.421941 -0.843960
vn 0.257329 0.351337 -0.900191
vn 0.068893 0.030151 -0.997168
vn -0.051252 -0.056115 -0.997108
vn 0.005635 0.020463 -0.999775
vn 0.017774 -0.014536 -0.999736
vn 0.005374 -0.031830 -0.999479
vn -0.019169 -0.010087 -0.999765
vn -0.033194 -0.007901 -0.999418
vn -0.012308 -0.010564 -0.999869
vn 0.005067 -0.024823 -0.999679
vn -0.000851 -0.025677 -0.999670
vn 0.218894 0.431777 -0.875017
vn 0.119777 0.342974 -0.931677
vn 0.105110 0.236357 -0.965964
vn 0.232595 0.437146 -0.868794
vn 0.266506 0.519587 -0.811791
vn 0.213641 0.344798 -0.914042
vn -0.211647 -0.488475 -0.846521
vn -0.211647 -0.488475 -0.846521
vn -0.051775 -0.092770 -0.994341
vn -0.402102 -0.862341 -0.307704
vn -0.276733 -0.590852 -0.757834
vn -0.276733 -0.590852 -0.757834
vn -0.008916 -0.025799 -0.999627
vn 0.097149 0.070572 -0.992765
vn 0.333478 0.394897 -0.856066
vn 0.239735 0.377290 -0.894527
vn 0.022206 0.086162 -0.996034
vn -0.061116 -0.048686 -0.996943
vn 0.050501 0.014806 -0.998614
vn -0.002293 -0.018714 -0.999822
vn -0.017542 -0.006299 -0.999826
vn -0.027249 -0.013593 -0.999536
vn -0.019931 -0.015737 -0.999678
vn -0.002531 -0.009514 -0.999952
vn -0.000302 -0.032064 -0.999486
vn 0.005120 -0.005030 -0.999974
vn 0.195930 0.527675 -0.826541
vn 0.118081 0.315707 -0.941481
vn 0.102552 0.218636 -0.970403
vn 0.208724 0.430556 -0.878098
vn 0.257515 0.505130 -0.823729
vn 0.191718 0.334661 -0.922630
vn -0.222690 -0.469368 -0.854460
vn -0.222690 -0.469368 -0.854460
vn -0.046077 -0.098073 -0.994112
vn -0.432296 -0.850164 -0.300567
vn -0.308080 -0.615770 -0.725199
vn -0.308080 -0.615770 -0.725199
vn -0.011396 -0.037138 -0.999245
vn 0.166082 0.079601 -0.982894
vn 0.275945 0.327014 -0.903834
vn 0.201527 0.420882 -0.884446
vn 0.016245 0.120576 -0.992571
vn -0.005678 -0.030834 -0.999508
vn 0.028679 0.004208 -0.999580
vn -0.019776 -0.008458 -0.999769
vn -0.014241 -0.012672 -0.999818
vn -0.022260 -0.027394 -0.999377
vn -0.009341 -0.021229 -0.999731
vn -0.012348 0.004255 -0.999915
vn 0.014612 -0.001969 -0.999891
vn -0.008442 -0.034539 -0.999368
vn 0.206351 0.540013 -0.815969
vn 0.119704 0.291608 -0.949018
vn 0.104439 0.215033 -0.971006
vn 0.194746 0.423983 -0.884484
vn 0.259798 0.488598 -0.832933
vn 0.170181 0.347463 -0.922121
vn -0.233686 -0.419801 -0.877017
vn -0.233686 -0.419801 -0.877017
vn -0.044678 -0.109290 -0.993005
vn -0.317836 -0.592963 -0.739848
vn -0.317836 -0.592963 -0.739848
vn -0.450463 -0.843133 -0.293615
vn -0.005799 -0.039377 -0.999208
vn 0.251194 -0.101506 -0.962600
vn 0.128376 0.289431 -0.948551
vn 0.197881 0.442288 -0.874771
vn 0.030419 0.155351 -0.987391
vn 0.027225 0.002948 -0.999625
vn -0.010026 -0.003393 -0.999944
vn -0.010691 -0.008646 -0.999906
vn -0.015756 -0.011638 -0.999808
vn -0.016800 -0.030881 -0.999382
vn -0.028610 -0.011628 -0.999523
vn 0.021133 -0.007000 -0.999752
vn -0.016390 -0.031759 -0.999361
vn 0.004919 -0.017243 -0.999839
vn 0.224945 0.515170 -0.827043
vn 0.112168 0.224169 -0.968074
vn 0.129710 0.245358 -0.960716
vn 0.235139 0.411703 -0.880460
vn 0.255986 0.496003 -0.829730
vn 0.177172 0.365061 -0.913970
vn -0.359088 -0.645426 -0.674153
vn -0.359088 -0.645426 -0.674153
vn -0.064774 -0.106969 -0.992150
vn -0.440409 -0.848772 -0.292619
vn -0.311820 -0.580413 -0.752256
vn -0.311820 -0.580413 -0.752256
vn -0.022369 -0.033040 -0.999204
vn 0.120355 -0.168389 -0.978346
vn 0.087413 0.299909 -0.949954
vn 0.175678 0.437205 -0.882037
vn 0.089777 0.186308 -0.978381
vn 0.019920 0.010782 -0.999743
vn -0.017177 -0.000674 -0.999852
vn -0.017237 0.000751 -0.999851
vn -0.012227 0.000487 -0.999925
vn -0.033729 -0.018119 -0.999267
vn 0.006016 -0.015659 -0.999859
vn 0.027306 -0.025935 -0.999291
vn -0.022551 -0.029624 -0.999307
vn -0.004927 -0.025619 -0.999660
vn 0.239036 0.511498 -0.825368
vn 0.100371 0.130226 -0.986391
vn 0.161002 0.250614 -0.954605
vn 0.244728 0.432136 -0.867967
vn 0.259793 0.499433 -0.826483
vn 0.184519 0.373966 -0.908902
vn -0.441518 -0.857508 -0.264088
vn -0.074816 -0.102805 -0.991884
vn -0.038437 -0.029408 -0.998828
vn -0.097289 0.050203 -0.993989
vn 0.149199 0.273543 -0.950218
vn 0.205056 0.383481 -0.900497
vn 0.123518 0.147546 -0.981312
vn -0.011716 0.003325 -0.999926
vn -0.015793 0.002207 -0.999873
vn -0.019088 0.004880 -0.999806
vn -0.021889 0.019486 -0.999571
vn -0.019970 -0.003907 -0.999793
vn 0.040135 -0.012556 -0.999115
vn 0.002746 -0.027246 -0.999625
vn 0.101865 0.147071 -0.983867
vn 0.148093 0.236995 -0.960157
vn 0.252214 0.463556 -0.849414
vn 0.256747 0.501266 -0.826325
vn 0.067097 0.045760 -0.996697
vn 0.171238 0.185126 -0.967681
vn 0.226070 0.352643 -0.908039
vn 0.087582 0.063320 -0.994143
vn -0.013891 -0.009830 -0.999855
vn -0.018851 -0.006218 -0.999803
vn -0.033932 0.019678 -0.999230
vn -0.028806 0.038925 -0.998827
vn 0.024515 0.016396 -0.999565
vn 0.024391 0.002576 -0.999699
vn 0.065772 0.101417 -0.992667
vn 0.141194 0.226258 -0.963780
vn 0.254048 0.506525 -0.823949
vn 0.086024 -0.057703 -0.994621
vn 0.104178 0.139087 -0.984785
vn 0.288228 0.293609 -0.911437
vn 0.018760 0.013104 -0.999738
vn -0.015064 -0.016057 -0.999758
vn -0.053643 0.017032 -0.998415
vn -0.048473 0.046653 -0.997734
vn 0.006342 0.039095 -0.999215
vn 0.037155 0.032716 -0.998774
vn 0.051736 0.073631 -0.995943
vn -0.076872 -0.185609 -0.979612
vn 0.160247 0.067199 -0.984787
vn 0.177195 0.257823 -0.949805
vn -0.012633 0.043462 -0.998975
vn -0.076424 0.035386 -0.996447
vn -0.073858 0.058787 -0.995535
vn -0.005147 0.045392 -0.998956
vn 0.033993 0.032315 -0.998900
vn -0.036952 -0.220516 -0.974683
vn 0.243784 0.244284 -0.938560
vn 0.053236 0.292736 -0.954710
vn -0.056311 0.081033 -0.995119
vn -0.095147 0.080823 -0.992177
vn -0.015972 0.058201 -0.998177
vn 0.035711 0.032477 -0.998834
vn 0.119790 -0.035687 -0.992158
vn 0.087132 0.278794 -0.956390
vn 0.085736 0.281016 -0.955866
vn -0.095744 0.056129 -0.993822
vn -0.027015 0.062118 -0.997703
vn 0.029985 0.044624 -0.998554
vn 0.049457 0.053746 -0.997329
vn 0.053772 0.254760 -0.965508
vn 0.071018 0.266266 -0.961280
vn -0.065848 0.029897 -0.997382
vn 0.005971 0.047715 -0.998843
vn -0.087783 0.063103 -0.994139
vn 0.037427 0.428412 -0.902808
vn 0.011374 0.210359 -0.977558
vn -0.039598 0.033421 -0.998657
vn -0.168670 0.359246 -0.917874
vn 0.034638 0.553883 -0.831874
vn -0.068243 0.025988 -0.997330
vn -0.135198 0.540369 -0.830496
usemtl meteo_path
s 1
f 1/1/1 2/2/2 3/3/3
f 1/1/1 3/3/3 5/5/5
f 1/1/1 7/7/7 8/8/8
f 1/1/1 8/8/8 2/2/2
f 2/2/2 9/9/9 10/10/10
f 2/2/2 10/10/10 3/3/3
f 4/4/4 12/12/12 13/13/13
f 4/4/4 13/13/13 6/6/6
f 14/14/14 16/16/16 17/17/17
f 14/14/14 17/17/17 5/5/5
f 1/1/1 17/17/17 18/18/18
f 1/1/1 18/18/18 7/7/7
f 19/19/19 20/20/20 8/8/8
f 19/19/19 8/8/8 7/7/7
f 2/2/2 8/8/8 21/21/21
f 2/2/2 21/21/21 9/9/9
f 9/9/9 22/22/22 23/23/23
f 9/9/9 23/23/23 10/10/10
f 4/4/4 11/11/11 25/25/25
f 4/4/4 25/25/25 12/12/12
f 12/12/12 26/26/26 27/27/27
f 12/12/12 27/27/27 13/13/13
f 15/15/15 6/6/6 13/13/13
f 15/15/15 13/13/13 28/28/28
f 14/14/14 29/29/29 31/31/31
f 14/14/14 31/31/31 16/16/16
f 17/17/17 16/16/16 32/32/32
f 17/17/17 32/32/32 18/18/18
f 19/19/19 7/7/7 18/18/18
f 19/19/19 18/18/18 33/33/33
f 19/19/19 34/34/34 35/35/35
f 19/19/19 35/35/35 20/20/20
f 21/21/21 8/8/8 20/20/20
f 21/21/21 20/20/20 36/36/36
f 9/9/9 21/21/21 37/37/37
f 9/9/9 37/37/37 22/22/22
f 23/23/23 22/22/22 38/38/38
f 23/23/23 38/38/38 39/39/39
f 11/11/11 24/24/24 41/41/41
f 11/11/11 41/41/41 25/25/25
f 12/12/12 25/25/25 42/42/42
f 12/12/12 42/42/42 26/26/26
f 44/44/44 27/27/27 26/26/26
f 44/44/44 26/26/26 46/46/46
f 13/13/13 27/27/27 47/47/47
f 13/13/13 47/47/47 28/28/28
f 15/15/15 28/28/28 48/48/48
f 15/15/15 48/48/48 30/30/30
f 29/29/29 49/49/49 51/51/51
f 29/29/29 51/51/51 31/31/31
f 32/32/32 16/16/16 31/31/31
f 32/32/32 31/31/31 52/52/52
f 32/32/32 53/53/53 33/33/33
f 32/32/32 33/33/33 18/18/18
f 19/19/19 33/33/33 54/54/54
f 19/19/19 54/54/54 34/34/34
f 55/55/55 56/56/56 35/35/35
f 55/55/55 35/35/35 34/34/34
f 20/20/20 35/35/35 57/57/57
f 20/20/20 57/57/57 36/36/36
f 21/21/21 36/36/36 58/58/58
f 21/21/21 58/58/58 37/37/37
f 37/37/37 59/59/59 38/38/38
f 37/37/37 38/38/38 22/22/22
f 39/39/39 38/38/38 60/60/60
f 39/39/39 60/60/60 61/61/61
f 24/24/24 40/40/40 63/63/63
f 24/24/24 63/63/63 41/41/41
f 42/42/42 25/25/25 41/41/41
f 42/42/42 41/41/41 65/65/65
f 67/67/67 46/46/46 26/26/26
f 67/67/67 26/26/26 42/42/42
f 44/44/44 69/69/69 47/47/47
f 44/44/44 47/47/47 27/27/27
f 70/70/70 43/43/43 45/45/45
f 70/70/70 45/45/45 71/71/71
f 48/48/48 28/28/28 47/47/47
f 48/48/48 47/47/47 72/72/72
f 30/30/30 48/48/48 73/73/73
f 30/30/30 73/73/73 50/50/50
f 51/51/51 49/49/49 74/74/74
f 51/51/51 74/74/74 76/76/76
f 31/31/31 77/77/77 78/78/78
f 31/31/31 78/78/78 52/52/52
f 79/79/79 53/53/53 32/32/32
f 79/79/79 32/32/32 52/52/52
f 33/33/33 53/53/53 80/80/80
f 33/33/33 80/80/80 54/54/54
f 81/81/81 55/55/55 34/34/34
f 81/81/81 34/34/34 54/54/54
f 55/55/55 82/82/82 83/83/83
f 55/55/55 83/83/83 56/56/56
f 56/56/56 84/84/84 57/57/57
f 56/56/56 57/57/57 35/35/35
f 36/36/36 57/57/57 85/85/85
f 36/36/36 85/85/85 58/58/58
f 58/58/58 86/86/86 59/59/59
f 58/58/58 59/59/59 37/37/37
f 59/59/59 87/87/87 60/60/60
f 59/59/59 60/60/60 38/38/38
f 60/60/60 88/88/88 89/89/89
f 60/60/60 89/89/89 61/61/61
f 40/40/40 62/62/62 91/91/91
f 40/40/40 91/91/91 63/63/63
f 63/63/63 93/93/93 65/65/65
f 63/63/63 65/65/65 41/41/41
f 67/67/67 42/42/42 65/65/65
f 67/67/67 65/65/65 95/95/95
f 66/66/66 96/96/96 71/71/71
f 66/66/66 71/71/71 45/45/45
f 70/70/70 97/97/97 68/68/68
f 70/70/70 68/68/68 43/43/43
f 72/72/72 47/47/47 69/69/69
f 72/72/72 69/69/69 99/99/99
f 70/70/70 71/71/71 100/100/100
f 70/70/70 100/100/100 101/101/101
f 48/48/48 72/72/72 102/102/102
f 48/48/48 102/102/102 73/73/73
f 75/75/75 50/50/50 73/73/73
f 75/75/75 73/73/73 103/103/103
f 76/76/76 74/74/74 104/104/104
f 76/76/76 104/104/104 106/106/106
f 107/107/107 77/77/77 51/51/51
f 107/107/107 51/51/51 76/76/76
f 107/107/107 108/108/108 78/78/78
f 107/107/107 78/78/78 77/77/77
f 79/79/79 52/52/52 78/78/78
f 79/79/79 78/78/78 109/109/109
f 79/79/79 110/110/110 80/80/80
f 79/79/79 80/80/80 53/53/53
f 81/81/81 54/54/54 80/80/80
f 81/81/81 80/80/80 111/111/111
f 81/81/81 112/112/112 82/82/82
f 81/81/81 82/82/82 55/55/55
f 113/113/113 114/114/114 83/83/83
f 113/113/113 83/83/83 82/82/82
f 83/83/83 115/115/115 84/84/84
f 83/83/83 84/84/84 56/56/56
f 84/84/84 116/116/116 85/85/85
f 84/84/84 85/85/85 57/57/57
f 58/58/58 85/85/85 117/117/117
f 58/58/58 117/117/117 86/86/86
f 59/59/59 86/86/86 118/118/118
f 59/59/59 118/118/118 87/87/87
f 60/60/60 87/87/87 119/119/119
f 60/60/60 119/119/119 88/88/88
f 88/88/88 120/120/120 121/121/121
f 88/88/88 121/121/121 89/89/89
f 62/62/62 90/90/90 123/123/123
f 62/62/62 123/123/123 91/91/91
f 63/63/63 91/91/91 125/125/125
f 63/63/63 125/125/125 93/93/93
f 94/94/94 64/64/64 92/92/92
f 94/94/94 92/92/92 126/126/126
f 127/127/127 96/96/96 66/66/66
f 127/127/127 66/66/66 94/94/94
f 71/71/71 96/96/96 128/128/128
f 71/71/71 128/128/128 100/100/100
f 70/70/70 101/101/101 129/129/129
f 70/70/70 129/129/129 97/97/97
f 131/131/131 102/102/102 72/72/72
f 131/131/131 72/72/72 99/99/99
f 132/132/132 101/101/101 100/100/100
f 132/132/132 100/100/100 133/133/133
f 134/134/134 103/103/103 73/73/73
f 134/134/134 73/73/73 102/102/102
f 75/75/75 103/103/103 135/135/135
f 75/75/75 135/135/135 105/105/105
f 106/106/106 104/104/104 136/136/136
f 106/106/106 136/136/136 138/138/138
f 107/107/107 76/76/76 106/106/106
f 107/107/107 106/106/106 139/139/139
f 107/107/107 139/139/139 140/140/140
f 107/107/107 140/140/140 108/108/108
f 78/78/78 108/108/108 141/141/141
f 78/78/78 141/141/141 109/109/109
f 79/79/79 109/109/109 142/142/142
f 79/79/79 142/142/142 110/110/110
f 111/111/111 80/80/80 110/110/110
f 111/111/111 110/110/110 143/143/143
f 144/144/144 112/112/112 81/81/81
f 144/144/144 81/81/81 111/111/111
f 113/113/113 82/82/82 112/112/112
f 113/113/113 112/112/112 145/145/145
f 113/113/113 146/146/146 147/147/147
f 113/113/113 147/147/147 114/114/114
f 83/83/83 114/114/114 148/148/148
f 83/83/83 148/148/148 115/115/115
f 149/149/149 116/116/116 84/84/84
f 149/149/149 84/84/84 115/115/115
f 150/150/150 117/117/117 85/85/85
f 150/150/150 85/85/85 116/116/116
f 117/117/117 151/151/151 118/118/118
f 117/117/117 118/118/118 86/86/86
f 118/118/118 152/152/152 119/119/119
f 118/118/118 119/119/119 87/87/87
f 88/88/88 119/119/119 153/153/153
f 88/88/88 153/153/153 120/120/120
f 121/121/121 120/120/120 154/154/154
f 121/121/121 154/154/154 155/155/155
f 90/90/90 122/122/122 157/157/157
f 90/90/90 157/157/157 123/123/123
f 159/159/159 125/125/125 91/91/91
f 159/159/159 91/91/91 123/123/123
f 92/92/92 124/124/124 160/160/160
f 92/92/92 160/160/160 126/126/126
f 127/127/127 94/94/94 126/126/126
f 127/127/127 126/126/126 161/161/161
f 127/127/127 162/162/162 128/128/128
f 127/127/127 128/128/128 96/96/96
f 163/163/163 133/133/133 100/100/100
f 163/163/163 100/100/100 128/128/128
f 132/132/132 164/164/164 129/129/129
f 132/132/132 129/129/129 101/101/101
f 165/165/165 166/166/166 97/97/97
f 165/165/165 97/97/97 129/129/129
f 168/168/168 134/134/134 102/102/102
f 168/168/168 102/102/102 131/131/131
f 130/130/130 98/98/98 97/97/97
f 130/130/130 97/97/97 166/166/166
f 132/132/132 133/133/133 169/169/169
f 132/132/132 169/169/169 170/170/170
f 135/135/135 103/103/103 134/134/134
f 135/135/135 134/134/134 171/171/171
f 135/135/135 172/172/172 137/137/137
f 135/135/135 137/137/137 105/105/105
f 173/173/173 138/138/138 136/136/136
f 173/173/173 136/136/136 174/174/174
f 139/139/139 106/106/106 138/138/138
f 139/139/139 138/138/138 176/176/176
f 139/139/139 176/176/176 177/177/177
f 139/139/139 177/177/177 140/140/140
f 108/108/108 140/140/140 178/178/178
f 108/108/108 178/178/178 141/141/141
f 142/142/142 109/109/109 141/141/141
f 142/142/142 141/141/141 179/179/179
f 110/110/110 142/142/142 180/180/180
f 110/110/110 180/180/180 143/143/143
f 144/144/144 111/111/111 143/143/143
f 144/144/144 143/143/143 181/181/181
f 144/144/144 182/182/182 145/145/145
f 144/144/144 145/145/145 112/112/112
f 113/113/113 145/145/145 183/183/183
f 113/113/113 183/183/183 146/146/146
f 146/146/146 184/184/184 185/185/185
f 146/146/146 185/185/185 147/147/147
f 114/114/114 147/147/147 186/186/186
f 114/114/114 186/186/186 148/148/148
f 149/149/149 115/115/115 148/148/148
f 149/149/149 148/148/148 187/187/187
f 150/150/150 116/116/116 149/149/149
f 150/150/150 149/149/149 188/188/188
f 150/150/150 189/189/189 151/151/151
f 150/150/150 151/151/151 117/117/117
f 118/118/118 151/151/151 190/190/190
f 118/118/118 190/190/190 152/152/152
f 153/153/153 119/119/119 152/152/152
f 153/153/153 152/152/152 191/191/191
f 153/153/153 192/192/192 154/154/154
f 153/153/153 154/154/154 120/120/120
f 193/193/193 155/155/155 154/154/154
f 193/193/193 154/154/154 195/195/195
f 122/122/122 156/156/156 196/196/196
f 122/122/122 196/196/196 157/157/157
f 198/198/198 159/159/159 123/123/123
f 198/198/198 123/123/123 157/157/157
f 199/199/199 160/160/160 124/124/124
f 199/199/199 124/124/124 158/158/158
f 126/126/126 160/160/160 200/200/200
f 126/126/126 200/200/200 161/161/161
f 127/127/127 161/161/161 201/201/201
f 127/127/127 201/201/201 162/162/162
f 163/163/163 128/128/128 162/162/162
f 163/163/163 162/162/162 202/202/202
f 163/163/163 203/203/203 169/169/169
f 163/163/163 169/169/169 133/133/133
f 132/132/132 170/170/170 204/204/204
f 132/132/132 204/204/204 164/164/164
f 205/205/205 165/165/165 129/129/129
f 205/205/205 129/129/129 164/164/164
f 206/206/206 166/166/166 165/165/165
f 206/206/206 165/165/165 207/207/207
f 168/168/168 209/209/209 171/171/171
f 168/168/168 171/171/171 134/134/134
f 167/167/167 130/130/130 166/166/166
f 167/167/167 166/166/166 206/206/206
f 210/210/210 170/170/170 169/169/169
f 210/210/210 169/169/169 211/211/211
f 135/135/135 171/171/171 212/212/212
f 135/135/135 212/212/212 172/172/172
f 175/175/175 137/137/137 172/172/172
f 175/175/175 172/172/172 213/213/213
f 214/214/214 176/176/176 138/138/138
f 214/214/214 138/138/138 173/173/173
f 173/173/173 174/174/174 215/215/215
f 173/173/173 215/215/215 217/217/217
f 177/177/177 176/176/176 214/214/214
f 177/177/177 214/214/214 218/218/218
f 140/140/140 177/177/177 219/219/219
f 140/140/140 219/219/219 178/178/178
f 179/179/179 141/141/141 178/178/178
f 179/179/179 178/178/178 220/220/220
f 142/142/142 179/179/179 221/221/221
f 142/142/142 221/221/221 180/180/180
f 181/181/181 143/143/143 180/180/180
f 181/181/181 180/180/180 222/222/222
f 144/144/144 181/181/181 223/223/223
f 144/144/144 223/223/223 182/182/182
f 183/183/183 145/145/145 182/182/182
f 183/183/183 182/182/182 224/224/224
f 225/225/225 184/184/184 146/146/146
f 225/225/225 146/146/146 183/183/183
f 226/226/226 227/227/227 185/185/185
f 226/226/226 185/185/185 184/184/184
f 147/147/147 185/185/185 228/228/228
f 147/147/147 228/228/228 186/186/186
f 186/186/186 229/229/229 187/187/187
f 186/186/186 187/187/187 148/148/148
f 149/149/149 187/187/187 230/230/230
f 149/149/149 230/230/230 188/188/188
f 150/150/150 188/188/188 231/231/231
f 150/150/150 231/231/231 189/189/189
f 189/189/189 232/232/232 190/190/190
f 189/189/189 190/190/190 151/151/151
f 190/190/190 233/233/233 191/191/191
f 190/190/190 191/191/191 152/152/152
f 234/234/234 192/192/192 153/153/153
f 234/234/234 153/153/153 191/191/191
f 195/195/195 154/154/154 192/192/192
f 195/195/195 192/192/192 235/235/235
f 193/193/193 195/195/195 236/236/236
f 193/193/193 236/236/236 237/237/237
f 198/198/198 157/157/157 196/196/196
f 198/198/198 196/196/196 240/240/240
f 199/199/199 158/158/158 197/197/197
f 199/199/199 197/197/197 241/241/241
f 199/199/199 242/242/242 200/200/200
f 199/199/199 200/200/200 160/160/160
f 243/243/243 201/201/201 161/161/161
f 243/243/243 161/161/161 200/200/200
f 244/244/244 202/202/202 162/162/162
f 244/244/244 162/162/162 201/201/201
f 163/163/163 202/202/202 245/245/245
f 163/163/163 245/245/245 203/203/203
f 203/203/203 246/246/246 211/211/211
f 203/203/203 211/211/211 169/169/169
f 210/210/210 247/247/247 204/204/204
f 210/210/210 204/204/204 170/170/170
f 205/205/205 164/164/164 204/204/204
f 205/205/205 204/204/204 248/248/248
f 205/205/205 249/249/249 207/207/207
f 205/205/205 207/207/207 165/165/165
f 250/250/250 206/206/206 207/207/207
f 250/250/250 207/207/207 251/251/251
f 250/250/250 208/208/208 167/167/167
f 250/250/250 167/167/167 206/206/206
f 253/253/253 212/212/212 171/171/171
f 253/253/253 171/171/171 209/209/209
f 172/172/172 212/212/212 254/254/254
f 172/172/172 254/254/254 213/213/213
f 216/216/216 175/175/175 213/213/213
f 216/216/216 213/213/213 255/255/255
f 214/214/214 173/173/173 217/217/217
f 214/214/214 217/217/217 256/256/256
f 257/257/257 259/259/259 217/217/217
f 257/257/257 217/217/217 215/215/215
f 214/214/214 256/256/256 260/260/260
f 214/214/214 260/260/260 218/218/218
f 177/177/177 218/218/218 261/261/261
f 177/177/177 261/261/261 219/219/219
f 178/178/178 219/219/219 262/262/262
f 178/178/178 262/262/262 220/220/220
f 179/179/179 220/220/220 263/263/263
f 179/179/179 263/263/263 221/221/221
f 222/222/222 180/180/180 221/221/221
f 222/222/222 221/221/221 264/264/264
f 181/181/181 222/222/222 265/265/265
f 181/181/181 265/265/265 223/223/223
f 223/223/223 266/266/266 224/224/224
f 223/223/223 224/224/224 182/182/182
f 225/225/225 183/183/183 224/224/224
f 225/225/225 224/224/224 267/267/267
f 225/225/225 268/268/268 226/226/226
f 225/225/225 226/226/226 184/184/184
f 226/226/226 269/269/269 270/270/270
f 226/226/226 270/270/270 227/227/227
f 227/227/227 271/271/271 228/228/228
f 227/227/227 228/228/228 185/185/185
f 186/186/186 228/228/228 272/272/272
f 186/186/186 272/272/272 229/229/229
f 187/187/187 229/229/229 273/273/273
f 187/187/187 273/273/273 230/230/230
f 230/230/230 274/274/274 231/231/231
f 230/230/230 231/231/231 188/188/188
f 189/189/189 231/231/231 275/275/275
f 189/189/189 275/275/275 232/232/232
f 190/190/190 232/232/232 276/276/276
f 190/190/190 276/276/276 233/233/233
f 234/234/234 191/191/191 233/233/233
f 234/234/234 233/233/233 277/277/277
f 234/234/234 278/278/278 235/235/235
f 234/234/234 235/235/235 192/192/192
f 236/236/236 195/195/195 235/235/235
f 236/236/236 235/235/235 279/279/279
f 280/280/280 237/237/237 236/236/236
f 280/280/280 236/236/236 282/282/282
f 196/196/196 283/283/283 285/285/285
f 196/196/196 285/285/285 240/240/240
f 286/286/286 241/241/241 197/197/197
f 286/286/286 197/197/197 239/239/239
f 199/199/199 241/241/241 287/287/287
f 199/199/199 287/287/287 242/242/242
f 288/288/288 243/243/243 200/200/200
f 288/288/288 200/200/200 242/242/242
f 244/244/244 201/201/201 243/243/243
f 244/244/244 243/243/243 289/289/289
f 244/244/244 290/290/290 245/245/245
f 244/244/244 245/245/245 202/202/202
f 245/245/245 291/291/291 246/246/246
f 245/245/245 246/246/246 203/203/203
f 292/292/292 248/248/248 204/204/204
f 292/292/292 204/204/204 247/247/247
f 205/205/205 248/248/248 293/293/293
f 205/205/205 293/293/293 249/249/249
f 251/251/251 207/207/207 249/249/249
f 251/251/251 249/249/249 294/294/294
f 250/250/250 251/251/251 295/295/295
f 250/250/250 295/295/295 296/296/296
f 250/250/250 296/296/296 252/252/252
f 250/250/250 252/252/252 208/208/208
f 253/253/253 298/298/298 254/254/254
f 253/253/253 254/254/254 212/212/212
f 255/255/255 213/213/213 254/254/254
f 255/255/255 254/254/254 299/299/299
f 258/258/258 216/216/216 255/255/255
f 258/258/258 255/255/255 300/300/300
f 301/301/301 256/256/256 217/217/217
f 301/301/301 217/217/217 259/259/259
f 257/257/257 302/302/302 304/304/304
f 257/257/257 304/304/304 259/259/259
f 301/301/301 305/305/305 260/260/260
f 301/301/301 260/260/260 256/256/256
f 218/218/218 260/260/260 306/306/306
f 218/218/218 306/306/306 261/261/261
f 219/219/219 261/261/261 307/307/307
f 219/219/219 307/307/307 262/262/262
f 262/262/262 308/308/308 263/263/263
f 262/262/262 263/263/263 220/220/220
f 221/221/221 263/263/263 309/309/309
f 221/221/221 309/309/309 264/264/264
f 222/222/222 264/264/264 310/310/310
f 222/222/222 310/310/310 265/265/265
f 223/223/223 265/265/265 311/311/311
f 223/223/223 311/311/311 266/266/266
f 267/267/267 224/224/224 266/266/266
f 267/267/267 266/266/266 312/312/312
f 313/313/313 268/268/268 225/225/225
f 313/313/313 225/225/225 267/267/267
f 226/226/226 268/268/268 314/314/314
f 226/226/226 314/314/314 269/269/269
f 315/315/315 316/316/316 270/270/270
f 315/315/315 270/270/270 269/269/269
f 227/227/227 270/270/270 317/317/317
f 227/227/227 317/317/317 271/271/271
f 272/272/272 228/228/228 271/271/271
f 272/272/272 271/271/271 318/318/318
f 273/273/273 229/229/229 272/272/272
f 273/273/273 272/272/272 319/319/319
f 230/230/230 273/273/273 320/320/320
f 230/230/230 320/320/320 274/274/274
f 274/274/274 321/321/321 275/275/275
f 274/274/274 275/275/275 231/231/231
f 276/276/276 232/232/232 275/275/275
f 276/276/276 275/275/275 322/322/322
f 276/276/276 323/323/323 277/277/277
f 276/276/276 277/277/277 233/233/233
f 234/234/234 277/277/277 324/324/324
f 234/234/234 324/324/324 278/278/278
f 279/279/279 235/235/235 278/278/278
f 279/279/279 278/278/278 325/325/325
f 282/282/282 236/236/236 279/279/279
f 282/282/282 279/279/279 326/326/326
f 281/281/281 327/327/327 283/283/283
f 281/281/281 283/283/283 238/238/238
f 280/280/280 282/282/282 328/328/328
f 280/280/280 328/328/328 329/329/329
f 332/332/332 285/285/285 283/283/283
f 332/332/332 283/283/283 327/327/327
f 333/333/333 286/286/286 239/239/239
f 333/333/333 239/239/239 284/284/284
f 286/286/286 334/334/334 287/287/287
f 286/286/286 287/287/287 241/241/241
f 288/288/288 242/242/242 287/287/287
f 288/288/288 287/287/287 335/335/335
f 288/288/288 336/336/336 289/289/289
f 288/288/288 289/289/289 243/243/243
f 244/244/244 289/289/289 337/337/337
f 244/244/244 337/337/337 290/290/290
f 245/245/245 290/290/290 338/338/338
f 245/245/245 338/338/338 291/291/291
f 292/292/292 339/339/339 293/293/293
f 292/292/292 293/293/293 248/248/248
f 249/249/249 293/293/293 340/340/340
f 249/249/249 340/340/340 294/294/294
f 341/341/341 295/295/295 251/251/251
f 341/341/341 251/251/251 294/294/294
f 296/296/296 295/295/295 342/342/342
f 296/296/296 342/342/342 343/343/343
f 252/252/252 296/296/296 343/343/343
f 252/252/252 343/343/343 297/297/297
f 345/345/345 299/299/299 254/254/254
f 345/345/345 254/254/254 298/298/298
f 255/255/255 299/299/299 346/346/346
f 255/255/255 346/346/346 300/300/300
f 258/258/258 300/300/300 347/347/347
f 258/258/258 347/347/347 303/303/303
f 301/301/301 259/259/259 304/304/304
f 301/301/301 304/304/304 348/348/348
f 349/349/349 351/351/351 304/304/304
f 349/349/349 304/304/304 302/302/302
f 301/301/301 348/348/348 352/352/352
f 301/301/301 352/352/352 305/305/305
f 305/305/305 353/353/353 306/306/306
f 305/305/305 306/306/306 260/260/260
f 354/354/354 307/307/307 261/261/261
f 354/354/354 261/261/261 306/306/306
f 262/262/262 307/307/307 355/355/355
f 262/262/262 355/355/355 308/308/308
f 308/308/308 356/356/356 309/309/309
f 308/308/308 309/309/309 263/263/263
f 264/264/264 309/309/309 357/357/357
f 264/264/264 357/357/357 310/310/310
f 358/358/358 311/311/311 265/265/265
f 358/358/358 265/265/265 310/310/310
f 359/359/359 312/312/312 266/266/266
f 359/359/359 266/266/266 311/311/311
f 313/313/313 267/267/267 312/312/312
f 313/313/313 312/312/312 360/360/360
f 313/313/313 361/361/361 314/314/314
f 313/313/313 314/314/314 268/268/268
f 315/315/315 269/269/269 314/314/314
f 315/315/315 314/314/314 362/362/362
f 315/315/315 363/363/363 364/364/364
f 315/315/315 364/364/364 316/316/316
f 270/270/270 316/316/316 365/365/365
f 270/270/270 365/365/365 317/317/317
f 318/318/318 271/271/271 317/317/317
f 318/318/318 317/317/317 366/366/366
f 367/367/367 319/319/319 272/272/272
f 367/367/367 272/272/272 318/318/318
f 273/273/273 319/319/319 368/368/368
f 273/273/273 368/368/368 320/320/320
f 274/274/274 369/369/369 370/370/370
f 274/274/274 370/370/370 321/321/321
f 275/275/275 321/321/321 371/371/371
f 275/275/275 371/371/371 322/322/322
f 276/276/276 322/322/322 372/372/372
f 276/276/276 372/372/372 323/323/323
f 324/324/324 277/277/277 323/323/323
f 324/324/324 323/323/323 373/373/373
f 325/325/325 278/278/278 324/324/324
f 325/325/325 324/324/324 374/374/374
f 375/375/375 326/326/326 279/279/279
f 375/375/375 279/279/279 325/325/325
f 282/282/282 326/326/326 376/376/376
f 282/282/282 376/376/376 328/328/328
f 281/281/281 330/330/330 377/377/377
f 281/281/281 377/377/377 327/327/327
f 329/329/329 328/328/328 378/378/378
f 329/329/329 378/378/378 379/379/379
f 331/331/331 381/381/381 333/333/333
f 331/331/331 333/333/333 284/284/284
f 332/332/332 327/327/327 377/377/377
f 332/332/332 377/377/377 383/383/383
f 333/333/333 384/384/384 334/334/334
f 333/333/333 334/334/334 286/286/286
f 287/287/287 334/334/334 385/385/385
f 287/287/287 385/385/385 335/335/335
f 288/288/288 335/335/335 386/386/386
f 288/288/288 386/386/386 336/336/336
f 387/387/387 337/337/337 289/289/289
f 387/387/387 289/289/289 336/336/336
f 337/337/337 388/388/388 338/338/338
f 337/337/337 338/338/338 290/290/290
f 339/339/339 389/389/389 340/340/340
f 339/339/339 340/340/340 293/293/293
f 341/341/341 294/294/294 340/340/340
f 341/341/341 340/340/340 390/390/390
f 341/341/341 391/391/391 342/342/342
f 341/341/341 342/342/342 295/295/295
f 392/392/392 393/393/393 343/343/343
f 392/392/392 343/343/343 342/342/342
f 344/344/344 297/297/297 343/343/343
f 344/344/344 343/343/343 393/393/393
f 345/345/345 395/395/395 346/346/346
f 345/345/345 346/346/346 299/299/299
f 347/347/347 300/300/300 346/346/346
f 347/347/347 346/346/346 396/396/396
f 350/350/350 303/303/303 347/347/347
f 350/350/350 347/347/347 397/397/397
f 351/351/351 398/398/398 348/348/348
f 351/351/351 348/348/348 304/304/304
f 349/349/349 399/399/399 401/401/401
f 349/349/349 401/401/401 351/351/351
f 352/352/352 348/348/348 398/398/398
f 352/352/352 398/398/398 402/402/402
f 305/305/305 352/352/352 403/403/403
f 305/305/305 403/403/403 353/353/353
f 404/404/404 354/354/354 306/306/306
f 404/404/404 306/306/306 353/353/353
f 354/354/354 405/405/405 355/355/355
f 354/354/354 355/355/355 307/307/307
f 308/308/308 355/355/355 406/406/406
f 308/308/308 406/406/406 356/356/356
f 357/357/357 309/309/309 356/356/356
f 357/357/357 356/356/356 407/407/407
f 408/408/408 358/358/358 310/310/310
f 408/408/408 310/310/310 357/357/357
f 358/358/358 409/409/409 359/359/359
f 358/358/358 359/359/359 311/311/311
f 410/410/410 360/360/360 312/312/312
f 410/410/410 312/312/312 359/359/359
f 313/313/313 360/360/360 411/411/411
f 313/313/313 411/411/411 361/361/361
f 361/361/361 412/412/412 362/362/362
f 361/361/361 362/362/362 314/314/314
f 315/315/315 362/362/362 413/413/413
f 315/315/315 413/413/413 363/363/363
f 414/414/414 415/415/415 364/364/364
f 414/414/414 364/364/364 363/363/363
f 365/365/365 316/316/316 364/364/364
f 365/365/365 364/364/364 416/416/416
f 317/317/317 365/365/365 417/417/417
f 317/317/317 417/417/417 366/366/366
f 367/367/367 318/318/318 366/366/366
f 367/367/367 366/366/366 418/418/418
f 367/367/367 419/419/419 368/368/368
f 367/367/367 368/368/368 319/319/319
f 420/420/420 369/369/369 320/320/320
f 420/420/420 320/320/320 368/368/368
f 420/420/420 421/421/421 370/370/370
f 420/420/420 370/370/370 369/369/369
f 370/370/370 422/422/422 371/371/371
f 370/370/370 371/371/371 321/321/321
f 322/322/322 371/371/371 423/423/423
f 322/322/322 423/423/423 372/372/372
f 372/372/372 424/424/424 373/373/373
f 372/372/372 373/373/373 323/323/323
f 324/324/324 373/373/373 425/425/425
f 324/324/324 425/425/425 374/374/374
f 426/426/426 375/375/375 325/325/325
f 426/426/426 325/325/325 374/374/374
f 427/427/427 376/376/376 326/326/326
f 427/427/427 326/326/326 375/375/375
f 328/328/328 376/376/376 428/428/428
f 328/328/328 428/428/428 378/378/378
f 429/429/429 377/377/377 330/330/330
f 429/429/429 330/330/330 380/380/380
f 379/379/379 378/378/378 430/430/430
f 379/379/379 430/430/430 431/431/431
f 331/331/331 382/382/382 433/433/433
f 331/331/331 433/433/433 381/381/381
f 333/333/333 381/381/381 434/434/434
f 333/333/333 434/434/434 384/384/384
f 429/429/429 436/436/436 383/383/383
f 429/429/429 383/383/383 377/377/377
f 437/437/437 385/385/385 334/334/334
f 437/437/437 334/334/334 384/384/384
f 438/438/438 386/386/386 335/335/335
f 438/438/438 335/335/335 385/385/385
f 387/387/387 336/336/336 386/386/386
f 387/387/387 386/386/386 439/439/439
f 387/387/387 440/440/440 388/388/388
f 387/387/387 388/388/388 337/337/337
f 389/389/389 441/441/441 390/390/390
f 389/389/389 390/390/390 340/340/340
f 341/341/341 390/390/390 442/442/442
f 341/341/341 442/442/442 391/391/391
f 392/392/392 342/342/342 391/391/391
f 392/392/392 391/391/391 443/443/443
f 392/392/392 444/444/444 445/445/445
f 392/392/392 445/445/445 393/393/393
f 344/344/344 393/393/393 445/445/445
f 344/344/344 445/445/445 394/394/394
f 447/447/447 396/396/396 346/346/346
f 447/447/447 346/346/346 395/395/395
f 347/347/347 396/396/396 448/448/448
f 347/347/347 448/448/448 397/397/397
f 350/350/350 397/397/397 449/449/449
f 350/350/350 449/449/449 400/400/400
f 401/401/401 450/450/450 398/398/398
f 401/401/401 398/398/398 351/351/351
f 401/401/401 399/399/399 451/451/451
f 401/401/401 451/451/451 453/453/453
f 450/450/450 454/454/454 402/402/402
f 450/450/450 402/402/402 398/398/398
f 352/352/352 402/402/402 455/455/455
f 352/352/352 455/455/455 403/403/403
f 404/404/404 353/353/353 403/403/403
f 404/404/404 403/403/403 456/456/456
f 457/457/457 405/405/405 354/354/354
f 457/457/457 354/354/354 404/404/404
f 405/405/405 458/458/458 406/406/406
f 405/405/405 406/406/406 355/355/355
f 459/459/459 407/407/407 356/356/356
f 459/459/459 356/356/356 406/406/406
f 408/408/408 357/357/357 407/407/407
f 408/408/408 407/407/407 460/460/460
f 408/408/408 461/461/461 409/409/409
f 408/408/408 409/409/409 358/358/358
f 462/462/462 410/410/410 359/359/359
f 462/462/462 359/359/359 409/409/409
f 410/410/410 463/463/463 411/411/411
f 410/410/410 411/411/411 360/360/360
f 361/361/361 411/411/411 464/464/464
f 361/361/361 464/464/464 412/412/412
f 412/412/412 465/465/465 413/413/413
f 412/412/412 413/413/413 362/362/362
f 414/414/414 363/363/363 413/413/413
f 414/414/414 413/413/413 466/466/466
f 364/364/364 415/415/415 467/467/467
f 364/364/364 467/467/467 416/416/416
f 468/468/468 417/417/417 365/365/365
f 468/468/468 365/365/365 416/416/416
f 417/417/417 469/469/469 418/418/418
f 417/417/417 418/418/418 366/366/366
f 367/367/367 418/418/418 470/470/470
f 367/367/367 470/470/470 419/419/419
f 420/420/420 368/368/368 419/419/419
f 420/420/420 419/419/419 471/471/471
f 420/420/420 471/471/471 472/472/472
f 420/420/420 472/472/472 421/421/421
f 370/370/370 421/421/421 473/473/473
f 370/370/370 473/473/473 422/422/422
f 474/474/474 423/423/423 371/371/371
f 474/474/474 371/371/371 422/422/422
f 475/475/475 424/424/424 372/372/372
f 475/475/475 372/372/372 423/423/423
f 424/424/424 476/476/476 477/477/477
f 424/424/424 477/477/477 373/373/373
f 478/478/478 426/426/426 374/374/374
f 478/478/478 374/374/374 425/425/425
f 426/426/426 479/479/479 427/427/427
f 426/426/426 427/427/427 375/375/375
f 427/427/427 480/480/480 428/428/428
f 427/427/427 428/428/428 376/376/376
f 428/428/428 481/481/481 430/430/430
f 428/428/428 430/430/430 378/378/378
f 429/429/429 380/380/380 432/432/432
f 429/429/429 432/432/432 482/482/482
f 483/483/483 431/431/431 430/430/430
f 483/483/483 430/430/430 485/485/485
f 382/382/382 435/435/435 486/486/486
f 382/382/382 486/486/486 433/433/433
f 433/433/433 487/487/487 434/434/434
f 433/433/433 434/434/434 381/381/381
f 437/437/437 384/384/384 434/434/434
f 437/437/437 434/434/434 488/488/488
f 429/429/429 482/482/482 490/490/490
f 429/429/429 490/490/490 436/436/436
f 437/437/437 491/491/491 438/438/438
f 437/437/437 438/438/438 385/385/385
f 438/438/438 492/492/492 439/439/439
f 438/438/438 439/439/439 386/386/386
f 493/493/493 440/440/440 387/387/387
f 493/493/493 387/387/387 439/439/439
f 494/494/494 442/442/442 390/390/390
f 494/494/494 390/390/390 441/441/441
f 442/442/442 495/495/495 443/443/443
f 442/442/442 443/443/443 391/391/391
f 496/496/496 444/444/444 392/392/392
f 496/496/496 392/392/392 443/443/443
f 497/497/497 445/445/445 444/444/444
f 497/497/497 444/444/444 498/498/498
f 446/446/446 394/394/394 445/445/445
f 446/446/446 445/445/445 497/497/497
f 447/447/447 500/500/500 448/448/448
f 447/447/447 448/448/448 396/396/396
f 501/501/501 449/449/449 397/397/397
f 501/501/501 397/397/397 448/448/448
f 400/400/400 449/449/449 502/502/502
f 400/400/400 502/502/502 452/452/452
f 401/401/401 453/453/453 503/503/503
f 401/401/401 503/503/503 450/450/450
f 504/504/504 506/506/506 453/453/453
f 504/504/504 453/453/453 451/451/451
f 507/507/507 454/454/454 450/450/450
f 507/507/507 450/450/450 503/503/503
f 402/402/402 454/454/454 508/508/508
f 402/402/402 508/508/508 455/455/455
f 509/509/509 456/456/456 403/403/403
f 509/509/509 403/403/403 455/455/455
f 457/457/457 404/404/404 456/456/456
f 457/457/457 456/456/456 510/510/510
f 457/457/457 511/511/511 458/458/458
f 457/457/457 458/458/458 405/405/405
f 459/459/459 406/406/406 458/458/458
f 459/459/459 458/458/458 512/512/512
f 459/459/459 513/513/513 460/460/460
f 459/459/459 460/460/460 407/407/407
f 408/408/408 460/460/460 514/514/514
f 408/408/408 514/514/514 461/461/461
f 462/462/462 409/409/409 461/461/461
f 462/462/462 461/461/461 515/515/515
f 462/462/462 516/516/516 463/463/463
f 462/462/462 463/463/463 410/410/410
f 464/464/464 411/411/411 463/463/463
f 464/464/464 463/463/463 517/517/517
f 464/464/464 518/518/518 465/465/465
f 464/464/464 465/465/465 412/412/412
f 465/465/465 519/519/519 466/466/466
f 465/465/465 466/466/466 413/413/413
f 468/468/468 416/416/416 467/467/467
f 468/468/468 467/467/467 520/520/520
f 468/468/468 521/521/521 469/469/469
f 468/468/468 469/469/469 417/417/417
f 469/469/469 522/522/522 470/470/470
f 469/469/469 470/470/470 418/418/418
f 419/419/419 470/470/470 523/523/523
f 419/419/419 523/523/523 471/471/471
f 524/524/524 472/472/472 471/471/471
f 524/524/524 471/471/471 523/523/523
f 473/473/473 421/421/421 472/472/472
f 473/473/473 472/472/472 525/525/525
f 474/474/474 422/422/422 473/473/473
f 474/474/474 473/473/473 526/526/526
f 527/527/527 475/475/475 423/423/423
f 527/527/527 423/423/423 474/474/474
f 475/475/475 528/528/528 476/476/476
f 475/475/475 476/476/476 424/424/424
f 529/529/529 479/479/479 426/426/426
f 529/529/529 426/426/426 478/478/478
f 478/478/478 425/425/425 477/477/477
f 478/478/478 477/477/477 530/530/530
f 427/427/427 479/479/479 531/531/531
f 427/427/427 531/531/531 480/480/480
f 428/428/428 480/480/480 532/532/532
f 428/428/428 532/532/532 481/481/481
f 533/533/533 485/485/485 430/430/430
f 533/533/533 430/430/430 481/481/481
f 534/534/534 482/482/482 432/432/432
f 534/534/534 432/432/432 484/484/484
f 535/535/535 536/536/536 483/483/483
f 535/535/535 483/483/483 485/485/485
f 489/489/489 538/538/538 486/486/486
f 489/489/489 486/486/486 435/435/435
f 433/433/433 486/486/486 539/539/539
f 433/433/433 539/539/539 487/487/487
f 540/540/540 488/488/488 434/434/434
f 540/540/540 434/434/434 487/487/487
f 437/437/437 488/488/488 541/541/541
f 437/437/437 541/541/541 491/491/491
f 534/534/534 543/543/543 490/490/490
f 534/534/534 490/490/490 482/482/482
f 438/438/438 491/491/491 544/544/544
f 438/438/438 544/544/544 492/492/492
f 493/493/493 439/439/439 492/492/492
f 493/493/493 492/492/492 545/545/545
f 494/494/494 546/546/546 495/495/495
f 494/494/494 495/495/495 442/442/442
f 496/496/496 443/443/443 495/495/495
f 496/496/496 495/495/495 547/547/547
f 496/496/496 548/548/548 498/498/498
f 496/496/496 498/498/498 444/444/444
f 549/549/549 497/497/497 498/498/498
f 549/549/549 498/498/498 550/550/550
f 446/446/446 497/497/497 549/549/549
f 446/446/446 549/549/549 499/499/499
f 552/552/552 501/501/501 448/448/448
f 552/552/552 448/448/448 500/500/500
f 501/501/501 553/553/553 502/502/502
f 501/501/501 502/502/502 449/449/449
f 505/505/505 452/452/452 502/502/502
f 505/505/505 502/502/502 554/554/554
f 506/506/506 555/555/555 503/503/503
f 506/506/506 503/503/503 453/453/453
f 556/556/556 508/508/508 454/454/454
f 556/556/556 454/454/454 507/507/507
f 507/507/507 503/503/503 555/555/555
f 507/507/507 555/555/555 557/557/557
f 509/509/509 455/455/455 508/508/508
f 509/509/509 508/508/508 558/558/558
f 510/510/510 456/456/456 509/509/509
f 510/510/510 509/509/509 559/559/559
f 457/457/457 510/510/510 560/560/560
f 457/457/457 560/560/560 511/511/511
f 511/511/511 561/561/561 512/512/512
f 511/511/511 512/512/512 458/458/458
f 459/459/459 512/512/512 562/562/562
f 459/459/459 562/562/562 513/513/513
f 514/514/514 460/460/460 513/513/513
f 514/514/514 513/513/513 563/563/563
f 515/515/515 461/461/461 514/514/514
f 515/515/515 514/514/514 564/564/564
f 462/462/462 515/515/515 565/565/565
f 462/462/462 565/565/565 516/516/516
f 516/516/516 566/566/566 517/517/517
f 516/516/516 517/517/517 463/463/463
f 464/464/464 517/517/517 567/567/567
f 464/464/464 567/567/567 518/518/518
f 518/518/518 568/568/568 519/519/519
f 518/518/518 519/519/519 465/465/465
f 468/468/468 520/520/520 569/569/569
f 468/468/468 569/569/569 521/521/521
f 469/469/469 521/521/521 570/570/570
f 469/469/469 570/570/570 522/522/522
f 571/571/571 523/523/523 470/470/470
f 571/571/571 470/470/470 522/522/522
f 524/524/524 572/572/572 525/525/525
f 524/524/524 525/525/525 472/472/472
f 524/524/524 523/523/523 571/571/571
f 524/524/524 571/571/571 573/573/573
f 574/574/574 526/526/526 473/473/473
f 574/574/574 473/473/473 525/525/525
f 527/527/527 474/474/474 526/526/526
f 527/527/527 526/526/526 575/575/575
f 527/527/527 576/576/576 528/528/528
f 527/527/527 528/528/528 475/475/475
f 577/577/577 578/578/578 476/476/476
f 577/577/577 476/476/476 528/528/528
f 529/529/529 579/579/579 531/531/531
f 529/529/529 531/531/531 479/479/479
f 529/529/529 478/478/478 530/530/530
f 529/529/529 530/530/530 580/580/580
f 581/581/581 530/530/530 477/477/477
f 581/581/581 477/477/477 578/578/578
f 531/531/531 582/582/582 532/532/532
f 531/531/531 532/532/532 480/480/480
f 532/532/532 583/583/583 533/533/533
f 532/532/532 533/533/533 481/481/481
f 535/535/535 485/485/485 533/533/533
f 535/535/535 533/533/533 584/584/584
f 534/534/534 484/484/484 537/537/537
f 534/534/534 537/537/537 585/585/585
f 586/586/586 536/536/536 535/535/535
f 586/586/586 535/535/535 588/588/588
f 489/489/489 542/542/542 589/589/589
f 489/489/489 589/589/589 538/538/538
f 538/538/538 590/590/590 539/539/539
f 538/538/538 539/539/539 486/486/486
f 591/591/591 540/540/540 487/487/487
f 591/591/591 487/487/487 539/539/539
f 541/541/541 488/488/488 540/540/540
f 541/541/541 540/540/540 592/592/592
f 593/593/593 544/544/544 491/491/491
f 593/593/593 491/491/491 541/541/541
f 534/534/534 585/585/585 595/595/595
f 534/534/534 595/595/595 543/543/543
f 544/544/544 596/596/596 545/545/545
f 544/544/544 545/545/545 492/492/492
f 597/597/597 547/547/547 495/495/495
f 597/597/597 495/495/495 546/546/546
f 496/496/496 547/547/547 598/598/598
f 496/496/496 598/598/598 548/548/548
f 550/550/550 498/498/498 548/548/548
f 550/550/550 548/548/548 599/599/599
f 600/600/600 549/549/549 550/550/550
f 600/600/600 550/550/550 601/601/601
f 551/551/551 499/499/499 549/549/549
f 551/551/551 549/549/549 600/600/600
f 603/603/603 553/553/553 501/501/501
f 603/603/603 501/501/501 552/552/552
f 554/554/554 502/502/502 553/553/553
f 554/554/554 553/553/553 604/604/604
f 505/505/505 554/554/554 605/605/605
f 505/505/505 605/605/605 607/607/607
f 506/506/506 608/608/608 609/609/609
f 506/506/506 609/609/609 555/555/555
f 610/610/610 558/558/558 508/508/508
f 610/610/610 508/508/508 556/556/556
f 611/611/611 556/556/556 507/507/507
f 611/611/611 507/507/507 557/557/557
f 557/557/557 555/555/555 609/609/609
f 557/557/557 609/609/609 612/612/612
f 559/559/559 509/509/509 558/558/558
f 559/559/559 558/558/558 613/613/613
f 560/560/560 510/510/510 559/559/559
f 560/560/560 559/559/559 614/614/614
f 560/560/560 615/615/615 561/561/561
f 560/560/560 561/561/561 511/511/511
f 512/512/512 561/561/561 616/616/616
f 512/512/512 616/616/616 562/562/562
f 513/513/513 562/562/562 617/617/617
f 513/513/513 617/617/617 563/563/563
f 515/515/515 564/564/564 618/618/618
f 515/515/515 618/618/618 565/565/565
f 516/516/516 565/565/565 619/619/619
f 516/516/516 619/619/619 566/566/566
f 620/620/620 567/567/567 517/517/517
f 620/620/620 517/517/517 566/566/566
f 518/518/518 567/567/567 621/621/621
f 518/518/518 621/621/621 568/568/568
f 570/570/570 521/521/521 569/569/569
f 570/570/570 569/569/569 622/622/622
f 571/571/571 522/522/522 570/570/570
f 571/571/571 570/570/570 623/623/623
f 524/524/524 573/573/573 624/624/624
f 524/524/524 624/624/624 572/572/572
f 574/574/574 525/525/525 572/572/572
f 574/574/574 572/572/572 625/625/625
f 571/571/571 623/623/623 626/626/626
f 571/571/571 626/626/626 573/573/573
f 574/574/574 627/627/627 575/575/575
f 574/574/574 575/575/575 526/526/526
f 527/527/527 575/575/575 628/628/628
f 527/527/527 628/628/628 576/576/576
f 629/629/629 577/577/577 528/528/528
f 629/629/629 528/528/528 576/576/576
f 581/581/581 578/578/578 577/577/577
f 581/581/581 577/577/577 630/630/630
f 529/529/529 580/580/580 631/631/631
f 529/529/529 631/631/631 579/579/579
f 632/632/632 582/582/582 531/531/531
f 632/632/632 531/531/531 579/579/579
f 633/633/633 580/580/580 530/530/530
f 633/633/633 530/530/530 581/581/581
f 532/532/532 582/582/582 634/634/634
f 532/532/532 634/634/634 583/583/583
f 635/635/635 584/584/584 533/533/533
f 635/635/635 533/533/533 583/583/583
f 588/588/588 535/535/535 584/584/584
f 588/588/588 584/584/584 636/636/636
f 585/585/585 537/537/537 587/587/587
f 585/585/585 587/587/587 637/637/637
f 638/638/638 639/639/639 586/586/586
f 638/638/638 586/586/586 588/588/588
f 594/594/594 641/641/641 589/589/589
f 594/594/594 589/589/589 542/542/542
f 642/642/642 590/590/590 538/538/538
f 642/642/642 538/538/538 589/589/589
f 643/643/643 591/591/591 539/539/539
f 643/643/643 539/539/539 590/590/590
f 591/591/591 644/644/644 592/592/592
f 591/591/591 592/592/592 540/540/540
f 593/593/593 541/541/541 592/592/592
f 593/593/593 592/592/592 645/645/645
f 593/593/593 646/646/646 596/596/596
f 593/593/593 596/596/596 544/544/544
f 585/585/585 637/637/637 648/648/648
f 585/585/585 648/648/648 595/595/595
f 597/597/597 649/649/649 598/598/598
f 597/597/597 598/598/598 547/547/547
f 599/599/599 548/548/548 598/598/598
f 599/599/599 598/598/598 650/650/650
f 550/550/550 599/599/599 651/651/651
f 550/550/550 651/651/651 601/601/601
f 652/652/652 600/600/600 601/601/601
f 652/652/652 601/601/601 653/653/653
f 602/602/602 551/551/551 600/600/600
f 602/602/602 600/600/600 652/652/652
f 603/603/603 655/655/655 604/604/604
f 603/603/603 604/604/604 553/553/553
f 656/656/656 605/605/605 554/554/554
f 656/656/656 554/554/554 604/604/604
f 657/657/657 658/658/658 607/607/607
f 657/657/657 607/607/607 605/605/605
f 659/659/659 660/660/660 609/609/609
f 659/659/659 609/609/609 608/608/608
f 661/661/661 613/613/613 558/558/558
f 661/661/661 558/558/558 610/610/610
f 662/662/662 610/610/610 556/556/556
f 662/662/662 556/556/556 611/611/611
f 611/611/611 557/557/557 612/612/612
f 611/611/611 612/612/612 663/663/663
f 609/609/609 660/660/660 664/664/664
f 609/609/609 664/664/664 612/612/612
f 559/559/559 613/613/613 665/665/665
f 559/559/559 665/665/665 614/614/614
f 560/560/560 614/614/614 666/666/666
f 560/560/560 666/666/666 615/615/615
f 616/616/616 561/561/561 615/615/615
f 616/616/616 615/615/615 667/667/667
f 616/616/616 668/668/668 617/617/617
f 616/616/616 617/617/617 562/562/562
f 669/669/669 563/563/563 617/617/617
f 669/669/669 617/617/617 670/670/670
f 564/564/564 671/671/671 672/672/672
f 564/564/564 672/672/672 618/618/618
f 565/565/565 618/618/618 673/673/673
f 565/565/565 673/673/673 619/619/619
f 620/620/620 566/566/566 619/619/619
f 620/620/620 619/619/619 674/674/674
f 620/620/620 675/675/675 621/621/621
f 620/620/620 621/621/621 567/567/567
f 570/570/570 622/622/622 676/676/676
f 570/570/570 676/676/676 623/623/623
f 624/624/624 573/573/573 626/626/626
f 624/624/624 626/626/626 677/677/677
f 624/624/624 678/678/678 625/625/625
f 624/624/624 625/625/625 572/572/572
f 574/574/574 625/625/625 679/679/679
f 574/574/574 679/679/679 627/627/627
f 623/623/623 676/676/676 680/680/680
f 623/623/623 680/680/680 626/626/626
f 681/681/681 628/628/628 575/575/575
f 681/681/681 575/575/575 627/627/627
f 629/629/629 576/576/576 628/628/628
f 629/629/629 628/628/628 682/682/682
f 629/629/629 683/683/683 630/630/630
f 629/629/629 630/630/630 577/577/577
f 633/633/633 581/581/581 630/630/630
f 633/633/633 630/630/630 684/684/684
f 633/633/633 685/685/685 631/631/631
f 633/633/633 631/631/631 580/580/580
f 632/632/632 579/579/579 631/631/631
f 632/632/632 631/631/631 686/686/686
f 632/632/632 687/687/687 634/634/634
f 632/632/632 634/634/634 582/582/582
f 688/688/688 635/635/635 583/583/583
f 688/688/688 583/583/583 634/634/634
f 636/636/636 584/584/584 635/635/635
f 636/636/636 635/635/635 689/689/689
f 638/638/638 588/588/588 636/636/636
f 638/638/638 636/636/636 690/690/690
f 691/691/691 637/637/637 587/587/587
f 691/691/691 587/587/587 640/640/640
f 638/638/638 692/692/692 693/693/693
f 638/638/638 693/693/693 639/639/639
f 594/594/594 647/647/647 695/695/695
f 594/594/594 695/695/695 641/641/641
f 642/642/642 589/589/589 641/641/641
f 642/642/642 641/641/641 696/696/696
f 642/642/642 697/697/697 643/643/643
f 642/642/642 643/643/643 590/590/590
f 643/643/643 698/698/698 644/644/644
f 643/643/643 644/644/644 591/591/591
f 699/699/699 645/645/645 592/592/592
f 699/699/699 592/592/592 644/644/644
f 593/593/593 645/645/645 700/700/700
f 593/593/593 700/700/700 646/646/646
f 691/691/691 702/702/702 648/648/648
f 691/691/691 648/648/648 637/637/637
f 650/650/650 598/598/598 649/649/649
f 650/650/650 649/649/649 703/703/703
f 599/599/599 650/650/650 704/704/704
f 599/599/599 704/704/704 651/651/651
f 653/653/653 601/601/601 651/651/651
f 653/653/653 651/651/651 705/705/705
f 706/706/706 707/707/707 652/652/652
f 706/706/706 652/652/652 653/653/653
f 707/707/707 654/654/654 602/602/602
f 707/707/707 602/602/602 652/652/652
f 656/656/656 604/604/604 655/655/655
f 656/656/656 655/655/655 709/709/709
f 657/657/657 710/710/710 712/712/712
f 657/657/657 712/712/712 658/658/658
f 658/658/658 714/714/714 716/716/716
f 658/658/658 716/716/716 607/607/607
f 659/659/659 608/608/608 715/715/715
f 659/659/659 715/715/715 713/713/713
f 661/661/661 717/717/717 665/665/665
f 661/661/661 665/665/665 613/613/613
f 661/661/661 610/610/610 662/662/662
f 661/661/661 662/662/662 718/718/718
f 662/662/662 611/611/611 663/663/663
f 662/662/662 663/663/663 719/719/719
f 664/664/664 720/720/720 663/663/663
f 664/664/664 663/663/663 612/612/612
f 721/721/721 664/664/664 660/660/660
f 721/721/721 660/660/660 722/722/722
f 614/614/614 665/665/665 723/723/723
f 614/614/614 723/723/723 666/666/666
f 615/615/615 666/666/666 724/724/724
f 615/615/615 724/724/724 667/667/667
f 616/616/616 667/667/667 725/725/725
f 616/616/616 725/725/725 668/668/668
f 617/617/617 668/668/668 726/726/726
f 617/617/617 726/726/726 670/670/670
f 669/669/669 670/670/670 727/727/727
f 669/669/669 727/727/727 728/728/728
f 669/669/669 728/728/728 672/672/672
f 669/669/669 672/672/672 671/671/671
f 618/618/618 672/672/672 729/729/729
f 618/618/618 729/729/729 673/673/673
f 674/674/674 619/619/619 673/673/673
f 674/674/674 673/673/673 730/730/730
f 731/731/731 675/675/675 620/620/620
f 731/731/731 620/620/620 674/674/674
f 677/677/677 626/626/626 680/680/680
f 677/677/677 680/680/680 732/732/732
f 624/624/624 677/677/677 733/733/733
f 624/624/624 733/733/733 678/678/678
f 625/625/625 678/678/678 734/734/734
f 625/625/625 734/734/734 679/679/679
f 681/681/681 627/627/627 679/679/679
f 681/681/681 679/679/679 735/735/735
f 681/681/681 736/736/736 682/682/682
f 681/681/681 682/682/682 628/628/628
f 629/629/629 682/682/682 737/737/737
f 629/629/629 737/737/737 683/683/683
f 738/738/738 684/684/684 630/630/630
f 738/738/738 630/630/630 683/683/683
f 739/739/739 685/685/685 633/633/633
f 739/739/739 633/633/633 684/684/684
f 740/740/740 686/686/686 631/631/631
f 740/740/740 631/631/631 685/685/685
f 632/632/632 686/686/686 741/741/741
f 632/632/632 741/741/741 687/687/687
f 688/688/688 634/634/634 687/687/687
f 688/688/688 687/687/687 742/742/742
f 688/688/688 743/743/743 689/689/689
f 688/688/688 689/689/689 635/635/635
f 636/636/636 689/689/689 744/744/744
f 636/636/636 744/744/744 690/690/690
f 638/638/638 690/690/690 745/745/745
f 638/638/638 745/745/745 692/692/692
f 746/746/746 691/691/691 640/640/640
f 746/746/746 640/640/640 694/694/694
f 747/747/747 748/748/748 693/693/693
f 747/747/747 693/693/693 692/692/692
f 701/701/701 750/750/750 695/695/695
f 701/701/701 695/695/695 647/647/647
f 751/751/751 696/696/696 641/641/641
f 751/751/751 641/641/641 695/695/695
f 752/752/752 697/697/697 642/642/642
f 752/752/752 642/642/642 696/696/696
f 697/697/697 753/753/753 698/698/698
f 697/697/697 698/698/698 643/643/643
f 754/754/754 699/699/699 644/644/644
f 754/754/754 644/644/644 698/698/698
f 699/699/699 755/755/755 700/700/700
f 699/699/699 700/700/700 645/645/645
f 746/746/746 757/757/757 702/702/702
f 746/746/746 702/702/702 691/691/691
f 650/650/650 703/703/703 758/758/758
f 650/650/650 758/758/758 704/704/704
f 705/705/705 651/651/651 704/704/704
f 705/705/705 704/704/704 759/759/759
f 706/706/706 653/653/653 705/705/705
f 706/706/706 705/705/705 760/760/760
f 706/706/706 761/761/761 762/762/762
f 706/706/706 762/762/762 707/707/707
f 762/762/762 708/708/708 654/654/654
f 762/762/762 654/654/654 707/707/707
f 657/657/657 656/656/656 709/709/709
f 657/657/657 709/709/709 764/764/764
f 657/657/657 764/764/764 766/766/766
f 657/657/657 766/766/766 710/710/710
f 768/768/768 770/770/770 712/712/712
f 768/768/768 712/712/712 710/710/710
f 658/658/658 712/712/712 772/772/772
f 658/658/658 772/772/772 714/714/714
f 659/659/659 713/713/713 771/771/771
f 659/659/659 771/771/771 773/773/773
f 661/661/661 718/718/718 774/774/774
f 661/661/661 774/774/774 717/717/717
f 775/775/775 723/723/723 665/665/665
f 775/775/775 665/665/665 717/717/717
f 718/718/718 662/662/662 719/719/719
f 718/718/718 719/719/719 776/776/776
f 720/720/720 777/777/777 719/719/719
f 720/720/720 719/719/719 663/663/663
f 721/721/721 778/778/778 720/720/720
f 721/721/721 720/720/720 664/664/664
f 779/779/779 780/780/780 721/721/721
f 779/779/779 721/721/721 722/722/722
f 666/666/666 723/723/723 781/781/781
f 666/666/666 781/781/781 724/724/724
f 782/782/782 725/725/725 667/667/667
f 782/782/782 667/667/667 724/724/724
f 725/725/725 783/783/783 726/726/726
f 725/725/725 726/726/726 668/668/668
f 727/727/727 670/670/670 726/726/726
f 727/727/727 726/726/726 784/784/784
f 728/728/728 727/727/727 785/785/785
f 728/728/728 785/785/785 786/786/786
f 728/728/728 786/786/786 729/729/729
f 728/728/728 729/729/729 672/672/672
f 729/729/729 787/787/787 730/730/730
f 729/729/729 730/730/730 673/673/673
f 731/731/731 674/674/674 730/730/730
f 731/731/731 730/730/730 788/788/788
f 677/677/677 732/732/732 789/789/789
f 677/677/677 789/789/789 733/733/733
f 734/734/734 678/678/678 733/733/733
f 734/734/734 733/733/733 790/790/790
f 735/735/735 679/679/679 734/734/734
f 735/735/735 734/734/734 791/791/791
f 681/681/681 735/735/735 792/792/792
f 681/681/681 792/792/792 736/736/736
f 736/736/736 793/793/793 737/737/737
f 736/736/736 737/737/737 682/682/682
f 738/738/738 683/683/683 737/737/737
f 738/738/738 737/737/737 794/794/794
f 795/795/795 739/739/739 684/684/684
f 795/795/795 684/684/684 738/738/738
f 739/739/739 796/796/796 740/740/740
f 739/739/739 740/740/740 685/685/685
f 741/741/741 686/686/686 740/740/740
f 741/741/741 740/740/740 797/797/797
f 741/741/741 798/798/798 742/742/742
f 741/741/741 742/742/742 687/687/687
f 799/799/799 743/743/743 688/688/688
f 799/799/799 688/688/688 742/742/742
f 800/800/800 744/744/744 689/689/689
f 800/800/800 689/689/689 743/743/743
f 801/801/801 745/745/745 690/690/690
f 801/801/801 690/690/690 744/744/744
f 745/745/745 802/802/802 747/747/747
f 745/745/745 747/747/747 692/692/692
f 746/746/746 694/694/694 749/749/749
f 746/746/746 749/749/749 803/803/803
f 804/804/804 748/748/748 747/747/747
f 804/804/804 747/747/747 806/806/806
f 756/756/756 807/807/807 750/750/750
f 756/756/756 750/750/750 701/701/701
f 751/751/751 695/695/695 750/750/750
f 751/751/751 750/750/750 808/808/808
f 752/752/752 696/696/696 751/751/751
f 752/752/752 751/751/751 809/809/809
f 752/752/752 810/810/810 753/753/753
f 752/752/752 753/753/753 697/697/697
f 754/754/754 698/698/698 753/753/753
f 754/754/754 753/753/753 811/811/811
f 754/754/754 812/812/812 755/755/755
f 754/754/754 755/755/755 699/699/699
f 746/746/746 803/803/803 814/814/814
f 746/746/746 814/814/814 757/757/757
f 759/759/759 704/704/704 758/758/758
f 759/759/759 758/758/758 815/815/815
f 760/760/760 705/705/705 759/759/759
f 760/760/760 759/759/759 816/816/816
f 706/706/706 760/760/760 817/817/817
f 706/706/706 817/817/817 761/761/761
f 818/818/818 762/762/762 761/761/761
f 818/818/818 761/761/761 819/819/819
f 818/818/818 763/763/763 708/708/708
f 818/818/818 708/708/708 762/762/762
f 818/818/818 820/820/820 765/765/765
f 818/818/818 765/765/765 763/763/763
f 766/766/766 822/822/822 768/768/768
f 766/766/766 768/768/768 710/710/710
f 768/768/768 824/824/824 826/826/826
f 768/768/768 826/826/826 770/770/770
f 711/711/711 769/769/769 827/827/827
f 711/711/711 827/827/827 771/771/771
f 828/828/828 773/773/773 771/771/771
f 828/828/828 771/771/771 827/827/827
f 718/718/718 776/776/776 829/829/829
f 718/718/718 829/829/829 774/774/774
f 830/830/830 775/775/775 717/717/717
f 830/830/830 717/717/717 774/774/774
f 775/775/775 831/831/831 781/781/781
f 775/775/775 781/781/781 723/723/723
f 776/776/776 719/719/719 777/777/777
f 776/776/776 777/777/777 832/832/832
f 833/833/833 777/777/777 720/720/720
f 833/833/833 720/720/720 778/778/778
f 721/721/721 780/780/780 834/834/834
f 721/721/721 834/834/834 778/778/778
f 779/779/779 835/835/835 836/836/836
f 779/779/779 836/836/836 780/780/780
f 782/782/782 724/724/724 781/781/781
f 782/782/782 781/781/781 837/837/837
f 782/782/782 838/838/838 783/783/783
f 782/782/782 783/783/783 725/725/725
f 783/783/783 839/839/839 784/784/784
f 783/783/783 784/784/784 726/726/726
f 840/840/840 785/785/785 727/727/727
f 840/840/840 727/727/727 784/784/784
f 786/786/786 785/785/785 841/841/841
f 786/786/786 841/841/841 842/842/842
f 786/786/786 842/842/842 787/787/787
f 786/786/786 787/787/787 729/729/729
f 788/788/788 730/730/730 787/787/787
f 788/788/788 787/787/787 843/843/843
f 844/844/844 790/790/790 733/733/733
f 844/844/844 733/733/733 789/789/789
f 845/845/845 791/791/791 734/734/734
f 845/845/845 734/734/734 790/790/790
f 846/846/846 792/792/792 735/735/735
f 846/846/846 735/735/735 791/791/791
f 792/792/792 847/847/847 793/793/793
f 792/792/792 793/793/793 736/736/736
f 794/794/794 737/737/737 793/793/793
f 794/794/794 793/793/793 848/848/848
f 795/795/795 738/738/738 794/794/794
f 795/795/795 794/794/794 849/849/849
f 795/795/795 850/850/850 796/796/796
f 795/795/795 796/796/796 739/739/739
f 796/796/796 851/851/851 797/797/797
f 796/796/796 797/797/797 740/740/740
f 741/741/741 797/797/797 852/852/852
f 741/741/741 852/852/852 798/798/798
f 799/799/799 742/742/742 798/798/798
f 799/799/799 798/798/798 853/853/853
f 799/799/799 854/854/854 800/800/800
f 799/799/799 800/800/800 743/743/743
f 855/855/855 801/801/801 744/744/744
f 855/855/855 744/744/744 800/800/800
f 856/856/856 802/802/802 745/745/745
f 856/856/856 745/745/745 801/801/801
f 857/857/857 806/806/806 747/747/747
f 857/857/857 747/747/747 802/802/802
f 805/805/805 858/858/858 803/803/803
f 805/805/805 803/803/803 749/749/749
f 859/859/859 860/860/860 804/804/804
f 859/859/859 804/804/804 806/806/806
f 756/756/756 813/813/813 863/863/863
f 756/756/756 863/863/863 807/807/807
f 750/750/750 807/807/807 864/864/864
f 750/750/750 864/864/864 808/808/808
f 751/751/751 808/808/808 865/865/865
f 751/751/751 865/865/865 809/809/809
f 752/752/752 809/809/809 866/866/866
f 752/752/752 866/866/866 810/810/810
f 810/810/810 867/867/867 811/811/811
f 810/810/810 811/811/811 753/753/753
f 754/754/754 811/811/811 868/868/868
f 754/754/754 868/868/868 812/812/812
f 803/803/803 858/858/858 870/870/870
f 803/803/803 870/870/870 814/814/814
f 816/816/816 759/759/759 815/815/815
f 816/816/816 815/815/815 871/871/871
f 817/817/817 760/760/760 816/816/816
f 817/817/817 816/816/816 872/872/872
f 873/873/873 819/819/819 761/761/761
f 873/873/873 761/761/761 817/817/817
f 818/818/818 819/819/819 874/874/874
f 818/818/818 874/874/874 820/820/820
f 820/820/820 875/875/875 821/821/821
f 820/820/820 821/821/821 765/765/765
f 767/767/767 821/821/821 876/876/876
f 767/767/767 876/876/876 823/823/823
f 824/824/824 878/878/878 880/880/880
f 824/824/824 880/880/880 826/826/826
f 769/769/769 825/825/825 881/881/881
f 769/769/769 881/881/881 827/827/827
f 776/776/776 832/832/832 882/882/882
f 776/776/776 882/882/882 829/829/829
f 830/830/830 774/774/774 829/829/829
f 830/830/830 829/829/829 883/883/883
f 830/830/830 884/884/884 831/831/831
f 830/830/830 831/831/831 775/775/775
f 885/885/885 837/837/837 781/781/781
f 885/885/885 781/781/781 831/831/831
f 833/833/833 886/886/886 832/832/832
f 833/833/833 832/832/832 777/777/777
f 887/887/887 833/833/833 778/778/778
f 887/887/887 778/778/778 834/834/834
f 888/888/888 834/834/834 780/780/780
f 888/888/888 780/780/780 836/836/836
f 889/889/889 890/890/890 836/836/836
f 889/889/889 836/836/836 835/835/835
f 891/891/891 838/838/838 782/782/782
f 891/891/891 782/782/782 837/837/837
f 783/783/783 838/838/838 892/892/892
f 783/783/783 892/892/892 839/839/839
f 840/840/840 784/784/784 839/839/839
f 840/840/840 839/839/839 893/893/893
f 840/840/840 894/894/894 841/841/841
f 840/840/840 841/841/841 785/785/785
f 842/842/842 841/841/841 895/895/895
f 842/842/842 895/895/895 896/896/896
f 842/842/842 896/896/896 843/843/843
f 842/842/842 843/843/843 787/787/787
f 844/844/844 897/897/897 845/845/845
f 844/844/844 845/845/845 790/790/790
f 846/846/846 791/791/791 845/845/845
f 846/846/846 845/845/845 898/898/898
f 846/846/846 899/899/899 847/847/847
f 846/846/846 847/847/847 792/792/792
f 848/848/848 793/793/793 847/847/847
f 848/848/848 847/847/847 900/900/900
f 901/901/901 849/849/849 794/794/794
f 901/901/901 794/794/794 848/848/848
f 795/795/795 849/849/849 902/902/902
f 795/795/795 902/902/902 850/850/850
f 903/903/903 851/851/851 796/796/796
f 903/903/903 796/796/796 850/850/850
f 851/851/851 904/904/904 852/852/852
f 851/851/851 852/852/852 797/797/797
f 905/905/905 853/853/853 798/798/798
f 905/905/905 798/798/798 852/852/852
f 799/799/799 853/853/853 906/906/906
f 799/799/799 906/906/906 854/854/854
f 855/855/855 800/800/800 854/854/854
f 855/855/855 854/854/854 907/907/907
f 856/856/856 801/801/801 855/855/855
f 856/856/856 855/855/855 908/908/908
f 909/909/909 857/857/857 802/802/802
f 909/909/909 802/802/802 856/856/856
f 910/910/910 859/859/859 806/806/806
f 910/910/910 806/806/806 857/857/857
f 911/911/911 858/858/858 805/805/805
f 911/911/911 805/805/805 861/861/861
f 913/913/913 914/914/914 860/860/860
f 913/913/913 860/860/860 859/859/859
f 915/915/915 863/863/863 813/813/813
f 915/915/915 813/813/813 869/869/869
f 916/916/916 864/864/864 807/807/807
f 916/916/916 807/807/807 863/863/863
f 865/865/865 808/808/808 864/864/864
f 865/865/865 864/864/864 917/917/917
f 918/918/918 866/866/866 809/809/809
f 918/918/918 809/809/809 865/865/865
f 866/866/866 919/919/919 867/867/867
f 866/866/866 867/867/867 810/810/810
f 867/867/867 920/920/920 868/868/868
f 867/867/867 868/868/868 811/811/811
f 922/922/922 870/870/870 858/858/858
f 922/922/922 858/858/858 911/911/911
f 816/816/816 871/871/871 923/923/923
f 816/816/816 923/923/923 872/872/872
f 873/873/873 817/817/817 872/872/872
f 873/873/873 872/872/872 924/924/924
f 873/873/873 925/925/925 874/874/874
f 873/873/873 874/874/874 819/819/819
f 820/820/820 874/874/874 926/926/926
f 820/820/820 926/926/926 875/875/875
f 875/875/875 927/927/927 876/876/876
f 875/875/875 876/876/876 821/821/821
f 823/823/823 876/876/876 928/928/928
f 823/823/823 928/928/928 877/877/877
f 878/878/878 930/930/930 932/932/932
f 878/878/878 932/932/932 880/880/880
f 825/825/825 879/879/879 933/933/933
f 825/825/825 933/933/933 881/881/881
f 886/886/886 934/934/934 882/882/882
f 886/886/886 882/882/882 832/832/832
f 883/883/883 829/829/829 882/882/882
f 883/883/883 882/882/882 935/935/935
f 936/936/936 884/884/884 830/830/830
f 936/936/936 830/830/830 883/883/883
f 885/885/885 831/831/831 884/884/884
f 885/885/885 884/884/884 937/937/937
f 885/885/885 938/938/938 891/891/891
f 885/885/885 891/891/891 837/837/837
f 939/939/939 886/886/886 833/833/833
f 939/939/939 833/833/833 887/887/887
f 888/888/888 940/940/940 887/887/887
f 888/888/888 887/887/887 834/834/834
f 888/888/888 836/836/836 890/890/890
f 888/888/888 890/890/890 941/941/941
f 889/889/889 942/942/942 943/943/943
f 889/889/889 943/943/943 890/890/890
f 889/889/889 835/835/835 881/881/881
f 889/889/889 881/881/881 933/933/933
f 891/891/891 944/944/944 892/892/892
f 891/891/891 892/892/892 838/838/838
f 945/945/945 893/893/893 839/839/839
f 945/945/945 839/839/839 892/892/892
f 840/840/840 893/893/893 946/946/946
f 840/840/840 946/946/946 894/894/894
f 895/895/895 841/841/841 894/894/894
f 895/895/895 894/894/894 947/947/947
f 845/845/845 897/897/897 948/948/948
f 845/845/845 948/948/948 898/898/898
f 846/846/846 898/898/898 949/949/949
f 846/846/846 949/949/949 899/899/899
f 899/899/899 950/950/950 900/900/900
f 899/899/899 900/900/900 847/847/847
f 901/901/901 848/848/848 900/900/900
f 901/901/901 900/900/900 951/951/951
f 901/901/901 952/952/952 902/902/902
f 901/901/901 902/902/902 849/849/849
f 903/903/903 850/850/850 902/902/902
f 903/903/903 902/902/902 953/953/953
f 903/903/903 954/954/954 904/904/904
f 903/903/903 904/904/904 851/851/851
f 905/905/905 852/852/852 904/904/904
f 905/905/905 904/904/904 955/955/955
f 905/905/905 956/956/956 906/906/906
f 905/905/905 906/906/906 853/853/853
f 957/957/957 907/907/907 854/854/854
f 957/957/957 854/854/854 906/906/906
f 908/908/908 855/855/855 907/907/907
f 908/908/908 907/907/907 958/958/958
f 909/909/909 856/856/856 908/908/908
f 909/909/909 908/908/908 959/959/959
f 909/909/909 960/960/960 910/910/910
f 909/909/909 910/910/910 857/857/857
f 913/913/913 859/859/859 910/910/910
f 913/913/913 910/910/910 961/961/961
f 913/913/913 962/962/962 963/963/963
f 913/913/913 963/963/963 914/914/914
f 964/964/964 860/860/860 914/914/914
f 964/964/964 914/914/914 967/967/967
f 921/921/921 969/969/969 915/915/915
f 921/921/921 915/915/915 869/869/869
f 916/916/916 970/970/970 917/917/917
f 916/916/916 917/917/917 864/864/864
f 918/918/918 865/865/865 917/917/917
f 918/918/918 917/917/917 971/971/971
f 972/972/972 919/919/919 866/866/866
f 972/972/972 866/866/866 918/918/918
f 919/919/919 973/973/973 920/920/920
f 919/919/919 920/920/920 867/867/867
f 974/974/974 976/976/976 922/922/922
f 974/974/974 922/922/922 911/911/911
f 924/924/924 872/872/872 923/923/923
f 924/924/924 923/923/923 977/977/977
f 873/873/873 924/924/924 978/978/978
f 873/873/873 978/978/978 925/925/925
f 979/979/979 926/926/926 874/874/874
f 979/979/979 874/874/874 925/925/925
f 980/980/980 927/927/927 875/875/875
f 980/980/980 875/875/875 926/926/926
f 927/927/927 981/981/981 928/928/928
f 927/927/927 928/928/928 876/876/876
f 983/983/983 930/930/930 878/878/878
f 983/983/983 878/878/878 929/929/929
f 984/984/984 986/986/986 932/932/932
f 984/984/984 932/932/932 930/930/930
f 987/987/987 933/933/933 879/879/879
f 987/987/987 879/879/879 988/988/988
f 939/939/939 989/989/989 934/934/934
f 939/939/939 934/934/934 886/886/886
f 882/882/882 934/934/934 990/990/990
f 882/882/882 990/990/990 935/935/935
f 936/936/936 883/883/883 935/935/935
f 936/936/936 935/935/935 991/991/991
f 936/936/936 992/992/992 937/937/937
f 936/936/936 937/937/937 884/884/884
f 885/885/885 937/937/937 993/993/993
f 885/885/885 993/993/993 938/938/938
f 938/938/938 994/994/994 944/944/944
f 938/938/938 944/944/944 891/891/891
f 995/995/995 939/939/939 887/887/887
f 995/995/995 887/887/887 940/940/940
f 996/996/996 940/940/940 888/888/888
f 996/996/996 888/888/888 941/941/941
f 997/997/997 941/941/941 890/890/890
f 997/997/997 890/890/890 943/943/943
f 889/889/889 933/933/933 987/987/987
f 889/889/889 987/987/987 942/942/942
f 942/942/942 998/998/998 999/999/999
f 942/942/942 999/999/999 943/943/943
f 1000/1000/1000 945/945/945 892/892/892
f 1000/1000/1000 892/892/892 944/944/944
f 945/945/945 1001/1001/1001 946/946/946
f 945/945/945 946/946/946 893/893/893
f 946/946/946 1002/1002/1002 947/947/947
f 946/946/946 947/947/947 894/894/894
f 949/949/949 898/898/898 948/948/948
f 949/949/949 948/948/948 1003/1003/1003
f 899/899/899 949/949/949 1004/1004/1004
f 899/899/899 1004/1004/1004 950/950/950
f 950/950/950 1005/1005/1005 951/951/951
f 950/950/950 951/951/951 900/900/900
f 901/901/901 951/951/951 1006/1006/1006
f 901/901/901 1006/1006/1006 952/952/952
f 1007/1007/1007 953/953/953 902/902/902
f 1007/1007/1007 902/902/902 952/952/952
f 903/903/903 953/953/953 1008/1008/1008
f 903/903/903 1008/1008/1008 954/954/954
f 955/955/955 904/904/904 954/954/954
f 955/955/955 954/954/954 1009/1009/1009
f 905/905/905 955/955/955 1010/1010/1010
f 905/905/905 1010/1010/1010 956/956/956
f 1011/1011/1011 957/957/957 906/906/906
f 1011/1011/1011 906/906/906 956/956/956
f 958/958/958 907/907/907 957/957/957
f 958/958/958 957/957/957 1012/1012/1012
f 959/959/959 908/908/908 958/958/958
f 959/959/959 958/958/958 1013/1013/1013
f 909/909/909 959/959/959 1014/1014/1014
f 909/909/909 1014/1014/1014 960/960/960
f 960/960/960 1015/1015/1015 961/961/961
f 960/960/960 961/961/961 910/910/910
f 913/913/913 961/961/961 1016/1016/1016
f 913/913/913 1016/1016/1016 962/962/962
f 1017/1017/1017 1018/1018/1018 963/963/963
f 1017/1017/1017 963/963/963 962/962/962
f 1019/1019/1019 967/967/967 914/914/914
f 1019/1019/1019 914/914/914 963/963/963
f 974/974/974 911/911/911 965/965/965
f 974/974/974 965/965/965 968/968/968
f 921/921/921 975/975/975 1021/1021/1021
f 921/921/921 1021/1021/1021 969/969/969
f 916/916/916 1022/1022/1022 1023/1023/1023
f 916/916/916 1023/1023/1023 970/970/970
f 971/971/971 917/917/917 970/970/970
f 971/971/971 970/970/970 1024/1024/1024
f 972/972/972 918/918/918 971/971/971
f 972/972/972 971/971/971 1025/1025/1025
f 972/972/972 1026/1026/1026 973/973/973
f 972/972/972 973/973/973 919/919/919
f 974/974/974 1027/1027/1027 1029/1029/1029
f 974/974/974 1029/1029/1029 976/976/976
f 924/924/924 977/977/977 1030/1030/1030
f 924/924/924 1030/1030/1030 978/978/978
f 1031/1031/1031 979/979/979 925/925/925
f 1031/1031/1031 925/925/925 978/978/978
f 979/979/979 1032/1032/1032 980/980/980
f 979/979/979 980/980/980 926/926/926
f 980/980/980 1033/1033/1033 981/981/981
f 980/980/980 981/981/981 927/927/927
f 982/982/982 928/928/928 981/981/981
f 982/982/982 981/981/981 1034/1034/1034
f 983/983/983 1036/1036/1036 984/984/984
f 983/983/983 984/984/984 930/930/930
f 1038/1038/1038 986/986/986 984/984/984
f 1038/1038/1038 984/984/984 1039/1039/1039
f 931/931/931 985/985/985 1040/1040/1040
f 931/931/931 1040/1040/1040 988/988/988
f 987/987/987 988/988/988 1040/1040/1040
f 987/987/987 1040/1040/1040 1041/1041/1041
f 995/995/995 1042/1042/1042 989/989/989
f 995/995/995 989/989/989 939/939/939
f 989/989/989 1043/1043/1043 990/990/990
f 989/989/989 990/990/990 934/934/934
f 1044/1044/1044 991/991/991 935/935/935
f 1044/1044/1044 935/935/935 990/990/990
f 936/936/936 991/991/991 1045/1045/1045
f 936/936/936 1045/1045/1045 992/992/992
f 992/992/992 1046/1046/1046 993/993/993
f 992/992/992 993/993/993 937/937/937
f 938/938/938 993/993/993 1047/1047/1047
f 938/938/938 1047/1047/1047 994/994/994
f 1048/1048/1048 1000/1000/1000 944/944/944
f 1048/1048/1048 944/944/944 994/994/994
f 996/996/996 1049/1049/1049 995/995/995
f 996/996/996 995/995/995 940/940/940
f 996/996/996 941/941/941 997/997/997
f 996/996/996 997/997/997 1050/1050/1050
f 997/997/997 943/943/943 999/999/999
f 997/997/997 999/999/999 1051/1051/1051
f 942/942/942 987/987/987 1041/1041/1041
f 942/942/942 1041/1041/1041 998/998/998
f 1052/1052/1052 999/999/999 998/998/998
f 1052/1052/1052 998/998/998 1053/1053/1053
f 1054/1054/1054 1001/1001/1001 945/945/945
f 1054/1054/1054 945/945/945 1000/1000/1000
f 1001/1001/1001 1055/1055/1055 1002/1002/1002
f 1001/1001/1001 1002/1002/1002 946/946/946
f 949/949/949 1003/1003/1003 1056/1056/1056
f 949/949/949 1056/1056/1056 1004/1004/1004
f 950/950/950 1004/1004/1004 1057/1057/1057
f 950/950/950 1057/1057/1057 1005/1005/1005
f 1058/1058/1058 1006/1006/1006 951/951/951
f 1058/1058/1058 951/951/951 1005/1005/1005
f 1007/1007/1007 952/952/952 1006/1006/1006
f 1007/1007/1007 1006/1006/1006 1059/1059/1059
f 1007/1007/1007 1060/1060/1060 1008/1008/1008
f 1007/1007/1007 1008/1008/1008 953/953/953
f 1061/1061/1061 1009/1009/1009 954/954/954
f 1061/1061/1061 954/954/954 1008/1008/1008
f 1062/1062/1062 1010/1010/1010 955/955/955
f 1062/1062/1062 955/955/955 1009/1009/1009
f 1010/1010/1010 1063/1063/1063 1011/1011/1011
f 1010/1010/1010 1011/1011/1011 956/956/956
f 1011/1011/1011 1064/1064/1064 1012/1012/1012
f 1011/1011/1011 1012/1012/1012 957/957/957
f 1013/1013/1013 958/958/958 1012/1012/1012
f 1013/1013/1013 1012/1012/1012 1065/1065/1065
f 1066/1066/1066 1014/1014/1014 959/959/959
f 1066/1066/1066 959/959/959 1013/1013/1013
f 960/960/960 1014/1014/1014 1067/1067/1067
f 960/960/960 1067/1067/1067 1015/1015/1015
f 1015/1015/1015 1068/1068/1068 1016/1016/1016
f 1015/1015/1015 1016/1016/1016 961/961/961
f 1017/1017/1017 962/962/962 1016/1016/1016
f 1017/1017/1017 1016/1016/1016 1069/1069/1069
f 1070/1070/1070 1018/1018/1018 1017/1017/1017
f 1070/1070/1070 1017/1017/1017 1071/1071/1071
f 1019/1019/1019 963/963/963 1018/1018/1018
f 1019/1019/1019 1018/1018/1018 1072/1072/1072
f 974/974/974 968/968/968 1020/1020/1020
f 974/974/974 1020/1020/1020 1027/1027/1027
f 1028/1028/1028 1073/1073/1073 1021/1021/1021
f 1028/1028/1028 1021/1021/1021 975/975/975
f 1022/1022/1022 969/969/969 1021/1021/1021
f 1022/1022/1022 1021/1021/1021 1074/1074/1074
f 1022/1022/1022 1074/1074/1074 1075/1075/1075
f 1022/1022/1022 1075/1075/1075 1023/1023/1023
f 1076/1076/1076 1024/1024/1024 970/970/970
f 1076/1076/1076 970/970/970 1023/1023/1023
f 1025/1025/1025 971/971/971 1024/1024/1024
f 1025/1025/1025 1024/1024/1024 1077/1077/1077
f 972/972/972 1025/1025/1025 1078/1078/1078
f 972/972/972 1078/1078/1078 1026/1026/1026
f 1079/1079/1079 1081/1081/1081 1029/1029/1029
f 1079/1079/1079 1029/1029/1029 1027/1027/1027
f 1031/1031/1031 978/978/978 1030/1030/1030
f 1031/1031/1031 1030/1030/1030 1082/1082/1082
f 1031/1031/1031 1083/1083/1083 1032/1032/1032
f 1031/1031/1031 1032/1032/1032 979/979/979
f 980/980/980 1032/1032/1032 1084/1084/1084
f 980/980/980 1084/1084/1084 1033/1033/1033
f 1033/1033/1033 1085/1085/1085 1034/1034/1034
f 1033/1033/1033 1034/1034/1034 981/981/981
f 982/982/982 1034/1034/1034 1086/1086/1086
f 982/982/982 1086/1086/1086 1035/1035/1035
f 1036/1036/1036 1088/1088/1088 1039/1039/1039
f 1036/1036/1036 1039/1039/1039 984/984/984
f 1037/1037/1037 1089/1089/1089 1040/1040/1040
f 1037/1037/1037 1040/1040/1040 985/985/985
f 1038/1038/1038 1039/1039/1039 1090/1090/1090
f 1038/1038/1038 1090/1090/1090 1092/1092/1092
f 1089/1089/1089 1093/1093/1093 1041/1041/1041
f 1089/1089/1089 1041/1041/1041 1040/1040/1040
f 995/995/995 1049/1049/1049 1094/1094/1094
f 995/995/995 1094/1094/1094 1042/1042/1042
f 1095/1095/1095 1043/1043/1043 989/989/989
f 1095/1095/1095 989/989/989 1042/1042/1042
f 1096/1096/1096 1044/1044/1044 990/990/990
f 1096/1096/1096 990/990/990 1043/1043/1043
f 1097/1097/1097 1045/1045/1045 991/991/991
f 1097/1097/1097 991/991/991 1044/1044/1044
f 992/992/992 1045/1045/1045 1098/1098/1098
f 992/992/992 1098/1098/1098 1046/1046/1046
f 1046/1046/1046 1099/1099/1099 1047/1047/1047
f 1046/1046/1046 1047/1047/1047 993/993/993
f 1048/1048/1048 994/994/994 1047/1047/1047
f 1048/1048/1048 1047/1047/1047 1100/1100/1100
f 1054/1054/1054 1000/1000/1000 1048/1048/1048
f 1054/1054/1054 1048/1048/1048 1101/1101/1101
f 996/996/996 1050/1050/1050 1102/1102/1102
f 996/996/996 1102/1102/1102 1049/1049/1049
f 997/997/997 1051/1051/1051 1103/1103/1103
f 997/997/997 1103/1103/1103 1050/1050/1050
f 1052/1052/1052 1104/1104/1104 1051/1051/1051
f 1052/1052/1052 1051/1051/1051 999/999/999
f 998/998/998 1041/1041/1041 1093/1093/1093
f 998/998/998 1093/1093/1093 1053/1053/1053
f 1052/1052/1052 1053/1053/1053 1105/1105/1105
f 1052/1052/1052 1105/1105/1105 1106/1106/1106
f 1054/1054/1054 1107/1107/1107 1055/1055/1055
f 1054/1054/1054 1055/1055/1055 1001/1001/1001
f 1057/1057/1057 1108/1108/1108 1058/1058/1058
f 1057/1057/1057 1058/1058/1058 1005/1005/1005
f 1059/1059/1059 1006/1006/1006 1058/1058/1058
f 1059/1059/1059 1058/1058/1058 1109/1109/1109
f 1007/1007/1007 1059/1059/1059 1110/1110/1110
f 1007/1007/1007 1110/1110/1110 1060/1060/1060
f 1061/1061/1061 1008/1008/1008 1060/1060/1060
f 1061/1061/1061 1060/1060/1060 1111/1111/1111
f 1062/1062/1062 1009/1009/1009 1061/1061/1061
f 1062/1062/1062 1061/1061/1061 1112/1112/1112
f 1062/1062/1062 1113/1113/1113 1063/1063/1063
f 1062/1062/1062 1063/1063/1063 1010/1010/1010
f 1114/1114/1114 1064/1064/1064 1011/1011/1011
f 1114/1114/1114 1011/1011/1011 1063/1063/1063
f 1065/1065/1065 1012/1012/1012 1064/1064/1064
f 1065/1065/1065 1064/1064/1064 1115/1115/1115
f 1066/1066/1066 1013/1013/1013 1065/1065/1065
f 1066/1066/1066 1065/1065/1065 1116/1116/1116
f 1066/1066/1066 1117/1117/1117 1067/1067/1067
f 1066/1066/1066 1067/1067/1067 1014/1014/1014
f 1067/1067/1067 1118/1118/1118 1068/1068/1068
f 1067/1067/1067 1068/1068/1068 1015/1015/1015
f 1069/1069/1069 1016/1016/1016 1068/1068/1068
f 1069/1069/1069 1068/1068/1068 1119/1119/1119
f 1017/1017/1017 1069/1069/1069 1120/1120/1120
f 1017/1017/1017 1120/1120/1120 1071/1071/1071
f 1070/1070/1070 1121/1121/1121 1072/1072/1072
f 1070/1070/1070 1072/1072/1072 1018/1018/1018
f 1070/1070/1070 1071/1071/1071 1122/1122/1122
f 1070/1070/1070 1122/1122/1122 1123/1123/1123
f 1079/1079/1079 1027/1027/1027 1020/1020/1020
f 1079/1079/1079 1020/1020/1020 1125/1125/1125
f 1028/1028/1028 1080/1080/1080 1126/1126/1126
f 1028/1028/1028 1126/1126/1126 1073/1073/1073
f 1073/1073/1073 1127/1127/1127 1074/1074/1074
f 1073/1073/1073 1074/1074/1074 1021/1021/1021
f 1128/1128/1128 1075/1075/1075 1074/1074/1074
f 1128/1128/1128 1074/1074/1074 1127/1127/1127
f 1076/1076/1076 1023/1023/1023 1075/1075/1075
f 1076/1076/1076 1075/1075/1075 1129/1129/1129
f 1076/1076/1076 1130/1130/1130 1077/1077/1077
f 1076/1076/1076 1077/1077/1077 1024/1024/1024
f 1025/1025/1025 1077/1077/1077 1131/1131/1131
f 1025/1025/1025 1131/1131/1131 1078/1078/1078
f 1079/1079/1079 1132/1132/1132 1134/1134/1134
f 1079/1079/1079 1134/1134/1134 1081/1081/1081
f 1031/1031/1031 1082/1082/1082 1135/1135/1135
f 1031/1031/1031 1135/1135/1135 1083/1083/1083
f 1136/1136/1136 1084/1084/1084 1032/1032/1032
f 1136/1136/1136 1032/1032/1032 1083/1083/1083
f 1084/1084/1084 1137/1137/1137 1085/1085/1085
f 1084/1084/1084 1085/1085/1085 1033/1033/1033
f 1086/1086/1086 1034/1034/1034 1085/1085/1085
f 1086/1086/1086 1085/1085/1085 1138/1138/1138
f 1086/1086/1086 1139/1139/1139 1087/1087/1087
f 1086/1086/1086 1087/1087/1087 1035/1035/1035
f 1090/1090/1090 1039/1039/1039 1088/1088/1088
f 1090/1090/1090 1088/1088/1088 1141/1141/1141
f 1037/1037/1037 1091/1091/1091 1142/1142/1142
f 1037/1037/1037 1142/1142/1142 1089/1089/1089
f 1090/1090/1090 1143/1143/1143 1145/1145/1145
f 1090/1090/1090 1145/1145/1145 1092/1092/1092
f 1142/1142/1142 1146/1146/1146 1093/1093/1093
f 1142/1142/1142 1093/1093/1093 1089/1089/1089
f 1147/1147/1147 1094/1094/1094 1049/1049/1049
f 1147/1147/1147 1049/1049/1049 1102/1102/1102
f 1095/1095/1095 1042/1042/1042 1094/1094/1094
f 1095/1095/1095 1094/1094/1094 1148/1148/1148
f 1096/1096/1096 1043/1043/1043 1095/1095/1095
f 1096/1096/1096 1095/1095/1095 1149/1149/1149
f 1097/1097/1097 1044/1044/1044 1096/1096/1096
f 1097/1097/1097 1096/1096/1096 1150/1150/1150
f 1098/1098/1098 1045/1045/1045 1097/1097/1097
f 1098/1098/1098 1097/1097/1097 1151/1151/1151
f 1046/1046/1046 1098/1098/1098 1152/1152/1152
f 1046/1046/1046 1152/1152/1152 1099/1099/1099
f 1099/1099/1099 1153/1153/1153 1100/1100/1100
f 1099/1099/1099 1100/1100/1100 1047/1047/1047
f 1048/1048/1048 1100/1100/1100 1154/1154/1154
f 1048/1048/1048 1154/1154/1154 1101/1101/1101
f 1054/1054/1054 1101/1101/1101 1155/1155/1155
f 1054/1054/1054 1155/1155/1155 1107/1107/1107
f 1050/1050/1050 1103/1103/1103 1156/1156/1156
f 1050/1050/1050 1156/1156/1156 1102/1102/1102
f 1157/1157/1157 1103/1103/1103 1051/1051/1051
f 1157/1157/1157 1051/1051/1051 1104/1104/1104
f 1052/1052/1052 1106/1106/1106 1158/1158/1158
f 1052/1052/1052 1158/1158/1158 1104/1104/1104
f 1146/1146/1146 1105/1105/1105 1053/1053/1053
f 1146/1146/1146 1053/1053/1053 1093/1093/1093
f 1159/1159/1159 1160/1160/1160 1106/1106/1106
f 1159/1159/1159 1106/1106/1106 1105/1105/1105
f 1161/1161/1161 1109/1109/1109 1058/1058/1058
f 1161/1161/1161 1058/1058/1058 1108/1108/1108
f 1059/1059/1059 1109/1109/1109 1162/1162/1162
f 1059/1059/1059 1162/1162/1162 1110/1110/1110
f 1111/1111/1111 1060/1060/1060 1110/1110/1110
f 1111/1111/1111 1110/1110/1110 1163/1163/1163
f 1164/1164/1164 1112/1112/1112 1061/1061/1061
f 1164/1164/1164 1061/1061/1061 1111/1111/1111
f 1165/1165/1165 1113/1113/1113 1062/1062/1062
f 1165/1165/1165 1062/1062/1062 1112/1112/1112
f 1166/1166/1166 1114/1114/1114 1063/1063/1063
f 1166/1166/1166 1063/1063/1063 1113/1113/1113
f 1114/1114/1114 1167/1167/1167 1115/1115/1115
f 1114/1114/1114 1115/1115/1115 1064/1064/1064
f 1116/1116/1116 1065/1065/1065 1115/1115/1115
f 1116/1116/1116 1115/1115/1115 1168/1168/1168
f 1066/1066/1066 1116/1116/1116 1169/1169/1169
f 1066/1066/1066 1169/1169/1169 1117/1117/1117
f 1117/1117/1117 1170/1170/1170 1118/1118/1118
f 1117/1117/1117 1118/1118/1118 1067/1067/1067
f 1119/1119/1119 1068/1068/1068 1118/1118/1118
f 1119/1119/1119 1118/1118/1118 1171/1171/1171
f 1069/1069/1069 1119/1119/1119 1172/1172/1172
f 1069/1069/1069 1172/1172/1172 1120/1120/1120
f 1071/1071/1071 1120/1120/1120 1173/1173/1173
f 1071/1071/1071 1173/1173/1173 1122/1122/1122
f 1070/1070/1070 1123/1123/1123 1174/1174/1174
f 1070/1070/1070 1174/1174/1174 1121/1121/1121
f 1124/1124/1124 1072/1072/1072 1121/1121/1121
f 1124/1124/1124 1121/1121/1121 1175/1175/1175
f 1177/1177/1177 1178/1178/1178 1123/1123/1123
f 1177/1177/1177 1123/1123/1123 1122/1122/1122
f 1079/1079/1079 1125/1125/1125 1176/1176/1176
f 1079/1079/1079 1176/1176/1176 1132/1132/1132
f 1133/1133/1133 1179/1179/1179 1126/1126/1126
f 1133/1133/1133 1126/1126/1126 1080/1080/1080
f 1180/1180/1180 1127/1127/1127 1073/1073/1073
f 1180/1180/1180 1073/1073/1073 1126/1126/1126
f 1181/1181/1181 1129/1129/1129 1075/1075/1075
f 1181/1181/1181 1075/1075/1075 1128/1128/1128
f 1180/1180/1180 1182/1182/1182 1128/1128/1128
f 1180/1180/1180 1128/1128/1128 1127/1127/1127
f 1076/1076/1076 1129/1129/1129 1183/1183/1183
f 1076/1076/1076 1183/1183/1183 1130/1130/1130
f 1077/1077/1077 1130/1130/1130 1184/1184/1184
f 1077/1077/1077 1184/1184/1184 1131/1131/1131
f 1134/1134/1134 1132/1132/1132 1185/1185/1185
f 1134/1134/1134 1185/1185/1185 1187/1187/1187
f 1136/1136/1136 1083/1083/1083 1135/1135/1135
f 1136/1136/1136 1135/1135/1135 1188/1188/1188
f 1136/1136/1136 1189/1189/1189 1137/1137/1137
f 1136/1136/1136 1137/1137/1137 1084/1084/1084
f 1085/1085/1085 1137/1137/1137 1190/1190/1190
f 1085/1085/1085 1190/1190/1190 1138/1138/1138
f 1086/1086/1086 1138/1138/1138 1191/1191/1191
f 1086/1086/1086 1191/1191/1191 1139/1139/1139
f 1192/1192/1192 1140/1140/1140 1087/1087/1087
f 1192/1192/1192 1087/1087/1087 1139/1139/1139
f 1194/1194/1194 1143/1143/1143 1090/1090/1090
f 1194/1194/1194 1090/1090/1090 1141/1141/1141
f 1195/1195/1195 1142/1142/1142 1091/1091/1091
f 1195/1195/1195 1091/1091/1091 1144/1144/1144
f 1145/1145/1145 1143/1143/1143 1196/1196/1196
f 1145/1145/1145 1196/1196/1196 1198/1198/1198
f 1195/1195/1195 1199/1199/1199 1146/1146/1146
f 1195/1195/1195 1146/1146/1146 1142/1142/1142
f 1147/1147/1147 1200/1200/1200 1148/1148/1148
f 1147/1147/1147 1148/1148/1148 1094/1094/1094
f 1147/1147/1147 1102/1102/1102 1156/1156/1156
f 1147/1147/1147 1156/1156/1156 1201/1201/1201
f 1095/1095/1095 1148/1148/1148 1202/1202/1202
f 1095/1095/1095 1202/1202/1202 1149/1149/1149
f 1096/1096/1096 1149/1149/1149 1203/1203/1203
f 1096/1096/1096 1203/1203/1203 1150/1150/1150
f 1097/1097/1097 1150/1150/1150 1204/1204/1204
f 1097/1097/1097 1204/1204/1204 1151/1151/1151
f 1098/1098/1098 1151/1151/1151 1205/1205/1205
f 1098/1098/1098 1205/1205/1205 1152/1152/1152
f 1099/1099/1099 1152/1152/1152 1206/1206/1206
f 1099/1099/1099 1206/1206/1206 1153/1153/1153
f 1153/1153/1153 1207/1207/1207 1154/1154/1154
f 1153/1153/1153 1154/1154/1154 1100/1100/1100
f 1208/1208/1208 1155/1155/1155 1101/1101/1101
f 1208/1208/1208 1101/1101/1101 1154/1154/1154
f 1157/1157/1157 1209/1209/1209 1156/1156/1156
f 1157/1157/1157 1156/1156/1156 1103/1103/1103
f 1157/1157/1157 1104/1104/1104 1158/1158/1158
f 1157/1157/1157 1158/1158/1158 1210/1210/1210
f 1106/1106/1106 1160/1160/1160 1211/1211/1211
f 1106/1106/1106 1211/1211/1211 1158/1158/1158
f 1199/1199/1199 1159/1159/1159 1105/1105/1105
f 1199/1199/1199 1105/1105/1105 1146/1146/1146
f 1159/1159/1159 1212/1212/1212 1213/1213/1213
f 1159/1159/1159 1213/1213/1213 1160/1160/1160
f 1161/1161/1161 1214/1214/1214 1162/1162/1162
f 1161/1161/1161 1162/1162/1162 1109/1109/1109
f 1163/1163/1163 1110/1110/1110 1162/1162/1162
f 1163/1163/1163 1162/1162/1162 1215/1215/1215
f 1164/1164/1164 1111/1111/1111 1163/1163/1163
f 1164/1164/1164 1163/1163/1163 1216/1216/1216
f 1165/1165/1165 1112/1112/1112 1164/1164/1164
f 1165/1165/1165 1164/1164/1164 1217/1217/1217
f 1166/1166/1166 1113/1113/1113 1165/1165/1165
f 1166/1166/1166 1165/1165/1165 1218/1218/1218
f 1166/1166/1166 1219/1219/1219 1167/1167/1167
f 1166/1166/1166 1167/1167/1167 1114/1114/1114
f 1167/1167/1167 1220/1220/1220 1168/1168/1168
f 1167/1167/1167 1168/1168/1168 1115/1115/1115
f 1116/1116/1116 1168/1168/1168 1221/1221/1221
f 1116/1116/1116 1221/1221/1221 1169/1169/1169
f 1117/1117/1117 1169/1169/1169 1222/1222/1222
f 1117/1117/1117 1222/1222/1222 1170/1170/1170
f 1171/1171/1171 1118/1118/1118 1170/1170/1170
f 1171/1171/1171 1170/1170/1170 1223/1223/1223
f 1119/1119/1119 1171/1171/1171 1224/1224/1224
f 1119/1119/1119 1224/1224/1224 1172/1172/1172
f 1120/1120/1120 1172/1172/1172 1225/1225/1225
f 1120/1120/1120 1225/1225/1225 1173/1173/1173
f 1177/1177/1177 1122/1122/1122 1173/1173/1173
f 1177/1177/1177 1173/1173/1173 1226/1226/1226
f 1178/1178/1178 1227/1227/1227 1174/1174/1174
f 1178/1178/1178 1174/1174/1174 1123/1123/1123
f 1228/1228/1228 1175/1175/1175 1121/1121/1121
f 1228/1228/1228 1121/1121/1121 1174/1174/1174
f 1230/1230/1230 1231/1231/1231 1178/1178/1178
f 1230/1230/1230 1178/1178/1178 1177/1177/1177
f 1229/1229/1229 1185/1185/1185 1132/1132/1132
f 1229/1229/1229 1132/1132/1132 1176/1176/1176
f 1133/1133/1133 1186/1186/1186 1232/1232/1232
f 1133/1133/1133 1232/1232/1232 1179/1179/1179
f 1180/1180/1180 1126/1126/1126 1179/1179/1179
f 1180/1180/1180 1179/1179/1179 1233/1233/1233
f 1181/1181/1181 1234/1234/1234 1183/1183/1183
f 1181/1181/1181 1183/1183/1183 1129/1129/1129
f 1181/1181/1181 1128/1128/1128 1182/1182/1182
f 1181/1181/1181 1182/1182/1182 1235/1235/1235
f 1180/1180/1180 1233/1233/1233 1236/1236/1236
f 1180/1180/1180 1236/1236/1236 1182/1182/1182
f 1237/1237/1237 1184/1184/1184 1130/1130/1130
f 1237/1237/1237 1130/1130/1130 1183/1183/1183
f 1238/1238/1238 1240/1240/1240 1187/1187/1187
f 1238/1238/1238 1187/1187/1187 1185/1185/1185
f 1136/1136/1136 1188/1188/1188 1241/1241/1241
f 1136/1136/1136 1241/1241/1241 1189/1189/1189
f 1189/1189/1189 1242/1242/1242 1190/1190/1190
f 1189/1189/1189 1190/1190/1190 1137/1137/1137
f 1138/1138/1138 1190/1190/1190 1243/1243/1243
f 1138/1138/1138 1243/1243/1243 1191/1191/1191
f 1192/1192/1192 1139/1139/1139 1191/1191/1191
f 1192/1192/1192 1191/1191/1191 1244/1244/1244
f 1193/1193/1193 1140/1140/1140 1192/1192/1192
f 1193/1193/1193 1192/1192/1192 1245/1245/1245
f 1194/1194/1194 1247/1247/1247 1196/1196/1196
f 1194/1194/1194 1196/1196/1196 1143/1143/1143
f 1195/1195/1195 1144/1144/1144 1197/1197/1197
f 1195/1195/1195 1197/1197/1197 1248/1248/1248
f 1198/1198/1198 1196/1196/1196 1249/1249/1249
f 1198/1198/1198 1249/1249/1249 1251/1251/1251
f 1195/1195/1195 1248/1248/1248 1252/1252/1252
f 1195/1195/1195 1252/1252/1252 1199/1199/1199
f 1147/1147/1147 1201/1201/1201 1253/1253/1253
f 1147/1147/1147 1253/1253/1253 1200/1200/1200
f 1148/1148/1148 1200/1200/1200 1254/1254/1254
f 1148/1148/1148 1254/1254/1254 1202/1202/1202
f 1209/1209/1209 1255/1255/1255 1201/1201/1201
f 1209/1209/1209 1201/1201/1201 1156/1156/1156
f 1203/1203/1203 1149/1149/1149 1202/1202/1202
f 1203/1203/1203 1202/1202/1202 1256/1256/1256
f 1150/1150/1150 1203/1203/1203 1257/1257/1257
f 1150/1150/1150 1257/1257/1257 1204/1204/1204
f 1258/1258/1258 1205/1205/1205 1151/1151/1151
f 1258/1258/1258 1151/1151/1151 1204/1204/1204
f 1205/1205/1205 1259/1259/1259 1206/1206/1206
f 1205/1205/1205 1206/1206/1206 1152/1152/1152
f 1153/1153/1153 1206/1206/1206 1260/1260/1260
f 1153/1153/1153 1260/1260/1260 1207/1207/1207
f 1261/1261/1261 1208/1208/1208 1154/1154/1154
f 1261/1261/1261 1154/1154/1154 1207/1207/1207
f 1157/1157/1157 1210/1210/1210 1262/1262/1262
f 1157/1157/1157 1262/1262/1262 1209/1209/1209
f 1211/1211/1211 1263/1263/1263 1210/1210/1210
f 1211/1211/1211 1210/1210/1210 1158/1158/1158
f 1264/1264/1264 1211/1211/1211 1160/1160/1160
f 1264/1264/1264 1160/1160/1160 1213/1213/1213
f 1199/1199/1199 1252/1252/1252 1212/1212/1212
f 1199/1199/1199 1212/1212/1212 1159/1159/1159
f 1265/1265/1265 1266/1266/1266 1213/1213/1213
f 1265/1265/1265 1213/1213/1213 1212/1212/1212
f 1162/1162/1162 1214/1214/1214 1267/1267/1267
f 1162/1162/1162 1267/1267/1267 1215/1215/1215
f 1216/1216/1216 1163/1163/1163 1215/1215/1215
f 1216/1216/1216 1215/1215/1215 1268/1268/1268
f 1164/1164/1164 1216/1216/1216 1269/1269/1269
f 1164/1164/1164 1269/1269/1269 1217/1217/1217
f 1165/1165/1165 1217/1217/1217 1270/1270/1270
f 1165/1165/1165 1270/1270/1270 1218/1218/1218
f 1166/1166/1166 1218/1218/1218 1271/1271/1271
f 1166/1166/1166 1271/1271/1271 1219/1219/1219
f 1272/1272/1272 1220/1220/1220 1167/1167/1167
f 1272/1272/1272 1167/1167/1167 1219/1219/1219
f 1221/1221/1221 1168/1168/1168 1220/1220/1220
f 1221/1221/1221 1220/1220/1220 1273/1273/1273
f 1169/1169/1169 1221/1221/1221 1274/1274/1274
f 1169/1169/1169 1274/1274/1274 1222/1222/1222
f 1170/1170/1170 1222/1222/1222 1275/1275/1275
f 1170/1170/1170 1275/1275/1275 1223/1223/1223
f 1276/1276/1276 1224/1224/1224 1171/1171/1171
f 1276/1276/1276 1171/1171/1171 1223/1223/1223
f 1172/1172/1172 1224/1224/1224 1277/1277/1277
f 1172/1172/1172 1277/1277/1277 1225/1225/1225
f 1226/1226/1226 1173/1173/1173 1225/1225/1225
f 1226/1226/1226 1225/1225/1225 1278/1278/1278
f 1279/1279/1279 1230/1230/1230 1177/1177/1177
f 1279/1279/1279 1177/1177/1177 1226/1226/1226
f 1280/1280/1280 1227/1227/1227 1178/1178/1178
f 1280/1280/1280 1178/1178/1178 1231/1231/1231
f 1228/1228/1228 1174/1174/1174 1227/1227/1227
f 1228/1228/1228 1227/1227/1227 1281/1281/1281
f 1283/1283/1283 1284/1284/1284 1231/1231/1231
f 1283/1283/1283 1231/1231/1231 1230/1230/1230
f 1238/1238/1238 1185/1185/1185 1229/1229/1229
f 1238/1238/1238 1229/1229/1229 1282/1282/1282
f 1285/1285/1285 1232/1232/1232 1186/1186/1186
f 1285/1285/1285 1186/1186/1186 1239/1239/1239
f 1286/1286/1286 1233/1233/1233 1179/1179/1179
f 1286/1286/1286 1179/1179/1179 1232/1232/1232
f 1181/1181/1181 1235/1235/1235 1287/1287/1287
f 1181/1181/1181 1287/1287/1287 1234/1234/1234
f 1234/1234/1234 1288/1288/1288 1237/1237/1237
f 1234/1234/1234 1237/1237/1237 1183/1183/1183
f 1289/1289/1289 1235/1235/1235 1182/1182/1182
f 1289/1289/1289 1182/1182/1182 1236/1236/1236
f 1290/1290/1290 1236/1236/1236 1233/1233/1233
f 1290/1290/1290 1233/1233/1233 1286/1286/1286
f 1238/1238/1238 1292/1292/1292 1294/1294/1294
f 1238/1238/1238 1294/1294/1294 1240/1240/1240
f 1189/1189/1189 1241/1241/1241 1295/1295/1295
f 1189/1189/1189 1295/1295/1295 1242/1242/1242
f 1242/1242/1242 1296/1296/1296 1243/1243/1243
f 1242/1242/1242 1243/1243/1243 1190/1190/1190
f 1297/1297/1297 1244/1244/1244 1191/1191/1191
f 1297/1297/1297 1191/1191/1191 1243/1243/1243
f 1192/1192/1192 1244/1244/1244 1298/1298/1298
f 1192/1192/1192 1298/1298/1298 1245/1245/1245
f 1193/1193/1193 1245/1245/1245 1299/1299/1299
f 1193/1193/1193 1299/1299/1299 1246/1246/1246
f 1247/1247/1247 1301/1301/1301 1249/1249/1249
f 1247/1247/1247 1249/1249/1249 1196/1196/1196
f 1197/1197/1197 1250/1250/1250 1302/1302/1302
f 1197/1197/1197 1302/1302/1302 1248/1248/1248
f 1251/1251/1251 1249/1249/1249 1303/1303/1303
f 1251/1251/1251 1303/1303/1303 1305/1305/1305
f 1252/1252/1252 1248/1248/1248 1302/1302/1302
f 1252/1252/1252 1302/1302/1302 1306/1306/1306
f 1307/1307/1307 1253/1253/1253 1201/1201/1201
f 1307/1307/1307 1201/1201/1201 1255/1255/1255
f 1253/1253/1253 1308/1308/1308 1254/1254/1254
f 1253/1253/1253 1254/1254/1254 1200/1200/1200
f 1254/1254/1254 1309/1309/1309 1256/1256/1256
f 1254/1254/1254 1256/1256/1256 1202/1202/1202
f 1262/1262/1262 1310/1310/1310 1255/1255/1255
f 1262/1262/1262 1255/1255/1255 1209/1209/1209
f 1203/1203/1203 1256/1256/1256 1311/1311/1311
f 1203/1203/1203 1311/1311/1311 1257/1257/1257
f 1258/1258/1258 1204/1204/1204 1257/1257/1257
f 1258/1258/1258 1257/1257/1257 1312/1312/1312
f 1258/1258/1258 1313/1313/1313 1259/1259/1259
f 1258/1258/1258 1259/1259/1259 1205/1205/1205
f 1259/1259/1259 1314/1314/1314 1260/1260/1260
f 1259/1259/1259 1260/1260/1260 1206/1206/1206
f 1260/1260/1260 1315/1315/1315 1261/1261/1261
f 1260/1260/1260 1261/1261/1261 1207/1207/1207
f 1262/1262/1262 1210/1210/1210 1263/1263/1263
f 1262/1262/1262 1263/1263/1263 1316/1316/1316
f 1264/1264/1264 1317/1317/1317 1263/1263/1263
f 1264/1264/1264 1263/1263/1263 1211/1211/1211
f 1318/1318/1318 1264/1264/1264 1213/1213/1213
f 1318/1318/1318 1213/1213/1213 1266/1266/1266
f 1252/1252/1252 1306/1306/1306 1265/1265/1265
f 1252/1252/1252 1265/1265/1265 1212/1212/1212
f 1265/1265/1265 1319/1319/1319 1320/1320/1320
f 1265/1265/1265 1320/1320/1320 1266/1266/1266
f 1321/1321/1321 1268/1268/1268 1215/1215/1215
f 1321/1321/1321 1215/1215/1215 1267/1267/1267
f 1322/1322/1322 1269/1269/1269 1216/1216/1216
f 1322/1322/1322 1216/1216/1216 1268/1268/1268
f 1270/1270/1270 1217/1217/1217 1269/1269/1269
f 1270/1270/1270 1269/1269/1269 1323/1323/1323
f 1270/1270/1270 1324/1324/1324 1271/1271/1271
f 1270/1270/1270 1271/1271/1271 1218/1218/1218
f 1271/1271/1271 1325/1325/1325 1272/1272/1272
f 1271/1271/1271 1272/1272/1272 1219/1219/1219
f 1326/1326/1326 1273/1273/1273 1220/1220/1220
f 1326/1326/1326 1220/1220/1220 1272/1272/1272
f 1221/1221/1221 1273/1273/1273 1327/1327/1327
f 1221/1221/1221 1327/1327/1327 1274/1274/1274
f 1222/1222/1222 1274/1274/1274 1328/1328/1328
f 1222/1222/1222 1328/1328/1328 1275/1275/1275
f 1276/1276/1276 1223/1223/1223 1275/1275/1275
f 1276/1276/1276 1275/1275/1275 1329/1329/1329
f 1330/1330/1330 1277/1277/1277 1224/1224/1224
f 1330/1330/1330 1224/1224/1224 1276/1276/1276
f 1331/1331/1331 1278/1278/1278 1225/1225/1225
f 1331/1331/1331 1225/1225/1225 1277/1277/1277
f 1279/1279/1279 1226/1226/1226 1278/1278/1278
f 1279/1279/1279 1278/1278/1278 1332/1332/1332
f 1283/1283/1283 1230/1230/1230 1279/1279/1279
f 1283/1283/1283 1279/1279/1279 1333/1333/1333
f 1281/1281/1281 1227/1227/1227 1280/1280/1280
f 1281/1281/1281 1280/1280/1280 1291/1291/1291
f 1280/1280/1280 1231/1231/1231 1284/1284/1284
f 1280/1280/1280 1284/1284/1284 1334/1334/1334
f 1285/1285/1285 1335/1335/1335 1286/1286/1286
f 1285/1285/1285 1286/1286/1286 1232/1232/1232
f 1293/1293/1293 1336/1336/1336 1285/1285/1285
f 1293/1293/1293 1285/1285/1285 1239/1239/1239
f 1289/1289/1289 1337/1337/1337 1287/1287/1287
f 1289/1289/1289 1287/1287/1287 1235/1235/1235
f 1234/1234/1234 1287/1287/1287 1338/1338/1338
f 1234/1234/1234 1338/1338/1338 1288/1288/1288
f 1289/1289/1289 1236/1236/1236 1290/1290/1290
f 1289/1289/1289 1290/1290/1290 1339/1339/1339
f 1340/1340/1340 1290/1290/1290 1286/1286/1286
f 1340/1340/1340 1286/1286/1286 1335/1335/1335
f 1242/1242/1242 1295/1295/1295 1341/1341/1341
f 1242/1242/1242 1341/1341/1341 1296/1296/1296
f 1296/1296/1296 1342/1342/1342 1297/1297/1297
f 1296/1296/1296 1297/1297/1297 1243/1243/1243
f 1298/1298/1298 1244/1244/1244 1297/1297/1297
f 1298/1298/1298 1297/1297/1297 1343/1343/1343
f 1245/1245/1245 1298/1298/1298 1344/1344/1344
f 1245/1245/1245 1344/1344/1344 1299/1299/1299
f 1246/1246/1246 1299/1299/1299 1345/1345/1345
f 1246/1246/1246 1345/1345/1345 1300/1300/1300
f 1301/1301/1301 1347/1347/1347 1303/1303/1303
f 1301/1301/1301 1303/1303/1303 1249/1249/1249
f 1348/1348/1348 1302/1302/1302 1250/1250/1250
f 1348/1348/1348 1250/1250/1250 1304/1304/1304
f 1350/1350/1350 1305/1305/1305 1303/1303/1303
f 1350/1350/1350 1303/1303/1303 1351/1351/1351
f 1348/1348/1348 1352/1352/1352 1306/1306/1306
f 1348/1348/1348 1306/1306/1306 1302/1302/1302
f 1353/1353/1353 1308/1308/1308 1253/1253/1253
f 1353/1353/1353 1253/1253/1253 1307/1307/1307
f 1307/1307/1307 1255/1255/1255 1310/1310/1310
f 1307/1307/1307 1310/1310/1310 1354/1354/1354
f 1308/1308/1308 1355/1355/1355 1309/1309/1309
f 1308/1308/1308 1309/1309/1309 1254/1254/1254
f 1256/1256/1256 1309/1309/1309 1356/1356/1356
f 1256/1256/1256 1356/1356/1356 1311/1311/1311
f 1262/1262/1262 1316/1316/1316 1357/1357/1357
f 1262/1262/1262 1357/1357/1357 1310/1310/1310
f 1312/1312/1312 1257/1257/1257 1311/1311/1311
f 1312/1312/1312 1311/1311/1311 1358/1358/1358
f 1258/1258/1258 1312/1312/1312 1359/1359/1359
f 1258/1258/1258 1359/1359/1359 1313/1313/1313
f 1259/1259/1259 1313/1313/1313 1360/1360/1360
f 1259/1259/1259 1360/1360/1360 1314/1314/1314
f 1260/1260/1260 1314/1314/1314 1361/1361/1361
f 1260/1260/1260 1361/1361/1361 1315/1315/1315
f 1362/1362/1362 1316/1316/1316 1263/1263/1263
f 1362/1362/1362 1263/1263/1263 1317/1317/1317
f 1363/1363/1363 1317/1317/1317 1264/1264/1264
f 1363/1363/1363 1264/1264/1264 1318/1318/1318
f 1364/1364/1364 1318/1318/1318 1266/1266/1266
f 1364/1364/1364 1266/1266/1266 1320/1320/1320
f 1265/1265/1265 1306/1306/1306 1352/1352/1352
f 1265/1265/1265 1352/1352/1352 1319/1319/1319
f 1365/1365/1365 1366/1366/1366 1320/1320/1320
f 1365/1365/1365 1320/1320/1320 1319/1319/1319
f 1322/1322/1322 1268/1268/1268 1321/1321/1321
f 1322/1322/1322 1321/1321/1321 1367/1367/1367
f 1322/1322/1322 1368/1368/1368 1323/1323/1323
f 1322/1322/1322 1323/1323/1323 1269/1269/1269
f 1270/1270/1270 1323/1323/1323 1369/1369/1369
f 1270/1270/1270 1369/1369/1369 1324/1324/1324
f 1324/1324/1324 1370/1370/1370 1325/1325/1325
f 1324/1324/1324 1325/1325/1325 1271/1271/1271
f 1371/1371/1371 1326/1326/1326 1272/1272/1272
f 1371/1371/1371 1272/1272/1272 1325/1325/1325
f 1326/1326/1326 1372/1372/1372 1327/1327/1327
f 1326/1326/1326 1327/1327/1327 1273/1273/1273
f 1327/1327/1327 1373/1373/1373 1328/1328/1328
f 1327/1327/1327 1328/1328/1328 1274/1274/1274
f 1329/1329/1329 1275/1275/1275 1328/1328/1328
f 1329/1329/1329 1328/1328/1328 1374/1374/1374
f 1330/1330/1330 1276/1276/1276 1329/1329/1329
f 1330/1330/1330 1329/1329/1329 1375/1375/1375
f 1376/1376/1376 1331/1331/1331 1277/1277/1277
f 1376/1376/1376 1277/1277/1277 1330/1330/1330
f 1377/1377/1377 1332/1332/1332 1278/1278/1278
f 1377/1377/1377 1278/1278/1278 1331/1331/1331
f 1333/1333/1333 1279/1279/1279 1332/1332/1332
f 1333/1333/1333 1332/1332/1332 1378/1378/1378
f 1280/1280/1280 1334/1334/1334 1379/1379/1379
f 1280/1280/1280 1379/1379/1379 1291/1291/1291
f 1285/1285/1285 1336/1336/1336 1380/1380/1380
f 1285/1285/1285 1380/1380/1380 1335/1335/1335
f 1289/1289/1289 1339/1339/1339 1381/1381/1381
f 1289/1289/1289 1381/1381/1381 1337/1337/1337
f 1287/1287/1287 1337/1337/1337 1382/1382/1382
f 1287/1287/1287 1382/1382/1382 1338/1338/1338
f 1339/1339/1339 1290/1290/1290 1340/1340/1340
f 1339/1339/1339 1340/1340/1340 1383/1383/1383
f 1340/1340/1340 1335/1335/1335 1380/1380/1380
f 1340/1340/1340 1380/1380/1380 1384/1384/1384
f 1385/1385/1385 1342/1342/1342 1296/1296/1296
f 1385/1385/1385 1296/1296/1296 1341/1341/1341
f 1386/1386/1386 1343/1343/1343 1297/1297/1297
f 1386/1386/1386 1297/1297/1297 1342/1342/1342
f 1344/1344/1344 1298/1298/1298 1343/1343/1343
f 1344/1344/1344 1343/1343/1343 1387/1387/1387
f 1344/1344/1344 1388/1388/1388 1345/1345/1345
f 1344/1344/1344 1345/1345/1345 1299/1299/1299
f 1300/1300/1300 1345/1345/1345 1389/1389/1389
f 1300/1300/1300 1389/1389/1389 1346/1346/1346
f 1347/1347/1347 1391/1391/1391 1351/1351/1351
f 1347/1347/1347 1351/1351/1351 1303/1303/1303
f 1392/1392/1392 1348/1348/1348 1304/1304/1304
f 1392/1392/1392 1304/1304/1304 1349/1349/1349
f 1394/1394/1394 1350/1350/1350 1351/1351/1351
f 1394/1394/1394 1351/1351/1351 1395/1395/1395
f 1392/1392/1392 1396/1396/1396 1352/1352/1352
f 1392/1392/1392 1352/1352/1352 1348/1348/1348
f 1397/1397/1397 1355/1355/1355 1308/1308/1308
f 1397/1397/1397 1308/1308/1308 1353/1353/1353
f 1353/1353/1353 1307/1307/1307 1354/1354/1354
f 1353/1353/1353 1354/1354/1354 1398/1398/1398
f 1399/1399/1399 1354/1354/1354 1310/1310/1310
f 1399/1399/1399 1310/1310/1310 1357/1357/1357
f 1355/1355/1355 1400/1400/1400 1356/1356/1356
f 1355/1355/1355 1356/1356/1356 1309/1309/1309
f 1358/1358/1358 1311/1311/1311 1356/1356/1356
f 1358/1358/1358 1356/1356/1356 1401/1401/1401
f 1362/1362/1362 1402/1402/1402 1357/1357/1357
f 1362/1362/1362 1357/1357/1357 1316/1316/1316
f 1312/1312/1312 1358/1358/1358 1403/1403/1403
f 1312/1312/1312 1403/1403/1403 1359/1359/1359
f 1359/1359/1359 1404/1404/1404 1360/1360/1360
f 1359/1359/1359 1360/1360/1360 1313/1313/1313
f 1314/1314/1314 1360/1360/1360 1405/1405/1405
f 1314/1314/1314 1405/1405/1405 1361/1361/1361
f 1363/1363/1363 1406/1406/1406 1362/1362/1362
f 1363/1363/1363 1362/1362/1362 1317/1317/1317
f 1407/1407/1407 1363/1363/1363 1318/1318/1318
f 1407/1407/1407 1318/1318/1318 1364/1364/1364
f 1364/1364/1364 1320/1320/1320 1366/1366/1366
f 1364/1364/1364 1366/1366/1366 1408/1408/1408
f 1396/1396/1396 1365/1365/1365 1319/1319/1319
f 1396/1396/1396 1319/1319/1319 1352/1352/1352
f 1365/1365/1365 1409/1409/1409 1410/1410/1410
f 1365/1365/1365 1410/1410/1410 1366/1366/1366
f 1322/1322/1322 1367/1367/1367 1411/1411/1411
f 1322/1322/1322 1411/1411/1411 1368/1368/1368
f 1368/1368/1368 1412/1412/1412 1369/1369/1369
f 1368/1368/1368 1369/1369/1369 1323/1323/1323
f 1369/1369/1369 1413/1413/1413 1370/1370/1370
f 1369/1369/1369 1370/1370/1370 1324/1324/1324
f 1371/1371/1371 1325/1325/1325 1370/1370/1370
f 1371/1371/1371 1370/1370/1370 1414/1414/1414
f 1371/1371/1371 1415/1415/1415 1372/1372/1372
f 1371/1371/1371 1372/1372/1372 1326/1326/1326
f 1416/1416/1416 1373/1373/1373 1327/1327/1327
f 1416/1416/1416 1327/1327/1327 1372/1372/1372
f 1417/1417/1417 1374/1374/1374 1328/1328/1328
f 1417/1417/1417 1328/1328/1328 1373/1373/1373
f 1375/1375/1375 1329/1329/1329 1374/1374/1374
f 1375/1375/1375 1374/1374/1374 1418/1418/1418
f 1376/1376/1376 1330/1330/1330 1375/1375/1375
f 1376/1376/1376 1375/1375/1375 1419/1419/1419
f 1420/1420/1420 1377/1377/1377 1331/1331/1331
f 1420/1420/1420 1331/1331/1331 1376/1376/1376
f 1378/1378/1378 1332/1332/1332 1377/1377/1377
f 1378/1378/1378 1377/1377/1377 1421/1421/1421
f 1422/1422/1422 1333/1333/1333 1378/1378/1378
f 1422/1422/1422 1378/1378/1378 1423/1423/1423
f 1339/1339/1339 1383/1383/1383 1424/1424/1424
f 1339/1339/1339 1424/1424/1424 1381/1381/1381
f 1425/1425/1425 1382/1382/1382 1337/1337/1337
f 1425/1425/1425 1337/1337/1337 1381/1381/1381
f 1340/1340/1340 1384/1384/1384 1426/1426/1426
f 1340/1340/1340 1426/1426/1426 1383/1383/1383
f 1427/1427/1427 1386/1386/1386 1342/1342/1342
f 1427/1427/1427 1342/1342/1342 1385/1385/1385
f 1386/1386/1386 1428/1428/1428 1387/1387/1387
f 1386/1386/1386 1387/1387/1387 1343/1343/1343
f 1344/1344/1344 1387/1387/1387 1429/1429/1429
f 1344/1344/1344 1429/1429/1429 1388/1388/1388
f 1430/1430/1430 1389/1389/1389 1345/1345/1345
f 1430/1430/1430 1345/1345/1345 1388/1388/1388
f 1346/1346/1346 1389/1389/1389 1431/1431/1431
f 1346/1346/1346 1431/1431/1431 1390/1390/1390
f 1351/1351/1351 1391/1391/1391 1433/1433/1433
f 1351/1351/1351 1433/1433/1433 1395/1395/1395
f 1393/1393/1393 1434/1434/1434 1392/1392/1392
f 1393/1393/1393 1392/1392/1392 1349/1349/1349
f 1394/1394/1394 1395/1395/1395 1435/1435/1435
f 1394/1394/1394 1435/1435/1435 1437/1437/1437
f 1392/1392/1392 1434/1434/1434 1438/1438/1438
f 1392/1392/1392 1438/1438/1438 1396/1396/1396
f 1397/1397/1397 1439/1439/1439 1400/1400/1400
f 1397/1397/1397 1400/1400/1400 1355/1355/1355
f 1397/1397/1397 1353/1353/1353 1398/1398/1398
f 1397/1397/1397 1398/1398/1398 1440/1440/1440
f 1398/1398/1398 1354/1354/1354 1399/1399/1399
f 1398/1398/1398 1399/1399/1399 1441/1441/1441
f 1442/1442/1442 1399/1399/1399 1357/1357/1357
f 1442/1442/1442 1357/1357/1357 1402/1402/1402
f 1443/1443/1443 1401/1401/1401 1356/1356/1356
f 1443/1443/1443 1356/1356/1356 1400/1400/1400
f 1358/1358/1358 1401/1401/1401 1444/1444/1444
f 1358/1358/1358 1444/1444/1444 1403/1403/1403
f 1362/1362/1362 1406/1406/1406 1445/1445/1445
f 1362/1362/1362 1445/1445/1445 1402/1402/1402
f 1446/1446/1446 1404/1404/1404 1359/1359/1359
f 1446/1446/1446 1359/1359/1359 1403/1403/1403
f 1404/1404/1404 1447/1447/1447 1405/1405/1405
f 1404/1404/1404 1405/1405/1405 1360/1360/1360
f 1407/1407/1407 1448/1448/1448 1406/1406/1406
f 1407/1407/1407 1406/1406/1406 1363/1363/1363
f 1407/1407/1407 1364/1364/1364 1408/1408/1408
f 1407/1407/1407 1408/1408/1408 1449/1449/1449
f 1366/1366/1366 1410/1410/1410 1450/1450/1450
f 1366/1366/1366 1450/1450/1450 1408/1408/1408
f 1396/1396/1396 1438/1438/1438 1409/1409/1409
f 1396/1396/1396 1409/1409/1409 1365/1365/1365
f 1451/1451/1451 1452/1452/1452 1410/1410/1410
f 1451/1451/1451 1410/1410/1410 1409/1409/1409
f 1369/1369/1369 1412/1412/1412 1453/1453/1453
f 1369/1369/1369 1453/1453/1453 1413/1413/1413
f 1413/1413/1413 1454/1454/1454 1414/1414/1414
f 1413/1413/1413 1414/1414/1414 1370/1370/1370
f 1371/1371/1371 1414/1414/1414 1455/1455/1455
f 1371/1371/1371 1455/1455/1455 1415/1415/1415
f 1456/1456/1456 1416/1416/1416 1372/1372/1372
f 1456/1456/1456 1372/1372/1372 1415/1415/1415
f 1417/1417/1417 1373/1373/1373 1416/1416/1416
f 1417/1417/1417 1416/1416/1416 1457/1457/1457
f 1458/1458/1458 1418/1418/1418 1374/1374/1374
f 1458/1458/1458 1374/1374/1374 1417/1417/1417
f 1419/1419/1419 1375/1375/1375 1418/1418/1418
f 1419/1419/1419 1418/1418/1418 1459/1459/1459
f 1420/1420/1420 1376/1376/1376 1419/1419/1419
f 1420/1420/1420 1419/1419/1419 1460/1460/1460
f 1461/1461/1461 1421/1421/1421 1377/1377/1377
f 1461/1461/1461 1377/1377/1377 1420/1420/1420
f 1462/1462/1462 1423/1423/1423 1378/1378/1378
f 1462/1462/1462 1378/1378/1378 1421/1421/1421
f 1383/1383/1383 1426/1426/1426 1463/1463/1463
f 1383/1383/1383 1463/1463/1463 1424/1424/1424
f 1425/1425/1425 1381/1381/1381 1424/1424/1424
f 1425/1425/1425 1424/1424/1424 1464/1464/1464
f 1427/1427/1427 1465/1465/1465 1428/1428/1428
f 1427/1427/1427 1428/1428/1428 1386/1386/1386
f 1466/1466/1466 1429/1429/1429 1387/1387/1387
f 1466/1466/1466 1387/1387/1387 1428/1428/1428
f 1467/1467/1467 1430/1430/1430 1388/1388/1388
f 1467/1467/1467 1388/1388/1388 1429/1429/1429
f 1430/1430/1430 1468/1468/1468 1431/1431/1431
f 1430/1430/1430 1431/1431/1431 1389/1389/1389
f 1431/1431/1431 1469/1469/1469 1432/1432/1432
f 1431/1431/1431 1432/1432/1432 1390/1390/1390
f 1395/1395/1395 1433/1433/1433 1471/1471/1471
f 1395/1395/1395 1471/1471/1471 1435/1435/1435
f 1393/1393/1393 1436/1436/1436 1472/1472/1472
f 1393/1393/1393 1472/1472/1472 1434/1434/1434
f 1437/1437/1437 1435/1435/1435 1473/1473/1473
f 1437/1437/1437 1473/1473/1473 1475/1475/1475
f 1476/1476/1476 1438/1438/1438 1434/1434/1434
f 1476/1476/1476 1434/1434/1434 1472/1472/1472
f 1397/1397/1397 1440/1440/1440 1477/1477/1477
f 1397/1397/1397 1477/1477/1477 1439/1439/1439
f 1478/1478/1478 1443/1443/1443 1400/1400/1400
f 1478/1478/1478 1400/1400/1400 1439/1439/1439
f 1440/1440/1440 1398/1398/1398 1441/1441/1441
f 1440/1440/1440 1441/1441/1441 1479/1479/1479
f 1442/1442/1442 1480/1480/1480 1441/1441/1441
f 1442/1442/1442 1441/1441/1441 1399/1399/1399
f 1442/1442/1442 1402/1402/1402 1445/1445/1445
f 1442/1442/1442 1445/1445/1445 1481/1481/1481
f 1443/1443/1443 1482/1482/1482 1444/1444/1444
f 1443/1443/1443 1444/1444/1444 1401/1401/1401
f 1446/1446/1446 1403/1403/1403 1444/1444/1444
f 1446/1446/1446 1444/1444/1444 1483/1483/1483
f 1448/1448/1448 1484/1484/1484 1445/1445/1445
f 1448/1448/1448 1445/1445/1445 1406/1406/1406
f 1446/1446/1446 1485/1485/1485 1447/1447/1447
f 1446/1446/1446 1447/1447/1447 1404/1404/1404
f 1407/1407/1407 1449/1449/1449 1486/1486/1486
f 1407/1407/1407 1486/1486/1486 1448/1448/1448
f 1449/1449/1449 1408/1408/1408 1450/1450/1450
f 1449/1449/1449 1450/1450/1450 1487/1487/1487
f 1410/1410/1410 1452/1452/1452 1488/1488/1488
f 1410/1410/1410 1488/1488/1488 1450/1450/1450
f 1476/1476/1476 1451/1451/1451 1409/1409/1409
f 1476/1476/1476 1409/1409/1409 1438/1438/1438
f 1489/1489/1489 1452/1452/1452 1451/1451/1451
f 1489/1489/1489 1451/1451/1451 1490/1490/1490
f 1413/1413/1413 1453/1453/1453 1491/1491/1491
f 1413/1413/1413 1491/1491/1491 1454/1454/1454
f 1414/1414/1414 1454/1454/1454 1492/1492/1492
f 1414/1414/1414 1492/1492/1492 1455/1455/1455
f 1456/1456/1456 1415/1415/1415 1455/1455/1455
f 1456/1456/1456 1455/1455/1455 1493/1493/1493
f 1456/1456/1456 1494/1494/1494 1457/1457/1457
f 1456/1456/1456 1457/1457/1457 1416/1416/1416
f 1458/1458/1458 1417/1417/1417 1457/1457/1457
f 1458/1458/1458 1457/1457/1457 1495/1495/1495
f 1458/1458/1458 1496/1496/1496 1459/1459/1459
f 1458/1458/1458 1459/1459/1459 1418/1418/1418
f 1419/1419/1419 1459/1459/1459 1497/1497/1497
f 1419/1419/1419 1497/1497/1497 1460/1460/1460
f 1461/1461/1461 1420/1420/1420 1460/1460/1460
f 1461/1461/1461 1460/1460/1460 1498/1498/1498
f 1499/1499/1499 1462/1462/1462 1421/1421/1421
f 1499/1499/1499 1421/1421/1421 1461/1461/1461
f 1463/1463/1463 1500/1500/1500 1464/1464/1464
f 1463/1463/1463 1464/1464/1464 1424/1424/1424
f 1466/1466/1466 1428/1428/1428 1465/1465/1465
f 1466/1466/1466 1465/1465/1465 1501/1501/1501
f 1467/1467/1467 1429/1429/1429 1466/1466/1466
f 1467/1467/1467 1466/1466/1466 1502/1502/1502
f 1467/1467/1467 1503/1503/1503 1468/1468/1468
f 1467/1467/1467 1468/1468/1468 1430/1430/1430
f 1504/1504/1504 1469/1469/1469 1431/1431/1431
f 1504/1504/1504 1431/1431/1431 1468/1468/1468
f 1505/1505/1505 1470/1470/1470 1432/1432/1432
f 1505/1505/1505 1432/1432/1432 1469/1469/1469
f 1473/1473/1473 1435/1435/1435 1471/1471/1471
f 1473/1473/1473 1471/1471/1471 1507/1507/1507
f 1508/1508/1508 1472/1472/1472 1436/1436/1436
f 1508/1508/1508 1436/1436/1436 1474/1474/1474
f 1475/1475/1475 1473/1473/1473 1509/1509/1509
f 1475/1475/1475 1509/1509/1509 1511/1511/1511
f 1512/1512/1512 1476/1476/1476 1472/1472/1472
f 1512/1512/1512 1472/1472/1472 1508/1508/1508
f 1477/1477/1477 1440/1440/1440 1479/1479/1479
f 1477/1477/1477 1479/1479/1479 1513/1513/1513
f 1477/1477/1477 1514/1514/1514 1515/1515/1515
f 1477/1477/1477 1515/1515/1515 1439/1439/1439
f 1478/1478/1478 1516/1516/1516 1482/1482/1482
f 1478/1478/1478 1482/1482/1482 1443/1443/1443
f 1479/1479/1479 1441/1441/1441 1480/1480/1480
f 1479/1479/1479 1480/1480/1480 1517/1517/1517
f 1442/1442/1442 1481/1481/1481 1518/1518/1518
f 1442/1442/1442 1518/1518/1518 1480/1480/1480
f 1519/1519/1519 1481/1481/1481 1445/1445/1445
f 1519/1519/1519 1445/1445/1445 1484/1484/1484
f 1520/1520/1520 1483/1483/1483 1444/1444/1444
f 1520/1520/1520 1444/1444/1444 1482/1482/1482
f 1446/1446/1446 1483/1483/1483 1521/1521/1521
f 1446/1446/1446 1521/1521/1521 1485/1485/1485
f 1486/1486/1486 1522/1522/1522 1484/1484/1484
f 1486/1486/1486 1484/1484/1484 1448/1448/1448
f 1449/1449/1449 1487/1487/1487 1523/1523/1523
f 1449/1449/1449 1523/1523/1523 1486/1486/1486
f 1487/1487/1487 1450/1450/1450 1488/1488/1488
f 1487/1487/1487 1488/1488/1488 1524/1524/1524
f 1489/1489/1489 1525/1525/1525 1488/1488/1488
f 1489/1489/1489 1488/1488/1488 1452/1452/1452
f 1512/1512/1512 1490/1490/1490 1451/1451/1451
f 1512/1512/1512 1451/1451/1451 1476/1476/1476
f 1526/1526/1526 1489/1489/1489 1490/1490/1490
f 1526/1526/1526 1490/1490/1490 1527/1527/1527
f 1528/1528/1528 1492/1492/1492 1454/1454/1454
f 1528/1528/1528 1454/1454/1454 1491/1491/1491
f 1492/1492/1492 1529/1529/1529 1493/1493/1493
f 1492/1492/1492 1493/1493/1493 1455/1455/1455
f 1456/1456/1456 1493/1493/1493 1530/1530/1530
f 1456/1456/1456 1530/1530/1530 1494/1494/1494
f 1494/1494/1494 1531/1531/1531 1495/1495/1495
f 1494/1494/1494 1495/1495/1495 1457/1457/1457
f 1458/1458/1458 1495/1495/1495 1532/1532/1532
f 1458/1458/1458 1532/1532/1532 1496/1496/1496
f 1496/1496/1496 1533/1533/1533 1497/1497/1497
f 1496/1496/1496 1497/1497/1497 1459/1459/1459
f 1534/1534/1534 1498/1498/1498 1460/1460/1460
f 1534/1534/1534 1460/1460/1460 1497/1497/1497
f 1535/1535/1535 1499/1499/1499 1461/1461/1461
f 1535/1535/1535 1461/1461/1461 1498/1498/1498
f 1466/1466/1466 1501/1501/1501 1536/1536/1536
f 1466/1466/1466 1536/1536/1536 1502/1502/1502
f 1467/1467/1467 1502/1502/1502 1537/1537/1537
f 1467/1467/1467 1537/1537/1537 1503/1503/1503
f 1538/1538/1538 1504/1504/1504 1468/1468/1468
f 1538/1538/1538 1468/1468/1468 1503/1503/1503
f 1505/1505/1505 1469/1469/1469 1504/1504/1504
f 1505/1505/1505 1504/1504/1504 1539/1539/1539
f 1505/1505/1505 1540/1540/1540 1506/1506/1506
f 1505/1505/1505 1506/1506/1506 1470/1470/1470
f 1473/1473/1473 1507/1507/1507 1542/1542/1542
f 1473/1473/1473 1542/1542/1542 1509/1509/1509
f 1508/1508/1508 1474/1474/1474 1510/1510/1510
f 1508/1508/1508 1510/1510/1510 1543/1543/1543
f 1544/1544/1544 1546/1546/1546 1511/1511/1511
f 1544/1544/1544 1511/1511/1511 1509/1509/1509
f 1547/1547/1547 1512/1512/1512 1508/1508/1508
f 1547/1547/1547 1508/1508/1508 1543/1543/1543
f 1548/1548/1548 1513/1513/1513 1479/1479/1479
f 1548/1548/1548 1479/1479/1479 1517/1517/1517
f 1477/1477/1477 1513/1513/1513 1549/1549/1549
f 1477/1477/1477 1549/1549/1549 1514/1514/1514
f 1514/1514/1514 1550/1550/1550 1551/1551/1551
f 1514/1514/1514 1551/1551/1551 1515/1515/1515
f 1478/1478/1478 1515/1515/1515 1551/1551/1551
f 1478/1478/1478 1551/1551/1551 1516/1516/1516
f 1520/1520/1520 1482/1482/1482 1516/1516/1516
f 1520/1520/1520 1516/1516/1516 1552/1552/1552
f 1517/1517/1517 1480/1480/1480 1518/1518/1518
f 1517/1517/1517 1518/1518/1518 1553/1553/1553
f 1519/1519/1519 1554/1554/1554 1518/1518/1518
f 1519/1519/1519 1518/1518/1518 1481/1481/1481
f 1519/1519/1519 1484/1484/1484 1522/1522/1522
f 1519/1519/1519 1522/1522/1522 1555/1555/1555
f 1520/1520/1520 1556/1556/1556 1521/1521/1521
f 1520/1520/1520 1521/1521/1521 1483/1483/1483
f 1486/1486/1486 1523/1523/1523 1557/1557/1557
f 1486/1486/1486 1557/1557/1557 1522/1522/1522
f 1558/1558/1558 1523/1523/1523 1487/1487/1487
f 1558/1558/1558 1487/1487/1487 1524/1524/1524
f 1559/1559/1559 1524/1524/1524 1488/1488/1488
f 1559/1559/1559 1488/1488/1488 1525/1525/1525
f 1560/1560/1560 1525/1525/1525 1489/1489/1489
f 1560/1560/1560 1489/1489/1489 1526/1526/1526
f 1527/1527/1527 1490/1490/1490 1512/1512/1512
f 1527/1527/1527 1512/1512/1512 1547/1547/1547
f 1561/1561/1561 1526/1526/1526 1527/1527/1527
f 1561/1561/1561 1527/1527/1527 1562/1562/1562
f 1528/1528/1528 1563/1563/1563 1529/1529/1529
f 1528/1528/1528 1529/1529/1529 1492/1492/1492
f 1530/1530/1530 1493/1493/1493 1529/1529/1529
f 1530/1530/1530 1529/1529/1529 1564/1564/1564
f 1494/1494/1494 1530/1530/1530 1565/1565/1565
f 1494/1494/1494 1565/1565/1565 1531/1531/1531
f 1566/1566/1566 1532/1532/1532 1495/1495/1495
f 1566/1566/1566 1495/1495/1495 1531/1531/1531
f 1567/1567/1567 1533/1533/1533 1496/1496/1496
f 1567/1567/1567 1496/1496/1496 1532/1532/1532
f 1568/1568/1568 1534/1534/1534 1497/1497/1497
f 1568/1568/1568 1497/1497/1497 1533/1533/1533
f 1535/1535/1535 1498/1498/1498 1534/1534/1534
f 1535/1535/1535 1534/1534/1534 1569/1569/1569
f 1570/1570/1570 1571/1571/1571 1499/1499/1499
f 1570/1570/1570 1499/1499/1499 1535/1535/1535
f 1536/1536/1536 1572/1572/1572 1537/1537/1537
f 1536/1536/1536 1537/1537/1537 1502/1502/1502
f 1538/1538/1538 1503/1503/1503 1537/1537/1537
f 1538/1538/1538 1537/1537/1537 1573/1573/1573
f 1538/1538/1538 1574/1574/1574 1539/1539/1539
f 1538/1538/1538 1539/1539/1539 1504/1504/1504
f 1505/1505/1505 1539/1539/1539 1575/1575/1575
f 1505/1505/1505 1575/1575/1575 1540/1540/1540
f 1540/1540/1540 1576/1576/1576 1541/1541/1541
f 1540/1540/1540 1541/1541/1541 1506/1506/1506
f 1544/1544/1544 1509/1509/1509 1542/1542/1542
f 1544/1544/1544 1542/1542/1542 1578/1578/1578
f 1510/1510/1510 1545/1545/1545 1579/1579/1579
f 1510/1510/1510 1579/1579/1579 1543/1543/1543
f 1544/1544/1544 1580/1580/1580 1582/1582/1582
f 1544/1544/1544 1582/1582/1582 1546/1546/1546
f 1547/1547/1547 1543/1543/1543 1579/1579/1579
f 1547/1547/1547 1579/1579/1579 1583/1583/1583
f 1548/1548/1548 1584/1584/1584 1549/1549/1549
f 1548/1548/1548 1549/1549/1549 1513/1513/1513
f 1548/1548/1548 1517/1517/1517 1553/1553/1553
f 1548/1548/1548 1553/1553/1553 1585/1585/1585
f 1514/1514/1514 1549/1549/1549 1586/1586/1586
f 1514/1514/1514 1586/1586/1586 1550/1550/1550
f 1587/1587/1587 1588/1588/1588 1551/1551/1551
f 1587/1587/1587 1551/1551/1551 1550/1550/1550
f 1552/1552/1552 1516/1516/1516 1551/1551/1551
f 1552/1552/1552 1551/1551/1551 1588/1588/1588
f 1520/1520/1520 1552/1552/1552 1589/1589/1589
f 1520/1520/1520 1589/1589/1589 1556/1556/1556
f 1554/1554/1554 1590/1590/1590 1553/1553/1553
f 1554/1554/1554 1553/1553/1553 1518/1518/1518
f 1519/1519/1519 1555/1555/1555 1591/1591/1591
f 1519/1519/1519 1591/1591/1591 1554/1554/1554
f 1592/1592/1592 1555/1555/1555 1522/1522/1522
f 1592/1592/1592 1522/1522/1522 1557/1557/1557
f 1558/1558/1558 1593/1593/1593 1557/1557/1557
f 1558/1558/1558 1557/1557/1557 1523/1523/1523
f 1559/1559/1559 1594/1594/1594 1558/1558/1558
f 1559/1559/1559 1558/1558/1558 1524/1524/1524
f 1560/1560/1560 1595/1595/1595 1559/1559/1559
f 1560/1560/1560 1559/1559/1559 1525/1525/1525
f 1596/1596/1596 1560/1560/1560 1526/1526/1526
f 1596/1596/1596 1526/1526/1526 1561/1561/1561
f 1527/1527/1527 1547/1547/1547 1583/1583/1583
f 1527/1527/1527 1583/1583/1583 1562/1562/1562
f 1561/1561/1561 1562/1562/1562 1597/1597/1597
f 1561/1561/1561 1597/1597/1597 1598/1598/1598
f 1563/1563/1563 1599/1599/1599 1564/1564/1564
f 1563/1563/1563 1564/1564/1564 1529/1529/1529
f 1565/1565/1565 1530/1530/1530 1564/1564/1564
f 1565/1565/1565 1564/1564/1564 1600/1600/1600
f 1566/1566/1566 1531/1531/1531 1565/1565/1565
f 1566/1566/1566 1565/1565/1565 1601/1601/1601
f 1567/1567/1567 1532/1532/1532 1566/1566/1566
f 1567/1567/1567 1566/1566/1566 1602/1602/1602
f 1603/1603/1603 1568/1568/1568 1533/1533/1533
f 1603/1603/1603 1533/1533/1533 1567/1567/1567
f 1569/1569/1569 1534/1534/1534 1568/1568/1568
f 1569/1569/1569 1568/1568/1568 1604/1604/1604
f 1570/1570/1570 1535/1535/1535 1569/1569/1569
f 1570/1570/1570 1569/1569/1569 1605/1605/1605
f 1606/1606/1606 1573/1573/1573 1537/1537/1537
f 1606/1606/1606 1537/1537/1537 1572/1572/1572
f 1538/1538/1538 1573/1573/1573 1607/1607/1607
f 1538/1538/1538 1607/1607/1607 1574/1574/1574
f 1608/1608/1608 1575/1575/1575 1539/1539/1539
f 1608/1608/1608 1539/1539/1539 1574/1574/1574
f 1540/1540/1540 1575/1575/1575 1609/1609/1609
f 1540/1540/1540 1609/1609/1609 1576/1576/1576
f 1541/1541/1541 1576/1576/1576 1610/1610/1610
f 1541/1541/1541 1610/1610/1610 1577/1577/1577
f 1612/1612/1612 1580/1580/1580 1544/1544/1544
f 1612/1612/1612 1544/1544/1544 1578/1578/1578
f 1613/1613/1613 1579/1579/1579 1545/1545/1545
f 1613/1613/1613 1545/1545/1545 1581/1581/1581
f 1582/1582/1582 1580/1580/1580 1614/1614/1614
f 1582/1582/1582 1614/1614/1614 1616/1616/1616
f 1617/1617/1617 1583/1583/1583 1579/1579/1579
f 1617/1617/1617 1579/1579/1579 1613/1613/1613
f 1548/1548/1548 1585/1585/1585 1618/1618/1618
f 1548/1548/1548 1618/1618/1618 1584/1584/1584
f 1584/1584/1584 1619/1619/1619 1586/1586/1586
f 1584/1584/1584 1586/1586/1586 1549/1549/1549
f 1620/1620/1620 1585/1585/1585 1553/1553/1553
f 1620/1620/1620 1553/1553/1553 1590/1590/1590
f 1587/1587/1587 1550/1550/1550 1586/1586/1586
f 1587/1587/1587 1586/1586/1586 1621/1621/1621
f 1622/1622/1622 1588/1588/1588 1587/1587/1587
f 1622/1622/1622 1587/1587/1587 1623/1623/1623
f 1622/1622/1622 1589/1589/1589 1552/1552/1552
f 1622/1622/1622 1552/1552/1552 1588/1588/1588
f 1591/1591/1591 1624/1624/1624 1590/1590/1590
f 1591/1591/1591 1590/1590/1590 1554/1554/1554
f 1592/1592/1592 1625/1625/1625 1591/1591/1591
f 1592/1592/1592 1591/1591/1591 1555/1555/1555
f 1626/1626/1626 1592/1592/1592 1557/1557/1557
f 1626/1626/1626 1557/1557/1557 1593/1593/1593
f 1627/1627/1627 1593/1593/1593 1558/1558/1558
f 1627/1627/1627 1558/1558/1558 1594/1594/1594
f 1559/1559/1559 1595/1595/1595 1628/1628/1628
f 1559/1559/1559 1628/1628/1628 1594/1594/1594
f 1596/1596/1596 1629/1629/1629 1595/1595/1595
f 1596/1596/1596 1595/1595/1595 1560/1560/1560
f 1596/1596/1596 1561/1561/1561 1598/1598/1598
f 1596/1596/1596 1598/1598/1598 1630/1630/1630
f 1562/1562/1562 1583/1583/1583 1617/1617/1617
f 1562/1562/1562 1617/1617/1617 1597/1597/1597
f 1598/1598/1598 1597/1597/1597 1631/1631/1631
f 1598/1598/1598 1631/1631/1631 1632/1632/1632
f 1633/1633/1633 1600/1600/1600 1564/1564/1564
f 1633/1633/1633 1564/1564/1564 1599/1599/1599
f 1634/1634/1634 1601/1601/1601 1565/1565/1565
f 1634/1634/1634 1565/1565/1565 1600/1600/1600
f 1602/1602/1602 1566/1566/1566 1601/1601/1601
f 1602/1602/1602 1601/1601/1601 1635/1635/1635
f 1603/1603/1603 1567/1567/1567 1602/1602/1602
f 1603/1603/1603 1602/1602/1602 1636/1636/1636
f 1603/1603/1603 1637/1637/1637 1604/1604/1604
f 1603/1603/1603 1604/1604/1604 1568/1568/1568
f 1605/1605/1605 1569/1569/1569 1604/1604/1604
f 1605/1605/1605 1604/1604/1604 1638/1638/1638
f 1606/1606/1606 1639/1639/1639 1607/1607/1607
f 1606/1606/1606 1607/1607/1607 1573/1573/1573
f 1607/1607/1607 1640/1640/1640 1608/1608/1608
f 1607/1607/1607 1608/1608/1608 1574/1574/1574
f 1608/1608/1608 1641/1641/1641 1609/1609/1609
f 1608/1608/1608 1609/1609/1609 1575/1575/1575
f 1642/1642/1642 1610/1610/1610 1576/1576/1576
f 1642/1642/1642 1576/1576/1576 1609/1609/1609
f 1611/1611/1611 1577/1577/1577 1610/1610/1610
f 1611/1611/1611 1610/1610/1610 1643/1643/1643
f 1612/1612/1612 1645/1645/1645 1614/1614/1614
f 1612/1612/1612 1614/1614/1614 1580/1580/1580
f 1613/1613/1613 1581/1581/1581 1615/1615/1615
f 1613/1613/1613 1615/1615/1615 1646/1646/1646
f 1648/1648/1648 1616/1616/1616 1614/1614/1614
f 1648/1648/1648 1614/1614/1614 1649/1649/1649
f 1617/1617/1617 1613/1613/1613 1646/1646/1646
f 1617/1617/1617 1646/1646/1646 1650/1650/1650
f 1618/1618/1618 1585/1585/1585 1620/1620/1620
f 1618/1618/1618 1620/1620/1620 1651/1651/1651
f 1618/1618/1618 1652/1652/1652 1619/1619/1619
f 1618/1618/1618 1619/1619/1619 1584/1584/1584
f 1621/1621/1621 1586/1586/1586 1619/1619/1619
f 1621/1621/1621 1619/1619/1619 1653/1653/1653
f 1620/1620/1620 1590/1590/1590 1624/1624/1624
f 1620/1620/1620 1624/1624/1624 1654/1654/1654
f 1587/1587/1587 1621/1621/1621 1655/1655/1655
f 1587/1587/1587 1655/1655/1655 1623/1623/1623
f 1625/1625/1625 1656/1656/1656 1624/1624/1624
f 1625/1625/1625 1624/1624/1624 1591/1591/1591
f 1657/1657/1657 1625/1625/1625 1592/1592/1592
f 1657/1657/1657 1592/1592/1592 1626/1626/1626
f 1627/1627/1627 1658/1658/1658 1626/1626/1626
f 1627/1627/1627 1626/1626/1626 1593/1593/1593
f 1659/1659/1659 1627/1627/1627 1594/1594/1594
f 1659/1659/1659 1594/1594/1594 1628/1628/1628
f 1595/1595/1595 1629/1629/1629 1660/1660/1660
f 1595/1595/1595 1660/1660/1660 1628/1628/1628
f 1596/1596/1596 1630/1630/1630 1661/1661/1661
f 1596/1596/1596 1661/1661/1661 1629/1629/1629
f 1662/1662/1662 1630/1630/1630 1598/1598/1598
f 1662/1662/1662 1598/1598/1598 1632/1632/1632
f 1617/1617/1617 1650/1650/1650 1631/1631/1631
f 1617/1617/1617 1631/1631/1631 1597/1597/1597
f 1632/1632/1632 1631/1631/1631 1663/1663/1663
f 1632/1632/1632 1663/1663/1663 1664/1664/1664
f 1634/1634/1634 1600/1600/1600 1633/1633/1633
f 1634/1634/1634 1633/1633/1633 1665/1665/1665
f 1635/1635/1635 1601/1601/1601 1634/1634/1634
f 1635/1635/1635 1634/1634/1634 1666/1666/1666
f 1636/1636/1636 1602/1602/1602 1635/1635/1635
f 1636/1636/1636 1635/1635/1635 1667/1667/1667
f 1603/1603/1603 1636/1636/1636 1668/1668/1668
f 1603/1603/1603 1668/1668/1668 1637/1637/1637
f 1669/1669/1669 1638/1638/1638 1604/1604/1604
f 1669/1669/1669 1604/1604/1604 1637/1637/1637
f 1605/1605/1605 1638/1638/1638 1670/1670/1670
f 1605/1605/1605 1670/1670/1670 1671/1671/1671
f 1607/1607/1607 1639/1639/1639 1672/1672/1672
f 1607/1607/1607 1672/1672/1672 1640/1640/1640
f 1608/1608/1608 1640/1640/1640 1673/1673/1673
f 1608/1608/1608 1673/1673/1673 1641/1641/1641
f 1642/1642/1642 1609/1609/1609 1641/1641/1641
f 1642/1642/1642 1641/1641/1641 1674/1674/1674
f 1643/1643/1643 1610/1610/1610 1642/1642/1642
f 1643/1643/1643 1642/1642/1642 1675/1675/1675
f 1611/1611/1611 1643/1643/1643 1676/1676/1676
f 1611/1611/1611 1676/1676/1676 1644/1644/1644
f 1645/1645/1645 1678/1678/1678 1649/1649/1649
f 1645/1645/1645 1649/1649/1649 1614/1614/1614
f 1646/1646/1646 1615/1615/1615 1647/1647/1647
f 1646/1646/1646 1647/1647/1647 1679/1679/1679
f 1680/1680/1680 1682/1682/1682 1648/1648/1648
f 1680/1680/1680 1648/1648/1648 1649/1649/1649
f 1646/1646/1646 1679/1679/1679 1683/1683/1683
f 1646/1646/1646 1683/1683/1683 1650/1650/1650
f 1684/1684/1684 1651/1651/1651 1620/1620/1620
f 1684/1684/1684 1620/1620/1620 1654/1654/1654
f 1618/1618/1618 1651/1651/1651 1685/1685/1685
f 1618/1618/1618 1685/1685/1685 1652/1652/1652
f 1652/1652/1652 1686/1686/1686 1653/1653/1653
f 1652/1652/1652 1653/1653/1653 1619/1619/1619
f 1621/1621/1621 1653/1653/1653 1687/1687/1687
f 1621/1621/1621 1687/1687/1687 1655/1655/1655
f 1688/1688/1688 1654/1654/1654 1624/1624/1624
f 1688/1688/1688 1624/1624/1624 1656/1656/1656
f 1689/1689/1689 1656/1656/1656 1625/1625/1625
f 1689/1689/1689 1625/1625/1625 1657/1657/1657
f 1690/1690/1690 1657/1657/1657 1626/1626/1626
f 1690/1690/1690 1626/1626/1626 1658/1658/1658
f 1659/1659/1659 1691/1691/1691 1658/1658/1658
f 1659/1659/1659 1658/1658/1658 1627/1627/1627
f 1692/1692/1692 1659/1659/1659 1628/1628/1628
f 1692/1692/1692 1628/1628/1628 1660/1660/1660
f 1660/1660/1660 1629/1629/1629 1661/1661/1661
f 1660/1660/1660 1661/1661/1661 1693/1693/1693
f 1662/1662/1662 1694/1694/1694 1661/1661/1661
f 1662/1662/1662 1661/1661/1661 1630/1630/1630
f 1662/1662/1662 1632/1632/1632 1664/1664/1664
f 1662/1662/1662 1664/1664/1664 1695/1695/1695
f 1631/1631/1631 1650/1650/1650 1683/1683/1683
f 1631/1631/1631 1683/1683/1683 1663/1663/1663
f 1664/1664/1664 1663/1663/1663 1696/1696/1696
f 1664/1664/1664 1696/1696/1696 1697/1697/1697
f 1698/1698/1698 1667/1667/1667 1635/1635/1635
f 1698/1698/1698 1635/1635/1635 1666/1666/1666
f 1699/1699/1699 1668/1668/1668 1636/1636/1636
f 1699/1699/1699 1636/1636/1636 1667/1667/1667
f 1669/1669/1669 1637/1637/1637 1668/1668/1668
f 1669/1669/1669 1668/1668/1668 1700/1700/1700
f 1669/1669/1669 1701/1701/1701 1670/1670/1670
f 1669/1669/1669 1670/1670/1670 1638/1638/1638
f 1673/1673/1673 1640/1640/1640 1672/1672/1672
f 1673/1673/1673 1672/1672/1672 1702/1702/1702
f 1673/1673/1673 1703/1703/1703 1674/1674/1674
f 1673/1673/1673 1674/1674/1674 1641/1641/1641
f 1642/1642/1642 1674/1674/1674 1704/1704/1704
f 1642/1642/1642 1704/1704/1704 1675/1675/1675
f 1705/1705/1705 1676/1676/1676 1643/1643/1643
f 1705/1705/1705 1643/1643/1643 1675/1675/1675
f 1706/1706/1706 1677/1677/1677 1644/1644/1644
f 1706/1706/1706 1644/1644/1644 1676/1676/1676
f 1708/1708/1708 1680/1680/1680 1649/1649/1649
f 1708/1708/1708 1649/1649/1649 1678/1678/1678
f 1681/1681/1681 1709/1709/1709 1679/1679/1679
f 1681/1681/1681 1679/1679/1679 1647/1647/1647
f 1680/1680/1680 1710/1710/1710 1712/1712/1712
f 1680/1680/1680 1712/1712/1712 1682/1682/1682
f 1679/1679/1679 1709/1709/1709 1713/1713/1713
f 1679/1679/1679 1713/1713/1713 1683/1683/1683
f 1684/1684/1684 1714/1714/1714 1685/1685/1685
f 1684/1684/1684 1685/1685/1685 1651/1651/1651
f 1688/1688/1688 1715/1715/1715 1684/1684/1684
f 1688/1688/1688 1684/1684/1684 1654/1654/1654
f 1652/1652/1652 1685/1685/1685 1716/1716/1716
f 1652/1652/1652 1716/1716/1716 1686/1686/1686
f 1686/1686/1686 1717/1717/1717 1687/1687/1687
f 1686/1686/1686 1687/1687/1687 1653/1653/1653
f 1689/1689/1689 1718/1718/1718 1688/1688/1688
f 1689/1689/1689 1688/1688/1688 1656/1656/1656
f 1690/1690/1690 1719/1719/1719 1689/1689/1689
f 1690/1690/1690 1689/1689/1689 1657/1657/1657
f 1690/1690/1690 1658/1658/1658 1691/1691/1691
f 1690/1690/1690 1691/1691/1691 1720/1720/1720
f 1692/1692/1692 1721/1721/1721 1691/1691/1691
f 1692/1692/1692 1691/1691/1691 1659/1659/1659
f 1692/1692/1692 1660/1660/1660 1693/1693/1693
f 1692/1692/1692 1693/1693/1693 1722/1722/1722
f 1723/1723/1723 1693/1693/1693 1661/1661/1661
f 1723/1723/1723 1661/1661/1661 1694/1694/1694
f 1662/1662/1662 1695/1695/1695 1724/1724/1724
f 1662/1662/1662 1724/1724/1724 1694/1694/1694
f 1695/1695/1695 1664/1664/1664 1697/1697/1697
f 1695/1695/1695 1697/1697/1697 1725/1725/1725
f 1663/1663/1663 1683/1683/1683 1713/1713/1713
f 1663/1663/1663 1713/1713/1713 1696/1696/1696
f 1697/1697/1697 1696/1696/1696 1726/1726/1726
f 1697/1697/1697 1726/1726/1726 1727/1727/1727
f 1728/1728/1728 1699/1699/1699 1667/1667/1667
f 1728/1728/1728 1667/1667/1667 1698/1698/1698
f 1700/1700/1700 1668/1668/1668 1699/1699/1699
f 1700/1700/1700 1699/1699/1699 1729/1729/1729
f 1730/1730/1730 1701/1701/1701 1669/1669/1669
f 1730/1730/1730 1669/1669/1669 1700/1700/1700
f 1673/1673/1673 1702/1702/1702 1731/1731/1731
f 1673/1673/1673 1731/1731/1731 1703/1703/1703
f 1674/1674/1674 1703/1703/1703 1732/1732/1732
f 1674/1674/1674 1732/1732/1732 1704/1704/1704
f 1733/1733/1733 1705/1705/1705 1675/1675/1675
f 1733/1733/1733 1675/1675/1675 1704/1704/1704
f 1706/1706/1706 1676/1676/1676 1705/1705/1705
f 1706/1706/1706 1705/1705/1705 1734/1734/1734
f 1706/1706/1706 1735/1735/1735 1707/1707/1707
f 1706/1706/1706 1707/1707/1707 1677/1677/1677
f 1708/1708/1708 1737/1737/1737 1710/1710/1710
f 1708/1708/1708 1710/1710/1710 1680/1680/1680
f 1738/1738/1738 1709/1709/1709 1681/1681/1681
f 1738/1738/1738 1681/1681/1681 1711/1711/1711
f 1739/1739/1739 1741/1741/1741 1712/1712/1712
f 1739/1739/1739 1712/1712/1712 1710/1710/1710
f 1738/1738/1738 1742/1742/1742 1713/1713/1713
f 1738/1738/1738 1713/1713/1713 1709/1709/1709
f 1715/1715/1715 1743/1743/1743 1714/1714/1714
f 1715/1715/1715 1714/1714/1714 1684/1684/1684
f 1716/1716/1716 1685/1685/1685 1714/1714/1714
f 1716/1716/1716 1714/1714/1714 1744/1744/1744
f 1688/1688/1688 1718/1718/1718 1745/1745/1745
f 1688/1688/1688 1745/1745/1745 1715/1715/1715
f 1686/1686/1686 1716/1716/1716 1746/1746/1746
f 1686/1686/1686 1746/1746/1746 1717/1717/1717
f 1747/1747/1747 1718/1718/1718 1689/1689/1689
f 1747/1747/1747 1689/1689/1689 1719/1719/1719
f 1748/1748/1748 1719/1719/1719 1690/1690/1690
f 1748/1748/1748 1690/1690/1690 1720/1720/1720
f 1721/1721/1721 1749/1749/1749 1720/1720/1720
f 1721/1721/1721 1720/1720/1720 1691/1691/1691
f 1692/1692/1692 1722/1722/1722 1750/1750/1750
f 1692/1692/1692 1750/1750/1750 1721/1721/1721
f 1723/1723/1723 1751/1751/1751 1722/1722/1722
f 1723/1723/1723 1722/1722/1722 1693/1693/1693
f 1752/1752/1752 1723/1723/1723 1694/1694/1694
f 1752/1752/1752 1694/1694/1694 1724/1724/1724
f 1753/1753/1753 1724/1724/1724 1695/1695/1695
f 1753/1753/1753 1695/1695/1695 1725/1725/1725
f 1725/1725/1725 1697/1697/1697 1727/1727/1727
f 1725/1725/1725 1727/1727/1727 1754/1754/1754
f 1742/1742/1742 1726/1726/1726 1696/1696/1696
f 1742/1742/1742 1696/1696/1696 1713/1713/1713
f 1755/1755/1755 1756/1756/1756 1727/1727/1727
f 1755/1755/1755 1727/1727/1727 1726/1726/1726
f 1731/1731/1731 1757/1757/1757 1732/1732/1732
f 1731/1731/1731 1732/1732/1732 1703/1703/1703
f 1758/1758/1758 1733/1733/1733 1704/1704/1704
f 1758/1758/1758 1704/1704/1704 1732/1732/1732
f 1733/1733/1733 1759/1759/1759 1734/1734/1734
f 1733/1733/1733 1734/1734/1734 1705/1705/1705
f 1706/1706/1706 1734/1734/1734 1760/1760/1760
f 1706/1706/1706 1760/1760/1760 1735/1735/1735
f 1707/1707/1707 1735/1735/1735 1761/1761/1761
f 1707/1707/1707 1761/1761/1761 1736/1736/1736
f 1763/1763/1763 1739/1739/1739 1710/1710/1710
f 1763/1763/1763 1710/1710/1710 1737/1737/1737
f 1738/1738/1738 1711/1711/1711 1740/1740/1740
f 1738/1738/1738 1740/1740/1740 1764/1764/1764
f 1739/1739/1739 1765/1765/1765 1767/1767/1767
f 1739/1739/1739 1767/1767/1767 1741/1741/1741
f 1738/1738/1738 1764/1764/1764 1768/1768/1768
f 1738/1738/1738 1768/1768/1768 1742/1742/1742
f 1715/1715/1715 1745/1745/1745 1769/1769/1769
f 1715/1715/1715 1769/1769/1769 1743/1743/1743
f 1770/1770/1770 1744/1744/1744 1714/1714/1714
f 1770/1770/1770 1714/1714/1714 1743/1743/1743
f 1747/1747/1747 1771/1771/1771 1745/1745/1745
f 1747/1747/1747 1745/1745/1745 1718/1718/1718
f 1772/1772/1772 1747/1747/1747 1719/1719/1719
f 1772/1772/1772 1719/1719/1719 1748/1748/1748
f 1748/1748/1748 1720/1720/1720 1749/1749/1749
f 1748/1748/1748 1749/1749/1749 1773/1773/1773
f 1721/1721/1721 1750/1750/1750 1774/1774/1774
f 1721/1721/1721 1774/1774/1774 1749/1749/1749
f 1750/1750/1750 1722/1722/1722 1751/1751/1751
f 1750/1750/1750 1751/1751/1751 1775/1775/1775
f 1752/1752/1752 1776/1776/1776 1751/1751/1751
f 1752/1752/1752 1751/1751/1751 1723/1723/1723
f 1752/1752/1752 1724/1724/1724 1753/1753/1753
f 1752/1752/1752 1753/1753/1753 1777/1777/1777
f 1753/1753/1753 1725/1725/1725 1754/1754/1754
f 1753/1753/1753 1754/1754/1754 1778/1778/1778
f 1756/1756/1756 1779/1779/1779 1754/1754/1754
f 1756/1756/1756 1754/1754/1754 1727/1727/1727
f 1755/1755/1755 1726/1726/1726 1742/1742/1742
f 1755/1755/1755 1742/1742/1742 1768/1768/1768
f 1755/1755/1755 1780/1780/1780 1781/1781/1781
f 1755/1755/1755 1781/1781/1781 1756/1756/1756
f 1758/1758/1758 1732/1732/1732 1757/1757/1757
f 1758/1758/1758 1757/1757/1757 1782/1782/1782
f 1758/1758/1758 1783/1783/1783 1759/1759/1759
f 1758/1758/1758 1759/1759/1759 1733/1733/1733
f 1760/1760/1760 1734/1734/1734 1759/1759/1759
f 1760/1760/1760 1759/1759/1759 1784/1784/1784
f 1785/1785/1785 1761/1761/1761 1735/1735/1735
f 1785/1785/1785 1735/1735/1735 1760/1760/1760
f 1762/1762/1762 1736/1736/1736 1761/1761/1761
f 1762/1762/1762 1761/1761/1761 1786/1786/1786
f 1788/1788/1788 1765/1765/1765 1739/1739/1739
f 1788/1788/1788 1739/1739/1739 1763/1763/1763
f 1789/1789/1789 1764/1764/1764 1740/1740/1740
f 1789/1789/1789 1740/1740/1740 1766/1766/1766
f 1791/1791/1791 1767/1767/1767 1765/1765/1765
f 1791/1791/1791 1765/1765/1765 1792/1792/1792
f 1789/1789/1789 1793/1793/1793 1768/1768/1768
f 1789/1789/1789 1768/1768/1768 1764/1764/1764
f 1794/1794/1794 1769/1769/1769 1745/1745/1745
f 1794/1794/1794 1745/1745/1745 1771/1771/1771
f 1770/1770/1770 1743/1743/1743 1769/1769/1769
f 1770/1770/1770 1769/1769/1769 1795/1795/1795
f 1772/1772/1772 1796/1796/1796 1771/1771/1771
f 1772/1772/1772 1771/1771/1771 1747/1747/1747
f 1772/1772/1772 1748/1748/1748 1773/1773/1773
f 1772/1772/1772 1773/1773/1773 1797/1797/1797
f 1773/1773/1773 1749/1749/1749 1774/1774/1774
f 1773/1773/1773 1774/1774/1774 1798/1798/1798
f 1750/1750/1750 1775/1775/1775 1799/1799/1799
f 1750/1750/1750 1799/1799/1799 1774/1774/1774
f 1776/1776/1776 1800/1800/1800 1775/1775/1775
f 1776/1776/1776 1775/1775/1775 1751/1751/1751
f 1752/1752/1752 1777/1777/1777 1801/1801/1801
f 1752/1752/1752 1801/1801/1801 1776/1776/1776
f 1777/1777/1777 1753/1753/1753 1778/1778/1778
f 1777/1777/1777 1778/1778/1778 1802/1802/1802
f 1803/1803/1803 1778/1778/1778 1754/1754/1754
f 1803/1803/1803 1754/1754/1754 1779/1779/1779
f 1756/1756/1756 1781/1781/1781 1804/1804/1804
f 1756/1756/1756 1804/1804/1804 1779/1779/1779
f 1755/1755/1755 1768/1768/1768 1793/1793/1793
f 1755/1755/1755 1793/1793/1793 1780/1780/1780
f 1780/1780/1780 1805/1805/1805 1806/1806/1806
f 1780/1780/1780 1806/1806/1806 1781/1781/1781
f 1758/1758/1758 1782/1782/1782 1807/1807/1807
f 1758/1758/1758 1807/1807/1807 1783/1783/1783
f 1783/1783/1783 1808/1808/1808 1784/1784/1784
f 1783/1783/1783 1784/1784/1784 1759/1759/1759
f 1785/1785/1785 1760/1760/1760 1784/1784/1784
f 1785/1785/1785 1784/1784/1784 1809/1809/1809
f 1785/1785/1785 1810/1810/1810 1786/1786/1786
f 1785/1785/1785 1786/1786/1786 1761/1761/1761
f 1787/1787/1787 1762/1762/1762 1786/1786/1786
f 1787/1787/1787 1786/1786/1786 1811/1811/1811
f 1788/1788/1788 1813/1813/1813 1792/1792/1792
f 1788/1788/1788 1792/1792/1792 1765/1765/1765
f 1789/1789/1789 1766/1766/1766 1790/1790/1790
f 1789/1789/1789 1790/1790/1790 1814/1814/1814
f 1791/1791/1791 1792/1792/1792 1815/1815/1815
f 1791/1791/1791 1815/1815/1815 1817/1817/1817
f 1789/1789/1789 1814/1814/1814 1818/1818/1818
f 1789/1789/1789 1818/1818/1818 1793/1793/1793
f 1794/1794/1794 1819/1819/1819 1795/1795/1795
f 1794/1794/1794 1795/1795/1795 1769/1769/1769
f 1794/1794/1794 1771/1771/1771 1796/1796/1796
f 1794/1794/1794 1796/1796/1796 1820/1820/1820
f 1772/1772/1772 1797/1797/1797 1821/1821/1821
f 1772/1772/1772 1821/1821/1821 1796/1796/1796
f 1797/1797/1797 1773/1773/1773 1798/1798/1798
f 1797/1797/1797 1798/1798/1798 1822/1822/1822
f 1774/1774/1774 1799/1799/1799 1823/1823/1823
f 1774/1774/1774 1823/1823/1823 1798/1798/1798
f 1775/1775/1775 1800/1800/1800 1824/1824/1824
f 1775/1775/1775 1824/1824/1824 1799/1799/1799
f 1801/1801/1801 1825/1825/1825 1800/1800/1800
f 1801/1801/1801 1800/1800/1800 1776/1776/1776
f 1777/1777/1777 1802/1802/1802 1826/1826/1826
f 1777/1777/1777 1826/1826/1826 1801/1801/1801
f 1827/1827/1827 1802/1802/1802 1778/1778/1778
f 1827/1827/1827 1778/1778/1778 1803/1803/1803
f 1803/1803/1803 1779/1779/1779 1804/1804/1804
f 1803/1803/1803 1804/1804/1804 1828/1828/1828
f 1781/1781/1781 1806/1806/1806 1829/1829/1829
f 1781/1781/1781 1829/1829/1829 1804/1804/1804
f 1780/1780/1780 1793/1793/1793 1818/1818/1818
f 1780/1780/1780 1818/1818/1818 1805/1805/1805
f 1805/1805/1805 1830/1830/1830 1831/1831/1831
f 1805/1805/1805 1831/1831/1831 1806/1806/1806
f 1782/1782/1782 1832/1832/1832 1833/1833/1833
f 1782/1782/1782 1833/1833/1833 1807/1807/1807
f 1783/1783/1783 1807/1807/1807 1834/1834/1834
f 1783/1783/1783 1834/1834/1834 1808/1808/1808
f 1809/1809/1809 1784/1784/1784 1808/1808/1808
f 1809/1809/1809 1808/1808/1808 1835/1835/1835
f 1785/1785/1785 1809/1809/1809 1836/1836/1836
f 1785/1785/1785 1836/1836/1836 1810/1810/1810
f 1810/1810/1810 1837/1837/1837 1811/1811/1811
f 1810/1810/1810 1811/1811/1811 1786/1786/1786
f 1787/1787/1787 1811/1811/1811 1838/1838/1838
f 1787/1787/1787 1838/1838/1838 1812/1812/1812
f 1813/1813/1813 1840/1840/1840 1815/1815/1815
f 1813/1813/1813 1815/1815/1815 1792/1792/1792
f 1790/1790/1790 1816/1816/1816 1841/1841/1841
f 1790/1790/1790 1841/1841/1841 1814/1814/1814
f 1843/1843/1843 1817/1817/1817 1815/1815/1815
f 1843/1843/1843 1815/1815/1815 1844/1844/1844
f 1841/1841/1841 1845/1845/1845 1818/1818/1818
f 1841/1841/1841 1818/1818/1818 1814/1814/1814
f 1794/1794/1794 1820/1820/1820 1846/1846/1846
f 1794/1794/1794 1846/1846/1846 1819/1819/1819
f 1821/1821/1821 1847/1847/1847 1820/1820/1820
f 1821/1821/1821 1820/1820/1820 1796/1796/1796
f 1797/1797/1797 1822/1822/1822 1848/1848/1848
f 1797/1797/1797 1848/1848/1848 1821/1821/1821
f 1822/1822/1822 1798/1798/1798 1823/1823/1823
f 1822/1822/1822 1823/1823/1823 1849/1849/1849
f 1823/1823/1823 1799/1799/1799 1824/1824/1824
f 1823/1823/1823 1824/1824/1824 1850/1850/1850
f 1825/1825/1825 1851/1851/1851 1824/1824/1824
f 1825/1825/1825 1824/1824/1824 1800/1800/1800
f 1801/1801/1801 1826/1826/1826 1852/1852/1852
f 1801/1801/1801 1852/1852/1852 1825/1825/1825
f 1827/1827/1827 1853/1853/1853 1826/1826/1826
f 1827/1827/1827 1826/1826/1826 1802/1802/1802
f 1827/1827/1827 1803/1803/1803 1828/1828/1828
f 1827/1827/1827 1828/1828/1828 1854/1854/1854
f 1855/1855/1855 1828/1828/1828 1804/1804/1804
f 1855/1855/1855 1804/1804/1804 1829/1829/1829
f 1856/1856/1856 1829/1829/1829 1806/1806/1806
f 1856/1856/1856 1806/1806/1806 1831/1831/1831
f 1805/1805/1805 1818/1818/1818 1845/1845/1845
f 1805/1805/1805 1845/1845/1845 1830/1830/1830
f 1857/1857/1857 1831/1831/1831 1830/1830/1830
f 1857/1857/1857 1830/1830/1830 1858/1858/1858
f 1859/1859/1859 1834/1834/1834 1807/1807/1807
f 1859/1859/1859 1807/1807/1807 1833/1833/1833
f 1834/1834/1834 1860/1860/1860 1835/1835/1835
f 1834/1834/1834 1835/1835/1835 1808/1808/1808
f 1836/1836/1836 1809/1809/1809 1835/1835/1835
f 1836/1836/1836 1835/1835/1835 1861/1861/1861
f 1810/1810/1810 1836/1836/1836 1862/1862/1862
f 1810/1810/1810 1862/1862/1862 1837/1837/1837
f 1838/1838/1838 1811/1811/1811 1837/1837/1837
f 1838/1838/1838 1837/1837/1837 1863/1863/1863
f 1812/1812/1812 1838/1838/1838 1864/1864/1864
f 1812/1812/1812 1864/1864/1864 1839/1839/1839
f 1866/1866/1866 1844/1844/1844 1815/1815/1815
f 1866/1866/1866 1815/1815/1815 1840/1840/1840
f 1842/1842/1842 1867/1867/1867 1841/1841/1841
f 1842/1842/1842 1841/1841/1841 1816/1816/1816
f 1843/1843/1843 1844/1844/1844 1868/1868/1868
f 1843/1843/1843 1868/1868/1868 1870/1870/1870
f 1871/1871/1871 1845/1845/1845 1841/1841/1841
f 1871/1871/1871 1841/1841/1841 1867/1867/1867
f 1847/1847/1847 1872/1872/1872 1846/1846/1846
f 1847/1847/1847 1846/1846/1846 1820/1820/1820
f 1821/1821/1821 1848/1848/1848 1873/1873/1873
f 1821/1821/1821 1873/1873/1873 1847/1847/1847
f 1822/1822/1822 1849/1849/1849 1874/1874/1874
f 1822/1822/1822 1874/1874/1874 1848/1848/1848
f 1875/1875/1875 1849/1849/1849 1823/1823/1823
f 1875/1875/1875 1823/1823/1823 1850/1850/1850
f 1851/1851/1851 1876/1876/1876 1850/1850/1850
f 1851/1851/1851 1850/1850/1850 1824/1824/1824
f 1852/1852/1852 1877/1877/1877 1851/1851/1851
f 1852/1852/1852 1851/1851/1851 1825/1825/1825
f 1853/1853/1853 1878/1878/1878 1852/1852/1852
f 1853/1853/1853 1852/1852/1852 1826/1826/1826
f 1827/1827/1827 1854/1854/1854 1879/1879/1879
f 1827/1827/1827 1879/1879/1879 1853/1853/1853
f 1855/1855/1855 1880/1880/1880 1854/1854/1854
f 1855/1855/1855 1854/1854/1854 1828/1828/1828
f 1856/1856/1856 1881/1881/1881 1855/1855/1855
f 1856/1856/1856 1855/1855/1855 1829/1829/1829
f 1882/1882/1882 1856/1856/1856 1831/1831/1831
f 1882/1882/1882 1831/1831/1831 1857/1857/1857
f 1871/1871/1871 1858/1858/1858 1830/1830/1830
f 1871/1871/1871 1830/1830/1830 1845/1845/1845
f 1883/1883/1883 1857/1857/1857 1858/1858/1858
f 1883/1883/1883 1858/1858/1858 1884/1884/1884
f 1859/1859/1859 1885/1885/1885 1860/1860/1860
f 1859/1859/1859 1860/1860/1860 1834/1834/1834
f 1861/1861/1861 1835/1835/1835 1860/1860/1860
f 1861/1861/1861 1860/1860/1860 1886/1886/1886
f 1887/1887/1887 1862/1862/1862 1836/1836/1836
f 1887/1887/1887 1836/1836/1836 1861/1861/1861
f 1888/1888/1888 1863/1863/1863 1837/1837/1837
f 1888/1888/1888 1837/1837/1837 1862/1862/1862
f 1889/1889/1889 1864/1864/1864 1838/1838/1838
f 1889/1889/1889 1838/1838/1838 1863/1863/1863
f 1865/1865/1865 1839/1839/1839 1864/1864/1864
f 1865/1865/1865 1864/1864/1864 1890/1890/1890
f 1866/1866/1866 1892/1892/1892 1868/1868/1868
f 1866/1866/1866 1868/1868/1868 1844/1844/1844
f 1842/1842/1842 1869/1869/1869 1893/1893/1893
f 1842/1842/1842 1893/1893/1893 1867/1867/1867
f 1868/1868/1868 1894/1894/1894 1896/1896/1896
f 1868/1868/1868 1896/1896/1896 1870/1870/1870
f 1871/1871/1871 1867/1867/1867 1893/1893/1893
f 1871/1871/1871 1893/1893/1893 1897/1897/1897
f 1847/1847/1847 1873/1873/1873 1898/1898/1898
f 1847/1847/1847 1898/1898/1898 1872/1872/1872
f 1848/1848/1848 1874/1874/1874 1899/1899/1899
f 1848/1848/1848 1899/1899/1899 1873/1873/1873
f 1875/1875/1875 1900/1900/1900 1874/1874/1874
f 1875/1875/1875 1874/1874/1874 1849/1849/1849
f 1875/1875/1875 1850/1850/1850 1876/1876/1876
f 1875/1875/1875 1876/1876/1876 1901/1901/1901
f 1877/1877/1877 1902/1902/1902 1876/1876/1876
f 1877/1877/1877 1876/1876/1876 1851/1851/1851
f 1852/1852/1852 1878/1878/1878 1903/1903/1903
f 1852/1852/1852 1903/1903/1903 1877/1877/1877
f 1853/1853/1853 1879/1879/1879 1904/1904/1904
f 1853/1853/1853 1904/1904/1904 1878/1878/1878
f 1905/1905/1905 1879/1879/1879 1854/1854/1854
f 1905/1905/1905 1854/1854/1854 1880/1880/1880
f 1855/1855/1855 1881/1881/1881 1906/1906/1906
f 1855/1855/1855 1906/1906/1906 1880/1880/1880
f 1882/1882/1882 1907/1907/1907 1881/1881/1881
f 1882/1882/1882 1881/1881/1881 1856/1856/1856
f 1908/1908/1908 1882/1882/1882 1857/1857/1857
f 1908/1908/1908 1857/1857/1857 1883/1883/1883
f 1871/1871/1871 1897/1897/1897 1884/1884/1884
f 1871/1871/1871 1884/1884/1884 1858/1858/1858
f 1883/1883/1883 1884/1884/1884 1909/1909/1909
f 1883/1883/1883 1909/1909/1909 1910/1910/1910
f 1886/1886/1886 1860/1860/1860 1885/1885/1885
f 1886/1886/1886 1885/1885/1885 1911/1911/1911
f 1887/1887/1887 1861/1861/1861 1886/1886/1886
f 1887/1887/1887 1886/1886/1886 1912/1912/1912
f 1913/1913/1913 1888/1888/1888 1862/1862/1862
f 1913/1913/1913 1862/1862/1862 1887/1887/1887
f 1889/1889/1889 1863/1863/1863 1888/1888/1888
f 1889/1889/1889 1888/1888/1888 1914/1914/1914
f 1889/1889/1889 1915/1915/1915 1890/1890/1890
f 1889/1889/1889 1890/1890/1890 1864/1864/1864
f 1865/1865/1865 1890/1890/1890 1916/1916/1916
f 1865/1865/1865 1916/1916/1916 1891/1891/1891
f 1868/1868/1868 1892/1892/1892 1918/1918/1918
f 1868/1868/1868 1918/1918/1918 1894/1894/1894
f 1869/1869/1869 1895/1895/1895 1919/1919/1919
f 1869/1869/1869 1919/1919/1919 1893/1893/1893
f 1920/1920/1920 1922/1922/1922 1896/1896/1896
f 1920/1920/1920 1896/1896/1896 1894/1894/1894
f 1893/1893/1893 1919/1919/1919 1923/1923/1923
f 1893/1893/1893 1923/1923/1923 1897/1897/1897
f 1924/1924/1924 1898/1898/1898 1873/1873/1873
f 1924/1924/1924 1873/1873/1873 1899/1899/1899
f 1874/1874/1874 1900/1900/1900 1925/1925/1925
f 1874/1874/1874 1925/1925/1925 1899/1899/1899
f 1875/1875/1875 1901/1901/1901 1926/1926/1926
f 1875/1875/1875 1926/1926/1926 1900/1900/1900
f 1927/1927/1927 1901/1901/1901 1876/1876/1876
f 1927/1927/1927 1876/1876/1876 1902/1902/1902
f 1903/1903/1903 1928/1928/1928 1902/1902/1902
f 1903/1903/1903 1902/1902/1902 1877/1877/1877
f 1878/1878/1878 1904/1904/1904 1929/1929/1929
f 1878/1878/1878 1929/1929/1929 1903/1903/1903
f 1905/1905/1905 1930/1930/1930 1904/1904/1904
f 1905/1905/1905 1904/1904/1904 1879/1879/1879
f 1931/1931/1931 1905/1905/1905 1880/1880/1880
f 1931/1931/1931 1880/1880/1880 1906/1906/1906
f 1932/1932/1932 1906/1906/1906 1881/1881/1881
f 1932/1932/1932 1881/1881/1881 1907/1907/1907
f 1908/1908/1908 1933/1933/1933 1907/1907/1907
f 1908/1908/1908 1907/1907/1907 1882/1882/1882
f 1908/1908/1908 1883/1883/1883 1910/1910/1910
f 1908/1908/1908 1910/1910/1910 1934/1934/1934
f 1923/1923/1923 1909/1909/1909 1884/1884/1884
f 1923/1923/1923 1884/1884/1884 1897/1897/1897
f 1935/1935/1935 1910/1910/1910 1909/1909/1909
f 1935/1935/1935 1909/1909/1909 1936/1936/1936
f 1913/1913/1913 1887/1887/1887 1912/1912/1912
f 1913/1913/1913 1912/1912/1912 1937/1937/1937
f 1913/1913/1913 1938/1938/1938 1914/1914/1914
f 1913/1913/1913 1914/1914/1914 1888/1888/1888
f 1889/1889/1889 1914/1914/1914 1939/1939/1939
f 1889/1889/1889 1939/1939/1939 1915/1915/1915
f 1890/1890/1890 1915/1915/1915 1940/1940/1940
f 1890/1890/1890 1940/1940/1940 1916/1916/1916
f 1941/1941/1941 1917/1917/1917 1891/1891/1891
f 1941/1941/1941 1891/1891/1891 1916/1916/1916
f 1943/1943/1943 1920/1920/1920 1894/1894/1894
f 1943/1943/1943 1894/1894/1894 1918/1918/1918
f 1895/1895/1895 1921/1921/1921 1944/1944/1944
f 1895/1895/1895 1944/1944/1944 1919/1919/1919
f 1945/1945/1945 1947/1947/1947 1922/1922/1922
f 1945/1945/1945 1922/1922/1922 1920/1920/1920
f 1948/1948/1948 1923/1923/1923 1919/1919/1919
f 1948/1948/1948 1919/1919/1919 1944/1944/1944
f 1949/1949/1949 1924/1924/1924 1899/1899/1899
f 1949/1949/1949 1899/1899/1899 1925/1925/1925
f 1926/1926/1926 1950/1950/1950 1925/1925/1925
f 1926/1926/1926 1925/1925/1925 1900/1900/1900
f 1926/1926/1926 1901/1901/1901 1927/1927/1927
f 1926/1926/1926 1927/1927/1927 1951/1951/1951
f 1927/1927/1927 1902/1902/1902 1928/1928/1928
f 1927/1927/1927 1928/1928/1928 1952/1952/1952
f 1903/1903/1903 1929/1929/1929 1953/1953/1953
f 1903/1903/1903 1953/1953/1953 1928/1928/1928
f 1930/1930/1930 1954/1954/1954 1929/1929/1929
f 1930/1930/1930 1929/1929/1929 1904/1904/1904
f 1931/1931/1931 1955/1955/1955 1930/1930/1930
f 1931/1931/1931 1930/1930/1930 1905/1905/1905
f 1932/1932/1932 1956/1956/1956 1931/1931/1931
f 1932/1932/1932 1931/1931/1931 1906/1906/1906
f 1932/1932/1932 1907/1907/1907 1933/1933/1933
f 1932/1932/1932 1933/1933/1933 1957/1957/1957
f 1908/1908/1908 1934/1934/1934 1958/1958/1958
f 1908/1908/1908 1958/1958/1958 1933/1933/1933
f 1959/1959/1959 1934/1934/1934 1910/1910/1910
f 1959/1959/1959 1910/1910/1910 1935/1935/1935
f 1936/1936/1936 1909/1909/1909 1923/1923/1923
f 1936/1936/1936 1923/1923/1923 1948/1948/1948
f 1935/1935/1935 1936/1936/1936 1960/1960/1960
f 1935/1935/1935 1960/1960/1960 1961/1961/1961
f 1913/1913/1913 1937/1937/1937 1962/1962/1962
f 1913/1913/1913 1962/1962/1962 1938/1938/1938
f 1914/1914/1914 1938/1938/1938 1963/1963/1963
f 1914/1914/1914 1963/1963/1963 1939/1939/1939
f 1940/1940/1940 1915/1915/1915 1939/1939/1939
f 1940/1940/1940 1939/1939/1939 1964/1964/1964
f 1941/1941/1941 1916/1916/1916 1940/1940/1940
f 1941/1941/1941 1940/1940/1940 1965/1965/1965
f 1941/1941/1941 1966/1966/1966 1942/1942/1942
f 1941/1941/1941 1942/1942/1942 1917/1917/1917
f 1945/1945/1945 1920/1920/1920 1943/1943/1943
f 1945/1945/1945 1943/1943/1943 1968/1968/1968
f 1946/1946/1946 1969/1969/1969 1944/1944/1944
f 1946/1946/1946 1944/1944/1944 1921/1921/1921
f 1945/1945/1945 1970/1970/1970 1972/1972/1972
f 1945/1945/1945 1972/1972/1972 1947/1947/1947
f 1948/1948/1948 1944/1944/1944 1969/1969/1969
f 1948/1948/1948 1969/1969/1969 1973/1973/1973
f 1949/1949/1949 1925/1925/1925 1950/1950/1950
f 1949/1949/1949 1950/1950/1950 1974/1974/1974
f 1926/1926/1926 1951/1951/1951 1975/1975/1975
f 1926/1926/1926 1975/1975/1975 1950/1950/1950
f 1927/1927/1927 1952/1952/1952 1976/1976/1976
f 1927/1927/1927 1976/1976/1976 1951/1951/1951
f 1977/1977/1977 1952/1952/1952 1928/1928/1928
f 1977/1977/1977 1928/1928/1928 1953/1953/1953
f 1978/1978/1978 1953/1953/1953 1929/1929/1929
f 1978/1978/1978 1929/1929/1929 1954/1954/1954
f 1955/1955/1955 1979/1979/1979 1954/1954/1954
f 1955/1955/1955 1954/1954/1954 1930/1930/1930
f 1980/1980/1980 1955/1955/1955 1931/1931/1931
f 1980/1980/1980 1931/1931/1931 1956/1956/1956
f 1981/1981/1981 1956/1956/1956 1932/1932/1932
f 1981/1981/1981 1932/1932/1932 1957/1957/1957
f 1982/1982/1982 1957/1957/1957 1933/1933/1933
f 1982/1982/1982 1933/1933/1933 1958/1958/1958
f 1959/1959/1959 1983/1983/1983 1958/1958/1958
f 1959/1959/1959 1958/1958/1958 1934/1934/1934
f 1959/1959/1959 1935/1935/1935 1961/1961/1961
f 1959/1959/1959 1961/1961/1961 1984/1984/1984
f 1936/1936/1936 1948/1948/1948 1973/1973/1973
f 1936/1936/1936 1973/1973/1973 1960/1960/1960
f 1961/1961/1961 1960/1960/1960 1985/1985/1985
f 1961/1961/1961 1985/1985/1985 1986/1986/1986
f 1987/1987/1987 1963/1963/1963 1938/1938/1938
f 1987/1987/1987 1938/1938/1938 1962/1962/1962
f 1964/1964/1964 1939/1939/1939 1963/1963/1963
f 1964/1964/1964 1963/1963/1963 1988/1988/1988
f 1989/1989/1989 1965/1965/1965 1940/1940/1940
f 1989/1989/1989 1940/1940/1940 1964/1964/1964
f 1941/1941/1941 1965/1965/1965 1990/1990/1990
f 1941/1941/1941 1990/1990/1990 1966/1966/1966
f 1966/1966/1966 1991/1991/1991 1967/1967/1967
f 1966/1966/1966 1967/1967/1967 1942/1942/1942
f 1945/1945/1945 1968/1968/1968 1993/1993/1993
f 1945/1945/1945 1993/1993/1993 1970/1970/1970
f 1946/1946/1946 1971/1971/1971 1994/1994/1994
f 1946/1946/1946 1994/1994/1994 1969/1969/1969
f 1970/1970/1970 1995/1995/1995 1997/1997/1997
f 1970/1970/1970 1997/1997/1997 1972/1972/1972
f 1998/1998/1998 1973/1973/1973 1969/1969/1969
f 1998/1998/1998 1969/1969/1969 1994/1994/1994
f 1974/1974/1974 1950/1950/1950 1975/1975/1975
f 1974/1974/1974 1975/1975/1975 1999/1999/1999
f 1951/1951/1951 1976/1976/1976 2000/2000/2000
f 1951/1951/1951 2000/2000/2000 1975/1975/1975
f 1977/1977/1977 2001/2001/2001 1976/1976/1976
f 1977/1977/1977 1976/1976/1976 1952/1952/1952
f 1977/1977/1977 1953/1953/1953 1978/1978/1978
f 1977/1977/1977 1978/1978/1978 2002/2002/2002
f 2003/2003/2003 1978/1978/1978 1954/1954/1954
f 2003/2003/2003 1954/1954/1954 1979/1979/1979
f 1980/1980/1980 2004/2004/2004 1979/1979/1979
f 1980/1980/1980 1979/1979/1979 1955/1955/1955
f 1981/1981/1981 2005/2005/2005 1980/1980/1980
f 1981/1981/1981 1980/1980/1980 1956/1956/1956
f 1981/1981/1981 1957/1957/1957 1982/1982/1982
f 1981/1981/1981 1982/1982/1982 2006/2006/2006
f 1982/1982/1982 1958/1958/1958 1983/1983/1983
f 1982/1982/1982 1983/1983/1983 2007/2007/2007
f 1959/1959/1959 1984/1984/1984 2008/2008/2008
f 1959/1959/1959 2008/2008/2008 1983/1983/1983
f 1961/1961/1961 1986/1986/1986 2009/2009/2009
f 1961/1961/1961 2009/2009/2009 1984/1984/1984
f 1998/1998/1998 1985/1985/1985 1960/1960/1960
f 1998/1998/1998 1960/1960/1960 1973/1973/1973
f 2010/2010/2010 1986/1986/1986 1985/1985/1985
f 2010/2010/2010 1985/1985/1985 2011/2011/2011
f 2012/2012/2012 1988/1988/1988 1963/1963/1963
f 2012/2012/2012 1963/1963/1963 1987/1987/1987
f 1989/1989/1989 1964/1964/1964 1988/1988/1988
f 1989/1989/1989 1988/1988/1988 2013/2013/2013
f 1989/1989/1989 2014/2014/2014 1990/1990/1990
f 1989/1989/1989 1990/1990/1990 1965/1965/1965
f 1966/1966/1966 1990/1990/1990 2015/2015/2015
f 1966/1966/1966 2015/2015/2015 1991/1991/1991
f 2016/2016/2016 1992/1992/1992 1967/1967/1967
f 2016/2016/2016 1967/1967/1967 1991/1991/1991
f 2018/2018/2018 1995/1995/1995 1970/1970/1970
f 2018/2018/2018 1970/1970/1970 1993/1993/1993
f 1996/1996/1996 2019/2019/2019 1994/1994/1994
f 1996/1996/1996 1994/1994/1994 1971/1971/1971
f 2020/2020/2020 2022/2022/2022 1997/1997/1997
f 2020/2020/2020 1997/1997/1997 1995/1995/1995
f 1998/1998/1998 1994/1994/1994 2019/2019/2019
f 1998/1998/1998 2019/2019/2019 2023/2023/2023
f 1999/1999/1999 1975/1975/1975 2000/2000/2000
f 1999/1999/1999 2000/2000/2000 2024/2024/2024
f 2025/2025/2025 2000/2000/2000 1976/1976/1976
f 2025/2025/2025 1976/1976/1976 2001/2001/2001
f 1977/1977/1977 2002/2002/2002 2026/2026/2026
f 1977/1977/1977 2026/2026/2026 2001/2001/2001
f 2003/2003/2003 2027/2027/2027 2002/2002/2002
f 2003/2003/2003 2002/2002/2002 1978/1978/1978
f 2003/2003/2003 1979/1979/1979 2004/2004/2004
f 2003/2003/2003 2004/2004/2004 2028/2028/2028
f 1980/1980/1980 2005/2005/2005 2029/2029/2029
f 1980/1980/1980 2029/2029/2029 2004/2004/2004
f 1981/1981/1981 2006/2006/2006 2030/2030/2030
f 1981/1981/1981 2030/2030/2030 2005/2005/2005
f 2031/2031/2031 2006/2006/2006 1982/1982/1982
f 2031/2031/2031 1982/1982/1982 2007/2007/2007
f 2007/2007/2007 1983/1983/1983 2008/2008/2008
f 2007/2007/2007 2008/2008/2008 2032/2032/2032
f 2008/2008/2008 1984/1984/1984 2009/2009/2009
f 2008/2008/2008 2009/2009/2009 2033/2033/2033
f 2010/2010/2010 2034/2034/2034 2009/2009/2009
f 2010/2010/2010 2009/2009/2009 1986/1986/1986
f 1998/1998/1998 2023/2023/2023 2011/2011/2011
f 1998/1998/1998 2011/2011/2011 1985/1985/1985
f 2035/2035/2035 2036/2036/2036 2010/2010/2010
f 2035/2035/2035 2010/2010/2010 2011/2011/2011
f 2012/2012/2012 2037/2037/2037 2013/2013/2013
f 2012/2012/2012 2013/2013/2013 1988/1988/1988
f 1989/1989/1989 2013/2013/2013 2038/2038/2038
f 1989/1989/1989 2038/2038/2038 2014/2014/2014
f 2015/2015/2015 1990/1990/1990 2014/2014/2014
f 2015/2015/2015 2014/2014/2014 2039/2039/2039
f 2016/2016/2016 1991/1991/1991 2015/2015/2015
f 2016/2016/2016 2015/2015/2015 2040/2040/2040
f 2017/2017/2017 1992/1992/1992 2016/2016/2016
f 2017/2017/2017 2016/2016/2016 2041/2041/2041
f 2018/2018/2018 2043/2043/2043 2020/2020/2020
f 2018/2018/2018 2020/2020/2020 1995/1995/1995
f 2021/2021/2021 2044/2044/2044 2019/2019/2019
f 2021/2021/2021 2019/2019/2019 1996/1996/1996
f 2045/2045/2045 2047/2047/2047 2022/2022/2022
f 2045/2045/2045 2022/2022/2022 2020/2020/2020
f 2048/2048/2048 2023/2023/2023 2019/2019/2019
f 2048/2048/2048 2019/2019/2019 2044/2044/2044
f 2025/2025/2025 2049/2049/2049 2024/2024/2024
f 2025/2025/2025 2024/2024/2024 2000/2000/2000
f 2025/2025/2025 2001/2001/2001 2026/2026/2026
f 2025/2025/2025 2026/2026/2026 2050/2050/2050
f 2051/2051/2051 2026/2026/2026 2002/2002/2002
f 2051/2051/2051 2002/2002/2002 2027/2027/2027
f 2003/2003/2003 2028/2028/2028 2052/2052/2052
f 2003/2003/2003 2052/2052/2052 2027/2027/2027
f 2053/2053/2053 2028/2028/2028 2004/2004/2004
f 2053/2053/2053 2004/2004/2004 2029/2029/2029
f 2054/2054/2054 2029/2029/2029 2005/2005/2005
f 2054/2054/2054 2005/2005/2005 2030/2030/2030
f 2031/2031/2031 2055/2055/2055 2030/2030/2030
f 2031/2031/2031 2030/2030/2030 2006/2006/2006
f 2031/2031/2031 2007/2007/2007 2032/2032/2032
f 2031/2031/2031 2032/2032/2032 2056/2056/2056
f 2057/2057/2057 2032/2032/2032 2008/2008/2008
f 2057/2057/2057 2008/2008/2008 2033/2033/2033
f 2033/2033/2033 2009/2009/2009 2034/2034/2034
f 2033/2033/2033 2034/2034/2034 2058/2058/2058
f 2059/2059/2059 2034/2034/2034 2010/2010/2010
f 2059/2059/2059 2010/2010/2010 2036/2036/2036
f 2035/2035/2035 2011/2011/2011 2023/2023/2023
f 2035/2035/2035 2023/2023/2023 2048/2048/2048
f 2060/2060/2060 2061/2061/2061 2036/2036/2036
f 2060/2060/2060 2036/2036/2036 2035/2035/2035
f 2062/2062/2062 2038/2038/2038 2013/2013/2013
f 2062/2062/2062 2013/2013/2013 2037/2037/2037
f 2038/2038/2038 2063/2063/2063 2039/2039/2039
f 2038/2038/2038 2039/2039/2039 2014/2014/2014
f 2015/2015/2015 2039/2039/2039 2064/2064/2064
f 2015/2015/2015 2064/2064/2064 2040/2040/2040
f 2016/2016/2016 2040/2040/2040 2065/2065/2065
f 2016/2016/2016 2065/2065/2065 2041/2041/2041
f 2017/2017/2017 2041/2041/2041 2066/2066/2066
f 2017/2017/2017 2066/2066/2066 2042/2042/2042
f 2045/2045/2045 2020/2020/2020 2043/2043/2043
f 2045/2045/2045 2043/2043/2043 2068/2068/2068
f 2021/2021/2021 2046/2046/2046 2069/2069/2069
f 2021/2021/2021 2069/2069/2069 2044/2044/2044
f 2045/2045/2045 2070/2070/2070 2072/2072/2072
f 2045/2045/2045 2072/2072/2072 2047/2047/2047
f 2048/2048/2048 2044/2044/2044 2069/2069/2069
f 2048/2048/2048 2069/2069/2069 2073/2073/2073
f 2025/2025/2025 2050/2050/2050 2074/2074/2074
f 2025/2025/2025 2074/2074/2074 2049/2049/2049
f 2051/2051/2051 2075/2075/2075 2050/2050/2050
f 2051/2051/2051 2050/2050/2050 2026/2026/2026
f 2051/2051/2051 2027/2027/2027 2052/2052/2052
f 2051/2051/2051 2052/2052/2052 2076/2076/2076
f 2053/2053/2053 2077/2077/2077 2052/2052/2052
f 2053/2053/2053 2052/2052/2052 2028/2028/2028
f 2054/2054/2054 2078/2078/2078 2053/2053/2053
f 2054/2054/2054 2053/2053/2053 2029/2029/2029
f 2054/2054/2054 2030/2030/2030 2055/2055/2055
f 2054/2054/2054 2055/2055/2055 2079/2079/2079
f 2031/2031/2031 2056/2056/2056 2080/2080/2080
f 2031/2031/2031 2080/2080/2080 2055/2055/2055
f 2057/2057/2057 2081/2081/2081 2056/2056/2056
f 2057/2057/2057 2056/2056/2056 2032/2032/2032
f 2057/2057/2057 2033/2033/2033 2058/2058/2058
f 2057/2057/2057 2058/2058/2058 2082/2082/2082
f 2059/2059/2059 2083/2083/2083 2058/2058/2058
f 2059/2059/2059 2058/2058/2058 2034/2034/2034
f 2059/2059/2059 2036/2036/2036 2061/2061/2061
f 2059/2059/2059 2061/2061/2061 2084/2084/2084
f 2060/2060/2060 2035/2035/2035 2048/2048/2048
f 2060/2060/2060 2048/2048/2048 2073/2073/2073
f 2085/2085/2085 2061/2061/2061 2060/2060/2060
f 2085/2085/2085 2060/2060/2060 2086/2086/2086
f 2062/2062/2062 2087/2087/2087 2063/2063/2063
f 2062/2062/2062 2063/2063/2063 2038/2038/2038
f 2064/2064/2064 2039/2039/2039 2063/2063/2063
f 2064/2064/2064 2063/2063/2063 2088/2088/2088
f 2065/2065/2065 2040/2040/2040 2064/2064/2064
f 2065/2065/2065 2064/2064/2064 2089/2089/2089
f 2090/2090/2090 2066/2066/2066 2041/2041/2041
f 2090/2090/2090 2041/2041/2041 2065/2065/2065
f 2067/2067/2067 2042/2042/2042 2066/2066/2066
f 2067/2067/2067 2066/2066/2066 2091/2091/2091
f 2045/2045/2045 2068/2068/2068 2093/2093/2093
f 2045/2045/2045 2093/2093/2093 2070/2070/2070
f 2046/2046/2046 2071/2071/2071 2094/2094/2094
f 2046/2046/2046 2094/2094/2094 2069/2069/2069
f 2095/2095/2095 2097/2097/2097 2072/2072/2072
f 2095/2095/2095 2072/2072/2072 2070/2070/2070
f 2073/2073/2073 2069/2069/2069 2094/2094/2094
f 2073/2073/2073 2094/2094/2094 2098/2098/2098
f 2075/2075/2075 2099/2099/2099 2074/2074/2074
f 2075/2075/2075 2074/2074/2074 2050/2050/2050
f 2051/2051/2051 2076/2076/2076 2100/2100/2100
f 2051/2051/2051 2100/2100/2100 2075/2075/2075
f 2077/2077/2077 2101/2101/2101 2076/2076/2076
f 2077/2077/2077 2076/2076/2076 2052/2052/2052
f 2053/2053/2053 2078/2078/2078 2102/2102/2102
f 2053/2053/2053 2102/2102/2102 2077/2077/2077
f 2054/2054/2054 2079/2079/2079 2103/2103/2103
f 2054/2054/2054 2103/2103/2103 2078/2078/2078
f 2055/2055/2055 2080/2080/2080 2104/2104/2104
f 2055/2055/2055 2104/2104/2104 2079/2079/2079
f 2105/2105/2105 2080/2080/2080 2056/2056/2056
f 2105/2105/2105 2056/2056/2056 2081/2081/2081
f 2057/2057/2057 2082/2082/2082 2106/2106/2106
f 2057/2057/2057 2106/2106/2106 2081/2081/2081
f 2082/2082/2082 2058/2058/2058 2083/2083/2083
f 2082/2082/2082 2083/2083/2083 2107/2107/2107
f 2108/2108/2108 2083/2083/2083 2059/2059/2059
f 2108/2108/2108 2059/2059/2059 2084/2084/2084
f 2109/2109/2109 2084/2084/2084 2061/2061/2061
f 2109/2109/2109 2061/2061/2061 2085/2085/2085
f 2060/2060/2060 2073/2073/2073 2098/2098/2098
f 2060/2060/2060 2098/2098/2098 2086/2086/2086
f 2085/2085/2085 2086/2086/2086 2110/2110/2110
f 2085/2085/2085 2110/2110/2110 2111/2111/2111
f 2063/2063/2063 2087/2087/2087 2112/2112/2112
f 2063/2063/2063 2112/2112/2112 2088/2088/2088
f 2064/2064/2064 2088/2088/2088 2113/2113/2113
f 2064/2064/2064 2113/2113/2113 2089/2089/2089
f 2090/2090/2090 2065/2065/2065 2089/2089/2089
f 2090/2090/2090 2089/2089/2089 2114/2114/2114
f 2090/2090/2090 2115/2115/2115 2091/2091/2091
f 2090/2090/2090 2091/2091/2091 2066/2066/2066
f 2067/2067/2067 2091/2091/2091 2116/2116/2116
f 2067/2067/2067 2116/2116/2116 2092/2092/2092
f 2095/2095/2095 2070/2070/2070 2093/2093/2093
f 2095/2095/2095 2093/2093/2093 2118/2118/2118
f 2096/2096/2096 2119/2119/2119 2094/2094/2094
f 2096/2096/2096 2094/2094/2094 2071/2071/2071
f 2120/2120/2120 2122/2122/2122 2097/2097/2097
f 2120/2120/2120 2097/2097/2097 2095/2095/2095
f 2094/2094/2094 2119/2119/2119 2123/2123/2123
f 2094/2094/2094 2123/2123/2123 2098/2098/2098
f 2124/2124/2124 2099/2099/2099 2075/2075/2075
f 2124/2124/2124 2075/2075/2075 2100/2100/2100
f 2125/2125/2125 2100/2100/2100 2076/2076/2076
f 2125/2125/2125 2076/2076/2076 2101/2101/2101
f 2077/2077/2077 2102/2102/2102 2126/2126/2126
f 2077/2077/2077 2126/2126/2126 2101/2101/2101
f 2127/2127/2127 2102/2102/2102 2078/2078/2078
f 2127/2127/2127 2078/2078/2078 2103/2103/2103
f 2079/2079/2079 2104/2104/2104 2128/2128/2128
f 2079/2079/2079 2128/2128/2128 2103/2103/2103
f 2129/2129/2129 2104/2104/2104 2080/2080/2080
f 2129/2129/2129 2080/2080/2080 2105/2105/2105
f 2105/2105/2105 2081/2081/2081 2106/2106/2106
f 2105/2105/2105 2106/2106/2106 2130/2130/2130
f 2082/2082/2082 2107/2107/2107 2131/2131/2131
f 2082/2082/2082 2131/2131/2131 2106/2106/2106
f 2132/2132/2132 2107/2107/2107 2083/2083/2083
f 2132/2132/2132 2083/2083/2083 2108/2108/2108
f 2133/2133/2133 2108/2108/2108 2084/2084/2084
f 2133/2133/2133 2084/2084/2084 2109/2109/2109
f 2134/2134/2134 2109/2109/2109 2085/2085/2085
f 2134/2134/2134 2085/2085/2085 2111/2111/2111
f 2086/2086/2086 2098/2098/2098 2123/2123/2123
f 2086/2086/2086 2123/2123/2123 2110/2110/2110
f 2135/2135/2135 2111/2111/2111 2110/2110/2110
f 2135/2135/2135 2110/2110/2110 2136/2136/2136
f 2137/2137/2137 2112/2112/2112 2087/2087/2087
f 2137/2137/2137 2087/2087/2087 2138/2138/2138
f 2139/2139/2139 2113/2113/2113 2088/2088/2088
f 2139/2139/2139 2088/2088/2088 2112/2112/2112
f 2113/2113/2113 2140/2140/2140 2114/2114/2114
f 2113/2113/2113 2114/2114/2114 2089/2089/2089
f 2090/2090/2090 2114/2114/2114 2141/2141/2141
f 2090/2090/2090 2141/2141/2141 2115/2115/2115
f 2142/2142/2142 2116/2116/2116 2091/2091/2091
f 2142/2142/2142 2091/2091/2091 2115/2115/2115
f 2143/2143/2143 2117/2117/2117 2092/2092/2092
f 2143/2143/2143 2092/2092/2092 2116/2116/2116
f 2120/2120/2120 2095/2095/2095 2118/2118/2118
f 2120/2120/2120 2118/2118/2118 2145/2145/2145
f 2096/2096/2096 2121/2121/2121 2146/2146/2146
f 2096/2096/2096 2146/2146/2146 2119/2119/2119
f 2120/2120/2120 2147/2147/2147 2149/2149/2149
f 2120/2120/2120 2149/2149/2149 2122/2122/2122
f 2146/2146/2146 2150/2150/2150 2123/2123/2123
f 2146/2146/2146 2123/2123/2123 2119/2119/2119
f 2125/2125/2125 2151/2151/2151 2124/2124/2124
f 2125/2125/2125 2124/2124/2124 2100/2100/2100
f 2125/2125/2125 2101/2101/2101 2126/2126/2126
f 2125/2125/2125 2126/2126/2126 2152/2152/2152
f 2127/2127/2127 2153/2153/2153 2126/2126/2126
f 2127/2127/2127 2126/2126/2126 2102/2102/2102
f 2127/2127/2127 2103/2103/2103 2128/2128/2128
f 2127/2127/2127 2128/2128/2128 2154/2154/2154
f 2129/2129/2129 2155/2155/2155 2128/2128/2128
f 2129/2129/2129 2128/2128/2128 2104/2104/2104
f 2156/2156/2156 2129/2129/2129 2105/2105/2105
f 2156/2156/2156 2105/2105/2105 2130/2130/2130
f 2130/2130/2130 2106/2106/2106 2131/2131/2131
f 2130/2130/2130 2131/2131/2131 2157/2157/2157
f 2132/2132/2132 2158/2158/2158 2131/2131/2131
f 2132/2132/2132 2131/2131/2131 2107/2107/2107
f 2133/2133/2133 2159/2159/2159 2132/2132/2132
f 2133/2133/2133 2132/2132/2132 2108/2108/2108
f 2134/2134/2134 2160/2160/2160 2133/2133/2133
f 2134/2134/2134 2133/2133/2133 2109/2109/2109
f 2134/2134/2134 2111/2111/2111 2135/2135/2135
f 2134/2134/2134 2135/2135/2135 2161/2161/2161
f 2150/2150/2150 2136/2136/2136 2110/2110/2110
f 2150/2150/2150 2110/2110/2110 2123/2123/2123
f 2162/2162/2162 2135/2135/2135 2136/2136/2136
f 2162/2162/2162 2136/2136/2136 2163/2163/2163
f 2137/2137/2137 2164/2164/2164 2139/2139/2139
f 2137/2137/2137 2139/2139/2139 2112/2112/2112
f 2165/2165/2165 2140/2140/2140 2113/2113/2113
f 2165/2165/2165 2113/2113/2113 2139/2139/2139
f 2141/2141/2141 2114/2114/2114 2140/2140/2140
f 2141/2141/2141 2140/2140/2140 2166/2166/2166
f 2142/2142/2142 2115/2115/2115 2141/2141/2141
f 2142/2142/2142 2141/2141/2141 2167/2167/2167
f 2168/2168/2168 2143/2143/2143 2116/2116/2116
f 2168/2168/2168 2116/2116/2116 2142/2142/2142
f 2143/2143/2143 2169/2169/2169 2144/2144/2144
f 2143/2143/2143 2144/2144/2144 2117/2117/2117
f 2120/2120/2120 2145/2145/2145 2171/2171/2171
f 2120/2120/2120 2171/2171/2171 2147/2147/2147
f 2148/2148/2148 2172/2172/2172 2146/2146/2146
f 2148/2148/2148 2146/2146/2146 2121/2121/2121
f 2149/2149/2149 2147/2147/2147 2173/2173/2173
f 2149/2149/2149 2173/2173/2173 2175/2175/2175
f 2176/2176/2176 2150/2150/2150 2146/2146/2146
f 2176/2176/2176 2146/2146/2146 2172/2172/2172
f 2125/2125/2125 2152/2152/2152 2177/2177/2177
f 2125/2125/2125 2177/2177/2177 2151/2151/2151
f 2153/2153/2153 2178/2178/2178 2152/2152/2152
f 2153/2153/2153 2152/2152/2152 2126/2126/2126
f 2127/2127/2127 2154/2154/2154 2179/2179/2179
f 2127/2127/2127 2179/2179/2179 2153/2153/2153
f 2180/2180/2180 2154/2154/2154 2128/2128/2128
f 2180/2180/2180 2128/2128/2128 2155/2155/2155
f 2156/2156/2156 2181/2181/2181 2155/2155/2155
f 2156/2156/2156 2155/2155/2155 2129/2129/2129
f 2156/2156/2156 2130/2130/2130 2157/2157/2157
f 2156/2156/2156 2157/2157/2157 2182/2182/2182
f 2183/2183/2183 2157/2157/2157 2131/2131/2131
f 2183/2183/2183 2131/2131/2131 2158/2158/2158
f 2132/2132/2132 2159/2159/2159 2184/2184/2184
f 2132/2132/2132 2184/2184/2184 2158/2158/2158
f 2133/2133/2133 2160/2160/2160 2185/2185/2185
f 2133/2133/2133 2185/2185/2185 2159/2159/2159
f 2134/2134/2134 2161/2161/2161 2186/2186/2186
f 2134/2134/2134 2186/2186/2186 2160/2160/2160
f 2162/2162/2162 2187/2187/2187 2161/2161/2161
f 2162/2162/2162 2161/2161/2161 2135/2135/2135
f 2176/2176/2176 2163/2163/2163 2136/2136/2136
f 2176/2176/2176 2136/2136/2136 2150/2150/2150
f 2162/2162/2162 2163/2163/2163 2188/2188/2188
f 2162/2162/2162 2188/2188/2188 2189/2189/2189
f 2190/2190/2190 2165/2165/2165 2139/2139/2139
f 2190/2190/2190 2139/2139/2139 2164/2164/2164
f 2165/2165/2165 2191/2191/2191 2166/2166/2166
f 2165/2165/2165 2166/2166/2166 2140/2140/2140
f 2167/2167/2167 2141/2141/2141 2166/2166/2166
f 2167/2167/2167 2166/2166/2166 2192/2192/2192
f 2168/2168/2168 2142/2142/2142 2167/2167/2167
f 2168/2168/2168 2167/2167/2167 2193/2193/2193
f 2168/2168/2168 2194/2194/2194 2169/2169/2169
f 2168/2168/2168 2169/2169/2169 2143/2143/2143
f 2144/2144/2144 2169/2169/2169 2195/2195/2195
f 2144/2144/2144 2195/2195/2195 2170/2170/2170
f 2147/2147/2147 2171/2171/2171 2197/2197/2197
f 2147/2147/2147 2197/2197/2197 2173/2173/2173
f 2198/2198/2198 2172/2172/2172 2148/2148/2148
f 2198/2198/2198 2148/2148/2148 2174/2174/2174
f 2175/2175/2175 2173/2173/2173 2199/2199/2199
f 2175/2175/2175 2199/2199/2199 2201/2201/2201
f 2202/2202/2202 2176/2176/2176 2172/2172/2172
f 2202/2202/2202 2172/2172/2172 2198/2198/2198
f 2152/2152/2152 2178/2178/2178 2203/2203/2203
f 2152/2152/2152 2203/2203/2203 2177/2177/2177
f 2153/2153/2153 2179/2179/2179 2204/2204/2204
f 2153/2153/2153 2204/2204/2204 2178/2178/2178
f 2180/2180/2180 2205/2205/2205 2179/2179/2179
f 2180/2180/2180 2179/2179/2179 2154/2154/2154
f 2180/2180/2180 2155/2155/2155 2181/2181/2181
f 2180/2180/2180 2181/2181/2181 2206/2206/2206
f 2156/2156/2156 2182/2182/2182 2207/2207/2207
f 2156/2156/2156 2207/2207/2207 2181/2181/2181
f 2182/2182/2182 2157/2157/2157 2183/2183/2183
f 2182/2182/2182 2183/2183/2183 2208/2208/2208
f 2183/2183/2183 2158/2158/2158 2184/2184/2184
f 2183/2183/2183 2184/2184/2184 2209/2209/2209
f 2210/2210/2210 2184/2184/2184 2159/2159/2159
f 2210/2210/2210 2159/2159/2159 2185/2185/2185
f 2186/2186/2186 2211/2211/2211 2185/2185/2185
f 2186/2186/2186 2185/2185/2185 2160/2160/2160
f 2186/2186/2186 2161/2161/2161 2187/2187/2187
f 2186/2186/2186 2187/2187/2187 2212/2212/2212
f 2162/2162/2162 2189/2189/2189 2213/2213/2213
f 2162/2162/2162 2213/2213/2213 2187/2187/2187
f 2188/2188/2188 2163/2163/2163 2176/2176/2176
f 2188/2188/2188 2176/2176/2176 2202/2202/2202
f 2188/2188/2188 2214/2214/2214 2215/2215/2215
f 2188/2188/2188 2215/2215/2215 2189/2189/2189
f 2190/2190/2190 2216/2216/2216 2191/2191/2191
f 2190/2190/2190 2191/2191/2191 2165/2165/2165
f 2191/2191/2191 2217/2217/2217 2192/2192/2192
f 2191/2191/2191 2192/2192/2192 2166/2166/2166
f 2167/2167/2167 2192/2192/2192 2218/2218/2218
f 2167/2167/2167 2218/2218/2218 2193/2193/2193
f 2168/2168/2168 2193/2193/2193 2219/2219/2219
f 2168/2168/2168 2219/2219/2219 2194/2194/2194
f 2195/2195/2195 2169/2169/2169 2194/2194/2194
f 2195/2195/2195 2194/2194/2194 2220/2220/2220
f 2195/2195/2195 2221/2221/2221 2196/2196/2196
f 2195/2195/2195 2196/2196/2196 2170/2170/2170
f 2197/2197/2197 2223/2223/2223 2199/2199/2199
f 2197/2197/2197 2199/2199/2199 2173/2173/2173
f 2198/2198/2198 2174/2174/2174 2200/2200/2200
f 2198/2198/2198 2200/2200/2200 2224/2224/2224
f 2226/2226/2226 2201/2201/2201 2199/2199/2199
f 2226/2226/2226 2199/2199/2199 2227/2227/2227
f 2228/2228/2228 2202/2202/2202 2198/2198/2198
f 2228/2228/2228 2198/2198/2198 2224/2224/2224
f 2204/2204/2204 2229/2229/2229 2203/2203/2203
f 2204/2204/2204 2203/2203/2203 2178/2178/2178
f 2205/2205/2205 2230/2230/2230 2204/2204/2204
f 2205/2205/2205 2204/2204/2204 2179/2179/2179
f 2180/2180/2180 2206/2206/2206 2231/2231/2231
f 2180/2180/2180 2231/2231/2231 2205/2205/2205
f 2206/2206/2206 2181/2181/2181 2207/2207/2207
f 2206/2206/2206 2207/2207/2207 2232/2232/2232
f 2182/2182/2182 2208/2208/2208 2233/2233/2233
f 2182/2182/2182 2233/2233/2233 2207/2207/2207
f 2183/2183/2183 2209/2209/2209 2234/2234/2234
f 2183/2183/2183 2234/2234/2234 2208/2208/2208
f 2210/2210/2210 2235/2235/2235 2209/2209/2209
f 2210/2210/2210 2209/2209/2209 2184/2184/2184
f 2236/2236/2236 2210/2210/2210 2185/2185/2185
f 2236/2236/2236 2185/2185/2185 2211/2211/2211
f 2237/2237/2237 2211/2211/2211 2186/2186/2186
f 2237/2237/2237 2186/2186/2186 2212/2212/2212
f 2187/2187/2187 2213/2213/2213 2238/2238/2238
f 2187/2187/2187 2238/2238/2238 2212/2212/2212
f 2189/2189/2189 2215/2215/2215 2239/2239/2239
f 2189/2189/2189 2239/2239/2239 2213/2213/2213
f 2188/2188/2188 2202/2202/2202 2228/2228/2228
f 2188/2188/2188 2228/2228/2228 2214/2214/2214
f 2240/2240/2240 2241/2241/2241 2215/2215/2215
f 2240/2240/2240 2215/2215/2215 2214/2214/2214
f 2242/2242/2242 2217/2217/2217 2191/2191/2191
f 2242/2242/2242 2191/2191/2191 2216/2216/2216
f 2243/2243/2243 2218/2218/2218 2192/2192/2192
f 2243/2243/2243 2192/2192/2192 2217/2217/2217
f 2219/2219/2219 2193/2193/2193 2218/2218/2218
f 2219/2219/2219 2218/2218/2218 2244/2244/2244
f 2219/2219/2219 2245/2245/2245 2220/2220/2220
f 2219/2219/2219 2220/2220/2220 2194/2194/2194
f 2195/2195/2195 2220/2220/2220 2246/2246/2246
f 2195/2195/2195 2246/2246/2246 2221/2221/2221
f 2247/2247/2247 2222/2222/2222 2196/2196/2196
f 2247/2247/2247 2196/2196/2196 2221/2221/2221
f 2227/2227/2227 2199/2199/2199 2223/2223/2223
f 2227/2227/2227 2223/2223/2223 2249/2249/2249
f 2250/2250/2250 2224/2224/2224 2200/2200/2200
f 2250/2250/2250 2200/2200/2200 2225/2225/2225
f 2251/2251/2251 2253/2253/2253 2226/2226/2226
f 2251/2251/2251 2226/2226/2226 2227/2227/2227
f 2254/2254/2254 2228/2228/2228 2224/2224/2224
f 2254/2254/2254 2224/2224/2224 2250/2250/2250
f 2204/2204/2204 2230/2230/2230 2255/2255/2255
f 2204/2204/2204 2255/2255/2255 2229/2229/2229
f 2205/2205/2205 2231/2231/2231 2256/2256/2256
f 2205/2205/2205 2256/2256/2256 2230/2230/2230
f 2206/2206/2206 2232/2232/2232 2257/2257/2257
f 2206/2206/2206 2257/2257/2257 2231/2231/2231
f 2207/2207/2207 2233/2233/2233 2258/2258/2258
f 2207/2207/2207 2258/2258/2258 2232/2232/2232
f 2233/2233/2233 2208/2208/2208 2234/2234/2234
f 2233/2233/2233 2234/2234/2234 2259/2259/2259
f 2260/2260/2260 2234/2234/2234 2209/2209/2209
f 2260/2260/2260 2209/2209/2209 2235/2235/2235
f 2236/2236/2236 2261/2261/2261 2235/2235/2235
f 2236/2236/2236 2235/2235/2235 2210/2210/2210
f 2237/2237/2237 2262/2262/2262 2236/2236/2236
f 2237/2237/2237 2236/2236/2236 2211/2211/2211
f 2237/2237/2237 2212/2212/2212 2238/2238/2238
f 2237/2237/2237 2238/2238/2238 2263/2263/2263
f 2238/2238/2238 2213/2213/2213 2239/2239/2239
f 2238/2238/2238 2239/2239/2239 2264/2264/2264
f 2239/2239/2239 2215/2215/2215 2241/2241/2241
f 2239/2239/2239 2241/2241/2241 2265/2265/2265
f 2254/2254/2254 2240/2240/2240 2214/2214/2214
f 2254/2254/2254 2214/2214/2214 2228/2228/2228
f 2266/2266/2266 2267/2267/2267 2241/2241/2241
f 2266/2266/2266 2241/2241/2241 2240/2240/2240
f 2268/2268/2268 2243/2243/2243 2217/2217/2217
f 2268/2268/2268 2217/2217/2217 2242/2242/2242
f 2243/2243/2243 2269/2269/2269 2244/2244/2244
f 2243/2243/2243 2244/2244/2244 2218/2218/2218
f 2270/2270/2270 2245/2245/2245 2219/2219/2219
f 2270/2270/2270 2219/2219/2219 2244/2244/2244
f 2271/2271/2271 2246/2246/2246 2220/2220/2220
f 2271/2271/2271 2220/2220/2220 2245/2245/2245
f 2247/2247/2247 2221/2221/2221 2246/2246/2246
f 2247/2247/2247 2246/2246/2246 2272/2272/2272
f 2247/2247/2247 2273/2273/2273 2248/2248/2248
f 2247/2247/2247 2248/2248/2248 2222/2222/2222
f 2251/2251/2251 2227/2227/2227 2249/2249/2249
f 2251/2251/2251 2249/2249/2249 2275/2275/2275
f 2276/2276/2276 2250/2250/2250 2225/2225/2225
f 2276/2276/2276 2225/2225/2225 2252/2252/2252
f 2251/2251/2251 2277/2277/2277 2279/2279/2279
f 2251/2251/2251 2279/2279/2279 2253/2253/2253
f 2254/2254/2254 2250/2250/2250 2276/2276/2276
f 2254/2254/2254 2276/2276/2276 2280/2280/2280
f 2256/2256/2256 2281/2281/2281 2255/2255/2255
f 2256/2256/2256 2255/2255/2255 2230/2230/2230
f 2256/2256/2256 2231/2231/2231 2257/2257/2257
f 2256/2256/2256 2257/2257/2257 2282/2282/2282
f 2232/2232/2232 2258/2258/2258 2283/2283/2283
f 2232/2232/2232 2283/2283/2283 2257/2257/2257
f 2233/2233/2233 2259/2259/2259 2284/2284/2284
f 2233/2233/2233 2284/2284/2284 2258/2258/2258
f 2260/2260/2260 2285/2285/2285 2259/2259/2259
f 2260/2260/2260 2259/2259/2259 2234/2234/2234
f 2261/2261/2261 2286/2286/2286 2260/2260/2260
f 2261/2261/2261 2260/2260/2260 2235/2235/2235
f 2236/2236/2236 2262/2262/2262 2287/2287/2287
f 2236/2236/2236 2287/2287/2287 2261/2261/2261
f 2237/2237/2237 2263/2263/2263 2288/2288/2288
f 2237/2237/2237 2288/2288/2288 2262/2262/2262
f 2238/2238/2238 2264/2264/2264 2289/2289/2289
f 2238/2238/2238 2289/2289/2289 2263/2263/2263
f 2239/2239/2239 2265/2265/2265 2290/2290/2290
f 2239/2239/2239 2290/2290/2290 2264/2264/2264
f 2267/2267/2267 2291/2291/2291 2265/2265/2265
f 2267/2267/2267 2265/2265/2265 2241/2241/2241
f 2254/2254/2254 2280/2280/2280 2266/2266/2266
f 2254/2254/2254 2266/2266/2266 2240/2240/2240
f 2292/2292/2292 2267/2267/2267 2266/2266/2266
f 2292/2292/2292 2266/2266/2266 2293/2293/2293
f 2269/2269/2269 2243/2243/2243 2268/2268/2268
f 2269/2269/2269 2268/2268/2268 2294/2294/2294
f 2295/2295/2295 2270/2270/2270 2244/2244/2244
f 2295/2295/2295 2244/2244/2244 2269/2269/2269
f 2296/2296/2296 2271/2271/2271 2245/2245/2245
f 2296/2296/2296 2245/2245/2245 2270/2270/2270
f 2271/2271/2271 2297/2297/2297 2272/2272/2272
f 2271/2271/2271 2272/2272/2272 2246/2246/2246
f 2247/2247/2247 2272/2272/2272 2298/2298/2298
f 2247/2247/2247 2298/2298/2298 2273/2273/2273
f 2274/2274/2274 2248/2248/2248 2273/2273/2273
f 2274/2274/2274 2273/2273/2273 2299/2299/2299
f 2301/2301/2301 2277/2277/2277 2251/2251/2251
f 2301/2301/2301 2251/2251/2251 2275/2275/2275
f 2302/2302/2302 2276/2276/2276 2252/2252/2252
f 2302/2302/2302 2252/2252/2252 2278/2278/2278
f 2304/2304/2304 2279/2279/2279 2277/2277/2277
f 2304/2304/2304 2277/2277/2277 2305/2305/2305
f 2302/2302/2302 2306/2306/2306 2280/2280/2280
f 2302/2302/2302 2280/2280/2280 2276/2276/2276
f 2256/2256/2256 2282/2282/2282 2307/2307/2307
f 2256/2256/2256 2307/2307/2307 2281/2281/2281
f 2282/2282/2282 2257/2257/2257 2283/2283/2283
f 2282/2282/2282 2283/2283/2283 2308/2308/2308
f 2284/2284/2284 2309/2309/2309 2283/2283/2283
f 2284/2284/2284 2283/2283/2283 2258/2258/2258
f 2310/2310/2310 2284/2284/2284 2259/2259/2259
f 2310/2310/2310 2259/2259/2259 2285/2285/2285
f 2286/2286/2286 2311/2311/2311 2285/2285/2285
f 2286/2286/2286 2285/2285/2285 2260/2260/2260
f 2312/2312/2312 2286/2286/2286 2261/2261/2261
f 2312/2312/2312 2261/2261/2261 2287/2287/2287
f 2262/2262/2262 2288/2288/2288 2313/2313/2313
f 2262/2262/2262 2313/2313/2313 2287/2287/2287
f 2288/2288/2288 2263/2263/2263 2289/2289/2289
f 2288/2288/2288 2289/2289/2289 2314/2314/2314
f 2315/2315/2315 2289/2289/2289 2264/2264/2264
f 2315/2315/2315 2264/2264/2264 2290/2290/2290
f 2316/2316/2316 2290/2290/2290 2265/2265/2265
f 2316/2316/2316 2265/2265/2265 2291/2291/2291
f 2317/2317/2317 2291/2291/2291 2267/2267/2267
f 2317/2317/2317 2267/2267/2267 2292/2292/2292
f 2280/2280/2280 2306/2306/2306 2293/2293/2293
f 2280/2280/2280 2293/2293/2293 2266/2266/2266
f 2292/2292/2292 2293/2293/2293 2318/2318/2318
f 2292/2292/2292 2318/2318/2318 2319/2319/2319
f 2294/2294/2294 2320/2320/2320 2295/2295/2295
f 2294/2294/2294 2295/2295/2295 2269/2269/2269
f 2296/2296/2296 2270/2270/2270 2295/2295/2295
f 2296/2296/2296 2295/2295/2295 2321/2321/2321
f 2296/2296/2296 2322/2322/2322 2297/2297/2297
f 2296/2296/2296 2297/2297/2297 2271/2271/2271
f 2297/2297/2297 2323/2323/2323 2298/2298/2298
f 2297/2297/2297 2298/2298/2298 2272/2272/2272
f 2273/2273/2273 2298/2298/2298 2324/2324/2324
f 2273/2273/2273 2324/2324/2324 2299/2299/2299
f 2325/2325/2325 2300/2300/2300 2274/2274/2274
f 2325/2325/2325 2274/2274/2274 2299/2299/2299
f 2301/2301/2301 2327/2327/2327 2305/2305/2305
f 2301/2301/2301 2305/2305/2305 2277/2277/2277
f 2303/2303/2303 2328/2328/2328 2302/2302/2302
f 2303/2303/2303 2302/2302/2302 2278/2278/2278
f 2304/2304/2304 2305/2305/2305 2329/2329/2329
f 2304/2304/2304 2329/2329/2329 2331/2331/2331
f 2328/2328/2328 2332/2332/2332 2306/2306/2306
f 2328/2328/2328 2306/2306/2306 2302/2302/2302
f 2307/2307/2307 2282/2282/2282 2308/2308/2308
f 2307/2307/2307 2308/2308/2308 2333/2333/2333
f 2308/2308/2308 2283/2283/2283 2309/2309/2309
f 2308/2308/2308 2309/2309/2309 2334/2334/2334
f 2335/2335/2335 2309/2309/2309 2284/2284/2284
f 2335/2335/2335 2284/2284/2284 2310/2310/2310
f 2336/2336/2336 2310/2310/2310 2285/2285/2285
f 2336/2336/2336 2285/2285/2285 2311/2311/2311
f 2312/2312/2312 2337/2337/2337 2311/2311/2311
f 2312/2312/2312 2311/2311/2311 2286/2286/2286
f 2312/2312/2312 2287/2287/2287 2313/2313/2313
f 2312/2312/2312 2313/2313/2313 2338/2338/2338
f 2288/2288/2288 2314/2314/2314 2339/2339/2339
f 2288/2288/2288 2339/2339/2339 2313/2313/2313
f 2340/2340/2340 2314/2314/2314 2289/2289/2289
f 2340/2340/2340 2289/2289/2289 2315/2315/2315
f 2315/2315/2315 2290/2290/2290 2316/2316/2316
f 2315/2315/2315 2316/2316/2316 2341/2341/2341
f 2317/2317/2317 2342/2342/2342 2316/2316/2316
f 2317/2317/2317 2316/2316/2316 2291/2291/2291
f 2317/2317/2317 2292/2292/2292 2319/2319/2319
f 2317/2317/2317 2319/2319/2319 2343/2343/2343
f 2293/2293/2293 2306/2306/2306 2332/2332/2332
f 2293/2293/2293 2332/2332/2332 2318/2318/2318
f 2319/2319/2319 2318/2318/2318 2344/2344/2344
f 2319/2319/2319 2344/2344/2344 2345/2345/2345
f 2320/2320/2320 2346/2346/2346 2321/2321/2321
f 2320/2320/2320 2321/2321/2321 2295/2295/2295
f 2296/2296/2296 2321/2321/2321 2347/2347/2347
f 2296/2296/2296 2347/2347/2347 2322/2322/2322
f 2322/2322/2322 2348/2348/2348 2323/2323/2323
f 2322/2322/2322 2323/2323/2323 2297/2297/2297
f 2298/2298/2298 2323/2323/2323 2349/2349/2349
f 2298/2298/2298 2349/2349/2349 2324/2324/2324
f 2325/2325/2325 2299/2299/2299 2324/2324/2324
f 2325/2325/2325 2324/2324/2324 2350/2350/2350
f 2325/2325/2325 2351/2351/2351 2326/2326/2326
f 2325/2325/2325 2326/2326/2326 2300/2300/2300
f 2352/2352/2352 2329/2329/2329 2305/2305/2305
f 2352/2352/2352 2305/2305/2305 2327/2327/2327
f 2303/2303/2303 2330/2330/2330 2353/2353/2353
f 2303/2303/2303 2353/2353/2353 2328/2328/2328
f 2328/2328/2328 2353/2353/2353 2354/2354/2354
f 2328/2328/2328 2354/2354/2354 2332/2332/2332
f 2355/2355/2355 2333/2333/2333 2308/2308/2308
f 2355/2355/2355 2308/2308/2308 2334/2334/2334
f 2335/2335/2335 2356/2356/2356 2334/2334/2334
f 2335/2335/2335 2334/2334/2334 2309/2309/2309
f 2336/2336/2336 2357/2357/2357 2335/2335/2335
f 2336/2336/2336 2335/2335/2335 2310/2310/2310
f 2336/2336/2336 2311/2311/2311 2337/2337/2337
f 2336/2336/2336 2337/2337/2337 2358/2358/2358
f 2312/2312/2312 2338/2338/2338 2359/2359/2359
f 2312/2312/2312 2359/2359/2359 2337/2337/2337
f 2339/2339/2339 2360/2360/2360 2338/2338/2338
f 2339/2339/2339 2338/2338/2338 2313/2313/2313
f 2339/2339/2339 2314/2314/2314 2340/2340/2340
f 2339/2339/2339 2340/2340/2340 2361/2361/2361
f 2340/2340/2340 2315/2315/2315 2341/2341/2341
f 2340/2340/2340 2341/2341/2341 2362/2362/2362
f 2316/2316/2316 2342/2342/2342 2363/2363/2363
f 2316/2316/2316 2363/2363/2363 2341/2341/2341
f 2317/2317/2317 2343/2343/2343 2364/2364/2364
f 2317/2317/2317 2364/2364/2364 2342/2342/2342
f 2319/2319/2319 2345/2345/2345 2365/2365/2365
f 2319/2319/2319 2365/2365/2365 2343/2343/2343
f 2332/2332/2332 2354/2354/2354 2344/2344/2344
f 2332/2332/2332 2344/2344/2344 2318/2318/2318
f 2322/2322/2322 2347/2347/2347 2366/2366/2366
f 2322/2322/2322 2366/2366/2366 2348/2348/2348
f 2367/2367/2367 2349/2349/2349 2323/2323/2323
f 2367/2367/2367 2323/2323/2323 2348/2348/2348
f 2324/2324/2324 2349/2349/2349 2368/2368/2368
f 2324/2324/2324 2368/2368/2368 2350/2350/2350
f 2325/2325/2325 2350/2350/2350 2369/2369/2369
f 2325/2325/2325 2369/2369/2369 2351/2351/2351
f 2356/2356/2356 2370/2370/2370 2355/2355/2355
f 2356/2356/2356 2355/2355/2355 2334/2334/2334
f 2335/2335/2335 2357/2357/2357 2371/2371/2371
f 2335/2335/2335 2371/2371/2371 2356/2356/2356
f 2336/2336/2336 2358/2358/2358 2372/2372/2372
f 2336/2336/2336 2372/2372/2372 2357/2357/2357
f 2358/2358/2358 2337/2337/2337 2359/2359/2359
f 2358/2358/2358 2359/2359/2359 2373/2373/2373
f 2359/2359/2359 2338/2338/2338 2360/2360/2360
f 2359/2359/2359 2360/2360/2360 2374/2374/2374
f 2339/2339/2339 2361/2361/2361 2375/2375/2375
f 2339/2339/2339 2375/2375/2375 2360/2360/2360
f 2340/2340/2340 2362/2362/2362 2376/2376/2376
f 2340/2340/2340 2376/2376/2376 2361/2361/2361
f 2362/2362/2362 2341/2341/2341 2363/2363/2363
f 2362/2362/2362 2363/2363/2363 2377/2377/2377
f 2363/2363/2363 2342/2342/2342 2364/2364/2364
f 2363/2363/2363 2364/2364/2364 2378/2378/2378
f 2364/2364/2364 2343/2343/2343 2365/2365/2365
f 2364/2364/2364 2365/2365/2365 2379/2379/2379
f 2367/2367/2367 2348/2348/2348 2366/2366/2366
f 2367/2367/2367 2366/2366/2366 2380/2380/2380
f 2381/2381/2381 2368/2368/2368 2349/2349/2349
f 2381/2381/2381 2349/2349/2349 2367/2367/2367
f 2350/2350/2350 2368/2368/2368 2382/2382/2382
f 2350/2350/2350 2382/2382/2382 2369/2369/2369
f 2383/2383/2383 2370/2370/2370 2356/2356/2356
f 2383/2383/2383 2356/2356/2356 2371/2371/2371
f 2371/2371/2371 2357/2357/2357 2372/2372/2372
f 2371/2371/2371 2372/2372/2372 2384/2384/2384
f 2358/2358/2358 2373/2373/2373 2385/2385/2385
f 2358/2358/2358 2385/2385/2385 2372/2372/2372
f 2359/2359/2359 2374/2374/2374 2386/2386/2386
f 2359/2359/2359 2386/2386/2386 2373/2373/2373
f 2375/2375/2375 2387/2387/2387 2374/2374/2374
f 2375/2375/2375 2374/2374/2374 2360/2360/2360
f 2375/2375/2375 2361/2361/2361 2376/2376/2376
f 2375/2375/2375 2376/2376/2376 2388/2388/2388
f 2362/2362/2362 2377/2377/2377 2389/2389/2389
f 2362/2362/2362 2389/2389/2389 2376/2376/2376
f 2390/2390/2390 2377/2377/2377 2363/2363/2363
f 2390/2390/2390 2363/2363/2363 2378/2378/2378
f 2364/2364/2364 2379/2379/2379 2391/2391/2391
f 2364/2364/2364 2391/2391/2391 2378/2378/2378
f 2381/2381/2381 2367/2367/2367 2380/2380/2380
f 2381/2381/2381 2380/2380/2380 2392/2392/2392
f 2383/2383/2383 2371/2371/2371 2384/2384/2384
f 2383/2383/2383 2384/2384/2384 2393/2393/2393
f 2384/2384/2384 2372/2372/2372 2385/2385/2385
f 2384/2384/2384 2385/2385/2385 2394/2394/2394
f 2395/2395/2395 2385/2385/2385 2373/2373/2373
f 2395/2395/2395 2373/2373/2373 2386/2386/2386
f 2386/2386/2386 2374/2374/2374 2387/2387/2387
f 2386/2386/2386 2387/2387/2387 2396/2396/2396
f 2375/2375/2375 2388/2388/2388 2397/2397/2397
f 2375/2375/2375 2397/2397/2397 2387/2387/2387
f 2398/2398/2398 2388/2388/2388 2376/2376/2376
f 2398/2398/2398 2376/2376/2376 2389/2389/2389
f 2390/2390/2390 2399/2399/2399 2389/2389/2389
f 2390/2390/2390 2389/2389/2389 2377/2377/2377
f 2390/2390/2390 2378/2378/2378 2391/2391/2391
f 2390/2390/2390 2391/2391/2391 2400/2400/2400
f 2384/2384/2384 2394/2394/2394 2401/2401/2401
f 2384/2384/2384 2401/2401/2401 2393/2393/2393
f 2394/2394/2394 2385/2385/2385 2395/2395/2395
f 2394/2394/2394 2395/2395/2395 2402/2402/2402
f 2395/2395/2395 2386/2386/2386 2396/2396/2396
f 2395/2395/2395 2396/2396/2396 2403/2403/2403
f 2404/2404/2404 2396/2396/2396 2387/2387/2387
f 2404/2404/2404 2387/2387/2387 2397/2397/2397
f 2398/2398/2398 2405/2405/2405 2397/2397/2397
f 2398/2398/2398 2397/2397/2397 2388/2388/2388
f 2398/2398/2398 2389/2389/2389 2399/2399/2399
f 2398/2398/2398 2399/2399/2399 2406/2406/2406
f 2390/2390/2390 2400/2400/2400 2407/2407/2407
f 2390/2390/2390 2407/2407/2407 2399/2399/2399
f 2394/2394/2394 2402/2402/2402 2408/2408/2408
f 2394/2394/2394 2408/2408/2408 2401/2401/2401
f 2395/2395/2395 2403/2403/2403 2409/2409/2409
f 2395/2395/2395 2409/2409/2409 2402/2402/2402
f 2410/2410/2410 2403/2403/2403 2396/2396/2396
f 2410/2410/2410 2396/2396/2396 2404/2404/2404
f 2405/2405/2405 2411/2411/2411 2404/2404/2404
f 2405/2405/2405 2404/2404/2404 2397/2397/2397
f 2398/2398/2398 2406/2406/2406 2412/2412/2412
f 2398/2398/2398 2412/2412/2412 2405/2405/2405
f 2406/2406/2406 2399/2399/2399 2407/2407/2407
f 2406/2406/2406 2407/2407/2407 2413/2413/2413
f 2409/2409/2409 2414/2414/2414 2408/2408/2408
f 2409/2409/2409 2408/2408/2408 2402/2402/2402
f 2409/2409/2409 2403/2403/2403 2410/2410/2410
f 2409/2409/2409 2410/2410/2410 2415/2415/2415
f 2416/2416/2416 2410/2410/2410 2404/2404/2404
f 2416/2416/2416 2404/2404/2404 2411/2411/2411
f 2405/2405/2405 2412/2412/2412 2417/2417/2417
f 2405/2405/2405 2417/2417/2417 2411/2411/2411
f 2418/2418/2418 2412/2412/2412 2406/2406/2406
f 2418/2418/2418 2406/2406/2406 2413/2413/2413
f 2409/2409/2409 2415/2415/2415 2419/2419/2419
f 2409/2409/2409 2419/2419/2419 2414/2414/2414
f 2416/2416/2416 2420/2420/2420 2415/2415/2415
f 2416/2416/2416 2415/2415/2415 2410/2410/2410
f 2416/2416/2416 2411/2411/2411 2417/2417/2417
f 2416/2416/2416 2417/2417/2417 2421/2421/2421
f 2422/2422/2422 2417/2417/2417 2412/2412/2412
f 2422/2422/2422 2412/2412/2412 2418/2418/2418
f 2423/2423/2423 2419/2419/2419 2415/2415/2415
f 2423/2423/2423 2415/2415/2415 2420/2420/2420
f 2416/2416/2416 2421/2421/2421 2424/2424/2424
f 2416/2416/2416 2424/2424/2424 2420/2420/2420
f 2422/2422/2422 2425/2425/2425 2421/2421/2421
f 2422/2422/2422 2421/2421/2421 2417/2417/2417
f 2426/2426/2426 2423/2423/2423 2420/2420/2420
f 2426/2426/2426 2420/2420/2420 2424/2424/2424
f 1/1/1 5/5/5 17/17/17
f 31/31/31 51/51/51 77/77/77
f 68/68/68 97/97/97 98/98/98
f 196/196/196 156/156/156 194/194/194
f 194/194/194 238/238/238 283/283/283
f 194/194/194 283/283/283 196/196/196
f 274/274/274 320/320/320 369/369/369
f 373/373/373 477/477/477 425/425/425
f 476/476/476 578/578/578 477/477/477
f 506/506/506 504/504/504 606/606/606
f 606/606/606 715/715/715 608/608/608
f 606/606/606 608/608/608 506/506/506
f 564/564/564 514/514/514 563/563/563
f 563/563/563 669/669/669 671/671/671
f 563/563/563 671/671/671 564/564/564
f 605/605/605 656/656/656 657/657/657
f 660/660/660 659/659/659 773/773/773
f 773/773/773 828/828/828 722/722/722
f 773/773/773 722/722/722 660/660/660
f 722/722/722 828/828/828 779/779/779
f 779/779/779 828/828/828 827/827/827
f 827/827/827 881/881/881 835/835/835
f 779/779/779 827/827/827 835/835/835
f 862/862/862 966/966/966 912/912/912
f 916/916/916 863/863/863 915/915/915
f 915/915/915 969/969/969 1022/1022/1022
f 915/915/915 1022/1022/1022 916/916/916
f 879/879/879 931/931/931 988/988/988
f 1019/1019/1019 1072/1072/1072 1124/1124/1124
f 1238/1238/1238 1282/1282/1282 1292/1292/1292
f 1439/1439/1439 1515/1515/1515 1478/1478/1478