# Converted from GLB: mossy_stone.glb
o Mesh_stone1_low_Stone1_0
g Prim_0_0
v -0.161832 1.048679 -0.844768
v -0.158407 0.946130 -0.838426
v -0.420472 0.984913 -0.811238
v 0.224661 0.375151 -0.892990
v 0.528461 0.201946 -0.927602
v 0.228469 0.139325 -0.957223
v 0.806041 0.072928 -0.952684
v 0.465525 0.027834 -0.977717
v 0.190186 0.128742 -0.964851
v 0.380427 -0.446313 -0.909676
v 0.543092 -0.440534 -0.853425
v 0.481503 -0.516246 -0.840556
v 0.396692 -0.709526 -0.795220
v 0.468087 -0.711515 -0.758169
v 0.416289 -0.784821 -0.756308
v 0.499508 -0.662764 -0.765355
v 0.642983 -0.444904 -0.820706
v 0.610552 -0.497005 -0.805010
v 0.585087 -0.538237 -0.792794
v 0.302475 -0.658525 -0.860723
v 0.427765 -0.626144 -0.814350
v 1.085666 0.126442 0.041946
v 0.908872 0.137003 0.231533
v 0.804012 -0.024943 0.345629
v 1.027611 -0.047456 0.113232
v 0.682688 -0.429422 0.514357
v 0.909054 -0.390570 0.259469
v 0.700938 0.199088 0.468362
v 0.584027 0.002327 0.620566
v 0.316210 -0.356131 0.820212
v 0.425868 0.319217 0.721810
v 0.300766 0.109024 0.844023
v 0.604491 -0.579399 0.570462
v 0.859599 -0.613053 0.310413
v 0.278094 -0.469739 0.803404
v 0.151388 -0.255182 0.900128
v 0.092714 0.349673 0.855070
v 0.057776 0.194809 0.906346
v -0.091109 -0.225061 0.924215
v 0.085342 -0.441249 0.864411
v -0.188710 -0.428007 0.862745
v 0.959348 -0.632015 -0.010209
v 0.972908 -0.429254 -0.054285
v 1.069780 -0.681137 -0.245349
v 1.128255 -0.481998 -0.326654
v 1.136646 -0.060751 -0.135601
v 1.238578 -0.073402 -0.367942
v 1.199926 0.128965 -0.164102
v 1.276974 0.143120 -0.362265
v 1.144875 -0.757482 -0.410895
v 1.204637 -0.483961 -0.498313
v 1.261879 -0.125284 -0.544064
v 1.288967 0.062652 -0.507041
v 1.207345 -0.380398 -0.636702
v 1.200707 -0.167930 -0.717851
v 1.197771 0.006450 -0.675933
v 1.290990 0.330919 -0.364475
v 1.279318 0.222637 -0.482357
v 1.156311 0.456153 -0.616150
v 1.203564 0.532697 -0.510092
v 1.226750 0.139411 -0.601328
v 1.076148 0.391383 -0.715918
v 1.197771 0.006450 -0.675933
v 1.200707 -0.167930 -0.717851
v 0.985320 -0.017833 -0.854841
v 1.032427 0.196866 -0.778881
v 0.092714 0.349673 0.855070
v -0.053564 0.500875 0.707232
v -0.142622 0.337454 0.755207
v 0.057776 0.194809 0.906346
v -0.192726 0.610202 0.548726
v -0.283495 0.447873 0.581841
v -0.311226 0.725973 0.392717
v -0.415936 0.550559 0.404537
v -0.321890 -0.085543 0.767771
v -0.091109 -0.225061 0.924215
v -0.476285 -0.002984 0.571292
v -0.613443 0.066520 0.358495
v -0.401169 -0.310995 0.709490
v -0.188710 -0.428007 0.862745
v -0.556532 -0.244757 0.525070
v -0.699155 -0.192116 0.328688
v -0.495211 0.893456 0.177039
v -0.647611 0.743729 0.132645
v -0.673776 1.066571 -0.031459
v -0.873678 0.947123 -0.127433
v -0.800382 0.150665 0.118719
v -1.009215 0.287909 -0.120676
v -0.922210 -0.139521 0.041916
v -1.104747 -0.159473 -0.202495
v -0.188710 -0.428007 0.862745
v -0.401169 -0.310995 0.709490
v -0.349232 -0.530005 0.638088
v -0.166561 -0.580099 0.797227
v -0.258133 -0.740717 0.541467
v -0.119458 -0.714669 0.721830
v -0.126611 -0.982721 0.421729
v -0.056368 -0.848616 0.640817
v 0.002449 -0.942488 0.585921
v -0.053594 -1.073252 0.388467
v 0.021135 -1.118908 0.349158
v 0.057220 -0.998441 0.534867
v -0.556532 -0.244757 0.525070
v -0.476862 -0.497462 0.447783
v -0.350397 -0.770796 0.354720
v -0.217305 -1.050835 0.237212
v -0.146002 -1.171941 0.181989
v -0.085371 -1.254296 0.139985
v -0.699155 -0.192116 0.328688
v -0.586719 -0.460160 0.234976
v -0.442422 -0.798538 0.124917
v -0.308918 -1.136994 0.029012
v -0.252459 -1.240566 -0.012058
v -0.206195 -1.311348 -0.044138
v -0.922210 -0.139521 0.041916
v -0.781022 -0.427245 -0.055649
v -0.621172 -0.797238 -0.166897
v -0.510993 -1.151679 -0.245762
v -0.427498 -1.286470 -0.277460
v -0.360572 -1.373520 -0.304936
v -1.104747 -0.159473 -0.202495
v -0.995843 -0.450925 -0.316266
v -0.890340 -0.728914 -0.414888
v -0.721299 -1.095257 -0.515726
v -0.609894 -1.253044 -0.571947
v -0.520116 -1.346563 -0.612979
v -0.166561 -0.580099 0.797227
v 0.098905 -0.628856 0.782627
v -0.119458 -0.714669 0.721830
v 0.102646 -0.737820 0.722599
v -0.056368 -0.848616 0.640817
v 0.136652 -0.851659 0.646275
v 0.168178 -0.993147 0.501178
v 0.151910 -0.915674 0.600069
v 0.283936 -0.655681 0.722058
v 0.323380 -0.754450 0.654942
v 0.328720 -0.842898 0.600431
v 0.321508 -0.954615 0.472493
v 0.328136 -0.899945 0.558158
v 0.597574 -0.678721 0.543459
v 0.580701 -0.772526 0.514493
v 0.557268 -0.857332 0.446379
v 0.539713 -0.912805 0.342608
v 0.544279 -0.886962 0.397016
v 0.838822 -0.724952 0.306278
v 0.775544 -0.810785 0.273749
v 0.734806 -0.851890 0.233637
v 0.715437 -0.898466 0.140501
v 0.719208 -0.875394 0.195677
v 0.950443 -0.752968 0.013561
v 0.914986 -0.840703 0.029948
v 0.867543 -0.880467 0.016909
v 0.836606 -0.924775 -0.042054
v 0.846191 -0.901614 -0.004376
v 1.044680 -0.796223 -0.198094
v 1.011657 -0.902378 -0.179180
v 0.949719 -0.943877 -0.163826
v 0.882507 -0.987760 -0.180065
v 0.910894 -0.966326 -0.167816
v 1.099077 -0.870116 -0.347640
v 1.050701 -0.955702 -0.325192
v 0.987165 -1.003680 -0.286748
v 0.901096 -1.048873 -0.281140
v 0.940824 -1.027524 -0.281238
v -0.873678 0.947123 -0.127433
v -0.967133 0.917216 -0.258678
v -1.073307 0.314045 -0.249003
v -1.009215 0.287909 -0.120676
v -0.998126 0.918197 -0.337766
v -1.114375 0.339902 -0.326864
v -1.022368 0.898285 -0.385302
v -1.154222 0.400348 -0.411161
v -1.173728 -0.128714 -0.284072
v -1.104747 -0.159473 -0.202495
v -1.187914 -0.072775 -0.364729
v -1.191806 -0.052019 -0.445956
v -1.024385 -0.486769 -0.385549
v -0.995843 -0.450925 -0.316266
v -0.995843 -0.450925 -0.316266
v -1.024385 -0.486769 -0.385549
v -0.908888 -0.788069 -0.499350
v -0.890340 -0.728914 -0.414888
v -0.753357 -1.083601 -0.596838
v -0.721299 -1.095257 -0.515726
v -0.609894 -1.253044 -0.571947
v -0.628673 -1.237888 -0.652178
v -0.529947 -1.328874 -0.688775
v -0.520116 -1.346563 -0.612979
v -1.059456 -0.442814 -0.481798
v -1.059456 -0.442814 -0.481798
v -0.909529 -0.750157 -0.584403
v -0.752848 -1.043213 -0.678271
v -0.631921 -1.169904 -0.758574
v -0.527727 -1.247260 -0.799780
v -1.044204 -0.398064 -0.562011
v -1.044204 -0.398064 -0.562011
v -0.872523 -0.680579 -0.664087
v -0.715534 -0.972671 -0.757103
v -0.584259 -1.095387 -0.836481
v -0.479089 -1.189552 -0.846558
v 1.098478 0.631409 -0.343737
v 1.232315 0.296657 -0.193074
v 0.973313 0.667096 -0.222969
v 1.125075 0.271968 -0.026565
v 0.860507 0.642813 -0.091484
v 0.991991 0.273276 0.133466
v 0.691094 0.651996 0.099127
v 0.792222 0.366885 0.340939
v 0.458397 0.694293 0.376189
v 0.512121 0.488476 0.602549
v 0.632115 0.952786 -0.094831
v 0.385862 0.868127 0.156360
v 0.767959 0.995668 -0.259088
v 0.866356 0.997863 -0.377912
v 0.969679 0.938758 -0.500580
v 1.030125 0.822153 -0.661615
v 0.984105 0.741785 -0.772592
v 0.935699 0.635871 -0.830994
v 0.806041 0.072928 -0.952684
v 0.876587 0.380229 -0.879110
v 0.042093 0.622626 0.640477
v 0.120758 0.471590 0.791583
v -0.101773 0.737938 0.506041
v 0.214839 1.077200 -0.011299
v -0.203181 0.862613 0.361157
v 0.451819 1.189622 -0.236348
v 0.590404 1.227299 -0.381922
v 0.680641 1.219482 -0.501467
v 0.758153 1.141292 -0.644946
v -0.040066 1.288887 -0.146277
v -0.351133 1.009211 0.191439
v 0.157571 1.406529 -0.349707
v 0.290008 1.429728 -0.474768
v 0.389511 1.408172 -0.563417
v 0.500097 1.263098 -0.734993
v -0.223311 1.417962 -0.268644
v -0.493890 1.154805 0.023049
v -0.051262 1.516304 -0.453597
v 0.057189 1.530107 -0.577917
v 0.133897 1.504895 -0.670564
v 0.223586 1.380318 -0.816319
v 0.760489 1.084399 -0.713541
v 0.757407 1.019885 -0.772630
v 0.742854 0.932204 -0.824898
v 0.499878 1.225890 -0.770410
v 0.497983 1.187073 -0.803870
v 0.489557 1.140131 -0.839737
v 0.217324 1.354949 -0.835068
v 0.208350 1.324618 -0.852725
v 0.195755 1.291435 -0.865061
v 0.528461 0.201946 -0.927602
v 0.640429 0.597957 -0.861311
v 0.224661 0.375151 -0.892990
v 0.384821 0.773062 -0.849375
v 0.014747 0.476324 -0.905228
v 0.116235 0.916573 -0.884789
v -0.673776 1.066571 -0.031459
v -0.514647 1.311856 -0.276524
v -0.829608 1.104765 -0.315216
v -0.873678 0.947123 -0.127433
v -0.410913 1.417477 -0.420432
v -0.794495 1.163149 -0.421807
v -0.339820 1.465316 -0.541217
v -0.761513 1.198374 -0.505591
v -0.275034 1.462614 -0.671430
v -0.729245 1.225327 -0.578500
v -0.236647 1.367502 -0.789259
v -0.671272 1.256752 -0.685973
v -0.204868 1.298986 -0.822743
v -0.640783 1.239327 -0.743957
v -0.183831 1.252065 -0.835893
v -0.590874 1.139641 -0.800981
v -0.173853 1.190137 -0.844076
v -0.527354 1.063970 -0.812456
v 0.059281 1.297580 -0.853376
v 0.056047 1.254543 -0.863619
v 0.055657 1.335655 -0.840144
v 0.046967 1.378678 -0.819550
v -0.024436 1.504424 -0.682481
v -0.097176 1.524477 -0.569018
v -0.192885 1.495202 -0.441017
v -0.338165 1.389394 -0.268874
v -0.564542 1.122557 0.003610
v -0.410484 0.965411 0.189958
v -0.564542 1.122557 0.003610
v -0.251317 0.811773 0.378559
v -0.142139 0.689802 0.526132
v 0.000721 0.584526 0.674800
v 0.107622 0.426952 0.818902
v 0.482369 0.424064 0.650239
v 0.107622 0.426952 0.818902
v 0.761484 0.300466 0.392083
v 0.962193 0.220470 0.171883
v 1.114094 0.216140 0.002155
v 1.225044 0.230697 -0.181079
v 1.291186 0.257945 -0.362744
v 1.286347 0.164557 -0.494264
v 1.216194 0.089959 -0.629632
v 1.216194 0.089959 -0.629632
v 1.059478 0.318734 -0.739177
v 0.912940 0.539481 -0.849193
v 0.700331 0.803545 -0.848010
v 0.446863 0.995869 -0.856181
v 0.166748 1.149794 -0.889276
v 0.038248 1.109518 -0.876876
v 0.008057 0.929013 -0.871543
v -0.070815 0.497950 -0.884877
v -0.200941 0.532113 -0.845100
v -0.336057 0.567732 -0.809270
v 0.147812 -1.094040 0.332832
v 0.130306 -1.247492 0.071007
v 0.277962 -1.063263 0.295314
v 0.262597 -1.231796 -0.003099
v 0.503778 -0.999559 0.172666
v 0.470275 -1.171405 -0.117781
v 0.691059 -0.962019 0.000901
v 0.621814 -1.124013 -0.201116
v 0.812393 -0.987588 -0.136376
v 0.766548 -1.093537 -0.255747
v 0.856605 -1.016527 -0.206167
v 0.851875 -1.070169 -0.276447
v 0.012427 -1.336750 -0.135221
v -0.125608 -1.420712 -0.415874
v -0.233532 -1.410944 -0.669654
v 0.180453 -1.310223 -0.212791
v 0.069877 -1.384448 -0.480707
v -0.015245 -1.368278 -0.681842
v 0.376280 -1.237862 -0.295181
v 0.258438 -1.307352 -0.525074
v 0.184372 -1.285129 -0.693244
v 0.542479 -1.157942 -0.350921
v 0.443217 -1.212063 -0.517158
v 0.393690 -1.207968 -0.651598
v 0.717145 -1.123842 -0.354331
v 0.633415 -1.133631 -0.464345
v 0.585744 -1.157668 -0.571707
v 0.823436 -1.100138 -0.350750
v 0.774058 -1.112708 -0.440212
v 0.733547 -1.118865 -0.517515
v 0.891789 -1.079083 -0.366274
v 0.870789 -1.084911 -0.437967
v 0.840187 -1.059397 -0.512337
v 0.938662 -1.056881 -0.377207
v 0.912217 -1.056402 -0.446827
v 0.870341 -1.034599 -0.510290
v -0.237574 -1.378307 -0.743523
v -0.233532 -1.410944 -0.669654
v -0.224423 -1.327467 -0.815969
v -0.174877 -1.186189 -0.915949
v -0.035464 -1.331900 -0.750705
v -0.015245 -1.368278 -0.681842
v -0.041278 -1.283362 -0.808665
v -0.054985 -1.194219 -0.880829
v 0.158390 -1.255986 -0.744333
v 0.184372 -1.285129 -0.693244
v 0.144811 -1.211281 -0.791599
v 0.115531 -1.133999 -0.830544
v 0.364305 -1.165095 -0.699477
v 0.393690 -1.207968 -0.651598
v 0.336097 -1.118337 -0.724159
v 0.300793 -1.059318 -0.754546
v 0.541782 -1.100768 -0.617262
v 0.585744 -1.157668 -0.571707
v 0.501198 -1.043516 -0.642140
v 0.455058 -0.961907 -0.680883
v 0.678895 -1.048640 -0.567832
v 0.733547 -1.118865 -0.517515
v 0.621007 -0.979728 -0.579622
v 0.557347 -0.890691 -0.628390
v 0.750809 -1.001627 -0.556484
v 0.840187 -1.059397 -0.512337
v 0.683677 -0.929747 -0.559843
v 0.617894 -0.850457 -0.605495
v 0.799692 -0.973160 -0.554112
v 0.870341 -1.034599 -0.510290
v 0.728007 -0.903561 -0.561438
v 0.652338 -0.824839 -0.604434
v 0.980110 -1.018873 -0.386325
v 1.026981 -0.962159 -0.404786
v 0.980110 -1.018873 -0.386325
v 0.949909 -1.017846 -0.450989
v 0.998220 -0.958869 -0.463962
v 1.026981 -0.962159 -0.404786
v 0.910423 -1.002499 -0.506684
v 0.961179 -0.941372 -0.516565
v 0.848330 -0.949292 -0.553235
v 0.899583 -0.897196 -0.561158
v 0.769189 -0.881800 -0.568132
v 0.813909 -0.830649 -0.586957
v 0.679332 -0.798756 -0.613285
v 0.723574 -0.758280 -0.629976
v 1.076626 -0.885706 -0.439025
v 1.044496 -0.880292 -0.495565
v 1.076626 -0.885706 -0.439025
v 1.003213 -0.861627 -0.542488
v 0.937145 -0.824156 -0.582280
v 0.847871 -0.771926 -0.611833
v 0.761639 -0.714945 -0.649461
v 1.123299 -0.777187 -0.500081
v 1.084123 -0.763666 -0.551936
v 1.123299 -0.777187 -0.500081
v 1.033545 -0.746237 -0.590428
v 0.965579 -0.725448 -0.619593
v 0.879577 -0.699800 -0.643819
v 0.798905 -0.662715 -0.673089
v 1.169948 -0.577940 -0.599965
v 1.105401 -0.594498 -0.633936
v 1.169948 -0.577940 -0.599965
v 1.045272 -0.599791 -0.656233
v 0.979637 -0.602743 -0.672888
v 0.899063 -0.605627 -0.686845
v 0.832020 -0.609620 -0.695703
v 1.163457 -0.408896 -0.688777
v 1.093174 -0.431763 -0.714518
v 1.163457 -0.408896 -0.688777
v 1.028492 -0.451486 -0.727939
v 0.965310 -0.470240 -0.736260
v 0.892775 -0.491225 -0.742078
v 0.805948 -0.555280 -0.727812
v 1.133253 -0.227297 -0.779376
v 1.036348 -0.280464 -0.797432
v 1.133253 -0.227297 -0.779376
v 0.968559 -0.318434 -0.800976
v 0.910176 -0.353785 -0.799930
v 0.842175 -0.401034 -0.793779
v 0.742090 -0.501277 -0.767756
v 1.200707 -0.167930 -0.717851
v 0.966407 -0.074321 -0.877482
v 0.985320 -0.017833 -0.854841
v 0.905915 -0.158491 -0.882655
v 0.851240 -0.216171 -0.872487
v 0.800445 -0.268849 -0.861991
v 0.724425 -0.350732 -0.843588
v 0.773109 0.012577 -0.973739
v 0.718459 -0.095395 -0.955361
v 0.670802 -0.172206 -0.935879
v 0.620953 -0.249679 -0.915961
v 0.572395 -0.336754 -0.891457
v 0.459176 -0.025613 -0.994216
v 0.177576 0.026870 -0.998619
v 0.169981 -0.032398 -1.018663
v 0.067292 -0.038926 -1.035309
v 0.081650 0.026015 -1.012501
v 0.448445 -0.096516 -1.009508
v 0.161474 -0.098374 -1.041113
v 0.061249 -0.108134 -1.057462
v 0.428669 -0.174383 -1.003398
v 0.149165 -0.174215 -1.062967
v 0.027615 -0.197107 -1.047854
v 0.405922 -0.248539 -0.981598
v 0.128827 -0.253693 -1.053455
v 0.005875 -0.272690 -1.027338
v 0.389475 -0.335637 -0.951746
v 0.107568 -0.328799 -1.035209
v -0.019534 -0.350391 -1.007000
v 0.077922 -0.447120 -1.009733
v -0.026954 -0.470673 -0.985335
v -0.194368 -0.024525 -1.027086
v -0.183482 0.028488 -1.010086
v -0.527839 0.135406 -0.953342
v -0.555625 0.069009 -0.976861
v -0.696105 0.106735 -0.964693
v -0.638377 0.166261 -0.944326
v -0.207817 -0.102559 -1.036355
v -0.582174 -0.061956 -1.002731
v -0.711932 -0.041064 -0.956653
v -0.217130 -0.176220 -1.017869
v -0.577611 -0.152536 -0.979539
v -0.696282 -0.134206 -0.931413
v -0.222926 -0.238031 -1.000670
v -0.582009 -0.218226 -0.960192
v -0.698649 -0.203288 -0.907254
v -0.222894 -0.307764 -0.983359
v -0.575050 -0.308241 -0.942001
v -0.690304 -0.300103 -0.882138
v -0.202316 -0.400957 -0.966152
v -0.571209 -0.391557 -0.927393
v -0.689310 -0.380390 -0.861745
v -0.829608 1.104765 -0.315216
v -0.794495 1.163149 -0.421807
v -0.761513 1.198374 -0.505591
v -1.041655 0.874667 -0.461347
v -0.729245 1.225327 -0.578500
v -1.047599 0.860325 -0.536403
v -0.671272 1.256752 -0.685973
v -1.031033 0.862019 -0.615523
v -0.640783 1.239327 -0.743957
v -1.013190 0.858780 -0.678744
v -0.590874 1.139641 -0.800981
v -0.970213 0.842989 -0.768954
v -0.527354 1.063970 -0.812456
v -0.918632 0.778676 -0.808025
v -1.193118 0.405502 -0.487519
v -1.207526 0.402914 -0.555432
v -1.207074 0.414842 -0.618832
v -1.201718 0.437327 -0.687393
v -1.155790 0.465874 -0.756091
v -1.111523 0.482960 -0.793091
v -1.192632 -0.009878 -0.540126
v -1.188781 0.028883 -0.622116
v -1.171198 0.051857 -0.696335
v -1.148167 0.086821 -0.754220
v -1.118990 0.143127 -0.817035
v -1.091201 0.222656 -0.865362
v -0.999118 -0.297524 -0.675213
v -0.972893 -0.221483 -0.729231
v -0.958346 -0.146368 -0.777911
v -0.932808 -0.060613 -0.838369
v -0.934703 0.037114 -0.884830
v -0.905573 0.131454 -0.930526
v -0.934703 0.037114 -0.884830
v -0.905573 0.131454 -0.930526
v -0.932808 -0.060613 -0.838369
v -0.958346 -0.146368 -0.777911
v -0.972893 -0.221483 -0.729231
v -0.999118 -0.297524 -0.675213
v -0.445939 -0.396152 -0.944396
v -0.455193 -0.310901 -0.963984
v -0.463304 -0.228369 -0.985720
v -0.460586 -0.164933 -1.004171
v -0.463467 -0.068020 -1.024774
v -0.442837 0.038056 -0.989653
v -0.421174 0.100067 -0.967823
v -0.420472 0.984913 -0.811238
v -0.912231 0.662162 -0.830307
v -0.336057 0.567732 -0.809270
v -0.645815 0.576381 -0.824620
v -1.012733 0.515169 -0.837543
v -0.960305 0.364264 -0.883748
v -0.807748 0.276850 -0.914972
v -0.807748 0.276850 -0.914972
v -0.591600 0.252199 -0.913245
v -0.336057 0.567732 -0.809270
v -0.200941 0.532113 -0.845100
v 0.208350 1.324618 -0.852725
v 0.195755 1.291435 -0.865061
v 0.217324 1.354949 -0.835068
v 0.223586 1.380318 -0.816319
v 0.133897 1.504895 -0.670564
v 0.057189 1.530107 -0.577917
v -0.051262 1.516304 -0.453597
v -0.223311 1.417962 -0.268644
v -0.493890 1.154805 0.023049
v -0.564542 1.122557 0.003610
v -0.410484 0.965411 0.189958
v -0.251317 0.811773 0.378559
v -0.142139 0.689802 0.526132
v 0.000721 0.584526 0.674800
v 0.107622 0.426952 0.818902
v 0.482369 0.424064 0.650239
v 0.761484 0.300466 0.392083
v 0.962193 0.220470 0.171883
v 1.114094 0.216140 0.002155
v 1.225044 0.230697 -0.181079
v 1.291186 0.257945 -0.362744
v 1.286347 0.164557 -0.494264
v 1.216194 0.089959 -0.629632
v 1.059478 0.318734 -0.739177
v 0.912940 0.539481 -0.849193
v 0.700331 0.803545 -0.848010
v 0.446863 0.995869 -0.856181
v 0.166748 1.149794 -0.889276
v 0.166748 1.149794 -0.889276
v 0.038248 1.109518 -0.876876
v -0.161832 1.048679 -0.844768
v -0.420472 0.984913 -0.811238
v -0.473829 0.215291 -0.924061
v -0.357728 0.179012 -0.941393
v -0.070815 0.497950 -0.884877
v 0.014747 0.476324 -0.905228
v -0.018034 0.205546 -0.972657
v 0.118996 0.111461 -0.980056
v 0.232189 0.026949 -0.992367
v -0.609894 -1.253044 -0.571947
v -0.427498 -1.286470 -0.277460
v -0.252459 -1.240566 -0.012058
v -0.146002 -1.171941 0.181989
v -0.053594 -1.073252 0.388467
v 0.002449 -0.942488 0.585921
v 0.002449 -0.942488 0.585921
v 0.151910 -0.915674 0.600069
v 0.328136 -0.899945 0.558158
v 0.544279 -0.886962 0.397016
v 0.719208 -0.875394 0.195677
v 0.846191 -0.901614 -0.004376
v 0.910894 -0.966326 -0.167816
v 0.940824 -1.027524 -0.281238
v 0.938662 -1.056881 -0.377207
v 0.938662 -1.056881 -0.377207
v 0.912217 -1.056402 -0.446827
v -0.669694 -0.602814 -0.838051
v -0.616660 -0.870075 -0.854997
v -0.537313 -1.000862 -0.876382
v -0.441665 -1.089729 -0.882222
v -0.568745 -0.593003 -0.901885
v -0.466648 -0.580498 -0.914045
v -0.523254 -0.828406 -0.894215
v -0.440546 -0.801424 -0.902260
v -0.480457 -0.965443 -0.890436
v -0.417095 -0.932360 -0.900949
v -0.391011 -1.051859 -0.897077
v -0.317739 -1.004137 -0.911847
v -0.276987 -1.086908 -0.913599
v -0.164818 -1.124166 -0.929426
v -0.229367 -1.021699 -0.924779
v -0.142242 -1.045488 -0.937979
v -0.051638 -1.119141 -0.905329
v -0.035832 -1.032773 -0.922916
v 0.110111 -1.059067 -0.851728
v 0.105524 -0.981443 -0.871521
v 0.266090 -0.984511 -0.788382
v 0.274834 -0.892334 -0.804266
v 0.422397 -0.878579 -0.721761
v 0.515273 -0.825650 -0.682104
v 0.490195 -0.777768 -0.717440
v 0.572288 -0.793058 -0.664364
v 0.535584 -0.746739 -0.707529
v 0.612919 -0.766801 -0.659112
v 0.579346 -0.716540 -0.702638
v 0.648368 -0.742485 -0.660082
v 0.614248 -0.683374 -0.706977
v 0.685177 -0.707586 -0.669988
v 0.652846 -0.652172 -0.711280
v 0.721383 -0.663816 -0.686588
v 0.687216 -0.614682 -0.722183
v 0.761497 -0.610188 -0.707916
v 0.716570 -0.565367 -0.741157
v -0.301806 -0.850613 -0.916168
v -0.276407 -0.593266 -0.928221
v -0.170268 -0.873584 -0.935041
v -0.090652 -0.628656 -0.955400
v 0.238144 -0.243929 -1.039712
v 0.229642 -0.325372 -1.013162
v 0.233959 -0.028776 -1.010248
v 0.202310 -0.449133 -0.978997
v 0.236730 -0.095466 -1.031639
v 0.240442 -0.167358 -1.049200
v -0.061134 -0.876445 -0.953210
v 0.047709 -0.888554 -0.920073
v 0.034965 -0.632329 -0.977705
v 0.152970 -0.643212 -0.935629
v 0.183810 -0.853942 -0.861954
v 0.287483 -0.818410 -0.816972
v 0.558077 -0.575884 -0.783603
v 0.526143 -0.618174 -0.775240
vn -0.128624 -0.024143 -0.991400
vn -0.169581 -0.007698 -0.985486
vn -0.070913 -0.004390 -0.997473
vn 0.055684 0.171508 -0.983608
vn 0.033011 0.217473 -0.975508
vn 0.079007 0.274513 -0.958332
vn 0.316719 0.172505 -0.932701
vn 0.042541 0.287341 -0.956883
vn 0.121841 0.281416 -0.951819
vn 0.340162 -0.353405 -0.871433
vn 0.286508 -0.402669 -0.869351
vn 0.338513 -0.387602 -0.857423
vn 0.428890 -0.320047 -0.844762
vn 0.421714 -0.371858 -0.826970
vn 0.468957 -0.290765 -0.833988
vn 0.382371 -0.394123 -0.835739
vn 0.239946 -0.420839 -0.874826
vn 0.252808 -0.431234 -0.866098
vn 0.276546 -0.430522 -0.859170
vn 0.407260 -0.301797 -0.862008
vn 0.380862 -0.363360 -0.850244
vn 0.815520 -0.056852 0.575930
vn 0.742389 0.023894 0.669543
vn 0.739299 0.017570 0.673148
vn 0.839950 -0.101747 0.533040
vn 0.698093 -0.041563 0.714800
vn 0.859090 -0.070366 0.506965
vn 0.727138 0.057325 0.684094
vn 0.677462 0.023043 0.735197
vn 0.511760 -0.123372 0.850224
vn 0.538804 0.219335 0.813377
vn 0.438475 0.100736 0.893080
vn 0.600562 -0.192361 0.776095
vn 0.844042 -0.108271 0.525234
vn 0.382200 -0.276542 0.881730
vn 0.272434 -0.112720 0.955549
vn 0.006627 0.394887 0.918706
vn -0.071689 0.230813 0.970354
vn -0.216413 -0.022703 0.976038
vn 0.110864 -0.321690 0.940332
vn -0.386724 -0.270316 0.881688
vn 0.929016 -0.049197 0.366755
vn 0.914880 -0.149773 0.374918
vn 0.900770 -0.044132 0.432048
vn 0.900361 -0.123889 0.417135
vn 0.887705 -0.215962 0.406621
vn 0.926384 -0.195404 0.321917
vn 0.896012 -0.154202 0.416393
vn 0.963403 -0.136058 0.230960
vn 0.961210 -0.240222 0.135530
vn 0.981221 -0.185447 0.053051
vn 0.992047 -0.103631 -0.071440
vn 0.986017 -0.043456 -0.160878
vn 0.919720 -0.181974 -0.347850
vn 0.822750 -0.011452 -0.568288
vn 0.774666 0.109419 -0.622832
vn 0.965079 0.254455 0.062255
vn 0.926444 0.128499 -0.353821
vn 0.822307 0.163484 -0.545054
vn 0.917935 0.370806 -0.141060
vn 0.794169 0.150585 -0.588745
vn 0.718008 0.089434 -0.690266
vn 0.774666 0.109419 -0.622832
vn 0.822750 -0.011452 -0.568288
vn 0.574015 0.126782 -0.808970
vn 0.623303 0.121728 -0.772448
vn 0.006627 0.394887 0.918706
vn -0.411355 0.472546 0.779415
vn -0.513651 0.345509 0.785357
vn -0.071689 0.230813 0.970354
vn -0.494432 0.471604 0.730155
vn -0.623617 0.363878 0.691877
vn -0.520455 0.429204 0.738181
vn -0.647128 0.313294 0.695034
vn -0.619283 0.158031 0.769100
vn -0.216413 -0.022703 0.976038
vn -0.737523 0.210420 0.641704
vn -0.747420 0.198969 0.633857
vn -0.723731 -0.149011 0.673802
vn -0.386724 -0.270316 0.881688
vn -0.819494 -0.131840 0.557717
vn -0.816894 -0.151491 0.556538
vn -0.518849 0.396679 0.757259
vn -0.632895 0.260982 0.728926
vn -0.541492 0.574340 0.613938
vn -0.707159 0.430701 0.560734
vn -0.732233 0.150869 0.664134
vn -0.780164 0.132391 0.611405
vn -0.771687 -0.178488 0.610444
vn -0.780032 -0.228601 0.582487
vn -0.386724 -0.270316 0.881688
vn -0.723731 -0.149011 0.673802
vn -0.714857 -0.445005 0.539398
vn -0.375697 -0.475012 0.795749
vn -0.666108 -0.549751 0.504057
vn -0.356081 -0.567191 0.742631
vn -0.592837 -0.605828 0.530581
vn -0.326113 -0.607775 0.724058
vn -0.211348 -0.676380 0.705580
vn -0.411490 -0.711789 0.569239
vn -0.030717 -0.837469 0.545621
vn 0.021613 -0.789705 0.613107
vn -0.819494 -0.131840 0.557717
vn -0.788803 -0.446138 0.422789
vn -0.746837 -0.508777 0.428229
vn -0.665310 -0.558014 0.495967
vn -0.515401 -0.654290 0.553413
vn -0.162508 -0.853950 0.494329
vn -0.816894 -0.151491 0.556538
vn -0.777714 -0.467217 0.420558
vn -0.769179 -0.456161 0.447528
vn -0.693259 -0.508575 0.510631
vn -0.604557 -0.599069 0.525002
vn -0.301135 -0.848467 0.435226
vn -0.771687 -0.178488 0.610444
vn -0.706614 -0.480950 0.519022
vn -0.726688 -0.434851 0.531817
vn -0.713261 -0.496115 0.495105
vn -0.658220 -0.617060 0.431258
vn -0.391342 -0.872428 0.292780
vn -0.780032 -0.228601 0.582487
vn -0.700326 -0.468490 0.538574
vn -0.715784 -0.459890 0.525505
vn -0.754327 -0.536444 0.378443
vn -0.720274 -0.661244 0.209670
vn -0.497534 -0.867378 0.010739
vn -0.375697 -0.475012 0.795749
vn 0.096652 -0.440213 0.892676
vn -0.356081 -0.567191 0.742631
vn 0.077315 -0.510835 0.856195
vn -0.326113 -0.607775 0.724058
vn 0.101413 -0.537994 0.836826
vn 0.235057 -0.803362 0.547136
vn 0.153043 -0.646603 0.747317
vn 0.330371 -0.394817 0.857307
vn 0.333463 -0.462296 0.821636
vn 0.320344 -0.574556 0.753170
vn 0.343674 -0.817525 0.462104
vn 0.327018 -0.715035 0.617887
vn 0.557537 -0.332987 0.760442
vn 0.500723 -0.520307 0.691779
vn 0.461207 -0.691970 0.555397
vn 0.426754 -0.827962 0.363814
vn 0.427676 -0.796733 0.426978
vn 0.780443 -0.315903 0.539549
vn 0.615065 -0.614025 0.494641
vn 0.477412 -0.783150 0.398440
vn 0.409699 -0.842669 0.349364
vn 0.430816 -0.830454 0.353191
vn 0.891816 -0.193283 0.409031
vn 0.696081 -0.562857 0.445716
vn 0.461582 -0.782502 0.417891
vn 0.341957 -0.835425 0.430269
vn 0.387832 -0.826078 0.408879
vn 0.895867 -0.139540 0.421841
vn 0.762701 -0.461900 0.452697
vn 0.498184 -0.725777 0.474406
vn 0.344715 -0.791996 0.503899
vn 0.381540 -0.785306 0.487567
vn 0.923768 -0.347661 0.160579
vn 0.801954 -0.577643 0.152308
vn 0.600258 -0.742384 0.297586
vn 0.400021 -0.828937 0.390956
vn 0.470825 -0.802112 0.367342
vn -0.707159 0.430701 0.560734
vn -0.817897 0.388248 0.424626
vn -0.867133 0.150523 0.474787
vn -0.780164 0.132391 0.611405
vn -0.828983 0.458655 0.320034
vn -0.908524 0.147728 0.390847
vn -0.861269 0.444256 0.246684
vn -0.925848 0.149948 0.346874
vn -0.912843 -0.170335 0.371085
vn -0.780032 -0.228601 0.582487
vn -0.982128 -0.079996 0.170370
vn -0.990080 -0.137825 -0.027309
vn -0.853339 -0.440476 0.278915
vn -0.700326 -0.468490 0.538574
vn -0.700326 -0.468490 0.538574
vn -0.853339 -0.440476 0.278915
vn -0.871524 -0.464494 0.157134
vn -0.715784 -0.459890 0.525505
vn -0.839539 -0.543272 0.005485
vn -0.754327 -0.536444 0.378443
vn -0.720274 -0.661244 0.209670
vn -0.749246 -0.643435 -0.156913
vn -0.484257 -0.805356 -0.341902
vn -0.497534 -0.867378 0.010739
vn -0.924214 -0.346469 -0.160587
vn -0.924214 -0.346469 -0.160587
vn -0.882710 -0.342612 -0.321621
vn -0.816187 -0.389093 -0.427137
vn -0.690276 -0.467511 -0.552224
vn -0.440759 -0.592355 -0.674423
vn -0.827930 -0.293679 -0.477791
vn -0.827930 -0.293679 -0.477791
vn -0.731113 -0.187294 -0.656045
vn -0.687591 -0.199690 -0.698099
vn -0.510534 -0.266914 -0.817381
vn -0.289810 -0.380111 -0.878365
vn 0.781841 0.511782 0.356095
vn 0.857731 0.261857 0.442412
vn 0.669311 0.505401 0.544603
vn 0.757764 0.299982 0.579486
vn 0.644664 0.519166 0.561137
vn 0.724186 0.325460 0.607973
vn 0.629096 0.582999 0.514151
vn 0.722174 0.379832 0.578093
vn 0.430335 0.723601 0.539642
vn 0.546363 0.512989 0.662066
vn 0.507509 0.617559 0.600879
vn 0.352205 0.723108 0.594194
vn 0.582903 0.591470 0.557124
vn 0.677465 0.622577 0.391712
vn 0.784241 0.610863 0.108682
vn 0.812920 0.478768 -0.331576
vn 0.655911 0.298154 -0.693459
vn 0.477605 0.142273 -0.866978
vn 0.316719 0.172505 -0.932701
vn 0.342391 0.119494 -0.931928
vn 0.045379 0.742571 0.668228
vn 0.148266 0.618586 0.771601
vn -0.059371 0.722363 0.688961
vn 0.244635 0.725432 0.643353
vn -0.079766 0.683857 0.725243
vn 0.358179 0.719023 0.595579
vn 0.471688 0.753825 0.457447
vn 0.590513 0.798402 0.117683
vn 0.639807 0.725355 -0.253981
vn 0.145879 0.749873 0.645298
vn -0.146910 0.652290 0.743596
vn 0.254159 0.805858 0.534786
vn 0.355506 0.876150 0.325541
vn 0.475269 0.879039 -0.037561
vn 0.493535 0.720954 -0.486465
vn -0.057628 0.849334 0.524700
vn -0.245692 0.712215 0.657560
vn 0.046678 0.939914 0.338204
vn 0.131613 0.989469 0.060247
vn 0.222242 0.920823 -0.320460
vn 0.279885 0.697019 -0.660173
vn 0.589632 0.610406 -0.528903
vn 0.498304 0.483339 -0.719775
vn 0.304910 0.261049 -0.915906
vn 0.445714 0.579321 -0.682441
vn 0.396031 0.498670 -0.771030
vn 0.269079 0.289740 -0.918503
vn 0.201862 0.515931 -0.832506
vn 0.159504 0.432650 -0.887340
vn 0.078669 0.268627 -0.960026
vn 0.033011 0.217473 -0.975508
vn 0.030059 0.108933 -0.993595
vn 0.055684 0.171508 -0.983608
vn 0.054202 0.033649 -0.997963
vn -0.021256 0.147382 -0.988851
vn -0.011999 0.009673 -0.999881
vn -0.541492 0.574340 0.613938
vn -0.482657 0.803309 0.348909
vn -0.652299 0.709092 0.267758
vn -0.707159 0.430701 0.560734
vn -0.431954 0.880777 0.194030
vn -0.657854 0.746791 0.097631
vn -0.385664 0.922135 -0.030497
vn -0.653509 0.756299 -0.030616
vn -0.304237 0.877266 -0.371274
vn -0.628913 0.754802 -0.186390
vn -0.234753 0.666100 -0.707957
vn -0.546467 0.714498 -0.436883
vn -0.170915 0.399429 -0.900691
vn -0.426206 0.544607 -0.722324
vn -0.131257 0.215926 -0.967547
vn -0.276867 0.303479 -0.911726
vn -0.114548 0.064858 -0.991298
vn -0.106590 0.088038 -0.990398
vn -0.083784 0.289472 -0.953513
vn -0.102476 0.163437 -0.981217
vn -0.068684 0.397759 -0.914916
vn -0.050980 0.603584 -0.795668
vn -0.074932 0.882800 -0.463734
vn -0.144515 0.987854 -0.057104
vn -0.213900 0.946823 0.240360
vn -0.320667 0.854032 0.409636
vn -0.436294 0.641757 0.630710
vn -0.434000 0.477661 0.763861
vn -0.436294 0.641757 0.630710
vn -0.413883 0.514770 0.750808
vn -0.366357 0.562863 0.740924
vn -0.267675 0.589967 0.761767
vn 0.041494 0.484344 0.873893
vn 0.556910 0.274137 0.784028
vn 0.041494 0.484344 0.873893
vn 0.729893 0.105533 0.675366
vn 0.745643 0.071042 0.662548
vn 0.809466 0.021021 0.586790
vn 0.902235 -0.051093 0.428208
vn 0.990076 -0.023011 0.138638
vn 0.964305 0.058791 -0.258184
vn 0.782758 0.123109 -0.610028
vn 0.782758 0.123109 -0.610028
vn 0.665865 0.093934 -0.740135
vn 0.384547 0.078758 -0.919739
vn 0.092402 0.085450 -0.992049
vn 0.101152 0.042615 -0.993958
vn 0.017363 0.067494 -0.997569
vn -0.124600 0.037392 -0.991502
vn -0.166880 0.024834 -0.985664
vn -0.148169 0.173945 -0.973545
vn -0.140262 0.180019 -0.973612
vn -0.053457 0.152370 -0.986877
vn 0.263943 -0.842591 0.469442
vn 0.231491 -0.896092 0.378724
vn 0.375192 -0.823673 0.425198
vn 0.365364 -0.873126 0.322738
vn 0.451215 -0.809208 0.376281
vn 0.441464 -0.855970 0.269119
vn 0.413060 -0.814828 0.406740
vn 0.381062 -0.879974 0.283616
vn 0.341105 -0.802012 0.490330
vn 0.306315 -0.883846 0.353537
vn 0.343410 -0.772538 0.534093
vn 0.339753 -0.856973 0.387512
vn 0.132925 -0.957993 0.254126
vn 0.037466 -0.995743 0.084214
vn -0.049152 -0.976376 -0.210414
vn 0.315713 -0.933662 0.169116
vn 0.283356 -0.958489 -0.031748
vn 0.242340 -0.908774 -0.339706
vn 0.406091 -0.909351 0.090390
vn 0.399626 -0.911130 -0.100704
vn 0.372066 -0.807709 -0.457354
vn 0.343032 -0.937411 0.059913
vn 0.389163 -0.919608 -0.053611
vn 0.448550 -0.725064 -0.522575
vn 0.221988 -0.971648 0.081372
vn 0.246928 -0.968641 0.027576
vn 0.424628 -0.758323 -0.494608
vn 0.276047 -0.953741 0.119062
vn 0.269387 -0.958509 -0.093227
vn 0.339228 -0.801609 -0.492288
vn 0.404760 -0.910018 0.089649
vn 0.410618 -0.883387 -0.225877
vn 0.382427 -0.619067 -0.685934
vn 0.559816 -0.828593 -0.006307
vn 0.548306 -0.747248 -0.375474
vn 0.408170 -0.530848 -0.742696
vn -0.046227 -0.869174 -0.492341
vn -0.049152 -0.976376 -0.210414
vn -0.022072 -0.703258 -0.710592
vn 0.010739 -0.404600 -0.914431
vn 0.238377 -0.791595 -0.562631
vn 0.242340 -0.908774 -0.339706
vn 0.252855 -0.646291 -0.719981
vn 0.274120 -0.429847 -0.860285
vn 0.360102 -0.643785 -0.675179
vn 0.372066 -0.807709 -0.457354
vn 0.380360 -0.460891 -0.801815
vn 0.393893 -0.300587 -0.868617
vn 0.446740 -0.393471 -0.803494
vn 0.448550 -0.725064 -0.522575
vn 0.459869 -0.238542 -0.855347
vn 0.468329 -0.192735 -0.862277
vn 0.441362 -0.201439 -0.874426
vn 0.424628 -0.758323 -0.494608
vn 0.468447 -0.086017 -0.879294
vn 0.510703 -0.169162 -0.842951
vn 0.325210 -0.159408 -0.932109
vn 0.339228 -0.801609 -0.492288
vn 0.378691 -0.042740 -0.924536
vn 0.497446 -0.224739 -0.837878
vn 0.191998 -0.166944 -0.967092
vn 0.382427 -0.619067 -0.685934
vn 0.221068 -0.126657 -0.966999
vn 0.387728 -0.333703 -0.859249
vn 0.145369 -0.223680 -0.963761
vn 0.408170 -0.530848 -0.742696
vn 0.082412 -0.234942 -0.968509
vn 0.244475 -0.434495 -0.866860
vn 0.661934 -0.739286 -0.123693
vn 0.731088 -0.642046 -0.230843
vn 0.661934 -0.739286 -0.123693
vn 0.619191 -0.649363 -0.441509
vn 0.633359 -0.601079 -0.487402
vn 0.731088 -0.642046 -0.230843
vn 0.450224 -0.518062 -0.727262
vn 0.452136 -0.502929 -0.736638
vn 0.172467 -0.318837 -0.931986
vn 0.185439 -0.372556 -0.909293
vn 0.043438 -0.299607 -0.953073
vn 0.057162 -0.371142 -0.926815
vn 0.174456 -0.474905 -0.862572
vn 0.138772 -0.475455 -0.868726
vn 0.787839 -0.539377 -0.297291
vn 0.612279 -0.543908 -0.573828
vn 0.787839 -0.539377 -0.297291
vn 0.415310 -0.469944 -0.778890
vn 0.184180 -0.401378 -0.897203
vn 0.084126 -0.414228 -0.906277
vn 0.129697 -0.471465 -0.872295
vn 0.818115 -0.439520 -0.370823
vn 0.541739 -0.470616 -0.696447
vn 0.818115 -0.439520 -0.370823
vn 0.353350 -0.433157 -0.829168
vn 0.191417 -0.414113 -0.889871
vn 0.119330 -0.429317 -0.895236
vn 0.135422 -0.459844 -0.877613
vn 0.797890 -0.351626 -0.489624
vn 0.450578 -0.413391 -0.791257
vn 0.797890 -0.351626 -0.489624
vn 0.305648 -0.407086 -0.860732
vn 0.205596 -0.411236 -0.888040
vn 0.155008 -0.425749 -0.891465
vn 0.148056 -0.443304 -0.884060
vn 0.676600 -0.301611 -0.671747
vn 0.367258 -0.373169 -0.851978
vn 0.676600 -0.301611 -0.671747
vn 0.269071 -0.387114 -0.881898
vn 0.211317 -0.399516 -0.892038
vn 0.180154 -0.415053 -0.891782
vn 0.170053 -0.437323 -0.883080
vn 0.569539 -0.140810 -0.809813
vn 0.316649 -0.324269 -0.891394
vn 0.569539 -0.140810 -0.809813
vn 0.239725 -0.376059 -0.895048
vn 0.210007 -0.390831 -0.896185
vn 0.197670 -0.408009 -0.891322
vn 0.204360 -0.429586 -0.879598
vn 0.822750 -0.011452 -0.568288
vn 0.458092 -0.047125 -0.887655
vn 0.574015 0.126782 -0.808970
vn 0.285069 -0.298695 -0.910778
vn 0.225472 -0.374707 -0.899309
vn 0.218100 -0.388954 -0.895068
vn 0.223836 -0.405892 -0.886087
vn 0.231978 0.060656 -0.970828
vn 0.217438 -0.226458 -0.949441
vn 0.231767 -0.336921 -0.912561
vn 0.248714 -0.382457 -0.889869
vn 0.266761 -0.391219 -0.880788
vn 0.080498 0.184913 -0.979453
vn 0.120061 0.302024 -0.945710
vn 0.119673 0.303794 -0.945192
vn 0.049644 0.285737 -0.957021
vn 0.070986 0.285232 -0.955826
vn 0.155987 -0.005425 -0.987744
vn 0.094800 0.242240 -0.965574
vn -0.006368 0.118874 -0.992889
vn 0.231664 -0.199228 -0.952177
vn 0.043316 0.005442 -0.999047
vn -0.108827 -0.130907 -0.985403
vn 0.278339 -0.330119 -0.901970
vn 0.002393 -0.204007 -0.978967
vn -0.156051 -0.202149 -0.966842
vn 0.305600 -0.359431 -0.881713
vn 0.000045 -0.237668 -0.971346
vn -0.170462 -0.188998 -0.967069
vn 0.024629 -0.209849 -0.977424
vn -0.176844 -0.142730 -0.973835
vn -0.041616 0.275370 -0.960437
vn -0.045007 0.313419 -0.948548
vn -0.001649 0.334924 -0.942244
vn -0.075811 0.254955 -0.963977
vn -0.182456 0.018653 -0.983037
vn -0.023048 0.245727 -0.969065
vn -0.069643 0.017694 -0.997415
vn -0.231667 -0.046547 -0.971681
vn -0.346390 -0.181337 -0.920397
vn -0.096693 -0.217497 -0.971260
vn -0.303537 -0.257698 -0.917310
vn -0.424071 -0.312097 -0.850153
vn -0.107909 -0.244816 -0.963546
vn -0.328495 -0.251126 -0.910509
vn -0.464256 -0.293732 -0.835576
vn -0.115593 -0.220508 -0.968512
vn -0.323901 -0.222499 -0.919555
vn -0.498372 -0.286561 -0.818235
vn -0.132212 -0.171720 -0.976234
vn -0.321199 -0.170102 -0.931610
vn -0.546673 -0.222396 -0.807273
vn -0.652299 0.709092 0.267758
vn -0.657854 0.746791 0.097631
vn -0.653509 0.756299 -0.030616
vn -0.877490 0.469029 0.100118
vn -0.628913 0.754802 -0.186390
vn -0.874953 0.481478 -0.051339
vn -0.546467 0.714498 -0.436883
vn -0.842696 0.506151 -0.183507
vn -0.426206 0.544607 -0.722324
vn -0.775261 0.483541 -0.406397
vn -0.276867 0.303479 -0.911726
vn -0.538942 0.357981 -0.762491
vn -0.106590 0.088038 -0.990398
vn -0.262810 0.183678 -0.947203
vn -0.973149 0.144749 0.178967
vn -0.990856 0.134177 -0.014147
vn -0.977768 0.147611 -0.148930
vn -0.932607 0.169970 -0.318361
vn -0.801420 0.188335 -0.567676
vn -0.547213 0.193517 -0.814315
vn -0.970968 -0.185460 -0.151080
vn -0.934765 -0.226832 -0.273425
vn -0.860636 -0.271584 -0.430752
vn -0.786523 -0.258393 -0.560906
vn -0.690221 -0.202501 -0.694686
vn -0.551638 0.000983 -0.834083
vn -0.694708 -0.367738 -0.618183
vn -0.637732 -0.371091 -0.674974
vn -0.574583 -0.403611 -0.712006
vn -0.490237 -0.357822 -0.794752
vn -0.419294 -0.271164 -0.866408
vn -0.240052 -0.029691 -0.970306
vn -0.419294 -0.271164 -0.866408
vn -0.240052 -0.029691 -0.970306
vn -0.490237 -0.357822 -0.794752
vn -0.574583 -0.403611 -0.712006
vn -0.637732 -0.371091 -0.674974
vn -0.694708 -0.367738 -0.618183
vn -0.111695 -0.179490 -0.977398
vn -0.129807 -0.228340 -0.964889
vn -0.145492 -0.255406 -0.955824
vn -0.140977 -0.246196 -0.958912
vn -0.111585 0.020989 -0.993533
vn -0.057148 0.296258 -0.953397
vn -0.044819 0.336200 -0.940724
vn -0.070913 -0.004390 -0.997473
vn -0.152640 0.164203 -0.974545
vn -0.053457 0.152370 -0.986877
vn 0.028247 0.142558 -0.989383
vn -0.252059 0.206180 -0.945493
vn -0.179933 0.194265 -0.964306
vn -0.053430 0.233241 -0.970950
vn -0.053430 0.233241 -0.970950
vn -0.028887 0.310704 -0.950068
vn -0.053457 0.152370 -0.986877
vn -0.140262 0.180019 -0.973612
vn 0.159504 0.432650 -0.887340
vn 0.078669 0.268627 -0.960026
vn 0.201862 0.515931 -0.832506
vn 0.279885 0.697019 -0.660173
vn 0.222242 0.920823 -0.320460
vn 0.131613 0.989469 0.060247
vn 0.046678 0.939914 0.338204
vn -0.057628 0.849334 0.524700
vn -0.245692 0.712215 0.657560
vn -0.436294 0.641757 0.630710
vn -0.434000 0.477661 0.763861
vn -0.413883 0.514770 0.750808
vn -0.366357 0.562863 0.740924
vn -0.267675 0.589967 0.761767
vn 0.041494 0.484344 0.873893
vn 0.556910 0.274137 0.784028
vn 0.729893 0.105533 0.675366
vn 0.745643 0.071042 0.662548
vn 0.809466 0.021021 0.586790
vn 0.902235 -0.051093 0.428208
vn 0.990076 -0.023011 0.138638
vn 0.964305 0.058791 -0.258184
vn 0.782758 0.123109 -0.610028
vn 0.665865 0.093934 -0.740135
vn 0.384547 0.078758 -0.919739
vn 0.092402 0.085450 -0.992049
vn 0.101152 0.042615 -0.993958
vn 0.017363 0.067494 -0.997569
vn 0.017363 0.067494 -0.997569
vn -0.124600 0.037392 -0.991502
vn -0.128624 -0.024143 -0.991400
vn -0.070913 -0.004390 -0.997473
vn -0.053891 0.322527 -0.945025
vn -0.074405 0.298528 -0.951496
vn -0.148169 0.173945 -0.973545
vn -0.021256 0.147382 -0.988851
vn 0.023094 0.254072 -0.966910
vn 0.104422 0.267760 -0.957810
vn 0.080622 0.295191 -0.952031
vn -0.720274 -0.661244 0.209670
vn -0.658220 -0.617060 0.431258
vn -0.604557 -0.599069 0.525002
vn -0.515401 -0.654290 0.553413
vn -0.411490 -0.711789 0.569239
vn -0.211348 -0.676380 0.705580
vn -0.211348 -0.676380 0.705580
vn 0.153043 -0.646603 0.747317
vn 0.327018 -0.715035 0.617887
vn 0.427676 -0.796733 0.426978
vn 0.430816 -0.830454 0.353191
vn 0.387832 -0.826078 0.408879
vn 0.381540 -0.785306 0.487567
vn 0.470825 -0.802112 0.367342
vn 0.559816 -0.828593 -0.006307
vn 0.559816 -0.828593 -0.006307
vn 0.548306 -0.747248 -0.375474
vn -0.563643 -0.103373 -0.819524
vn -0.509676 -0.096503 -0.854937
vn -0.364649 -0.144230 -0.919907
vn -0.213065 -0.204425 -0.955413
vn -0.311654 -0.099939 -0.944925
vn -0.101181 -0.102588 -0.989565
vn -0.251061 -0.063268 -0.965901
vn -0.101360 -0.046388 -0.993768
vn -0.192364 -0.079437 -0.978103
vn -0.122567 -0.042803 -0.991537
vn -0.166841 -0.136880 -0.976436
vn -0.145123 -0.040594 -0.988580
vn -0.181864 -0.131035 -0.974554
vn 0.005409 -0.189292 -0.981906
vn -0.155645 -0.033153 -0.987257
vn 0.009553 -0.104102 -0.994521
vn 0.292015 -0.244659 -0.924591
vn 0.291839 -0.193498 -0.936690
vn 0.415457 -0.222389 -0.882008
vn 0.423422 -0.209046 -0.881484
vn 0.468008 -0.200453 -0.860690
vn 0.468285 -0.227118 -0.853889
vn 0.505758 -0.237894 -0.829226
vn 0.496736 -0.318714 -0.807264
vn 0.464623 -0.340424 -0.817458
vn 0.437643 -0.414869 -0.797717
vn 0.419416 -0.395646 -0.817040
vn 0.353568 -0.480724 -0.802430
vn 0.362186 -0.439063 -0.822220
vn 0.275847 -0.504311 -0.818278
vn 0.310160 -0.457426 -0.833404
vn 0.222375 -0.498980 -0.837597
vn 0.264201 -0.465221 -0.844848
vn 0.188749 -0.483290 -0.854871
vn 0.230422 -0.461390 -0.856752
vn 0.172557 -0.462854 -0.869477
vn 0.211954 -0.448663 -0.868204
vn -0.126857 -0.028371 -0.991515
vn -0.120488 -0.094341 -0.988222
vn -0.155780 -0.020112 -0.987587
vn -0.166791 -0.074325 -0.983187
vn 0.221641 -0.253256 -0.941667
vn 0.254181 -0.317284 -0.913632
vn 0.089736 0.291169 -0.952454
vn 0.294778 -0.297029 -0.908229
vn 0.119685 0.219025 -0.968351
vn 0.177491 -0.012456 -0.984044
vn 0.046430 -0.100223 -0.993881
vn 0.344058 -0.199835 -0.917437
vn 0.062159 -0.159334 -0.985266
vn 0.343551 -0.253670 -0.904226
vn 0.437757 -0.233060 -0.868362
vn 0.458624 -0.262162 -0.849079
vn 0.309619 -0.422702 -0.851739
vn 0.346012 -0.408293 -0.844732
vt 0.635260 0.570589
vt 0.652222 0.560799
vt 0.618550 0.521393
vt 0.010956 0.699473
vt 0.016464 0.770251
vt 0.054534 0.721827
vt 0.017915 0.828858
vt 0.054397 0.773993
vt 0.060102 0.715974
vt 0.144896 0.801321
vt 0.130624 0.831883
vt 0.149641 0.828159
vt 0.191910 0.831106
vt 0.186974 0.845877
vt 0.204408 0.842358
vt 0.175470 0.847204
vt 0.123084 0.851268
vt 0.135510 0.850886
vt 0.145322 0.850569
vt 0.189561 0.807221
vt 0.174174 0.829053
vt 0.433042 0.693799
vt 0.425674 0.744508
vt 0.454575 0.777516
vt 0.464687 0.715920
vt 0.527315 0.822566
vt 0.526051 0.759845
vt 0.409180 0.805828
vt 0.445431 0.844544
vt 0.508045 0.907155
vt 0.384340 0.876430
vt 0.423570 0.909751
vt 0.552661 0.841265
vt 0.564597 0.777821
vt 0.529149 0.911974
vt 0.489336 0.939675
vt 0.374526 0.943160
vt 0.404894 0.955434
vt 0.485903 0.984403
vt 0.524806 0.948487
vt 0.528654 0.999016
vt 0.580654 0.718513
vt 0.543320 0.703407
vt 0.598401 0.669848
vt 0.562978 0.643673
vt 0.473171 0.664283
vt 0.483751 0.615897
vt 0.436941 0.648645
vt 0.441433 0.607257
vt 0.617374 0.639840
vt 0.569359 0.609837
vt 0.500914 0.585803
vt 0.463402 0.585275
vt 0.554781 0.581547
vt 0.519196 0.556058
vt 0.484006 0.555095
vt 0.305883 0.339736
vt 0.290931 0.364879
vt 0.346274 0.377001
vt 0.350464 0.353358
vt 0.284238 0.394175
vt 0.347243 0.403476
vt 0.945340 0.701570
vt 0.972251 0.682108
vt 0.926140 0.653055
vt 0.895657 0.685736
vt 0.844496 0.304262
vt 0.865082 0.261799
vt 0.829312 0.260880
vt 0.813563 0.310270
vt 0.879847 0.219217
vt 0.844431 0.216606
vt 0.897176 0.178958
vt 0.859150 0.172166
vt 0.744958 0.252773
vt 0.729935 0.306675
vt 0.753402 0.204545
vt 0.760727 0.154994
vt 0.700314 0.241720
vt 0.688394 0.292660
vt 0.705819 0.194656
vt 0.709929 0.147132
vt 0.920844 0.119887
vt 0.886074 0.097994
vt 0.944668 0.063298
vt 0.913398 0.027882
vt 0.768993 0.094037
vt 0.786192 0.031364
vt 0.711062 0.076339
vt 0.700423 0.019022
vt 0.800014 1.000281
vt 0.836272 0.962969
vt 0.796853 0.947747
vt 0.772817 0.985841
vt 0.753183 0.930500
vt 0.745427 0.972304
vt 0.699482 0.910996
vt 0.716514 0.958464
vt 0.906212 0.305787
vt 0.865154 0.326808
vt 0.864757 0.342846
vt 0.901453 0.321397
vt 0.860364 0.922322
vt 0.812918 0.907654
vt 0.755085 0.890949
vt 0.695459 0.869691
vt 0.819919 0.342413
vt 0.817321 0.361263
vt 0.881581 0.879656
vt 0.828663 0.864295
vt 0.756691 0.843389
vt 0.688291 0.823323
vt 0.776959 0.353805
vt 0.776579 0.369648
vt 0.910434 0.815007
vt 0.851362 0.799292
vt 0.772058 0.777954
vt 0.703148 0.759586
vt 0.716456 0.364554
vt 0.721415 0.384263
vt 0.924403 0.758430
vt 0.865832 0.736189
vt 0.808623 0.716879
vt 0.731225 0.700577
vt 0.651594 0.372165
vt 0.659369 0.396519
vt 0.559175 0.989927
vt 0.561969 0.940426
vt 0.587305 0.975468
vt 0.584799 0.935431
vt 0.615203 0.957686
vt 0.608945 0.923699
vt 0.911647 0.339422
vt 0.927069 0.323117
vt 0.565286 0.904663
vt 0.585156 0.892639
vt 0.603832 0.886943
vt 0.931140 0.362922
vt 0.946083 0.352090
vt 0.570936 0.839844
vt 0.588689 0.839646
vt 0.605889 0.837245
vt 0.947794 0.409438
vt 0.957055 0.402307
vt 0.583552 0.782023
vt 0.600248 0.785847
vt 0.612991 0.786284
vt 0.948191 0.461720
vt 0.957110 0.454303
vt 0.602236 0.727045
vt 0.615696 0.734356
vt 0.625466 0.738062
vt 0.939214 0.504433
vt 0.946983 0.500220
vt 0.617961 0.683926
vt 0.634871 0.691961
vt 0.643628 0.701072
vt 0.921961 0.530654
vt 0.928942 0.532536
vt 0.634804 0.658118
vt 0.648544 0.668563
vt 0.658128 0.678899
vt 0.906028 0.547282
vt 0.912783 0.552429
vt 0.251761 0.307695
vt 0.220751 0.306839
vt 0.172902 0.409250
vt 0.196509 0.426092
vt 0.206364 0.302303
vt 0.159725 0.397376
vt 0.196400 0.303172
vt 0.149002 0.379858
vt 0.118687 0.475459
vt 0.131760 0.491482
vt 0.112176 0.459895
vt 0.101760 0.448209
vt 0.062359 0.530968
vt 0.079295 0.535713
vt 0.333182 0.525587
vt 0.322703 0.537850
vt 0.341907 0.602005
vt 0.350929 0.585439
vt 0.361604 0.663066
vt 0.377350 0.660619
vt 0.383157 0.699937
vt 0.367810 0.699808
vt 0.367404 0.724039
vt 0.380841 0.726737
vt 0.053789 0.513411
vt 0.304882 0.538355
vt 0.328390 0.604284
vt 0.348075 0.664473
vt 0.348700 0.697388
vt 0.348212 0.718536
vt 0.044196 0.497928
vt 0.287728 0.541768
vt 0.308596 0.606589
vt 0.329566 0.666506
vt 0.330441 0.699189
vt 0.334824 0.720999
vt 0.366283 0.321253
vt 0.296510 0.307926
vt 0.377774 0.291606
vt 0.293011 0.269882
vt 0.379481 0.259326
vt 0.298945 0.228595
vt 0.391714 0.211072
vt 0.326510 0.174119
vt 0.410875 0.144817
vt 0.366869 0.107765
vt 0.449792 0.248047
vt 0.456175 0.179705
vt 0.447244 0.286380
vt 0.441305 0.311666
vt 0.427219 0.335050
vt 0.411475 0.362426
vt 0.410373 0.384655
vt 0.404196 0.405469
vt 0.893245 0.627664
vt 0.848085 0.670979
vt 0.443189 0.052351
vt 0.402055 0.033431
vt 0.488776 0.062358
vt 0.516552 0.198829
vt 0.529961 0.079990
vt 0.507412 0.263459
vt 0.499409 0.297929
vt 0.491561 0.320820
vt 0.477931 0.344860
vt 0.586373 0.207845
vt 0.582452 0.099191
vt 0.578250 0.267004
vt 0.565437 0.298159
vt 0.551963 0.317691
vt 0.529118 0.352565
vt 0.636141 0.216762
vt 0.633448 0.118890
vt 0.628279 0.271141
vt 0.617539 0.302330
vt 0.606654 0.323516
vt 0.586296 0.358770
vt 0.473603 0.358492
vt 0.469205 0.372038
vt 0.463183 0.387712
vt 0.526900 0.361389
vt 0.524598 0.370240
vt 0.522336 0.379530
vt 0.585425 0.364291
vt 0.584448 0.370424
vt 0.583950 0.376764
vt 0.845162 0.597344
vt 0.790171 0.656579
vt 0.785442 0.565065
vt 0.735272 0.632334
vt 0.748052 0.541191
vt 0.684549 0.602188
vt 0.044872 0.105124
vt 0.116847 0.110672
vt 0.076731 0.049951
vt 0.028725 0.057664
vt 0.154351 0.114213
vt 0.100779 0.046839
vt 0.179989 0.113115
vt 0.119261 0.044351
vt 0.203239 0.107620
vt 0.135182 0.042585
vt 0.223196 0.092938
vt 0.158428 0.040840
vt 0.234997 0.085404
vt 0.168304 0.037000
vt 0.242843 0.080270
vt 0.185212 0.024746
vt 0.250255 0.071646
vt 0.201900 0.018439
vt 0.277637 0.111783
vt 0.281707 0.104807
vt 0.272882 0.117282
vt 0.266566 0.123128
vt 0.235875 0.139599
vt 0.212450 0.144368
vt 0.183326 0.144903
vt 0.137518 0.140130
vt 0.054735 0.128262
vt 0.938613 0.130984
vt 0.960805 0.081230
vt 0.916584 0.182500
vt 0.897969 0.220614
vt 0.884204 0.262402
vt 0.860067 0.299844
vt 0.363838 0.858815
vt 0.359294 0.936193
vt 0.390355 0.785459
vt 0.410738 0.727234
vt 0.416741 0.682275
vt 0.418267 0.640527
vt 0.419537 0.602711
vt 0.443905 0.584042
vt 0.465207 0.560279
vt 0.934083 0.716265
vt 0.878262 0.703959
vt 0.824795 0.693075
vt 0.761975 0.686512
vt 0.704844 0.664241
vt 0.652170 0.633699
vt 0.646181 0.609421
vt 0.672506 0.586699
vt 0.736440 0.530179
vt 0.717000 0.511552
vt 0.696769 0.492048
vt 0.880540 0.360915
vt 0.835059 0.396035
vt 0.895185 0.382662
vt 0.843624 0.422716
vt 0.915453 0.428800
vt 0.860156 0.465512
vt 0.923113 0.478565
vt 0.873503 0.498379
vt 0.918950 0.515059
vt 0.888739 0.526081
vt 0.912820 0.531055
vt 0.898865 0.540175
vt 0.790867 0.408022
vt 0.734850 0.426613
vt 0.687318 0.443406
vt 0.803927 0.439564
vt 0.752602 0.459995
vt 0.715986 0.475842
vt 0.823569 0.476290
vt 0.774705 0.491652
vt 0.744930 0.506595
vt 0.845061 0.507374
vt 0.804807 0.519162
vt 0.783119 0.529813
vt 0.870595 0.532027
vt 0.843203 0.538853
vt 0.822993 0.543609
vt 0.886153 0.545345
vt 0.867921 0.552097
vt 0.852492 0.556195
vt 0.894291 0.555952
vt 0.882749 0.562576
vt 0.871200 0.569001
vt 0.900261 0.562687
vt 0.888591 0.568844
vt 0.876619 0.574215
vt 0.351153 0.770032
vt 0.363904 0.776066
vt 0.336938 0.766431
vt 0.310092 0.763744
vt 0.330677 0.800491
vt 0.340551 0.810856
vt 0.319718 0.793249
vt 0.304655 0.782254
vt 0.304430 0.828558
vt 0.310066 0.838801
vt 0.296879 0.820433
vt 0.286136 0.809117
vt 0.277263 0.861794
vt 0.281090 0.872091
vt 0.270958 0.852465
vt 0.262364 0.840713
vt 0.254757 0.895505
vt 0.258207 0.908039
vt 0.246984 0.882541
vt 0.234761 0.866213
vt 0.234906 0.920792
vt 0.239268 0.935282
vt 0.227118 0.904487
vt 0.214457 0.882611
vt 0.219956 0.931188
vt 0.221701 0.950739
vt 0.212832 0.914100
vt 0.202171 0.891760
vt 0.210119 0.937611
vt 0.214907 0.954332
vt 0.203689 0.919868
vt 0.194343 0.896152
vt 0.668646 0.666328
vt 0.657035 0.657298
vt 0.206960 0.984058
vt 0.206687 0.971072
vt 0.191644 0.973792
vt 0.192339 0.985713
vt 0.205680 0.958952
vt 0.190032 0.962399
vt 0.201107 0.943779
vt 0.186646 0.947723
vt 0.195588 0.924738
vt 0.181481 0.926849
vt 0.186990 0.898524
vt 0.175426 0.902122
vt 0.642723 0.645039
vt 0.172722 0.973201
vt 0.173263 0.984663
vt 0.171449 0.962021
vt 0.169418 0.946970
vt 0.167107 0.926119
vt 0.163807 0.904082
vt 0.624090 0.627653
vt 0.146907 0.967305
vt 0.147877 0.978782
vt 0.146871 0.955610
vt 0.148152 0.941430
vt 0.150539 0.923510
vt 0.150576 0.904803
vt 0.590654 0.599122
vt 0.112633 0.952829
vt 0.105762 0.963833
vt 0.117988 0.942073
vt 0.123728 0.930490
vt 0.131049 0.916362
vt 0.137626 0.904741
vt 0.563062 0.573718
vt 0.082653 0.932811
vt 0.073800 0.943723
vt 0.091389 0.922839
vt 0.100064 0.913316
vt 0.110149 0.902476
vt 0.129675 0.893861
vt 0.535360 0.544871
vt 0.058962 0.905668
vt 0.042658 0.918307
vt 0.071626 0.897265
vt 0.083132 0.890458
vt 0.097760 0.883261
vt 0.125121 0.876060
vt 0.026289 0.928684
vt 0.030218 0.871791
vt 0.018496 0.872179
vt 0.047936 0.868264
vt 0.062962 0.864564
vt 0.077011 0.861026
vt 0.098668 0.856044
vt 0.030785 0.827891
vt 0.052716 0.827418
vt 0.070589 0.826638
vt 0.088975 0.825804
vt 0.109059 0.826182
vt 0.064878 0.777293
vt 0.080133 0.722975
vt 0.091685 0.726939
vt 0.102493 0.709871
vt 0.089400 0.706331
vt 0.077987 0.780148
vt 0.104379 0.731243
vt 0.114350 0.715198
vt 0.091944 0.782258
vt 0.117417 0.735459
vt 0.129962 0.717240
vt 0.106946 0.785460
vt 0.130683 0.738676
vt 0.145055 0.720209
vt 0.124084 0.791563
vt 0.145443 0.741846
vt 0.160952 0.722792
vt 0.168792 0.747201
vt 0.182491 0.732236
vt 0.122430 0.664872
vt 0.112280 0.661824
vt 0.125002 0.591058
vt 0.139653 0.593282
vt 0.146363 0.565113
vt 0.130312 0.568644
vt 0.135414 0.668867
vt 0.161816 0.602390
vt 0.169946 0.576841
vt 0.148295 0.673341
vt 0.176552 0.611051
vt 0.186005 0.587712
vt 0.159879 0.677907
vt 0.188964 0.616232
vt 0.199423 0.593377
vt 0.172239 0.684198
vt 0.204466 0.625755
vt 0.216602 0.603777
vt 0.186661 0.696121
vt 0.218884 0.634327
vt 0.231211 0.611608
vt 0.231744 0.262102
vt 0.219630 0.240548
vt 0.208873 0.224830
vt 0.182367 0.302049
vt 0.199282 0.211542
vt 0.169539 0.298640
vt 0.184368 0.192169
vt 0.157968 0.291120
vt 0.174428 0.187293
vt 0.148132 0.285228
vt 0.151759 0.187571
vt 0.135332 0.276883
vt 0.133108 0.183766
vt 0.121402 0.275977
vt 0.136525 0.372428
vt 0.127262 0.367172
vt 0.119568 0.360333
vt 0.111944 0.352249
vt 0.104702 0.342305
vt 0.099958 0.334495
vt 0.091868 0.431727
vt 0.084024 0.417200
vt 0.076135 0.405704
vt 0.071244 0.394515
vt 0.067129 0.379564
vt 0.066903 0.364133
vt 0.032185 0.468633
vt 0.027893 0.448991
vt 0.025444 0.430107
vt 0.021082 0.407386
vt 0.024872 0.384349
vt 0.025072 0.362205
vt 0.178837 0.528565
vt 0.159099 0.525587
vt 0.198787 0.536718
vt 0.220219 0.538533
vt 0.238322 0.541579
vt 0.257643 0.543064
vt 0.208383 0.654006
vt 0.194079 0.644514
vt 0.179943 0.635655
vt 0.168263 0.630504
vt 0.153404 0.622513
vt 0.134256 0.615788
vt 0.121078 0.613203
vt 0.108363 0.172608
vt 0.103251 0.288060
vt 0.021082 0.205155
vt 0.060625 0.257995
vt 0.092216 0.318370
vt 0.064128 0.331531
vt 0.028794 0.325085
vt 0.126775 0.527855
vt 0.109963 0.567715
vt 0.026579 0.580461
vt 0.021108 0.609077
vt 0.298398 0.131425
vt 0.300315 0.125204
vt 0.295766 0.137212
vt 0.293086 0.142278
vt 0.257665 0.159489
vt 0.234273 0.163108
vt 0.202163 0.163731
vt 0.150545 0.157709
vt 0.060807 0.141668
vt 0.644534 0.107835
vt 0.588820 0.087208
vt 0.531372 0.067280
vt 0.488609 0.050531
vt 0.441711 0.040642
vt 0.396654 0.024563
vt 0.358772 0.093791
vt 0.316893 0.160074
vt 0.290426 0.217578
vt 0.283067 0.263209
vt 0.284776 0.305156
vt 0.293107 0.342131
vt 0.280496 0.370712
vt 0.277067 0.403644
vt 0.337282 0.415446
vt 0.393728 0.420791
vt 0.454406 0.409751
vt 0.515879 0.404974
vt 0.577893 0.403344
vt 0.310420 0.099652
vt 0.293785 0.079986
vt 0.265480 0.050027
vt 0.226727 0.015265
vt 0.105137 0.592156
vt 0.100777 0.616287
vt 0.016142 0.636596
vt 0.013082 0.652933
vt 0.065754 0.673323
vt 0.070160 0.705017
vt 0.075089 0.732559
vt 0.694000 0.694490
vt 0.673078 0.755948
vt 0.665616 0.816832
vt 0.668058 0.861212
vt 0.677409 0.907416
vt 0.694780 0.950013
vt 0.633801 0.942540
vt 0.622821 0.917502
vt 0.615563 0.883853
vt 0.616136 0.833837
vt 0.621399 0.783474
vt 0.632311 0.737735
vt 0.650761 0.705219
vt 0.666065 0.684403
vt 0.677116 0.672000
vt 0.216875 0.981329
vt 0.216319 0.967743
vt 0.266759 0.637892
vt 0.301238 0.674161
vt 0.312810 0.697173
vt 0.317404 0.718450
vt 0.253008 0.654291
vt 0.241924 0.668079
vt 0.286302 0.683212
vt 0.274757 0.693252
vt 0.302889 0.702056
vt 0.292513 0.708716
vt 0.307814 0.722882
vt 0.294750 0.729984
vt 0.303537 0.742772
vt 0.300416 0.761530
vt 0.290129 0.744982
vt 0.286998 0.759771
vt 0.292709 0.777494
vt 0.277856 0.773927
vt 0.273589 0.802565
vt 0.260547 0.795831
vt 0.251033 0.827951
vt 0.233850 0.822456
vt 0.221396 0.852168
vt 0.204972 0.867184
vt 0.197746 0.857129
vt 0.194529 0.875904
vt 0.188497 0.863378
vt 0.186317 0.881416
vt 0.179368 0.869042
vt 0.178754 0.885737
vt 0.170268 0.872307
vt 0.168988 0.888855
vt 0.161166 0.876312
vt 0.157546 0.890645
vt 0.151159 0.878610
vt 0.143886 0.891937
vt 0.139338 0.878533
vt 0.270070 0.719569
vt 0.226250 0.700906
vt 0.262424 0.742644
vt 0.215308 0.735266
vt 0.120564 0.754431
vt 0.135301 0.760566
vt 0.085215 0.737770
vt 0.159522 0.767419
vt 0.097134 0.743872
vt 0.108838 0.749453
vt 0.254086 0.759896
vt 0.248435 0.777465
vt 0.204873 0.755844
vt 0.198011 0.776301
vt 0.233135 0.800985
vt 0.219618 0.818788
vt 0.154571 0.849465
vt 0.165042 0.847777
f 1/1/1 2/2/2 3/3/3
f 4/4/4 5/5/5 6/6/6
f 5/5/5 7/7/7 8/8/8
f 9/9/9 4/4/4 6/6/6
f 10/10/10 11/11/11 12/12/12
f 13/13/13 14/14/14 15/15/15
f 13/13/13 16/16/16 14/14/14
f 11/11/11 17/17/17 18/18/18
f 11/11/11 18/18/18 19/19/19
f 13/13/13 20/20/20 21/21/21
f 22/22/22 23/23/23 24/24/24
f 22/22/22 24/24/24 25/25/25
f 25/25/25 24/24/24 26/26/26
f 25/25/25 26/26/26 27/27/27
f 23/23/23 28/28/28 29/29/29
f 23/23/23 29/29/29 24/24/24
f 24/24/24 29/29/29 30/30/30
f 24/24/24 30/30/30 26/26/26
f 28/28/28 31/31/31 32/32/32
f 28/28/28 32/32/32 29/29/29
f 26/26/26 33/33/33 34/34/34
f 26/26/26 34/34/34 27/27/27
f 33/33/33 26/26/26 30/30/30
f 33/33/33 30/30/30 35/35/35
f 30/30/30 29/29/29 32/32/32
f 30/30/30 32/32/32 36/36/36
f 32/32/32 31/31/31 37/37/37
f 32/32/32 37/37/37 38/38/38
f 38/38/38 39/39/39 36/36/36
f 38/38/38 36/36/36 32/32/32
f 36/36/36 40/40/40 35/35/35
f 36/36/36 35/35/35 30/30/30
f 36/36/36 39/39/39 41/41/41
f 36/36/36 41/41/41 40/40/40
f 34/34/34 42/42/42 43/43/43
f 34/34/34 43/43/43 27/27/27
f 42/42/42 44/44/44 45/45/45
f 42/42/42 45/45/45 43/43/43
f 27/27/27 43/43/43 46/46/46
f 27/27/27 46/46/46 25/25/25
f 43/43/43 45/45/45 47/47/47
f 43/43/43 47/47/47 46/46/46
f 25/25/25 46/46/46 48/48/48
f 25/25/25 48/48/48 22/22/22
f 46/46/46 47/47/47 49/49/49
f 46/46/46 49/49/49 48/48/48
f 44/44/44 50/50/50 51/51/51
f 44/44/44 51/51/51 45/45/45
f 45/45/45 51/51/51 52/52/52
f 45/45/45 52/52/52 47/47/47
f 47/47/47 52/52/52 53/53/53
f 47/47/47 53/53/53 49/49/49
f 52/52/52 51/51/51 54/54/54
f 52/52/52 54/54/54 55/55/55
f 55/55/55 56/56/56 53/53/53
f 55/55/55 53/53/53 52/52/52
f 57/57/57 58/58/58 59/59/59
f 57/57/57 59/59/59 60/60/60
f 58/58/58 61/61/61 62/62/62
f 58/58/58 62/62/62 59/59/59
f 63/63/63 64/64/64 65/65/65
f 63/63/63 65/65/65 66/66/66
f 67/67/67 68/68/68 69/69/69
f 67/67/67 69/69/69 70/70/70
f 68/68/68 71/71/71 72/72/72
f 68/68/68 72/72/72 69/69/69
f 71/71/71 73/73/73 74/74/74
f 71/71/71 74/74/74 72/72/72
f 70/70/70 69/69/69 75/75/75
f 70/70/70 75/75/75 76/76/76
f 69/69/69 72/72/72 77/77/77
f 69/69/69 77/77/77 75/75/75
f 72/72/72 74/74/74 78/78/78
f 72/72/72 78/78/78 77/77/77
f 76/76/76 75/75/75 79/79/79
f 76/76/76 79/79/79 80/80/80
f 75/75/75 77/77/77 81/81/81
f 75/75/75 81/81/81 79/79/79
f 77/77/77 78/78/78 82/82/82
f 77/77/77 82/82/82 81/81/81
f 73/73/73 83/83/83 84/84/84
f 73/73/73 84/84/84 74/74/74
f 83/83/83 85/85/85 86/86/86
f 83/83/83 86/86/86 84/84/84
f 74/74/74 84/84/84 87/87/87
f 74/74/74 87/87/87 78/78/78
f 84/84/84 86/86/86 88/88/88
f 84/84/84 88/88/88 87/87/87
f 78/78/78 87/87/87 89/89/89
f 78/78/78 89/89/89 82/82/82
f 87/87/87 88/88/88 90/90/90
f 87/87/87 90/90/90 89/89/89
f 91/91/91 92/92/92 93/93/93
f 91/91/91 93/93/93 94/94/94
f 94/94/94 93/93/93 95/95/95
f 94/94/94 95/95/95 96/96/96
f 96/96/96 95/95/95 97/97/97
f 96/96/96 97/97/97 98/98/98
f 99/99/99 100/100/100 101/101/101
f 99/99/99 101/101/101 102/102/102
f 92/92/92 103/103/103 104/104/104
f 92/92/92 104/104/104 93/93/93
f 93/93/93 104/104/104 105/105/105
f 93/93/93 105/105/105 95/95/95
f 95/95/95 105/105/105 106/106/106
f 95/95/95 106/106/106 97/97/97
f 100/100/100 107/107/107 108/108/108
f 100/100/100 108/108/108 101/101/101
f 103/103/103 109/109/109 110/110/110
f 103/103/103 110/110/110 104/104/104
f 104/104/104 110/110/110 111/111/111
f 104/104/104 111/111/111 105/105/105
f 105/105/105 111/111/111 112/112/112
f 105/105/105 112/112/112 106/106/106
f 107/107/107 113/113/113 114/114/114
f 107/107/107 114/114/114 108/108/108
f 109/109/109 115/115/115 116/116/116
f 109/109/109 116/116/116 110/110/110
f 110/110/110 116/116/116 117/117/117
f 110/110/110 117/117/117 111/111/111
f 111/111/111 117/117/117 118/118/118
f 111/111/111 118/118/118 112/112/112
f 113/113/113 119/119/119 120/120/120
f 113/113/113 120/120/120 114/114/114
f 115/115/115 121/121/121 122/122/122
f 115/115/115 122/122/122 116/116/116
f 116/116/116 122/122/122 123/123/123
f 116/116/116 123/123/123 117/117/117
f 117/117/117 123/123/123 124/124/124
f 117/117/117 124/124/124 118/118/118
f 119/119/119 125/125/125 126/126/126
f 119/119/119 126/126/126 120/120/120
f 41/41/41 127/127/127 128/128/128
f 41/41/41 128/128/128 40/40/40
f 127/127/127 129/129/129 130/130/130
f 127/127/127 130/130/130 128/128/128
f 129/129/129 131/131/131 132/132/132
f 129/129/129 132/132/132 130/130/130
f 99/99/99 102/102/102 133/133/133
f 99/99/99 133/133/133 134/134/134
f 40/40/40 128/128/128 135/135/135
f 40/40/40 135/135/135 35/35/35
f 128/128/128 130/130/130 136/136/136
f 128/128/128 136/136/136 135/135/135
f 130/130/130 132/132/132 137/137/137
f 130/130/130 137/137/137 136/136/136
f 134/134/134 133/133/133 138/138/138
f 134/134/134 138/138/138 139/139/139
f 35/35/35 135/135/135 140/140/140
f 35/35/35 140/140/140 33/33/33
f 135/135/135 136/136/136 141/141/141
f 135/135/135 141/141/141 140/140/140
f 136/136/136 137/137/137 142/142/142
f 136/136/136 142/142/142 141/141/141
f 139/139/139 138/138/138 143/143/143
f 139/139/139 143/143/143 144/144/144
f 33/33/33 140/140/140 145/145/145
f 33/33/33 145/145/145 34/34/34
f 140/140/140 141/141/141 146/146/146
f 140/140/140 146/146/146 145/145/145
f 141/141/141 142/142/142 147/147/147
f 141/141/141 147/147/147 146/146/146
f 144/144/144 143/143/143 148/148/148
f 144/144/144 148/148/148 149/149/149
f 34/34/34 145/145/145 150/150/150
f 34/34/34 150/150/150 42/42/42
f 145/145/145 146/146/146 151/151/151
f 145/145/145 151/151/151 150/150/150
f 146/146/146 147/147/147 152/152/152
f 146/146/146 152/152/152 151/151/151
f 149/149/149 148/148/148 153/153/153
f 149/149/149 153/153/153 154/154/154
f 42/42/42 150/150/150 155/155/155
f 42/42/42 155/155/155 44/44/44
f 150/150/150 151/151/151 156/156/156
f 150/150/150 156/156/156 155/155/155
f 151/151/151 152/152/152 157/157/157
f 151/151/151 157/157/157 156/156/156
f 154/154/154 153/153/153 158/158/158
f 154/154/154 158/158/158 159/159/159
f 44/44/44 155/155/155 160/160/160
f 44/44/44 160/160/160 50/50/50
f 155/155/155 156/156/156 161/161/161
f 155/155/155 161/161/161 160/160/160
f 156/156/156 157/157/157 162/162/162
f 156/156/156 162/162/162 161/161/161
f 159/159/159 158/158/158 163/163/163
f 159/159/159 163/163/163 164/164/164
f 165/165/165 166/166/166 167/167/167
f 165/165/165 167/167/167 168/168/168
f 166/166/166 169/169/169 170/170/170
f 166/166/166 170/170/170 167/167/167
f 169/169/169 171/171/171 172/172/172
f 169/169/169 172/172/172 170/170/170
f 168/168/168 167/167/167 173/173/173
f 168/168/168 173/173/173 174/174/174
f 167/167/167 170/170/170 175/175/175
f 167/167/167 175/175/175 173/173/173
f 170/170/170 172/172/172 176/176/176
f 170/170/170 176/176/176 175/175/175
f 174/174/174 173/173/173 177/177/177
f 174/174/174 177/177/177 178/178/178
f 179/179/179 180/180/180 181/181/181
f 179/179/179 181/181/181 182/182/182
f 182/182/182 181/181/181 183/183/183
f 182/182/182 183/183/183 184/184/184
f 185/185/185 186/186/186 187/187/187
f 185/185/185 187/187/187 188/188/188
f 173/173/173 175/175/175 189/189/189
f 173/173/173 189/189/189 177/177/177
f 180/180/180 190/190/190 191/191/191
f 180/180/180 191/191/191 181/181/181
f 181/181/181 191/191/191 192/192/192
f 181/181/181 192/192/192 183/183/183
f 186/186/186 193/193/193 194/194/194
f 186/186/186 194/194/194 187/187/187
f 175/175/175 176/176/176 195/195/195
f 175/175/175 195/195/195 189/189/189
f 190/190/190 196/196/196 197/197/197
f 190/190/190 197/197/197 191/191/191
f 191/191/191 197/197/197 198/198/198
f 191/191/191 198/198/198 192/192/192
f 193/193/193 199/199/199 200/200/200
f 193/193/193 200/200/200 194/194/194
f 57/57/57 60/60/60 201/201/201
f 57/57/57 201/201/201 202/202/202
f 202/202/202 201/201/201 203/203/203
f 202/202/202 203/203/203 204/204/204
f 204/204/204 203/203/203 205/205/205
f 204/204/204 205/205/205 206/206/206
f 206/206/206 205/205/205 207/207/207
f 206/206/206 207/207/207 208/208/208
f 208/208/208 207/207/207 209/209/209
f 208/208/208 209/209/209 210/210/210
f 207/207/207 211/211/211 212/212/212
f 207/207/207 212/212/212 209/209/209
f 205/205/205 213/213/213 211/211/211
f 205/205/205 211/211/211 207/207/207
f 203/203/203 214/214/214 213/213/213
f 203/203/203 213/213/213 205/205/205
f 201/201/201 215/215/215 214/214/214
f 201/201/201 214/214/214 203/203/203
f 60/60/60 216/216/216 215/215/215
f 60/60/60 215/215/215 201/201/201
f 60/60/60 59/59/59 217/217/217
f 60/60/60 217/217/217 216/216/216
f 59/59/59 62/62/62 218/218/218
f 59/59/59 218/218/218 217/217/217
f 66/66/66 65/65/65 219/219/219
f 66/66/66 219/219/219 220/220/220
f 210/210/210 209/209/209 221/221/221
f 210/210/210 221/221/221 222/222/222
f 209/209/209 212/212/212 223/223/223
f 209/209/209 223/223/223 221/221/221
f 223/223/223 212/212/212 224/224/224
f 223/223/223 224/224/224 225/225/225
f 212/212/212 211/211/211 226/226/226
f 212/212/212 226/226/226 224/224/224
f 211/211/211 213/213/213 227/227/227
f 211/211/211 227/227/227 226/226/226
f 213/213/213 214/214/214 228/228/228
f 213/213/213 228/228/228 227/227/227
f 214/214/214 215/215/215 229/229/229
f 214/214/214 229/229/229 228/228/228
f 225/225/225 224/224/224 230/230/230
f 225/225/225 230/230/230 231/231/231
f 224/224/224 226/226/226 232/232/232
f 224/224/224 232/232/232 230/230/230
f 226/226/226 227/227/227 233/233/233
f 226/226/226 233/233/233 232/232/232
f 227/227/227 228/228/228 234/234/234
f 227/227/227 234/234/234 233/233/233
f 228/228/228 229/229/229 235/235/235
f 228/228/228 235/235/235 234/234/234
f 231/231/231 230/230/230 236/236/236
f 231/231/231 236/236/236 237/237/237
f 230/230/230 232/232/232 238/238/238
f 230/230/230 238/238/238 236/236/236
f 232/232/232 233/233/233 239/239/239
f 232/232/232 239/239/239 238/238/238
f 233/233/233 234/234/234 240/240/240
f 233/233/233 240/240/240 239/239/239
f 234/234/234 235/235/235 241/241/241
f 234/234/234 241/241/241 240/240/240
f 215/215/215 216/216/216 242/242/242
f 215/215/215 242/242/242 229/229/229
f 216/216/216 217/217/217 243/243/243
f 216/216/216 243/243/243 242/242/242
f 217/217/217 218/218/218 244/244/244
f 217/217/217 244/244/244 243/243/243
f 229/229/229 242/242/242 245/245/245
f 229/229/229 245/245/245 235/235/235
f 242/242/242 243/243/243 246/246/246
f 242/242/242 246/246/246 245/245/245
f 243/243/243 244/244/244 247/247/247
f 243/243/243 247/247/247 246/246/246
f 235/235/235 245/245/245 248/248/248
f 235/235/235 248/248/248 241/241/241
f 245/245/245 246/246/246 249/249/249
f 245/245/245 249/249/249 248/248/248
f 246/246/246 247/247/247 250/250/250
f 246/246/246 250/250/250 249/249/249
f 220/220/220 219/219/219 251/251/251
f 220/220/220 251/251/251 252/252/252
f 252/252/252 251/251/251 253/253/253
f 252/252/252 253/253/253 254/254/254
f 254/254/254 253/253/253 255/255/255
f 254/254/254 255/255/255 256/256/256
f 257/257/257 258/258/258 259/259/259
f 257/257/257 259/259/259 260/260/260
f 258/258/258 261/261/261 262/262/262
f 258/258/258 262/262/262 259/259/259
f 261/261/261 263/263/263 264/264/264
f 261/261/261 264/264/264 262/262/262
f 263/263/263 265/265/265 266/266/266
f 263/263/263 266/266/266 264/264/264
f 265/265/265 267/267/267 268/268/268
f 265/265/265 268/268/268 266/266/266
f 267/267/267 269/269/269 270/270/270
f 267/267/267 270/270/270 268/268/268
f 269/269/269 271/271/271 272/272/272
f 269/269/269 272/272/272 270/270/270
f 271/271/271 273/273/273 274/274/274
f 271/271/271 274/274/274 272/272/272
f 275/275/275 276/276/276 273/273/273
f 275/275/275 273/273/273 271/271/271
f 277/277/277 275/275/275 271/271/271
f 277/277/277 271/271/271 269/269/269
f 278/278/278 277/277/277 269/269/269
f 278/278/278 269/269/269 267/267/267
f 279/279/279 278/278/278 267/267/267
f 279/279/279 267/267/267 265/265/265
f 280/280/280 279/279/279 265/265/265
f 280/280/280 265/265/265 263/263/263
f 281/281/281 280/280/280 263/263/263
f 281/281/281 263/263/263 261/261/261
f 282/282/282 281/281/281 261/261/261
f 282/282/282 261/261/261 258/258/258
f 283/283/283 282/282/282 258/258/258
f 283/283/283 258/258/258 257/257/257
f 284/284/284 285/285/285 85/85/85
f 284/284/284 85/85/85 83/83/83
f 286/286/286 284/284/284 83/83/83
f 286/286/286 83/83/83 73/73/73
f 287/287/287 286/286/286 73/73/73
f 287/287/287 73/73/73 71/71/71
f 288/288/288 287/287/287 71/71/71
f 288/288/288 71/71/71 68/68/68
f 289/289/289 288/288/288 68/68/68
f 289/289/289 68/68/68 67/67/67
f 31/31/31 290/290/290 291/291/291
f 31/31/31 291/291/291 37/37/37
f 292/292/292 290/290/290 31/31/31
f 292/292/292 31/31/31 28/28/28
f 293/293/293 292/292/292 28/28/28
f 293/293/293 28/28/28 23/23/23
f 294/294/294 293/293/293 23/23/23
f 294/294/294 23/23/23 22/22/22
f 22/22/22 48/48/48 295/295/295
f 22/22/22 295/295/295 294/294/294
f 48/48/48 49/49/49 296/296/296
f 48/48/48 296/296/296 295/295/295
f 49/49/49 53/53/53 297/297/297
f 49/49/49 297/297/297 296/296/296
f 56/56/56 298/298/298 297/297/297
f 56/56/56 297/297/297 53/53/53
f 299/299/299 63/63/63 66/66/66
f 299/299/299 66/66/66 300/300/300
f 300/300/300 66/66/66 220/220/220
f 300/300/300 220/220/220 301/301/301
f 301/301/301 220/220/220 252/252/252
f 301/301/301 252/252/252 302/302/302
f 302/302/302 252/252/252 254/254/254
f 302/302/302 254/254/254 303/303/303
f 303/303/303 254/254/254 256/256/256
f 303/303/303 256/256/256 304/304/304
f 305/305/305 306/306/306 2/2/2
f 305/305/305 2/2/2 1/1/1
f 306/306/306 307/307/307 308/308/308
f 306/306/306 308/308/308 2/2/2
f 2/2/2 308/308/308 309/309/309
f 2/2/2 309/309/309 3/3/3
f 102/102/102 101/101/101 310/310/310
f 102/102/102 310/310/310 133/133/133
f 101/101/101 108/108/108 311/311/311
f 101/101/101 311/311/311 310/310/310
f 133/133/133 310/310/310 312/312/312
f 133/133/133 312/312/312 138/138/138
f 310/310/310 311/311/311 313/313/313
f 310/310/310 313/313/313 312/312/312
f 138/138/138 312/312/312 314/314/314
f 138/138/138 314/314/314 143/143/143
f 312/312/312 313/313/313 315/315/315
f 312/312/312 315/315/315 314/314/314
f 143/143/143 314/314/314 316/316/316
f 143/143/143 316/316/316 148/148/148
f 314/314/314 315/315/315 317/317/317
f 314/314/314 317/317/317 316/316/316
f 148/148/148 316/316/316 318/318/318
f 148/148/148 318/318/318 153/153/153
f 316/316/316 317/317/317 319/319/319
f 316/316/316 319/319/319 318/318/318
f 153/153/153 318/318/318 320/320/320
f 153/153/153 320/320/320 158/158/158
f 318/318/318 319/319/319 321/321/321
f 318/318/318 321/321/321 320/320/320
f 320/320/320 321/321/321 163/163/163
f 320/320/320 163/163/163 158/158/158
f 108/108/108 114/114/114 322/322/322
f 108/108/108 322/322/322 311/311/311
f 114/114/114 120/120/120 323/323/323
f 114/114/114 323/323/323 322/322/322
f 120/120/120 126/126/126 324/324/324
f 120/120/120 324/324/324 323/323/323
f 311/311/311 322/322/322 325/325/325
f 311/311/311 325/325/325 313/313/313
f 322/322/322 323/323/323 326/326/326
f 322/322/322 326/326/326 325/325/325
f 323/323/323 324/324/324 327/327/327
f 323/323/323 327/327/327 326/326/326
f 313/313/313 325/325/325 328/328/328
f 313/313/313 328/328/328 315/315/315
f 325/325/325 326/326/326 329/329/329
f 325/325/325 329/329/329 328/328/328
f 326/326/326 327/327/327 330/330/330
f 326/326/326 330/330/330 329/329/329
f 315/315/315 328/328/328 331/331/331
f 315/315/315 331/331/331 317/317/317
f 328/328/328 329/329/329 332/332/332
f 328/328/328 332/332/332 331/331/331
f 329/329/329 330/330/330 333/333/333
f 329/329/329 333/333/333 332/332/332
f 317/317/317 331/331/331 334/334/334
f 317/317/317 334/334/334 319/319/319
f 331/331/331 332/332/332 335/335/335
f 331/331/331 335/335/335 334/334/334
f 332/332/332 333/333/333 336/336/336
f 332/332/332 336/336/336 335/335/335
f 319/319/319 334/334/334 337/337/337
f 319/319/319 337/337/337 321/321/321
f 334/334/334 335/335/335 338/338/338
f 334/334/334 338/338/338 337/337/337
f 335/335/335 336/336/336 339/339/339
f 335/335/335 339/339/339 338/338/338
f 321/321/321 337/337/337 340/340/340
f 321/321/321 340/340/340 163/163/163
f 337/337/337 338/338/338 341/341/341
f 337/337/337 341/341/341 340/340/340
f 338/338/338 339/339/339 342/342/342
f 338/338/338 342/342/342 341/341/341
f 163/163/163 340/340/340 343/343/343
f 163/163/163 343/343/343 164/164/164
f 340/340/340 341/341/341 344/344/344
f 340/340/340 344/344/344 343/343/343
f 341/341/341 342/342/342 345/345/345
f 341/341/341 345/345/345 344/344/344
f 188/188/188 187/187/187 346/346/346
f 188/188/188 346/346/346 347/347/347
f 187/187/187 194/194/194 348/348/348
f 187/187/187 348/348/348 346/346/346
f 194/194/194 200/200/200 349/349/349
f 194/194/194 349/349/349 348/348/348
f 347/347/347 346/346/346 350/350/350
f 347/347/347 350/350/350 351/351/351
f 346/346/346 348/348/348 352/352/352
f 346/346/346 352/352/352 350/350/350
f 348/348/348 349/349/349 353/353/353
f 348/348/348 353/353/353 352/352/352
f 351/351/351 350/350/350 354/354/354
f 351/351/351 354/354/354 355/355/355
f 350/350/350 352/352/352 356/356/356
f 350/350/350 356/356/356 354/354/354
f 352/352/352 353/353/353 357/357/357
f 352/352/352 357/357/357 356/356/356
f 355/355/355 354/354/354 358/358/358
f 355/355/355 358/358/358 359/359/359
f 354/354/354 356/356/356 360/360/360
f 354/354/354 360/360/360 358/358/358
f 356/356/356 357/357/357 361/361/361
f 356/356/356 361/361/361 360/360/360
f 359/359/359 358/358/358 362/362/362
f 359/359/359 362/362/362 363/363/363
f 358/358/358 360/360/360 364/364/364
f 358/358/358 364/364/364 362/362/362
f 360/360/360 361/361/361 365/365/365
f 360/360/360 365/365/365 364/364/364
f 363/363/363 362/362/362 366/366/366
f 363/363/363 366/366/366 367/367/367
f 362/362/362 364/364/364 368/368/368
f 362/362/362 368/368/368 366/366/366
f 364/364/364 365/365/365 369/369/369
f 364/364/364 369/369/369 368/368/368
f 367/367/367 366/366/366 370/370/370
f 367/367/367 370/370/370 371/371/371
f 366/366/366 368/368/368 372/372/372
f 366/366/366 372/372/372 370/370/370
f 368/368/368 369/369/369 373/373/373
f 368/368/368 373/373/373 372/372/372
f 371/371/371 370/370/370 374/374/374
f 371/371/371 374/374/374 375/375/375
f 370/370/370 372/372/372 376/376/376
f 370/370/370 376/376/376 374/374/374
f 372/372/372 373/373/373 377/377/377
f 372/372/372 377/377/377 376/376/376
f 162/162/162 378/378/378 379/379/379
f 162/162/162 379/379/379 161/161/161
f 380/380/380 381/381/381 382/382/382
f 380/380/380 382/382/382 383/383/383
f 381/381/381 384/384/384 385/385/385
f 381/381/381 385/385/385 382/382/382
f 384/384/384 386/386/386 387/387/387
f 384/384/384 387/387/387 385/385/385
f 386/386/386 388/388/388 389/389/389
f 386/386/386 389/389/389 387/387/387
f 388/388/388 390/390/390 391/391/391
f 388/388/388 391/391/391 389/389/389
f 161/161/161 379/379/379 392/392/392
f 161/161/161 392/392/392 160/160/160
f 383/383/383 382/382/382 393/393/393
f 383/383/383 393/393/393 394/394/394
f 382/382/382 385/385/385 395/395/395
f 382/382/382 395/395/395 393/393/393
f 385/385/385 387/387/387 396/396/396
f 385/385/385 396/396/396 395/395/395
f 387/387/387 389/389/389 397/397/397
f 387/387/387 397/397/397 396/396/396
f 389/389/389 391/391/391 398/398/398
f 389/389/389 398/398/398 397/397/397
f 160/160/160 392/392/392 399/399/399
f 160/160/160 399/399/399 50/50/50
f 394/394/394 393/393/393 400/400/400
f 394/394/394 400/400/400 401/401/401
f 393/393/393 395/395/395 402/402/402
f 393/393/393 402/402/402 400/400/400
f 395/395/395 396/396/396 403/403/403
f 395/395/395 403/403/403 402/402/402
f 396/396/396 397/397/397 404/404/404
f 396/396/396 404/404/404 403/403/403
f 397/397/397 398/398/398 405/405/405
f 397/397/397 405/405/405 404/404/404
f 50/50/50 399/399/399 406/406/406
f 50/50/50 406/406/406 51/51/51
f 401/401/401 400/400/400 407/407/407
f 401/401/401 407/407/407 408/408/408
f 400/400/400 402/402/402 409/409/409
f 400/400/400 409/409/409 407/407/407
f 402/402/402 403/403/403 410/410/410
f 402/402/402 410/410/410 409/409/409
f 403/403/403 404/404/404 411/411/411
f 403/403/403 411/411/411 410/410/410
f 404/404/404 405/405/405 412/412/412
f 404/404/404 412/412/412 411/411/411
f 51/51/51 406/406/406 413/413/413
f 51/51/51 413/413/413 54/54/54
f 408/408/408 407/407/407 414/414/414
f 408/408/408 414/414/414 415/415/415
f 407/407/407 409/409/409 416/416/416
f 407/407/407 416/416/416 414/414/414
f 409/409/409 410/410/410 417/417/417
f 409/409/409 417/417/417 416/416/416
f 410/410/410 411/411/411 418/418/418
f 410/410/410 418/418/418 417/417/417
f 411/411/411 412/412/412 419/419/419
f 411/411/411 419/419/419 418/418/418
f 54/54/54 413/413/413 420/420/420
f 54/54/54 420/420/420 55/55/55
f 415/415/415 414/414/414 421/421/421
f 415/415/415 421/421/421 422/422/422
f 414/414/414 416/416/416 423/423/423
f 414/414/414 423/423/423 421/421/421
f 416/416/416 417/417/417 424/424/424
f 416/416/416 424/424/424 423/423/423
f 417/417/417 418/418/418 425/425/425
f 417/417/417 425/425/425 424/424/424
f 418/418/418 419/419/419 426/426/426
f 418/418/418 426/426/426 425/425/425
f 427/427/427 422/422/422 428/428/428
f 427/427/427 428/428/428 429/429/429
f 422/422/422 421/421/421 430/430/430
f 422/422/422 430/430/430 428/428/428
f 421/421/421 423/423/423 431/431/431
f 421/421/421 431/431/431 430/430/430
f 423/423/423 424/424/424 432/432/432
f 423/423/423 432/432/432 431/431/431
f 424/424/424 425/425/425 433/433/433
f 424/424/424 433/433/433 432/432/432
f 425/425/425 426/426/426 17/17/17
f 425/425/425 17/17/17 433/433/433
f 429/429/429 428/428/428 434/434/434
f 429/429/429 434/434/434 7/7/7
f 428/428/428 430/430/430 435/435/435
f 428/428/428 435/435/435 434/434/434
f 430/430/430 431/431/431 436/436/436
f 430/430/430 436/436/436 435/435/435
f 431/431/431 432/432/432 437/437/437
f 431/431/431 437/437/437 436/436/436
f 432/432/432 433/433/433 438/438/438
f 432/432/432 438/438/438 437/437/437
f 433/433/433 17/17/17 11/11/11
f 433/433/433 11/11/11 438/438/438
f 7/7/7 434/434/434 439/439/439
f 7/7/7 439/439/439 8/8/8
f 440/440/440 441/441/441 442/442/442
f 440/440/440 442/442/442 443/443/443
f 434/434/434 435/435/435 444/444/444
f 434/434/434 444/444/444 439/439/439
f 441/441/441 445/445/445 446/446/446
f 441/441/441 446/446/446 442/442/442
f 435/435/435 436/436/436 447/447/447
f 435/435/435 447/447/447 444/444/444
f 445/445/445 448/448/448 449/449/449
f 445/445/445 449/449/449 446/446/446
f 436/436/436 437/437/437 450/450/450
f 436/436/436 450/450/450 447/447/447
f 448/448/448 451/451/451 452/452/452
f 448/448/448 452/452/452 449/449/449
f 437/437/437 438/438/438 453/453/453
f 437/437/437 453/453/453 450/450/450
f 451/451/451 454/454/454 455/455/455
f 451/451/451 455/455/455 452/452/452
f 438/438/438 11/11/11 10/10/10
f 438/438/438 10/10/10 453/453/453
f 454/454/454 456/456/456 457/457/457
f 454/454/454 457/457/457 455/455/455
f 443/443/443 442/442/442 458/458/458
f 443/443/443 458/458/458 459/459/459
f 460/460/460 461/461/461 462/462/462
f 460/460/460 462/462/462 463/463/463
f 442/442/442 446/446/446 464/464/464
f 442/442/442 464/464/464 458/458/458
f 461/461/461 465/465/465 466/466/466
f 461/461/461 466/466/466 462/462/462
f 446/446/446 449/449/449 467/467/467
f 446/446/446 467/467/467 464/464/464
f 465/465/465 468/468/468 469/469/469
f 465/465/465 469/469/469 466/466/466
f 449/449/449 452/452/452 470/470/470
f 449/449/449 470/470/470 467/467/467
f 468/468/468 471/471/471 472/472/472
f 468/468/468 472/472/472 469/469/469
f 452/452/452 455/455/455 473/473/473
f 452/452/452 473/473/473 470/470/470
f 471/471/471 474/474/474 475/475/475
f 471/471/471 475/475/475 472/472/472
f 455/455/455 457/457/457 476/476/476
f 455/455/455 476/476/476 473/473/473
f 474/474/474 477/477/477 478/478/478
f 474/474/474 478/478/478 475/475/475
f 165/165/165 479/479/479 169/169/169
f 165/165/165 169/169/169 166/166/166
f 169/169/169 479/479/479 480/480/480
f 169/169/169 480/480/480 171/171/171
f 480/480/480 481/481/481 482/482/482
f 480/480/480 482/482/482 171/171/171
f 481/481/481 483/483/483 484/484/484
f 481/481/481 484/484/484 482/482/482
f 483/483/483 485/485/485 486/486/486
f 483/483/483 486/486/486 484/484/484
f 485/485/485 487/487/487 488/488/488
f 485/485/485 488/488/488 486/486/486
f 487/487/487 489/489/489 490/490/490
f 487/487/487 490/490/490 488/488/488
f 489/489/489 491/491/491 492/492/492
f 489/489/489 492/492/492 490/490/490
f 171/171/171 482/482/482 493/493/493
f 171/171/171 493/493/493 172/172/172
f 482/482/482 484/484/484 494/494/494
f 482/482/482 494/494/494 493/493/493
f 484/484/484 486/486/486 495/495/495
f 484/484/484 495/495/495 494/494/494
f 486/486/486 488/488/488 496/496/496
f 486/486/486 496/496/496 495/495/495
f 488/488/488 490/490/490 497/497/497
f 488/488/488 497/497/497 496/496/496
f 490/490/490 492/492/492 498/498/498
f 490/490/490 498/498/498 497/497/497
f 172/172/172 493/493/493 499/499/499
f 172/172/172 499/499/499 176/176/176
f 493/493/493 494/494/494 500/500/500
f 493/493/493 500/500/500 499/499/499
f 494/494/494 495/495/495 501/501/501
f 494/494/494 501/501/501 500/500/500
f 495/495/495 496/496/496 502/502/502
f 495/495/495 502/502/502 501/501/501
f 496/496/496 497/497/497 503/503/503
f 496/496/496 503/503/503 502/502/502
f 497/497/497 498/498/498 504/504/504
f 497/497/497 504/504/504 503/503/503
f 176/176/176 499/499/499 505/505/505
f 176/176/176 505/505/505 195/195/195
f 499/499/499 500/500/500 506/506/506
f 499/499/499 506/506/506 505/505/505
f 500/500/500 501/501/501 507/507/507
f 500/500/500 507/507/507 506/506/506
f 501/501/501 502/502/502 508/508/508
f 501/501/501 508/508/508 507/507/507
f 502/502/502 503/503/503 509/509/509
f 502/502/502 509/509/509 508/508/508
f 503/503/503 504/504/504 510/510/510
f 503/503/503 510/510/510 509/509/509
f 463/463/463 462/462/462 511/511/511
f 463/463/463 511/511/511 512/512/512
f 462/462/462 466/466/466 513/513/513
f 462/462/462 513/513/513 511/511/511
f 514/514/514 513/513/513 466/466/466
f 514/514/514 466/466/466 469/469/469
f 469/469/469 472/472/472 515/515/515
f 469/469/469 515/515/515 514/514/514
f 472/472/472 475/475/475 516/516/516
f 472/472/472 516/516/516 515/515/515
f 475/475/475 478/478/478 196/196/196
f 475/475/475 196/196/196 516/516/516
f 473/473/473 476/476/476 517/517/517
f 473/473/473 517/517/517 518/518/518
f 470/470/470 473/473/473 518/518/518
f 470/470/470 518/518/518 519/519/519
f 467/467/467 470/470/470 519/519/519
f 467/467/467 519/519/519 520/520/520
f 464/464/464 467/467/467 520/520/520
f 464/464/464 520/520/520 521/521/521
f 458/458/458 464/464/464 521/521/521
f 458/458/458 521/521/521 522/522/522
f 459/459/459 458/458/458 522/522/522
f 459/459/459 522/522/522 523/523/523
f 523/523/523 522/522/522 461/461/461
f 523/523/523 461/461/461 460/460/460
f 522/522/522 521/521/521 465/465/465
f 522/522/522 465/465/465 461/461/461
f 521/521/521 520/520/520 468/468/468
f 521/521/521 468/468/468 465/465/465
f 520/520/520 519/519/519 471/471/471
f 520/520/520 471/471/471 468/468/468
f 519/519/519 518/518/518 474/474/474
f 519/519/519 474/474/474 471/471/471
f 518/518/518 517/517/517 477/477/477
f 518/518/518 477/477/477 474/474/474
f 492/492/492 491/491/491 524/524/524
f 492/492/492 524/524/524 525/525/525
f 524/524/524 526/526/526 527/527/527
f 524/524/524 527/527/527 525/525/525
f 498/498/498 492/492/492 525/525/525
f 498/498/498 525/525/525 528/528/528
f 504/504/504 498/498/498 528/528/528
f 504/504/504 528/528/528 529/529/529
f 529/529/529 530/530/530 510/510/510
f 529/529/529 510/510/510 504/504/504
f 512/512/512 531/531/531 532/532/532
f 512/512/512 532/532/532 463/463/463
f 525/525/525 527/527/527 529/529/529
f 525/525/525 529/529/529 528/528/528
f 529/529/529 527/527/527 526/526/526
f 529/529/529 526/526/526 530/530/530
f 533/533/533 534/534/534 532/532/532
f 533/533/533 532/532/532 531/531/531
f 256/256/256 255/255/255 307/307/307
f 256/256/256 307/307/307 306/306/306
f 304/304/304 256/256/256 306/306/306
f 304/304/304 306/306/306 305/305/305
f 535/535/535 536/536/536 276/276/276
f 535/535/535 276/276/276 275/275/275
f 537/537/537 535/535/535 275/275/275
f 537/537/537 275/275/275 277/277/277
f 538/538/538 537/537/537 277/277/277
f 538/538/538 277/277/277 278/278/278
f 539/539/539 538/538/538 278/278/278
f 539/539/539 278/278/278 279/279/279
f 540/540/540 539/539/539 279/279/279
f 540/540/540 279/279/279 280/280/280
f 541/541/541 540/540/540 280/280/280
f 541/541/541 280/280/280 281/281/281
f 542/542/542 541/541/541 281/281/281
f 542/542/542 281/281/281 282/282/282
f 543/543/543 542/542/542 282/282/282
f 543/543/543 282/282/282 283/283/283
f 231/231/231 237/237/237 544/544/544
f 231/231/231 544/544/544 545/545/545
f 225/225/225 231/231/231 545/545/545
f 225/225/225 545/545/545 546/546/546
f 223/223/223 225/225/225 546/546/546
f 223/223/223 546/546/546 547/547/547
f 221/221/221 223/223/223 547/547/547
f 221/221/221 547/547/547 548/548/548
f 222/222/222 221/221/221 548/548/548
f 222/222/222 548/548/548 549/549/549
f 550/550/550 210/210/210 222/222/222
f 550/550/550 222/222/222 549/549/549
f 208/208/208 210/210/210 550/550/550
f 208/208/208 550/550/550 551/551/551
f 206/206/206 208/208/208 551/551/551
f 206/206/206 551/551/551 552/552/552
f 204/204/204 206/206/206 552/552/552
f 204/204/204 552/552/552 553/553/553
f 553/553/553 554/554/554 202/202/202
f 553/553/553 202/202/202 204/204/204
f 554/554/554 555/555/555 57/57/57
f 554/554/554 57/57/57 202/202/202
f 555/555/555 556/556/556 58/58/58
f 555/555/555 58/58/58 57/57/57
f 557/557/557 61/61/61 58/58/58
f 557/557/557 58/58/58 556/556/556
f 61/61/61 557/557/557 558/558/558
f 61/61/61 558/558/558 62/62/62
f 62/62/62 558/558/558 559/559/559
f 62/62/62 559/559/559 218/218/218
f 218/218/218 559/559/559 560/560/560
f 218/218/218 560/560/560 244/244/244
f 244/244/244 560/560/560 561/561/561
f 244/244/244 561/561/561 247/247/247
f 247/247/247 561/561/561 562/562/562
f 247/247/247 562/562/562 250/250/250
f 536/536/536 563/563/563 564/564/564
f 536/536/536 564/564/564 276/276/276
f 276/276/276 564/564/564 565/565/565
f 276/276/276 565/565/565 273/273/273
f 273/273/273 565/565/565 566/566/566
f 273/273/273 566/566/566 274/274/274
f 463/463/463 532/532/532 567/567/567
f 463/463/463 567/567/567 460/460/460
f 460/460/460 567/567/567 568/568/568
f 460/460/460 568/568/568 523/523/523
f 532/532/532 534/534/534 569/569/569
f 532/532/532 569/569/569 567/567/567
f 567/567/567 569/569/569 570/570/570
f 567/567/567 570/570/570 568/568/568
f 523/523/523 568/568/568 571/571/571
f 523/523/523 571/571/571 459/459/459
f 568/568/568 570/570/570 4/4/4
f 568/568/568 4/4/4 571/571/571
f 459/459/459 571/571/571 572/572/572
f 459/459/459 572/572/572 443/443/443
f 573/573/573 6/6/6 5/5/5
f 573/573/573 5/5/5 8/8/8
f 192/192/192 198/198/198 199/199/199
f 192/192/192 199/199/199 193/193/193
f 183/183/183 192/192/192 193/193/193
f 183/183/183 193/193/193 186/186/186
f 184/184/184 183/183/183 186/186/186
f 184/184/184 186/186/186 185/185/185
f 118/118/118 124/124/124 574/574/574
f 118/118/118 574/574/574 575/575/575
f 112/112/112 118/118/118 575/575/575
f 112/112/112 575/575/575 576/576/576
f 106/106/106 112/112/112 576/576/576
f 106/106/106 576/576/576 577/577/577
f 97/97/97 106/106/106 577/577/577
f 97/97/97 577/577/577 578/578/578
f 98/98/98 97/97/97 578/578/578
f 98/98/98 578/578/578 579/579/579
f 131/131/131 580/580/580 581/581/581
f 131/131/131 581/581/581 132/132/132
f 132/132/132 581/581/581 582/582/582
f 132/132/132 582/582/582 137/137/137
f 137/137/137 582/582/582 583/583/583
f 137/137/137 583/583/583 142/142/142
f 142/142/142 583/583/583 584/584/584
f 142/142/142 584/584/584 147/147/147
f 147/147/147 584/584/584 585/585/585
f 147/147/147 585/585/585 152/152/152
f 152/152/152 585/585/585 586/586/586
f 152/152/152 586/586/586 157/157/157
f 157/157/157 586/586/586 587/587/587
f 157/157/157 587/587/587 162/162/162
f 587/587/587 588/588/588 378/378/378
f 587/587/587 378/378/378 162/162/162
f 589/589/589 590/590/590 381/381/381
f 589/589/589 381/381/381 380/380/380
f 590/590/590 375/375/375 384/384/384
f 590/590/590 384/384/384 381/381/381
f 375/375/375 374/374/374 386/386/386
f 375/375/375 386/386/386 384/384/384
f 374/374/374 376/376/376 388/388/388
f 374/374/374 388/388/388 386/386/386
f 376/376/376 377/377/377 390/390/390
f 376/376/376 390/390/390 388/388/388
f 478/478/478 591/591/591 197/197/197
f 478/478/478 197/197/197 196/196/196
f 197/197/197 591/591/591 592/592/592
f 197/197/197 592/592/592 198/198/198
f 592/592/592 593/593/593 199/199/199
f 592/592/592 199/199/199 198/198/198
f 200/200/200 199/199/199 593/593/593
f 200/200/200 593/593/593 594/594/594
f 478/478/478 477/477/477 595/595/595
f 478/478/478 595/595/595 591/591/591
f 477/477/477 517/517/517 596/596/596
f 477/477/477 596/596/596 595/595/595
f 591/591/591 595/595/595 597/597/597
f 591/591/591 597/597/597 592/592/592
f 595/595/595 596/596/596 598/598/598
f 595/595/595 598/598/598 597/597/597
f 592/592/592 597/597/597 599/599/599
f 592/592/592 599/599/599 593/593/593
f 597/597/597 598/598/598 600/600/600
f 597/597/597 600/600/600 599/599/599
f 593/593/593 599/599/599 601/601/601
f 593/593/593 601/601/601 594/594/594
f 599/599/599 600/600/600 602/602/602
f 599/599/599 602/602/602 601/601/601
f 594/594/594 601/601/601 603/603/603
f 594/594/594 603/603/603 200/200/200
f 200/200/200 603/603/603 604/604/604
f 200/200/200 604/604/604 349/349/349
f 601/601/601 602/602/602 605/605/605
f 601/601/601 605/605/605 603/603/603
f 603/603/603 605/605/605 606/606/606
f 603/603/603 606/606/606 604/604/604
f 349/349/349 604/604/604 607/607/607
f 349/349/349 607/607/607 353/353/353
f 604/604/604 606/606/606 608/608/608
f 604/604/604 608/608/608 607/607/607
f 353/353/353 607/607/607 609/609/609
f 353/353/353 609/609/609 357/357/357
f 607/607/607 608/608/608 610/610/610
f 607/607/607 610/610/610 609/609/609
f 357/357/357 609/609/609 611/611/611
f 357/357/357 611/611/611 361/361/361
f 609/609/609 610/610/610 612/612/612
f 609/609/609 612/612/612 611/611/611
f 361/361/361 611/611/611 613/613/613
f 361/361/361 613/613/613 365/365/365
f 611/611/611 612/612/612 15/15/15
f 611/611/611 15/15/15 613/613/613
f 365/365/365 613/613/613 614/614/614
f 365/365/365 614/614/614 369/369/369
f 613/613/613 15/15/15 615/615/615
f 613/613/613 615/615/615 614/614/614
f 369/369/369 614/614/614 616/616/616
f 369/369/369 616/616/616 373/373/373
f 614/614/614 615/615/615 617/617/617
f 614/614/614 617/617/617 616/616/616
f 373/373/373 616/616/616 618/618/618
f 373/373/373 618/618/618 377/377/377
f 616/616/616 617/617/617 619/619/619
f 616/616/616 619/619/619 618/618/618
f 377/377/377 618/618/618 620/620/620
f 377/377/377 620/620/620 390/390/390
f 618/618/618 619/619/619 621/621/621
f 618/618/618 621/621/621 620/620/620
f 390/390/390 620/620/620 622/622/622
f 390/390/390 622/622/622 391/391/391
f 620/620/620 621/621/621 623/623/623
f 620/620/620 623/623/623 622/622/622
f 391/391/391 622/622/622 624/624/624
f 391/391/391 624/624/624 398/398/398
f 622/622/622 623/623/623 625/625/625
f 622/622/622 625/625/625 624/624/624
f 398/398/398 624/624/624 626/626/626
f 398/398/398 626/626/626 405/405/405
f 624/624/624 625/625/625 627/627/627
f 624/624/624 627/627/627 626/626/626
f 405/405/405 626/626/626 419/419/419
f 405/405/405 419/419/419 412/412/412
f 626/626/626 627/627/627 426/426/426
f 626/626/626 426/426/426 419/419/419
f 600/600/600 598/598/598 628/628/628
f 600/600/600 628/628/628 602/602/602
f 598/598/598 596/596/596 629/629/629
f 598/598/598 629/629/629 628/628/628
f 596/596/596 517/517/517 476/476/476
f 596/596/596 476/476/476 629/629/629
f 602/602/602 628/628/628 630/630/630
f 602/602/602 630/630/630 605/605/605
f 628/628/628 629/629/629 631/631/631
f 628/628/628 631/631/631 630/630/630
f 629/629/629 476/476/476 457/457/457
f 629/629/629 457/457/457 631/631/631
f 632/632/632 633/633/633 454/454/454
f 632/632/632 454/454/454 451/451/451
f 443/443/443 572/572/572 9/9/9
f 443/443/443 9/9/9 440/440/440
f 573/573/573 634/634/634 441/441/441
f 573/573/573 441/441/441 440/440/440
f 633/633/633 635/635/635 456/456/456
f 633/633/633 456/456/456 454/454/454
f 634/634/634 636/636/636 445/445/445
f 634/634/634 445/445/445 441/441/441
f 636/636/636 637/637/637 448/448/448
f 636/636/636 448/448/448 445/445/445
f 571/571/571 4/4/4 9/9/9
f 571/571/571 9/9/9 572/572/572
f 637/637/637 632/632/632 451/451/451
f 637/637/637 451/451/451 448/448/448
f 447/447/447 450/450/450 632/632/632
f 447/447/447 632/632/632 637/637/637
f 440/440/440 9/9/9 6/6/6
f 440/440/440 6/6/6 573/573/573
f 450/450/450 453/453/453 633/633/633
f 450/450/450 633/633/633 632/632/632
f 8/8/8 439/439/439 634/634/634
f 8/8/8 634/634/634 573/573/573
f 453/453/453 10/10/10 635/635/635
f 453/453/453 635/635/635 633/633/633
f 439/439/439 444/444/444 636/636/636
f 439/439/439 636/636/636 634/634/634
f 444/444/444 447/447/447 637/637/637
f 444/444/444 637/637/637 636/636/636
f 605/605/605 630/630/630 638/638/638
f 605/605/605 638/638/638 606/606/606
f 606/606/606 638/638/638 639/639/639
f 606/606/606 639/639/639 608/608/608
f 630/630/630 631/631/631 640/640/640
f 630/630/630 640/640/640 638/638/638
f 638/638/638 640/640/640 641/641/641
f 638/638/638 641/641/641 639/639/639
f 631/631/631 457/457/457 456/456/456
f 631/631/631 456/456/456 640/640/640
f 640/640/640 456/456/456 635/635/635
f 640/640/640 635/635/635 641/641/641
f 608/608/608 639/639/639 642/642/642
f 608/608/608 642/642/642 610/610/610
f 639/639/639 641/641/641 20/20/20
f 639/639/639 20/20/20 642/642/642
f 641/641/641 635/635/635 10/10/10
f 641/641/641 10/10/10 20/20/20
f 20/20/20 13/13/13 643/643/643
f 20/20/20 643/643/643 642/642/642
f 642/642/642 643/643/643 612/612/612
f 642/642/642 612/612/612 610/610/610
f 643/643/643 13/13/13 15/15/15
f 643/643/643 15/15/15 612/612/612
f 615/615/615 15/15/15 14/14/14
f 615/615/615 14/14/14 617/617/617
f 14/14/14 16/16/16 619/619/619
f 14/14/14 619/619/619 617/617/617
f 12/12/12 11/11/11 19/19/19
f 12/12/12 19/19/19 644/644/644
f 17/17/17 426/426/426 627/627/627
f 17/17/17 627/627/627 18/18/18
f 627/627/627 625/625/625 19/19/19
f 627/627/627 19/19/19 18/18/18
f 20/20/20 10/10/10 12/12/12
f 20/20/20 12/12/12 21/21/21
f 21/21/21 12/12/12 644/644/644
f 21/21/21 644/644/644 645/645/645
f 13/13/13 21/21/21 645/645/645
f 13/13/13 645/645/645 16/16/16
f 619/619/619 16/16/16 645/645/645
f 619/619/619 645/645/645 621/621/621
f 645/645/645 644/644/644 623/623/623
f 645/645/645 623/623/623 621/621/621
f 623/623/623 644/644/644 19/19/19
f 623/623/623 19/19/19 625/625/625
o Mesh_stone2_low_Stone2_0
g Prim_1_0
v 1.339613 -0.463333 -0.886690
v 1.163054 -0.358479 -0.995241
v 1.439815 -0.086997 -0.836283
v -0.869334 1.417930 0.155588
v -0.910654 1.156548 0.247757
v -0.695282 1.166559 0.417337
v -1.064737 1.171070 0.068425
v -0.836958 0.834740 0.263889
v -1.149698 0.921326 -0.111619
v -1.017362 0.772306 0.047702
v -1.226260 0.779044 -0.358141
v -1.238035 0.740315 -0.630088
v -1.106906 0.358104 -0.615993
v -1.095664 0.408769 -0.331387
v -1.173976 0.710182 -0.824311
v -0.786606 0.125603 -0.927816
v -1.013355 0.025824 -0.754599
v -1.001294 0.242985 -0.813265
v -0.910259 -0.194505 -0.740165
v -0.820563 -0.711187 -0.766973
v -0.884013 -0.778234 -0.548996
v -0.872518 -1.295648 -0.895623
v -0.938336 -1.322544 -0.670981
v -0.506856 -0.135476 -1.032711
v -0.884414 -0.037408 -0.879941
v -0.910259 -0.194505 -0.740165
v -0.714817 -0.377720 -0.889498
v -0.872518 -1.295648 -0.895623
v -0.820563 -0.711187 -0.766973
v -0.523138 -0.570584 -0.985275
v -1.212384 0.975775 -0.633732
v -1.187965 0.899986 -0.780256
v -1.019481 1.356020 -0.719510
v -1.126874 1.206506 -0.692900
v -0.723115 1.621274 -0.542096
v -0.753155 1.551264 -0.790762
v -0.884768 1.508427 -0.661375
v -1.014573 1.386737 -0.600111
v -0.993459 1.400074 -0.429174
v -0.674563 1.650503 -0.316656
v -1.133664 1.210643 -0.618403
v -1.119126 1.233488 -0.520141
v -0.723115 1.621274 -0.542096
v -0.674563 1.650503 -0.316656
v -0.567057 1.692224 -0.600960
v -0.753155 1.551264 -0.790762
v -0.658470 1.650363 -0.687727
v -0.449012 1.607030 -0.908261
v -0.254760 1.732023 -0.801865
v -0.303676 1.774640 -0.234493
v -0.763347 1.572666 0.012902
v -0.633032 1.673945 -0.078206
v -1.188128 1.039174 -0.390654
v -1.059366 1.271559 -0.106355
v 0.109319 1.389936 -1.035396
v -0.354544 1.475019 -0.963562
v -0.449012 1.607030 -0.908261
v -0.635531 1.118505 -0.919013
v -0.339271 1.148599 -0.919435
v -0.419320 0.544407 -0.801200
v -0.767835 0.957508 -0.899737
v -0.888401 0.685586 -0.880645
v -0.807535 0.451197 -0.872376
v -0.666974 0.267907 -0.900167
v -0.127401 0.888025 -0.892596
v -0.113303 0.603338 -0.878454
v -0.168047 0.239998 -0.947020
v -0.465718 0.171420 -0.932784
v 0.063494 0.674006 -0.944573
v 0.488472 0.522270 -0.980597
v 0.080703 -0.132632 -1.116890
v 0.728310 -0.010240 -1.110615
v 0.892573 0.502975 -1.058500
v 1.053411 0.777974 -1.041943
v 0.500046 1.145796 -1.024226
v 0.867233 1.327634 -0.879292
v 0.038541 1.682724 -0.932767
v 0.377692 1.600731 -0.877092
v 0.770805 1.545987 -0.759948
v 1.074987 1.427950 -0.785628
v 1.000583 -0.154645 -1.053994
v 1.198757 0.284515 -0.927630
v 1.465016 0.159072 -0.786645
v 1.482985 0.479478 -0.797015
v 1.287560 0.591420 -0.921475
v 1.433797 0.844293 -0.922101
v 1.362694 1.207780 -0.782655
v 1.187552 0.928418 -1.018306
v 0.790397 -1.015698 -0.225223
v 0.821649 -0.738159 0.010224
v 0.391332 -1.119750 -0.007139
v 0.091395 -0.917028 0.331732
v -0.034037 -1.159134 0.195923
v -0.281848 -1.479015 -0.036454
v 0.270263 -1.471400 -0.350011
v -0.129359 -1.711307 -0.360818
v 0.114955 -1.690610 -0.525587
v -0.165019 -1.827576 -0.722048
v 0.288644 -1.635885 -0.830940
v 0.114955 -1.690610 -0.525587
v 0.461128 -1.378796 -0.508545
v 0.288644 -1.635885 -0.830940
v 0.820283 -1.114738 -0.500002
v 0.727298 -1.342251 -0.779845
v 1.064838 -0.702364 -0.325201
v 1.061591 -0.864538 -0.786479
v 1.383096 -0.508457 -0.679159
v -0.052763 -0.694541 -1.047569
v -0.218785 -1.158314 -1.080442
v -0.638237 -1.241453 -1.059676
v -0.264445 -1.385502 -1.095138
v 0.559105 -0.795710 -0.841305
v 0.056247 -1.218906 -1.021433
v 0.390198 -1.257123 -0.916204
v 1.061591 -0.864538 -0.786479
v 0.727298 -1.342251 -0.779845
v 1.339613 -0.463333 -0.886690
v 1.439815 -0.086997 -0.836283
v 1.475381 -0.179804 -0.633899
v 1.058661 -0.478972 -0.244057
v 1.451910 0.291615 -0.219439
v 1.213869 0.226556 0.021097
v -0.092431 -1.694587 -0.959112
v -0.287549 -1.689851 -0.951140
v 0.288644 -1.635885 -0.830940
v -0.092431 -1.694587 -0.959112
v -0.287549 -1.689851 -0.951140
v 0.050505 1.837520 -0.614971
v 0.038541 1.682724 -0.932767
v -1.111332 1.238918 -0.415332
v -0.982395 0.383805 -0.846960
v -1.001294 0.242985 -0.813265
v -0.982395 0.383805 -0.846960
v -1.013355 0.025824 -0.754599
v -1.173976 0.710182 -0.824311
v -0.890828 0.889294 -0.910201
v -0.888355 1.176154 -0.880492
v -0.725349 1.296685 -0.924799
v 0.377692 1.600731 -0.877092
v 0.548943 1.786881 -0.252286
v 0.466469 1.733800 -0.595918
v 0.651830 1.710578 -0.496545
v 0.939784 1.658708 -0.326970
v 0.770805 1.545987 -0.759948
v 0.989805 1.571406 -0.555482
v 1.074987 1.427950 -0.785628
v 1.198442 1.414374 -0.293661
v 1.292026 1.309421 -0.553519
v 1.384525 1.164955 -0.365610
v 1.362694 1.207780 -0.782655
v 1.292026 1.309421 -0.553519
v 1.492217 1.071463 -0.598372
v 1.544817 0.873348 -0.431585
v 1.553450 0.925587 -0.815481
v 1.198442 1.414374 -0.293661
v 1.362694 1.207780 -0.782655
v 1.553450 0.925587 -0.815481
v 1.482985 0.479478 -0.797015
v 1.519086 0.408185 -0.532851
v 1.503835 0.224869 -0.565666
v 1.465016 0.159072 -0.786645
v -0.484287 1.607717 0.211897
v -0.201197 1.392706 0.554907
v -0.475095 1.026307 0.599947
v -0.221885 1.002681 0.725689
v 0.081467 1.771188 -0.199536
v 0.042461 1.696280 0.125412
v -0.082283 1.682711 0.145145
v 0.011693 1.616235 0.312700
v -0.484287 1.607717 0.211897
v -0.201197 1.392706 0.554907
v 0.056949 1.377537 0.586786
v 0.399473 1.593981 0.334402
v 0.498544 1.729788 0.033392
v 0.337231 1.363611 0.549260
v -0.201197 1.392706 0.554907
v -0.221885 1.002681 0.725689
v 0.056949 1.377537 0.586786
v 0.197855 0.886925 0.715437
v -0.109008 0.753386 0.765659
v 0.158532 0.337028 0.747907
v 0.628748 0.448884 0.517233
v 0.472191 1.013178 0.591830
v 0.337231 1.363611 0.549260
v 0.770344 1.549219 0.094693
v 1.105172 1.402317 -0.156516
v 0.626596 1.392216 0.344705
v 0.626596 1.392216 0.344705
v 0.907836 0.907862 0.074608
v 1.105172 1.402317 -0.156516
v 0.573706 -0.101020 0.165423
v 0.912802 0.033623 0.117828
v 0.364829 -0.461333 0.294217
v 0.182429 -0.352611 0.439786
v -0.177290 -0.508924 0.513603
v 0.411522 0.078959 0.452266
v -0.430091 -1.637237 -0.941393
v -0.637919 -1.554662 -0.916448
v -0.637919 -1.554662 -0.916448
v -0.938336 -1.322544 -0.670981
v -0.872518 -1.295648 -0.895623
v -0.379667 -1.748527 -0.840008
v -0.430091 -1.637237 -0.941393
v -0.604914 -1.663712 -0.811879
v -0.735178 -1.638226 -0.592785
v -0.524894 -1.760854 -0.590427
v -0.636508 -1.711340 -0.558738
v -0.359840 -1.802329 -0.678346
v -0.438767 -1.753556 -0.292434
v -0.770771 -1.581719 -0.369096
v -0.438767 -1.753556 -0.292434
v -0.129359 -1.711307 -0.360818
v -0.964556 -0.209291 -0.407900
v 0.091395 -0.917028 0.331732
v -0.177290 -0.508924 0.513603
v -0.383390 -0.546584 0.338044
v -0.537511 -0.234397 0.291714
v -0.339514 -0.091821 0.476600
v -0.339514 -0.091821 0.476600
v -0.237591 -0.955763 0.210929
v -0.034037 -1.159134 0.195923
v -0.408016 -1.312467 -0.014210
v -0.281848 -1.479015 -0.036454
v -0.560350 -1.546352 -0.174513
v -0.438767 -1.753556 -0.292434
v -0.640103 -1.636989 -0.276706
v -0.770771 -1.581719 -0.369096
v -0.751190 -1.317489 -0.247665
v -0.695100 -1.115673 -0.183244
v -0.721163 -0.691733 -0.231324
v -0.546335 -0.644468 0.051703
v -0.848015 -0.374515 -0.283676
v -0.832299 -0.231683 -0.160468
v -0.751274 -0.388198 -0.114468
v -0.636986 -0.383323 0.103248
v -0.696700 -0.287572 0.058334
v -1.042417 0.037447 -0.503195
v -0.964556 -0.209291 -0.407900
v -0.904978 -0.038247 -0.272263
v -0.832299 -0.231683 -0.160468
v -0.698918 -0.127766 0.042289
v -0.696700 -0.287572 0.058334
v -0.562109 -0.080916 0.221618
v -0.537511 -0.234397 0.291714
v -0.422825 0.006705 0.391823
v -0.339514 -0.091821 0.476600
v -0.204424 0.283960 0.632989
v 0.158532 0.337028 0.747907
v -0.109008 0.753386 0.765659
v -0.562594 0.735527 0.477601
v -0.598053 0.358548 0.197924
v -0.633032 1.673945 -0.078206
v -0.910259 -0.194505 -0.740165
v -0.753155 1.551264 -0.790762
v -1.019481 1.356020 -0.719510
v -1.187965 0.899986 -0.780256
v -0.640103 -1.636989 -0.276706
vn 0.693692 -0.344789 -0.632386
vn 0.269627 -0.191798 -0.943671
vn 0.796416 -0.037102 -0.603610
vn -0.629256 0.585083 0.511581
vn -0.690388 0.103878 0.715942
vn -0.557111 0.245104 0.793443
vn -0.861828 0.208347 0.462433
vn -0.676708 -0.239532 0.696197
vn -0.924433 -0.048929 0.378193
vn -0.758167 -0.290854 0.583598
vn -0.971387 -0.103413 0.213805
vn -0.986855 -0.125087 -0.102326
vn -0.950977 -0.254626 -0.175526
vn -0.863249 -0.349370 0.364338
vn -0.706547 -0.119997 -0.697418
vn -0.314764 0.083919 -0.945453
vn -0.869215 -0.238068 -0.433346
vn -0.738677 -0.100042 -0.666594
vn -0.831317 -0.280443 -0.479859
vn -0.831189 0.036388 -0.554798
vn -0.992193 -0.042336 0.117303
vn -0.800801 -0.195846 -0.566006
vn -0.975484 -0.219905 -0.008566
vn -0.264720 0.049667 -0.963045
vn -0.586565 -0.214920 -0.780866
vn -0.831317 -0.280443 -0.479859
vn -0.579076 -0.057183 -0.813266
vn -0.800801 -0.195846 -0.566006
vn -0.831189 0.036388 -0.554798
vn -0.353363 0.004188 -0.935477
vn -0.970327 0.215405 -0.109848
vn -0.798192 0.198968 -0.568596
vn -0.691051 0.523515 -0.498377
vn -0.822957 0.410612 -0.392607
vn -0.536066 0.843792 -0.025442
vn -0.479224 0.649465 -0.590373
vn -0.618742 0.774587 -0.131046
vn -0.748020 0.663020 -0.029503
vn -0.720441 0.691574 0.051869
vn -0.482939 0.875638 0.005373
vn -0.899627 0.435317 -0.034206
vn -0.882524 0.469307 0.030028
vn -0.536066 0.843792 -0.025442
vn -0.482939 0.875638 0.005373
vn -0.303256 0.944698 -0.124827
vn -0.479224 0.649465 -0.590373
vn -0.403171 0.882647 -0.241636
vn -0.275944 0.617399 -0.736664
vn -0.197916 0.890752 -0.409134
vn -0.162753 0.978785 0.124468
vn -0.576976 0.774786 0.258470
vn -0.385728 0.907670 0.165374
vn -0.960840 0.256731 0.104289
vn -0.838737 0.519816 0.162212
vn 0.010476 0.136151 -0.990633
vn -0.149202 0.153402 -0.976835
vn -0.275944 0.617399 -0.736664
vn -0.047369 -0.116139 -0.992103
vn -0.067215 -0.171388 -0.982908
vn -0.053725 0.079973 -0.995348
vn 0.037925 -0.059921 -0.997482
vn -0.045044 -0.103062 -0.993655
vn -0.011874 0.086991 -0.996138
vn 0.016689 0.253847 -0.967101
vn -0.228242 -0.132450 -0.964553
vn -0.325369 0.090513 -0.941245
vn -0.237289 0.268528 -0.933588
vn -0.061195 0.325281 -0.943635
vn -0.219995 0.034157 -0.974903
vn -0.087726 0.094505 -0.991652
vn -0.037102 0.011496 -0.999245
vn 0.052447 -0.058297 -0.996921
vn 0.071721 0.069918 -0.994971
vn 0.134708 0.018215 -0.990718
vn 0.080486 0.151878 -0.985117
vn 0.131653 0.448707 -0.883929
vn 0.075719 0.664369 -0.743560
vn 0.278408 0.628933 -0.725901
vn 0.259842 0.724933 -0.637930
vn 0.412254 0.698449 -0.584993
vn 0.214508 -0.108321 -0.970697
vn 0.433267 -0.005341 -0.901250
vn 0.836030 -0.011143 -0.548571
vn 0.825476 -0.115833 -0.552424
vn 0.386325 -0.153303 -0.909533
vn 0.517653 0.042966 -0.854511
vn 0.633132 0.619415 -0.464187
vn 0.229579 0.190537 -0.954457
vn 0.618176 -0.641042 0.454890
vn 0.604504 -0.355995 0.712631
vn 0.445473 -0.650588 0.615053
vn 0.159531 -0.433568 0.886887
vn 0.046647 -0.568974 0.821032
vn -0.009359 -0.598157 0.801325
vn 0.526068 -0.698448 0.485205
vn 0.296207 -0.824927 0.481412
vn 0.458476 -0.835899 0.301784
vn 0.115127 -0.985864 -0.121728
vn 0.529076 -0.739472 -0.416245
vn 0.458476 -0.835899 0.301784
vn 0.561827 -0.736782 0.376168
vn 0.529076 -0.739472 -0.416245
vn 0.699914 -0.654945 0.284899
vn 0.658476 -0.637264 -0.400379
vn 0.787119 -0.429857 0.442343
vn 0.601435 -0.614696 -0.510319
vn 0.884691 -0.454806 0.102339
vn 0.097230 -0.054384 -0.993775
vn 0.077708 0.066962 -0.994725
vn -0.366312 -0.068835 -0.927943
vn 0.025248 -0.195443 -0.980390
vn 0.176682 -0.163962 -0.970515
vn 0.267505 -0.033092 -0.962988
vn 0.322812 -0.112910 -0.939704
vn 0.601435 -0.614696 -0.510319
vn 0.658476 -0.637264 -0.400379
vn 0.693692 -0.344789 -0.632386
vn 0.796416 -0.037102 -0.603610
vn 0.961002 -0.247660 0.123043
vn 0.792239 -0.287216 0.538390
vn 0.843814 -0.091280 0.528816
vn 0.673286 -0.098908 0.732737
vn 0.177008 -0.633444 -0.753270
vn -0.133167 -0.660148 -0.739236
vn 0.529076 -0.739472 -0.416245
vn 0.177008 -0.633444 -0.753270
vn -0.133167 -0.660148 -0.739236
vn 0.030269 0.981650 -0.188272
vn 0.075719 0.664369 -0.743560
vn -0.874479 0.480326 0.067625
vn -0.529342 -0.089292 -0.843696
vn -0.738677 -0.100042 -0.666594
vn -0.529342 -0.089292 -0.843696
vn -0.869215 -0.238068 -0.433346
vn -0.706547 -0.119997 -0.697418
vn -0.094975 -0.018883 -0.995301
vn -0.363348 0.179984 -0.914103
vn -0.287620 0.145445 -0.946636
vn 0.278408 0.628933 -0.725901
vn 0.199085 0.978065 0.061276
vn 0.257448 0.900539 -0.350357
vn 0.299933 0.909386 -0.288198
vn 0.511947 0.857311 0.054112
vn 0.259842 0.724933 -0.637930
vn 0.471535 0.840530 -0.266766
vn 0.412254 0.698449 -0.584993
vn 0.757775 0.560227 0.334549
vn 0.717251 0.694618 -0.055287
vn 0.781696 0.420108 0.460934
vn 0.633132 0.619415 -0.464187
vn 0.717251 0.694618 -0.055287
vn 0.850924 0.523313 0.045518
vn 0.914986 0.147979 0.375371
vn 0.877389 0.206861 -0.432894
vn 0.757775 0.560227 0.334549
vn 0.633132 0.619415 -0.464187
vn 0.877389 0.206861 -0.432894
vn 0.825476 -0.115833 -0.552424
vn 0.997350 -0.071960 0.010681
vn 0.996891 -0.078629 0.005153
vn 0.836030 -0.011143 -0.548571
vn -0.287370 0.795512 0.533460
vn -0.220112 0.584786 0.780754
vn -0.517956 0.115660 0.847552
vn -0.226694 0.195336 0.954177
vn -0.017552 0.981009 0.193165
vn -0.013188 0.948521 0.316439
vn -0.070656 0.939991 0.333803
vn -0.039341 0.847675 0.529055
vn -0.287370 0.795512 0.533460
vn -0.220112 0.584786 0.780754
vn 0.038043 0.535976 0.843376
vn 0.240512 0.759630 0.604249
vn 0.210385 0.912905 0.349775
vn 0.303558 0.447694 0.841084
vn -0.220112 0.584786 0.780754
vn -0.226694 0.195336 0.954177
vn 0.038043 0.535976 0.843376
vn 0.246399 0.136246 0.959544
vn -0.180667 -0.016767 0.983401
vn 0.169249 -0.202798 0.964483
vn 0.586729 -0.127719 0.799648
vn 0.547641 0.147221 0.823660
vn 0.303558 0.447694 0.841084
vn 0.556014 0.632476 0.539280
vn 0.755900 0.313903 0.574525
vn 0.618009 0.349502 0.704212
vn 0.618009 0.349502 0.704212
vn 0.702388 0.147214 0.696405
vn 0.755900 0.313903 0.574525
vn 0.464940 -0.288744 0.836933
vn 0.384351 -0.312968 0.868519
vn 0.523661 -0.124336 0.842804
vn 0.472191 -0.280190 0.835780
vn -0.228103 -0.355351 0.906474
vn 0.588430 -0.399651 0.702872
vn -0.289203 -0.567088 -0.771215
vn -0.510914 -0.551774 -0.659175
vn -0.510914 -0.551774 -0.659175
vn -0.975484 -0.219905 -0.008566
vn -0.800801 -0.195846 -0.566006
vn -0.255103 -0.853943 -0.453546
vn -0.289203 -0.567088 -0.771215
vn -0.518300 -0.748077 -0.414422
vn -0.697110 -0.707735 -0.114668
vn -0.363213 -0.930739 -0.042449
vn -0.500440 -0.865682 0.012436
vn -0.220543 -0.969816 -0.104010
vn -0.129970 -0.871319 0.473192
vn -0.784015 -0.495415 0.374011
vn -0.129970 -0.871319 0.473192
vn 0.296207 -0.824927 0.481412
vn -0.952816 -0.198388 0.229747
vn 0.159531 -0.433568 0.886887
vn -0.228103 -0.355351 0.906474
vn -0.612473 -0.331256 0.717737
vn -0.751423 -0.072505 0.655826
vn -0.579085 -0.085410 0.810781
vn -0.579085 -0.085410 0.810781
vn -0.389955 -0.371091 0.842749
vn 0.046647 -0.568974 0.821032
vn -0.457540 -0.286850 0.841650
vn -0.009359 -0.598157 0.801325
vn -0.437966 -0.410583 0.799755
vn -0.129970 -0.871319 0.473192
vn -0.534001 -0.636712 0.556274
vn -0.784015 -0.495415 0.374011
vn -0.789505 -0.113450 0.603168
vn -0.755373 -0.065285 0.652035
vn -0.852917 -0.137496 0.503615
vn -0.842074 -0.152434 0.517374
vn -0.845957 -0.263584 0.463552
vn -0.858206 -0.146653 0.491910
vn -0.832082 -0.300806 0.465999
vn -0.792292 -0.306648 0.527486
vn -0.839460 -0.136215 0.526074
vn -0.949564 -0.257583 0.178826
vn -0.952816 -0.198388 0.229747
vn -0.859172 -0.013310 0.511514
vn -0.858206 -0.146653 0.491910
vn -0.821990 0.016295 0.569269
vn -0.839460 -0.136215 0.526074
vn -0.799983 0.046142 0.598247
vn -0.751423 -0.072505 0.655826
vn -0.740453 0.010212 0.672031
vn -0.579085 -0.085410 0.810781
vn -0.467322 -0.220214 0.856222
vn 0.169249 -0.202798 0.964483
vn -0.180667 -0.016767 0.983401
vn -0.639877 -0.251331 0.726217
vn -0.741335 -0.244561 0.624990
vn -0.385728 0.907670 0.165374
vn -0.831317 -0.280443 -0.479859
vn -0.479224 0.649465 -0.590373
vn -0.691051 0.523515 -0.498377
vn -0.798192 0.198968 -0.568596
vn -0.534001 -0.636712 0.556274
vt 0.814915 0.609436
vt 0.788123 0.632444
vt 0.843423 0.668150
vt 0.285985 0.159034
vt 0.249265 0.170096
vt 0.257102 0.210657
vt 0.246213 0.138729
vt 0.203897 0.185242
vt 0.211705 0.111950
vt 0.190875 0.142613
vt 0.187750 0.075708
vt 0.179537 0.033010
vt 0.110061 0.040880
vt 0.125520 0.087604
vt 0.172791 0.002093
vt 0.469722 0.756131
vt 0.425221 0.747988
vt 0.435775 0.784093
vt 0.968615 0.179487
vt 0.877330 0.171489
vt 0.864911 0.206403
vt 0.779155 0.146322
vt 0.772233 0.182438
vt 0.512529 0.703652
vt 0.451435 0.734274
vt 0.432140 0.706439
vt 0.466865 0.668536
vt 0.426012 0.513761
vt 0.435635 0.612923
vt 0.496843 0.629501
vt 0.217379 0.032769
vt 0.206512 0.008694
vt 0.285053 0.023175
vt 0.255072 0.027661
vt 0.347447 0.059246
vt 0.341305 0.017494
vt 0.317135 0.035459
vt 0.287981 0.041717
vt 0.288706 0.070621
vt 0.351208 0.099813
vt 0.254808 0.037928
vt 0.258043 0.053372
vt 0.617660 0.047697
vt 0.576829 0.059449
vt 0.628423 0.076332
vt 0.659295 0.037472
vt 0.642271 0.059539
vt 0.681453 0.090230
vt 0.662581 0.128652
vt 0.568547 0.126603
vt 0.317863 0.147781
vt 0.347923 0.141975
vt 0.226488 0.071428
vt 0.260624 0.116354
vt 0.652322 0.950158
vt 0.575190 0.976330
vt 0.561898 0.999197
vt 0.517243 0.925724
vt 0.569190 0.922770
vt 0.538975 0.820651
vt 0.490182 0.901433
vt 0.463004 0.857818
vt 0.471165 0.814195
vt 0.491367 0.778062
vt 0.598747 0.872398
vt 0.593671 0.823023
vt 0.576669 0.760987
vt 0.523862 0.756033
vt 0.627006 0.830165
vt 0.694686 0.794430
vt 0.611858 0.689900
vt 0.722472 0.698880
vt 0.761735 0.781536
vt 0.793503 0.825311
vt 0.711211 0.899852
vt 0.781284 0.922519
vt 0.646671 1.000000
vt 0.702622 0.981507
vt 0.772909 0.966061
vt 0.820589 0.934793
vt 0.764362 0.669065
vt 0.811871 0.736982
vt 0.856647 0.709192
vt 0.866856 0.765071
vt 0.832790 0.788700
vt 0.858476 0.828901
vt 0.862012 0.889405
vt 0.819455 0.844990
vt 0.267014 0.789855
vt 0.241106 0.739478
vt 0.196553 0.821852
vt 0.116579 0.795261
vt 0.121463 0.847539
vt 0.122637 0.931589
vt 0.227920 0.904726
vt 0.182892 0.972920
vt 0.233683 0.959449
vt 0.952750 0.849150
vt 0.973531 0.769657
vt 0.923423 0.798736
vt 0.269878 0.888706
vt 0.292069 0.958283
vt 0.306176 0.818645
vt 0.334916 0.875647
vt 0.307362 0.734173
vt 0.372231 0.778295
vt 0.381784 0.699721
vt 0.575684 0.597415
vt 0.537301 0.521434
vt 0.469547 0.517365
vt 0.524500 0.488194
vt 0.680439 0.564402
vt 0.580225 0.505332
vt 0.638142 0.488908
vt 0.762311 0.545710
vt 0.694118 0.471321
vt 0.411581 0.704363
vt 0.416677 0.638047
vt 0.383780 0.646197
vt 0.296873 0.697887
vt 0.328837 0.563121
vt 0.276779 0.575287
vt 0.992265 0.837487
vt 0.991244 0.868239
vt 0.614358 0.430271
vt 0.544781 0.430730
vt 0.514397 0.434922
vt 0.634926 0.180908
vt 0.689791 0.175679
vt 0.258053 0.069806
vt 0.103239 0.000000
vt 0.079134 0.011041
vt 0.442950 0.807842
vt 0.042996 0.028623
vt 0.419633 0.869168
vt 0.468241 0.892404
vt 0.478134 0.938281
vt 0.509567 0.954822
vt 0.688213 0.236975
vt 0.582407 0.264592
vt 0.636568 0.249879
vt 0.619971 0.281461
vt 0.593151 0.326267
vt 0.667899 0.309349
vt 0.630017 0.341689
vt 0.669306 0.368180
vt 0.587847 0.383814
vt 0.632384 0.408896
vt 0.340104 0.424818
vt 0.402974 0.402183
vt 0.360950 0.390160
vt 0.382361 0.438980
vt 0.362972 0.472891
vt 0.419633 0.456835
vt 0.311035 0.379134
vt 0.670795 0.430271
vt 0.882571 0.838230
vt 0.419244 0.535171
vt 0.377392 0.546332
vt 0.381130 0.578066
vt 0.414559 0.593642
vt 0.341293 0.198061
vt 0.314628 0.282918
vt 0.242227 0.260431
vt 0.244390 0.306911
vt 0.567928 0.190642
vt 0.512917 0.189763
vt 0.507070 0.169103
vt 0.478990 0.188471
vt 0.485759 0.100365
vt 0.419633 0.158187
vt 0.419633 0.204322
vt 0.484247 0.251805
vt 0.537259 0.260168
vt 0.432278 0.252124
vt 0.008614 0.379134
vt -0.000000 0.451070
vt 0.052843 0.386727
vt 0.069126 0.473376
vt 0.017533 0.495539
vt 0.063414 0.567995
vt 0.149996 0.543196
vt 0.118296 0.450995
vt 0.101471 0.390565
vt 0.525553 0.307828
vt 0.563412 0.371160
vt 0.472294 0.297539
vt 0.161847 0.382328
vt 0.232442 0.462123
vt 0.284527 0.379485
vt 0.180802 0.644911
vt 0.231589 0.611879
vt 0.146797 0.709386
vt 0.104322 0.693597
vt 0.051014 0.731349
vt 0.128274 0.611290
vt 0.489828 0.446256
vt 0.456879 0.465967
vt 0.987163 0.934362
vt 0.955822 1.000000
vt 0.992265 0.991379
vt 0.970674 0.882096
vt 0.991233 0.895680
vt 0.967381 0.921084
vt 0.933143 0.942531
vt 0.931241 0.904491
vt 0.926639 0.923874
vt 0.944743 0.877522
vt 0.883685 0.892692
vt 0.899383 0.954368
vt 0.136022 1.000000
vt 0.894219 0.841046
vt 0.965119 0.230218
vt 0.811248 0.430271
vt 0.897179 0.424696
vt 0.896511 0.381273
vt 0.949620 0.363785
vt 0.968615 0.410984
vt 0.001867 0.673093
vt 0.819028 0.375589
vt 0.777339 0.395178
vt 0.763516 0.320618
vt 0.731880 0.330880
vt 0.729858 0.279677
vt 0.689791 0.281739
vt 0.717350 0.258466
vt 0.729005 0.234592
vt 0.769796 0.254799
vt 0.801514 0.271360
vt 0.876749 0.267407
vt 0.881819 0.325369
vt 0.935749 0.254066
vt 0.957598 0.274890
vt 0.931304 0.286613
vt 0.929842 0.327913
vt 0.946135 0.317030
vt 0.052402 0.069917
vt 0.008333 0.093719
vt 0.040635 0.116997
vt 0.007020 0.143852
vt 0.026856 0.186338
vt -0.000000 0.191171
vt 0.038359 0.226448
vt 0.011755 0.241170
vt 0.058716 0.264455
vt 0.043298 0.286588
vt 0.117314 0.315578
vt 0.129289 0.379135
vt 0.203885 0.332532
vt 0.192794 0.242469
vt 0.119428 0.211843
vt 0.535035 0.071609
vt -0.000000 0.037605
vt 0.506232 1.000000
vt 0.455161 0.974722
vt 0.420654 0.900094
vt 0.882571 0.931422
f 646/646/646 647/647/647 648/648/648
f 649/649/649 650/650/650 651/651/651
f 649/649/649 652/652/652 650/650/650
f 653/653/653 650/650/650 652/652/652
f 651/651/651 650/650/650 653/653/653
f 652/652/652 654/654/654 655/655/655
f 656/656/656 655/655/655 654/654/654
f 657/657/657 658/658/658 659/659/659
f 658/658/658 657/657/657 660/660/660
f 661/661/661 662/662/662 663/663/663
f 664/664/664 665/665/665 666/666/666
f 665/665/665 667/667/667 668/668/668
f 661/661/661 669/669/669 670/670/670
f 671/671/671 669/669/669 672/672/672
f 673/673/673 674/674/674 675/675/675
f 657/657/657 676/676/676 677/677/677
f 678/678/678 677/677/677 679/679/679
f 680/680/680 681/681/681 682/682/682
f 683/683/683 684/684/684 685/685/685
f 686/686/686 676/676/676 687/687/687
f 676/676/676 657/657/657 656/656/656
f 688/688/688 689/689/689 690/690/690
f 691/691/691 688/688/688 692/692/692
f 693/693/693 690/690/690 694/694/694
f 690/690/690 689/689/689 695/695/695
f 685/685/685 696/696/696 697/697/697
f 685/685/685 684/684/684 696/696/696
f 696/696/696 684/684/684 649/649/649
f 698/698/698 652/652/652 699/699/699
f 700/700/700 701/701/701 702/702/702
f 703/703/703 704/704/704 705/705/705
f 703/703/703 705/705/705 706/706/706
f 706/706/706 705/705/705 707/707/707
f 708/708/708 707/707/707 705/705/705
f 709/709/709 708/708/708 705/705/705
f 704/704/704 710/710/710 705/705/705
f 710/710/710 711/711/711 705/705/705
f 711/711/711 712/712/712 705/705/705
f 713/713/713 705/705/705 712/712/712
f 713/713/713 709/709/709 705/705/705
f 714/714/714 715/715/715 716/716/716
f 717/717/717 716/716/716 715/715/715
f 718/718/718 717/717/717 715/715/715
f 719/719/719 718/718/718 715/715/715
f 719/719/719 715/715/715 720/720/720
f 720/720/720 715/715/715 714/714/714
f 719/719/719 720/720/720 721/721/721
f 700/700/700 722/722/722 723/723/723
f 724/724/724 725/725/725 721/721/721
f 647/647/647 726/726/726 727/727/727
f 648/648/648 727/727/727 728/728/728
f 726/726/726 717/717/717 718/718/718
f 729/729/729 730/730/730 731/731/731
f 732/732/732 733/733/733 725/725/725
f 734/734/734 735/735/735 736/736/736
f 735/735/735 737/737/737 736/736/736
f 737/737/737 738/738/738 736/736/736
f 738/738/738 739/739/739 736/736/736
f 739/739/739 740/740/740 736/736/736
f 741/741/741 740/740/740 739/739/739
f 742/742/742 740/740/740 741/741/741
f 743/743/743 744/744/744 745/745/745
f 742/742/742 746/746/746 740/740/740
f 742/742/742 747/747/747 746/746/746
f 736/736/736 740/740/740 746/746/746
f 736/736/736 746/746/746 734/734/734
f 734/734/734 746/746/746 748/748/748
f 749/749/749 746/746/746 747/747/747
f 748/748/748 746/746/746 749/749/749
f 734/734/734 750/750/750 735/735/735
f 750/750/750 734/734/734 748/748/748
f 749/749/749 751/751/751 748/748/748
f 748/748/748 751/751/751 750/750/750
f 751/751/751 752/752/752 750/750/750
f 716/716/716 753/753/753 675/675/675
f 754/754/754 755/755/755 675/675/675
f 755/755/755 754/754/754 756/756/756
f 717/717/717 757/757/757 716/716/716
f 716/716/716 757/757/757 753/753/753
f 754/754/754 753/753/753 757/757/757
f 758/758/758 754/754/754 757/757/757
f 759/759/759 758/758/758 757/757/757
f 726/726/726 757/757/757 717/717/717
f 647/647/647 757/757/757 726/726/726
f 760/760/760 757/757/757 647/647/647
f 761/761/761 759/759/759 757/757/757
f 761/761/761 757/757/757 760/760/760
f 760/760/760 647/647/647 646/646/646
f 751/751/751 762/762/762 752/752/752
f 763/763/763 752/752/752 762/762/762
f 764/764/764 752/752/752 763/763/763
f 764/764/764 750/750/750 752/752/752
f 750/750/750 764/764/764 765/765/765
f 764/764/764 766/766/766 765/765/765
f 767/767/767 765/765/765 766/766/766
f 735/735/735 765/765/765 767/767/767
f 765/765/765 735/735/735 750/750/750
f 744/744/744 743/743/743 768/768/768
f 743/743/743 769/769/769 768/768/768
f 761/761/761 770/770/770 759/759/759
f 770/770/770 771/771/771 759/759/759
f 759/759/759 771/771/771 758/758/758
f 758/758/758 756/756/756 754/754/754
f 772/772/772 756/756/756 771/771/771
f 756/756/756 758/758/758 771/771/771
f 753/753/753 754/754/754 675/675/675
f 669/669/669 716/716/716 675/675/675
f 700/700/700 720/720/720 714/714/714
f 720/720/720 700/700/700 723/723/723
f 723/723/723 724/724/724 720/720/720
f 722/722/722 700/700/700 702/702/702
f 773/773/773 774/774/774 694/694/694
f 774/774/774 693/693/693 694/694/694
f 690/690/690 773/773/773 694/694/694
f 690/690/690 693/693/693 692/692/692
f 693/693/693 691/691/691 692/692/692
f 688/688/688 690/690/690 692/692/692
f 678/678/678 683/683/683 682/682/682
f 681/681/681 678/678/678 682/682/682
f 683/683/683 680/680/680 682/682/682
f 680/680/680 683/683/683 685/685/685
f 686/686/686 683/683/683 679/679/679
f 683/683/683 678/678/678 679/679/679
f 677/677/677 676/676/676 679/679/679
f 775/775/775 684/684/684 687/687/687
f 676/676/676 698/698/698 687/687/687
f 684/684/684 683/683/683 687/687/687
f 649/649/649 684/684/684 699/699/699
f 652/652/652 649/649/649 699/699/699
f 775/775/775 698/698/698 699/699/699
f 659/659/659 655/655/655 656/656/656
f 656/656/656 657/657/657 659/659/659
f 698/698/698 676/676/676 656/656/656
f 660/660/660 657/657/657 677/677/677
f 776/776/776 658/658/658 660/660/660
f 658/658/658 776/776/776 777/777/777
f 778/778/778 661/661/661 663/663/663
f 779/779/779 658/658/658 777/777/777
f 671/671/671 662/662/662 670/670/670
f 669/669/669 671/671/671 670/670/670
f 662/662/662 661/661/661 670/670/670
f 675/675/675 674/674/674 672/672/672
f 669/669/669 675/675/675 672/672/672
f 674/674/674 671/671/671 672/672/672
f 755/755/755 673/673/673 675/675/675
f 707/707/707 780/780/780 781/781/781
f 703/703/703 706/706/706 782/782/782
f 701/701/701 704/704/704 703/703/703
f 700/700/700 710/710/710 704/704/704
f 714/714/714 711/711/711 710/710/710
f 714/714/714 716/716/716 712/712/712
f 669/669/669 713/713/713 712/712/712
f 669/669/669 661/661/661 709/709/709
f 661/661/661 778/778/778 708/708/708
f 780/780/780 707/707/707 708/708/708
f 716/716/716 669/669/669 712/712/712
f 711/711/711 714/714/714 712/712/712
f 700/700/700 714/714/714 710/710/710
f 701/701/701 700/700/700 704/704/704
f 783/783/783 701/701/701 703/703/703
f 783/783/783 703/703/703 782/782/782
f 782/782/782 706/706/706 781/781/781
f 780/780/780 782/782/782 781/781/781
f 706/706/706 707/707/707 781/781/781
f 778/778/778 780/780/780 708/708/708
f 709/709/709 661/661/661 708/708/708
f 713/713/713 669/669/669 709/709/709
f 774/774/774 773/773/773 784/784/784
f 773/773/773 785/785/785 786/786/786
f 786/786/786 785/785/785 787/787/787
f 788/788/788 789/789/789 787/787/787
f 789/789/789 788/788/788 790/790/790
f 790/790/790 791/791/791 789/789/789
f 784/784/784 773/773/773 786/786/786
f 786/786/786 787/787/787 789/789/789
f 785/785/785 788/788/788 787/787/787
f 790/790/790 788/788/788 792/792/792
f 790/790/790 792/792/792 791/791/791
f 791/791/791 792/792/792 793/793/793
f 794/794/794 795/795/795 796/796/796
f 795/795/795 794/794/794 797/797/797
f 798/798/798 799/799/799 797/797/797
f 799/799/799 795/795/795 797/797/797
f 794/794/794 798/798/798 797/797/797
f 800/800/800 794/794/794 796/796/796
f 801/801/801 791/791/791 793/793/793
f 731/731/731 802/802/802 729/729/729
f 799/799/799 798/798/798 803/803/803
f 798/798/798 766/766/766 804/804/804
f 804/804/804 766/766/766 805/805/805
f 764/764/764 806/806/806 805/805/805
f 806/806/806 764/764/764 763/763/763
f 803/803/803 798/798/798 804/804/804
f 766/766/766 764/764/764 805/805/805
f 696/696/696 649/649/649 807/807/807
f 649/649/649 651/651/651 807/807/807
f 807/807/807 651/651/651 808/808/808
f 651/651/651 809/809/809 808/808/808
f 808/808/808 809/809/809 810/810/810
f 697/697/697 696/696/696 807/807/807
f 773/773/773 695/695/695 811/811/811
f 785/785/785 773/773/773 811/811/811
f 812/812/812 813/813/813 814/814/814
f 813/813/813 695/695/695 815/815/815
f 815/815/815 816/816/816 814/814/814
f 814/814/814 816/816/816 817/817/817
f 817/817/817 818/818/818 814/814/814
f 814/814/814 813/813/813 815/815/815
f 812/812/812 814/814/814 818/818/818
f 818/818/818 819/819/819 812/812/812
f 812/812/812 819/819/819 811/811/811
f 819/819/819 785/785/785 811/811/811
f 818/818/818 817/817/817 820/820/820
f 821/821/821 822/822/822 823/823/823
f 823/823/823 822/822/822 824/824/824
f 822/822/822 825/825/825 824/824/824
f 824/824/824 825/825/825 826/826/826
f 826/826/826 827/827/827 824/824/824
f 824/824/824 827/827/827 828/828/828
f 828/828/828 829/829/829 824/824/824
f 824/824/824 829/829/829 823/823/823
f 788/788/788 785/785/785 819/819/819
f 819/819/819 818/818/818 830/830/830
f 830/830/830 788/788/788 819/819/819
f 788/788/788 830/830/830 831/831/831
f 831/831/831 792/792/792 788/788/788
f 818/818/818 820/820/820 832/832/832
f 832/832/832 830/830/830 818/818/818
f 829/829/829 828/828/828 833/833/833
f 830/830/830 832/832/832 831/831/831
f 833/833/833 828/828/828 834/834/834
f 834/834/834 835/835/835 833/833/833
f 835/835/835 834/834/834 800/800/800
f 834/834/834 794/794/794 800/800/800
f 794/794/794 834/834/834 798/798/798
f 834/834/834 766/766/766 798/798/798
f 766/766/766 834/834/834 767/767/767
f 834/834/834 827/827/827 767/767/767
f 827/827/827 834/834/834 828/828/828
f 827/827/827 836/836/836 837/837/837
f 837/837/837 836/836/836 735/735/735
f 838/838/838 737/737/737 735/735/735
f 838/838/838 836/836/836 839/839/839
f 826/826/826 840/840/840 839/839/839
f 841/841/841 836/836/836 827/827/827
f 840/840/840 737/737/737 839/839/839
f 841/841/841 826/826/826 839/839/839
f 836/836/836 838/838/838 735/735/735
f 737/737/737 838/838/838 839/839/839
f 826/826/826 841/841/841 827/827/827
f 836/836/836 841/841/841 839/839/839
f 767/767/767 827/827/827 837/837/837
f 767/767/767 837/837/837 735/735/735
f 772/772/772 842/842/842 756/756/756
f 756/756/756 842/842/842 755/755/755
f 842/842/842 843/843/843 755/755/755
f 755/755/755 843/843/843 673/673/673
f 844/844/844 845/845/845 846/846/846
f 743/743/743 847/847/847 769/769/769
f 769/769/769 847/847/847 848/848/848
f 847/847/847 849/849/849 848/848/848
f 848/848/848 849/849/849 844/844/844
f 849/849/849 845/845/845 844/844/844
f 845/845/845 849/849/849 850/850/850
f 851/851/851 852/852/852 849/849/849
f 851/851/851 853/853/853 854/854/854
f 743/743/743 854/854/854 853/853/853
f 855/855/855 845/845/845 850/850/850
f 849/849/849 852/852/852 850/850/850
f 849/849/849 847/847/847 853/853/853
f 847/847/847 743/743/743 853/853/853
f 851/851/851 849/849/849 853/853/853
f 856/856/856 741/741/741 739/739/739
f 854/854/854 743/743/743 857/857/857
f 743/743/743 745/745/745 857/857/857
f 665/665/665 668/668/668 666/666/666
f 858/858/858 664/664/664 666/666/666
f 859/859/859 860/860/860 861/861/861
f 861/861/861 860/860/860 862/862/862
f 860/860/860 863/863/863 862/862/862
f 864/864/864 840/840/840 826/826/826
f 861/861/861 865/865/865 859/859/859
f 859/859/859 865/865/865 866/866/866
f 865/865/865 867/867/867 866/866/866
f 866/866/866 867/867/867 868/868/868
f 867/867/867 869/869/869 868/868/868
f 868/868/868 869/869/869 870/870/870
f 869/869/869 871/871/871 870/870/870
f 872/872/872 666/666/666 668/668/668
f 871/871/871 869/869/869 872/872/872
f 872/872/872 869/869/869 873/873/873
f 873/873/873 874/874/874 666/666/666
f 867/867/867 874/874/874 873/873/873
f 666/666/666 872/872/872 873/873/873
f 869/869/869 867/867/867 873/873/873
f 867/867/867 865/865/865 874/874/874
f 865/865/865 861/861/861 874/874/874
f 874/874/874 875/875/875 666/666/666
f 875/875/875 874/874/874 876/876/876
f 861/861/861 876/876/876 874/874/874
f 666/666/666 875/875/875 877/877/877
f 877/877/877 858/858/858 666/666/666
f 858/858/858 877/877/877 878/878/878
f 877/877/877 879/879/879 878/878/878
f 879/879/879 877/877/877 875/875/875
f 875/875/875 876/876/876 879/879/879
f 879/879/879 876/876/876 880/880/880
f 876/876/876 861/861/861 880/880/880
f 880/880/880 861/861/861 862/862/862
f 862/862/862 881/881/881 880/880/880
f 880/880/880 881/881/881 878/878/878
f 878/878/878 879/879/879 880/880/880
f 882/882/882 883/883/883 884/884/884
f 883/883/883 885/885/885 884/884/884
f 884/884/884 885/885/885 886/886/886
f 885/885/885 887/887/887 886/886/886
f 886/886/886 887/887/887 888/888/888
f 887/887/887 889/889/889 888/888/888
f 888/888/888 889/889/889 890/890/890
f 889/889/889 891/891/891 890/890/890
f 890/890/890 891/891/891 892/892/892
f 891/891/891 893/893/893 892/892/892
f 892/892/892 893/893/893 894/894/894
f 894/894/894 810/810/810 809/809/809
f 894/894/894 809/809/809 892/892/892
f 892/892/892 809/809/809 895/895/895
f 653/653/653 896/896/896 895/895/895
f 896/896/896 653/653/653 655/655/655
f 655/655/655 659/659/659 896/896/896
f 896/896/896 659/659/659 882/882/882
f 882/882/882 884/884/884 896/896/896
f 896/896/896 884/884/884 886/886/886
f 886/886/886 888/888/888 896/896/896
f 896/896/896 888/888/888 890/890/890
f 890/890/890 892/892/892 896/896/896
f 809/809/809 651/651/651 653/653/653
f 655/655/655 653/653/653 652/652/652
f 896/896/896 892/892/892 895/895/895
f 809/809/809 653/653/653 895/895/895
f 698/698/698 775/775/775 687/687/687
f 683/683/683 686/686/686 687/687/687
f 684/684/684 775/775/775 699/699/699
f 676/676/676 686/686/686 679/679/679
f 695/695/695 897/897/897 815/815/815
f 695/695/695 689/689/689 897/897/897
f 773/773/773 690/690/690 695/695/695
f 784/784/784 786/786/786 789/789/789
f 733/733/733 719/719/719 721/721/721
f 720/720/720 724/724/724 721/721/721
f 725/725/725 733/733/733 721/721/721
f 648/648/648 647/647/647 727/727/727
f 727/727/727 726/726/726 718/718/718
f 659/659/659 658/658/658 779/779/779
f 659/659/659 779/779/779 882/882/882
f 779/779/779 898/898/898 883/883/883
f 779/779/779 883/883/883 882/882/882
f 652/652/652 698/698/698 656/656/656
f 652/652/652 656/656/656 654/654/654
f 899/899/899 702/702/702 701/701/701
f 899/899/899 701/701/701 783/783/783
f 899/899/899 783/783/783 782/782/782
f 899/899/899 782/782/782 900/900/900
f 901/901/901 900/900/900 782/782/782
f 901/901/901 782/782/782 780/780/780
f 727/727/727 730/730/730 729/729/729
f 727/727/727 729/729/729 728/728/728
f 718/718/718 719/719/719 730/730/730
f 718/718/718 730/730/730 727/727/727
f 730/730/730 719/719/719 733/733/733
f 730/730/730 733/733/733 731/731/731
f 733/733/733 732/732/732 802/802/802
f 733/733/733 802/802/802 731/731/731
f 803/803/803 804/804/804 805/805/805
f 803/803/803 805/805/805 806/806/806
f 811/811/811 695/695/695 813/813/813
f 811/811/811 813/813/813 812/812/812
f 852/852/852 902/902/902 855/855/855
f 852/852/852 855/855/855 850/850/850
f 854/854/854 902/902/902 852/852/852
f 854/854/854 852/852/852 851/851/851
